customer_id,customer_age,customer_segment,region,preferred_device,tenure_months,loyalty_member,email_opt_in,past_purchases_12m,app_sessions_30d,rfm_recency_days,rfm_frequency,rfm_monetary,rfm_segment,churn_probability,age_group,churn_risk_band,is_buyer
C00001,42,Regular,Eastern Slovakia,desktop,20,1,1,8,11,,,,Prospect (no purchase),0.6879400069225069,36-45,Medium,False
C00002,26,Loyal,Czech Republic,tablet,28,0,1,5,5,459.0,1.0,146.99,One-off Lapsed,0.7418009726409746,26-35,Medium,True
C00003,47,Regular,Central Slovakia,desktop,14,1,1,2,1,250.0,1.0,131.68,One-off Lapsed,0.8392055903840312,46-55,High,True
C00004,49,Regular,Central Slovakia,mobile,11,0,1,3,0,,,,Prospect (no purchase),,46-55,,False
C00005,18,At-Risk,Central Slovakia,mobile,19,0,0,0,1,,,,Prospect (no purchase),,18-25,,False
C00006,22,Regular,Western Slovakia,mobile,10,0,1,1,9,,,,Prospect (no purchase),0.8677848937517556,18-25,High,False
C00007,40,At-Risk,Bratislava,desktop,53,0,0,1,6,,,,Prospect (no purchase),0.9470217397574952,36-45,High,False
C00008,34,Loyal,Central Slovakia,tablet,43,0,0,2,4,,,,Prospect (no purchase),0.800066510557927,26-35,High,False
C00009,38,New,Bratislava,desktop,28,1,1,1,9,,,,Prospect (no purchase),0.8616361015396039,36-45,High,False
C00010,28,Regular,Eastern Slovakia,mobile,39,0,1,0,17,,,,Prospect (no purchase),0.8916893312763607,26-35,High,False
C00011,49,Loyal,Western Slovakia,mobile,43,1,1,8,7,111.0,2.0,515.09,Occasional Repeat,0.4268696407089176,46-55,Low,True
C00012,47,At-Risk,Western Slovakia,desktop,14,1,1,4,8,,,,Prospect (no purchase),0.8162802048522079,46-55,High,False
C00013,39,Regular,Western Slovakia,mobile,22,0,0,0,4,,,,Prospect (no purchase),,36-45,,False
C00014,52,New,Czech Republic,desktop,63,0,1,5,2,,,,Prospect (no purchase),,46-55,,False
C00015,44,Regular,Bratislava,mobile,1,1,0,0,1,,,,Prospect (no purchase),0.8978923196090282,36-45,High,False
C00016,28,New,Bratislava,desktop,68,0,1,0,5,538.0,1.0,181.23,One-off Lapsed,0.919249208072436,26-35,High,True
C00017,42,Loyal,Bratislava,desktop,69,0,0,2,10,,,,Prospect (no purchase),0.6860010032658374,36-45,Medium,False
C00018,26,Regular,Central Slovakia,mobile,18,1,1,0,2,,,,Prospect (no purchase),0.8458145256190459,26-35,High,False
C00019,49,Loyal,Czech Republic,mobile,23,1,1,2,4,384.0,1.0,131.16,One-off Lapsed,,46-55,,True
C00020,37,Loyal,Bratislava,desktop,15,0,1,2,2,214.0,4.0,1052.94,Champions,0.6040147192370815,36-45,Medium,True
C00021,36,Regular,Czech Republic,mobile,40,0,1,0,4,,,,Prospect (no purchase),0.8558270344300649,36-45,High,False
C00022,30,Regular,Bratislava,mobile,16,1,0,0,1,,,,Prospect (no purchase),,26-35,,False
C00023,53,Loyal,Central Slovakia,mobile,57,1,1,0,3,,,,Prospect (no purchase),,46-55,,False
C00024,36,Loyal,Bratislava,mobile,28,0,1,1,2,237.0,3.0,856.77,Champions,0.7349468997234335,36-45,Medium,True
C00025,33,Loyal,Western Slovakia,desktop,69,1,1,4,7,382.0,2.0,823.9,Occasional Repeat,0.5755023588886178,26-35,Low,True
C00026,34,New,Central Slovakia,mobile,61,1,0,0,1,,,,Prospect (no purchase),0.8949198974941562,26-35,High,False
C00027,44,Regular,Central Slovakia,mobile,29,0,0,2,6,,,,Prospect (no purchase),,36-45,,False
C00028,42,New,Bratislava,desktop,43,0,1,2,11,,,,Prospect (no purchase),,36-45,,False
C00029,43,Loyal,Eastern Slovakia,mobile,2,1,0,0,4,670.0,1.0,232.94,One-off Lapsed,0.7877972608791296,36-45,Medium,True
C00030,43,Regular,Czech Republic,mobile,5,0,0,1,9,,,,Prospect (no purchase),0.9068697553625152,36-45,High,False
C00031,64,Regular,Western Slovakia,desktop,36,0,0,2,4,,,,Prospect (no purchase),0.8455415557528162,56+,High,False
C00032,33,New,Central Slovakia,desktop,34,0,1,1,2,,,,Prospect (no purchase),0.904763104395048,26-35,High,False
C00033,32,Regular,Eastern Slovakia,desktop,29,0,1,0,2,,,,Prospect (no purchase),,26-35,,False
C00034,28,Loyal,Bratislava,desktop,7,0,1,2,1,,,,Prospect (no purchase),0.7192539013293104,26-35,Medium,False
C00035,45,New,Eastern Slovakia,mobile,60,0,1,4,4,,,,Prospect (no purchase),0.8863756523600959,36-45,High,False
C00036,52,New,Bratislava,mobile,29,0,1,2,3,,,,Prospect (no purchase),,46-55,,False
C00037,37,At-Risk,Eastern Slovakia,tablet,34,1,0,6,6,582.0,1.0,146.97,One-off Lapsed,0.9092976459386304,36-45,High,True
C00038,28,Loyal,Bratislava,desktop,29,0,1,3,13,315.0,2.0,482.17,Occasional Repeat,0.7161030184055003,26-35,Medium,True
C00039,28,New,Bratislava,mobile,36,0,0,0,6,,,,Prospect (no purchase),0.9309550229694864,26-35,High,False
C00040,46,New,Central Slovakia,mobile,47,1,1,1,6,,,,Prospect (no purchase),,46-55,,False
C00041,47,At-Risk,Central Slovakia,mobile,55,0,1,2,2,,,,Prospect (no purchase),0.9315286314379014,46-55,High,False
C00042,45,Loyal,Eastern Slovakia,mobile,40,0,1,8,3,161.0,1.0,219.07,One-off Lapsed,0.5058139027981078,36-45,Low,True
C00043,30,Regular,Czech Republic,desktop,12,1,0,2,2,403.0,1.0,146.2,One-off Lapsed,0.8837738407904662,26-35,High,True
C00044,41,Regular,Bratislava,desktop,63,1,0,2,4,,,,Prospect (no purchase),0.7293604756697953,36-45,Medium,False
C00045,39,New,Bratislava,mobile,21,0,0,0,3,,,,Prospect (no purchase),,36-45,,False
C00046,41,New,Western Slovakia,mobile,2,0,1,0,1,211.0,1.0,122.01,One-off Lapsed,0.8972540322889303,36-45,High,True
C00047,48,Loyal,Western Slovakia,mobile,3,0,0,4,17,637.0,1.0,242.98,One-off Lapsed,0.6175954605238527,46-55,Medium,True
C00048,41,New,Western Slovakia,mobile,55,1,0,0,5,608.0,1.0,165.45,One-off Lapsed,0.9199274073366884,36-45,High,True
C00049,46,New,Eastern Slovakia,desktop,28,0,1,7,12,616.0,1.0,191.15,One-off Lapsed,0.8024470011132546,46-55,High,True
C00050,39,Loyal,Eastern Slovakia,mobile,2,1,0,1,2,,,,Prospect (no purchase),0.8020401499033247,36-45,High,False
C00051,41,At-Risk,Bratislava,mobile,58,0,1,0,1,,,,Prospect (no purchase),0.962551885155002,36-45,High,False
C00052,46,Loyal,Western Slovakia,desktop,22,0,1,0,3,643.0,1.0,258.98,One-off Lapsed,0.7363945258819251,46-55,Medium,True
C00053,21,Regular,Central Slovakia,tablet,70,0,1,0,3,,,,Prospect (no purchase),,18-25,,False
C00054,34,Regular,Western Slovakia,mobile,63,1,0,0,5,44.0,1.0,366.86,One-off Lapsed,0.8621182389204366,26-35,High,True
C00055,32,Regular,Bratislava,mobile,4,0,0,1,7,,,,Prospect (no purchase),0.9059291334611208,26-35,High,False
C00056,30,Regular,Western Slovakia,mobile,50,0,1,1,6,,,,Prospect (no purchase),,26-35,,False
C00057,35,Regular,Western Slovakia,mobile,43,0,0,0,2,,,,Prospect (no purchase),0.8907535156503689,26-35,High,False
C00058,56,Regular,Bratislava,mobile,13,0,0,2,1,,,,Prospect (no purchase),,56+,,False
C00059,28,Regular,Eastern Slovakia,desktop,25,0,0,0,1,,,,Prospect (no purchase),,26-35,,False
C00060,50,At-Risk,Western Slovakia,mobile,35,0,1,0,8,,,,Prospect (no purchase),0.9380669421552266,46-55,High,False
C00061,18,At-Risk,Central Slovakia,mobile,11,0,1,2,1,,,,Prospect (no purchase),0.9534379952692016,18-25,High,False
C00062,34,New,Western Slovakia,desktop,52,0,1,5,6,,,,Prospect (no purchase),0.8233560699708934,26-35,High,False
C00063,40,Regular,Eastern Slovakia,mobile,20,0,0,0,3,,,,Prospect (no purchase),0.9088321206799332,36-45,High,False
C00064,45,New,Bratislava,desktop,67,0,0,3,13,,,,Prospect (no purchase),0.8401031072374378,36-45,High,False
C00065,47,Regular,Bratislava,desktop,57,0,1,4,7,555.0,2.0,587.36,Occasional Repeat,0.8089696039226204,46-55,High,True
C00066,48,New,Western Slovakia,desktop,46,1,0,0,1,,,,Prospect (no purchase),0.8956058994910328,46-55,High,False
C00067,34,New,Western Slovakia,desktop,9,1,1,1,2,,,,Prospect (no purchase),0.8585349218748081,26-35,High,False
C00068,32,Loyal,Bratislava,desktop,2,1,1,2,1,,,,Prospect (no purchase),,26-35,,False
C00069,48,Regular,Eastern Slovakia,desktop,11,0,1,0,3,,,,Prospect (no purchase),0.8538333228148206,46-55,High,False
C00070,36,At-Risk,Bratislava,mobile,36,0,1,3,5,,,,Prospect (no purchase),0.9276827611753972,36-45,High,False
C00071,23,New,Bratislava,mobile,56,0,1,0,1,,,,Prospect (no purchase),,18-25,,False
C00072,24,New,Western Slovakia,mobile,11,0,1,0,5,,,,Prospect (no purchase),,18-25,,False
C00073,27,Regular,Eastern Slovakia,mobile,51,0,1,0,5,,,,Prospect (no purchase),0.9042476309013568,26-35,High,False
C00074,44,New,Eastern Slovakia,mobile,4,0,1,2,2,,,,Prospect (no purchase),0.9095504900535208,36-45,High,False
C00075,40,New,Eastern Slovakia,mobile,19,0,1,1,7,,,,Prospect (no purchase),0.859256476330368,36-45,High,False
C00076,46,At-Risk,Central Slovakia,mobile,43,0,1,0,4,,,,Prospect (no purchase),0.9432124879167244,46-55,High,False
C00077,33,New,Eastern Slovakia,mobile,59,1,1,1,7,458.0,2.0,290.46000000000004,Occasional Repeat,,26-35,,True
C00078,40,New,Central Slovakia,mobile,56,0,1,0,3,,,,Prospect (no purchase),,36-45,,False
C00079,46,Regular,Bratislava,desktop,38,0,0,4,4,222.0,2.0,368.83,Occasional Repeat,0.8685987013689412,46-55,High,True
C00080,34,Regular,Central Slovakia,mobile,3,0,1,1,0,,,,Prospect (no purchase),,26-35,,False
C00081,43,Regular,Eastern Slovakia,desktop,21,1,1,0,6,629.0,2.0,297.12,Occasional Repeat,0.7656436979430317,36-45,Medium,True
C00082,30,Regular,Western Slovakia,mobile,56,0,1,0,5,,,,Prospect (no purchase),,26-35,,False
C00083,34,Loyal,Central Slovakia,desktop,6,0,1,1,2,,,,Prospect (no purchase),0.7099534780635129,26-35,Medium,False
C00084,33,New,Western Slovakia,desktop,51,0,0,0,1,,,,Prospect (no purchase),0.8898823083408941,26-35,High,False
C00085,24,Regular,Western Slovakia,mobile,50,0,0,1,2,,,,Prospect (no purchase),,18-25,,False
C00086,44,Loyal,Bratislava,tablet,54,1,0,0,13,233.0,4.0,1649.01,Champions,0.7594472114927198,36-45,Medium,True
C00087,32,Loyal,Central Slovakia,mobile,16,0,1,1,4,,,,Prospect (no purchase),,26-35,,False
C00088,38,Regular,Eastern Slovakia,desktop,18,0,1,0,1,,,,Prospect (no purchase),,36-45,,False
C00089,44,Regular,Bratislava,desktop,15,0,0,3,6,48.0,1.0,166.25,One-off Lapsed,0.8840690307274347,36-45,High,True
C00090,43,New,Western Slovakia,mobile,28,0,1,0,5,,,,Prospect (no purchase),0.8716872083043669,36-45,High,False
C00091,46,New,Bratislava,desktop,38,1,0,2,4,,,,Prospect (no purchase),0.8203764670017566,46-55,High,False
C00092,37,New,Bratislava,mobile,9,0,0,0,1,,,,Prospect (no purchase),,36-45,,False
C00093,33,Loyal,Czech Republic,mobile,41,0,1,4,10,383.0,2.0,628.03,Occasional Repeat,0.7921237192347341,26-35,Medium,True
C00094,37,New,Western Slovakia,mobile,17,1,0,1,3,,,,Prospect (no purchase),,36-45,,False
C00095,18,Loyal,Western Slovakia,mobile,40,0,1,2,12,302.0,1.0,404.79,One-off Lapsed,0.6948244686871866,18-25,Medium,True
C00096,21,New,Bratislava,mobile,22,0,1,0,4,,,,Prospect (no purchase),,18-25,,False
C00097,22,Loyal,Czech Republic,desktop,68,0,0,3,6,91.0,1.0,311.61,One-off Lapsed,0.6169956706528685,18-25,Medium,True
C00098,26,Loyal,Bratislava,mobile,23,1,1,8,2,206.0,1.0,256.85,One-off Lapsed,0.4082141051951846,26-35,Low,True
C00099,43,New,Eastern Slovakia,mobile,62,0,1,0,4,,,,Prospect (no purchase),0.9220432886749068,36-45,High,False
C00100,27,New,Bratislava,desktop,13,0,0,0,2,,,,Prospect (no purchase),,26-35,,False
C00101,33,New,Bratislava,mobile,7,0,1,0,4,,,,Prospect (no purchase),0.9101622310557392,26-35,High,False
C00102,54,Loyal,Central Slovakia,mobile,14,0,1,2,7,633.0,1.0,203.46,One-off Lapsed,,46-55,,True
C00103,34,New,Bratislava,desktop,30,0,1,1,13,102.0,1.0,195.64,One-off Lapsed,0.8897442814728276,26-35,High,True
C00104,47,Regular,Central Slovakia,desktop,65,0,0,0,2,,,,Prospect (no purchase),0.914123959164156,46-55,High,False
C00105,27,Regular,Bratislava,mobile,13,0,1,1,3,,,,Prospect (no purchase),0.8929418168556593,26-35,High,False
C00106,36,Loyal,Eastern Slovakia,mobile,56,1,0,4,20,45.0,4.0,1211.99,Champions,0.6506081480331246,36-45,Medium,True
C00107,27,Regular,Eastern Slovakia,desktop,50,0,1,1,1,,,,Prospect (no purchase),,26-35,,False
C00108,34,Regular,Eastern Slovakia,desktop,25,0,0,1,8,,,,Prospect (no purchase),,26-35,,False
C00109,48,At-Risk,Bratislava,mobile,24,0,1,2,6,,,,Prospect (no purchase),0.9500258234054632,46-55,High,False
C00110,18,New,Central Slovakia,mobile,68,0,1,1,3,,,,Prospect (no purchase),0.9007673201005304,18-25,High,False
C00111,43,Loyal,Czech Republic,mobile,51,0,0,3,20,,,,Prospect (no purchase),0.6975910238764568,36-45,Medium,False
C00112,41,New,Bratislava,desktop,17,0,0,0,4,619.0,1.0,201.13,One-off Lapsed,0.9311055659719308,36-45,High,True
C00113,31,Regular,Bratislava,desktop,65,0,1,3,1,,,,Prospect (no purchase),,26-35,,False
C00114,21,At-Risk,Eastern Slovakia,desktop,29,1,1,0,10,,,,Prospect (no purchase),,18-25,,False
C00115,39,Regular,Bratislava,mobile,6,1,0,2,4,584.0,1.0,170.41,One-off Lapsed,0.8552859401622377,36-45,High,True
C00116,32,Loyal,Central Slovakia,desktop,58,0,1,5,7,,,,Prospect (no purchase),0.4900243827054736,26-35,Low,False
C00117,41,New,Eastern Slovakia,desktop,62,0,1,3,6,,,,Prospect (no purchase),0.7805348642554452,36-45,Medium,False
C00118,38,Regular,Bratislava,mobile,32,1,0,0,4,,,,Prospect (no purchase),0.8891707193306477,36-45,High,False
C00119,57,Regular,Central Slovakia,desktop,50,0,0,1,11,,,,Prospect (no purchase),0.8851565780070242,56+,High,False
C00120,35,Regular,Central Slovakia,mobile,17,0,0,3,5,,,,Prospect (no purchase),,26-35,,False
C00121,26,Regular,Western Slovakia,mobile,61,1,1,5,8,34.0,2.0,210.77,Occasional Repeat,0.6416911325359742,26-35,Medium,True
C00122,40,Regular,Eastern Slovakia,desktop,27,0,0,0,1,609.0,1.0,154.8,One-off Lapsed,0.926067543990468,36-45,High,True
C00123,41,Regular,Bratislava,mobile,19,1,1,2,4,594.0,1.0,160.26,One-off Lapsed,,36-45,,True
C00124,54,New,Western Slovakia,tablet,36,0,0,4,9,,,,Prospect (no purchase),0.8004610711843289,46-55,High,False
C00125,48,Regular,Eastern Slovakia,mobile,19,0,1,0,4,,,,Prospect (no purchase),0.8577837658705888,46-55,High,False
C00126,42,New,Bratislava,mobile,45,0,0,1,3,,,,Prospect (no purchase),0.9267939439379514,36-45,High,False
C00127,56,Loyal,Eastern Slovakia,mobile,54,1,1,7,15,,,,Prospect (no purchase),0.4793529068732879,56+,Low,False
C00128,24,Regular,Bratislava,mobile,29,1,1,1,3,,,,Prospect (no purchase),0.8528352571109502,18-25,High,False
C00129,30,New,Western Slovakia,mobile,56,1,1,2,1,,,,Prospect (no purchase),0.8123020018675315,26-35,High,False
C00130,27,Loyal,Bratislava,desktop,31,0,0,4,2,457.0,1.0,343.15,One-off Lapsed,0.8066723225827686,26-35,High,True
C00131,33,Loyal,Central Slovakia,mobile,69,0,1,3,13,,,,Prospect (no purchase),0.6909080391191108,26-35,Medium,False
C00132,21,New,Eastern Slovakia,mobile,19,0,1,0,0,,,,Prospect (no purchase),,18-25,,False
C00133,46,New,Eastern Slovakia,desktop,51,0,1,3,8,52.0,1.0,119.76,One-off Lapsed,0.8283790914630946,46-55,High,True
C00134,35,New,Czech Republic,mobile,39,1,0,4,6,114.0,1.0,154.24,One-off Lapsed,0.8598790756766119,26-35,High,True
C00135,20,New,Central Slovakia,desktop,67,1,1,2,17,,,,Prospect (no purchase),0.8003396295913777,18-25,High,False
C00136,26,Loyal,Eastern Slovakia,mobile,16,1,1,2,9,232.0,2.0,395.07,Occasional Repeat,0.7813512010320882,26-35,Medium,True
C00137,42,At-Risk,Western Slovakia,mobile,14,0,1,1,3,,,,Prospect (no purchase),,36-45,,False
C00138,48,New,Czech Republic,desktop,62,1,0,3,6,311.0,1.0,233.26,One-off Lapsed,0.871796311120063,46-55,High,True
C00139,62,Loyal,Central Slovakia,desktop,64,1,1,1,9,675.0,1.0,156.46,One-off Lapsed,0.6143769677706362,56+,Medium,True
C00140,73,New,Eastern Slovakia,desktop,54,1,1,2,3,,,,Prospect (no purchase),0.7759386781473436,56+,Medium,False
C00141,43,Regular,Bratislava,mobile,34,0,1,0,6,1.0,1.0,180.17,Recent Buyers,0.8350434808323357,36-45,High,True
C00142,26,Loyal,Western Slovakia,mobile,30,0,1,3,5,,,,Prospect (no purchase),0.6117814714901205,26-35,Medium,False
C00143,18,Regular,Eastern Slovakia,desktop,48,0,0,0,6,,,,Prospect (no purchase),0.892462340596351,18-25,High,False
C00144,41,New,Bratislava,desktop,54,1,1,4,6,,,,Prospect (no purchase),0.8190459882627847,36-45,High,False
C00145,28,Regular,Bratislava,desktop,20,1,1,3,7,635.0,1.0,167.53,One-off Lapsed,,26-35,,True
C00146,33,At-Risk,Czech Republic,mobile,1,0,0,3,3,,,,Prospect (no purchase),0.9605095746945748,26-35,High,False
C00147,31,New,Western Slovakia,desktop,6,0,1,1,2,,,,Prospect (no purchase),,26-35,,False
C00148,36,New,Bratislava,mobile,25,0,0,0,0,,,,Prospect (no purchase),,36-45,,False
C00149,51,New,Western Slovakia,mobile,49,1,1,2,6,,,,Prospect (no purchase),,46-55,,False
C00150,40,Regular,Western Slovakia,mobile,32,1,0,2,7,108.0,1.0,129.62,One-off Lapsed,0.8388020062249635,36-45,High,True
C00151,36,Regular,Central Slovakia,mobile,44,0,0,0,2,,,,Prospect (no purchase),0.9155451248096532,36-45,High,False
C00152,26,Loyal,Czech Republic,desktop,34,0,0,1,6,316.0,3.0,873.1099999999999,Champions,0.7637247338329797,26-35,Medium,True
C00153,18,Loyal,Czech Republic,mobile,18,0,1,0,2,,,,Prospect (no purchase),0.812400209039817,18-25,High,False
C00154,32,At-Risk,Central Slovakia,mobile,54,1,0,0,5,,,,Prospect (no purchase),,26-35,,False
C00155,37,Loyal,Central Slovakia,desktop,52,1,0,1,10,545.0,2.0,602.31,Occasional Repeat,0.6580945709382835,36-45,Medium,True
C00156,59,New,Western Slovakia,desktop,69,0,1,0,4,,,,Prospect (no purchase),,56+,,False
C00157,40,Regular,Eastern Slovakia,mobile,59,1,1,2,4,,,,Prospect (no purchase),0.7961068169396895,36-45,Medium,False
C00158,50,New,Bratislava,tablet,27,0,1,6,2,,,,Prospect (no purchase),0.8384540728262465,46-55,High,False
C00159,32,Regular,Bratislava,mobile,51,0,0,0,4,,,,Prospect (no purchase),,26-35,,False
C00160,24,At-Risk,Czech Republic,desktop,25,1,0,1,3,536.0,2.0,537.62,Occasional Repeat,0.9396774262740386,18-25,High,True
C00161,26,Loyal,Eastern Slovakia,mobile,62,1,1,1,11,368.0,3.0,654.74,Champions,0.7181937978476022,26-35,Medium,True
C00162,29,At-Risk,Western Slovakia,mobile,44,0,0,0,1,,,,Prospect (no purchase),,26-35,,False
C00163,64,Regular,Central Slovakia,mobile,60,1,1,3,3,627.0,1.0,215.41,One-off Lapsed,0.7937456080326235,56+,Medium,True
C00164,28,Regular,Western Slovakia,mobile,20,1,1,2,2,359.0,2.0,281.39,Occasional Repeat,0.8098548902095498,26-35,High,True
C00165,48,Regular,Western Slovakia,mobile,2,0,0,5,3,634.0,1.0,178.58,One-off Lapsed,0.8813850776035177,46-55,High,True
C00166,27,New,Bratislava,mobile,11,1,1,2,27,,,,Prospect (no purchase),0.7662146847532717,26-35,Medium,False
C00167,49,New,Bratislava,desktop,38,0,0,0,1,,,,Prospect (no purchase),,46-55,,False
C00168,43,Regular,Central Slovakia,mobile,69,1,1,0,8,552.0,1.0,267.47,One-off Lapsed,0.8553667579378198,36-45,High,True
C00169,36,New,Western Slovakia,mobile,45,0,1,1,2,,,,Prospect (no purchase),,36-45,,False
C00170,38,At-Risk,Western Slovakia,tablet,58,0,0,0,3,,,,Prospect (no purchase),0.961650314061389,36-45,High,False
C00171,30,New,Bratislava,desktop,34,0,1,1,11,,,,Prospect (no purchase),,26-35,,False
C00172,43,New,Czech Republic,tablet,69,0,0,3,5,,,,Prospect (no purchase),0.8753156716942322,36-45,High,False
C00173,33,Loyal,Central Slovakia,mobile,67,0,0,1,6,265.0,1.0,225.68,One-off Lapsed,0.80926270928527,26-35,High,True
C00174,23,New,Eastern Slovakia,mobile,16,1,0,4,7,,,,Prospect (no purchase),0.8604891200000723,18-25,High,False
C00175,23,At-Risk,Bratislava,mobile,62,0,0,0,3,,,,Prospect (no purchase),0.9693934192069448,18-25,High,False
C00176,40,Loyal,Central Slovakia,mobile,2,0,1,1,0,,,,Prospect (no purchase),0.8155782664822576,36-45,High,False
C00177,57,New,Eastern Slovakia,mobile,43,0,0,0,5,,,,Prospect (no purchase),0.9364012952450969,56+,High,False
C00178,40,Loyal,Western Slovakia,desktop,32,1,0,1,15,,,,Prospect (no purchase),0.5237714801242879,36-45,Low,False
C00179,37,Regular,Bratislava,desktop,22,0,1,0,3,,,,Prospect (no purchase),,36-45,,False
C00180,41,Loyal,Bratislava,desktop,67,0,0,3,4,510.0,1.0,316.11,One-off Lapsed,,36-45,,True
C00181,54,Loyal,Bratislava,mobile,48,0,1,4,6,,,,Prospect (no purchase),0.702644488694544,46-55,Medium,False
C00182,41,Loyal,Western Slovakia,desktop,10,1,0,2,2,280.0,1.0,230.23,One-off Lapsed,0.6316976632988086,36-45,Medium,True
C00183,33,Regular,Western Slovakia,mobile,10,0,1,1,1,,,,Prospect (no purchase),0.8761868402678015,26-35,High,False
C00184,51,Regular,Bratislava,tablet,9,0,0,0,5,284.0,1.0,229.59,One-off Lapsed,0.9132162206227492,46-55,High,True
C00185,43,Loyal,Central Slovakia,mobile,22,0,1,2,0,45.0,1.0,147.52,One-off Lapsed,0.7485914772279462,36-45,Medium,True
C00186,56,At-Risk,Bratislava,mobile,5,0,1,0,3,,,,Prospect (no purchase),0.9554701401630656,56+,High,False
C00187,40,Regular,Western Slovakia,mobile,19,0,0,1,1,,,,Prospect (no purchase),0.8991354796056366,36-45,High,False
C00188,23,Regular,Central Slovakia,desktop,55,1,1,3,5,372.0,1.0,240.98,One-off Lapsed,0.7826599275170729,18-25,Medium,True
C00189,22,Regular,Bratislava,tablet,63,1,1,2,3,555.0,1.0,252.21,One-off Lapsed,,18-25,,True
C00190,58,Loyal,Bratislava,desktop,56,1,1,4,2,,,,Prospect (no purchase),,56+,,False
C00191,59,At-Risk,Bratislava,desktop,36,0,0,0,3,,,,Prospect (no purchase),0.9583485191135384,56+,High,False
C00192,36,New,Bratislava,tablet,50,1,1,4,13,551.0,1.0,231.26,One-off Lapsed,0.8274297603353172,36-45,High,True
C00193,33,New,Western Slovakia,desktop,68,0,0,6,2,,,,Prospect (no purchase),0.7151878182056286,26-35,Medium,False
C00194,56,Regular,Bratislava,mobile,4,0,1,2,2,515.0,1.0,266.5,One-off Lapsed,,56+,,True
C00195,25,Regular,Bratislava,desktop,65,0,1,1,3,,,,Prospect (no purchase),0.8891841488910284,18-25,High,False
C00196,27,Regular,Czech Republic,mobile,52,0,0,1,1,,,,Prospect (no purchase),,26-35,,False
C00197,46,New,Czech Republic,mobile,28,0,0,0,2,,,,Prospect (no purchase),,46-55,,False
C00198,33,Regular,Bratislava,mobile,32,0,1,0,4,,,,Prospect (no purchase),0.9083996795592084,26-35,High,False
C00199,38,Regular,Western Slovakia,mobile,32,0,1,0,1,98.0,1.0,230.46,One-off Lapsed,0.8879644040012941,36-45,High,True
C00200,36,Regular,Western Slovakia,tablet,12,0,1,1,11,363.0,3.0,675.04,Champions,0.8945907614865127,36-45,High,True
C00201,42,Regular,Eastern Slovakia,tablet,17,0,0,1,2,,,,Prospect (no purchase),0.9202337502263126,36-45,High,False
C00202,55,Loyal,Eastern Slovakia,mobile,21,1,0,3,5,,,,Prospect (no purchase),0.7429122189995959,46-55,Medium,False
C00203,39,Regular,Bratislava,desktop,1,1,0,0,2,,,,Prospect (no purchase),0.8958453249210226,36-45,High,False
C00204,46,Loyal,Bratislava,mobile,36,0,0,1,8,,,,Prospect (no purchase),0.7851384235431936,46-55,Medium,False
C00205,18,Regular,Western Slovakia,mobile,34,0,0,3,5,672.0,1.0,182.32,One-off Lapsed,0.8985168829685516,18-25,High,True
C00206,37,Regular,Eastern Slovakia,mobile,24,0,1,1,2,58.0,1.0,184.78,One-off Lapsed,0.9011732310884196,36-45,High,True
C00207,28,Regular,Eastern Slovakia,mobile,13,0,1,4,1,,,,Prospect (no purchase),0.8670726292525927,26-35,High,False
C00208,23,New,Bratislava,mobile,69,0,1,0,3,,,,Prospect (no purchase),,18-25,,False
C00209,27,New,Central Slovakia,mobile,49,0,0,1,6,,,,Prospect (no purchase),,26-35,,False
C00210,34,Regular,Bratislava,mobile,34,0,1,1,4,2.0,1.0,195.57,Recent Buyers,0.8682922424397985,26-35,High,True
C00211,49,Loyal,Central Slovakia,mobile,52,0,1,4,8,608.0,1.0,300.6,One-off Lapsed,0.662225642548033,46-55,Medium,True
C00212,22,Regular,Czech Republic,desktop,27,1,0,5,1,,,,Prospect (no purchase),0.7825128802643547,18-25,Medium,False
C00213,38,New,Western Slovakia,mobile,16,1,1,4,6,,,,Prospect (no purchase),0.8289625939819009,36-45,High,False
C00214,32,Regular,Bratislava,mobile,48,0,1,0,8,,,,Prospect (no purchase),0.8909374534841759,26-35,High,False
C00215,34,New,Central Slovakia,mobile,55,0,0,1,1,,,,Prospect (no purchase),,26-35,,False
C00216,50,Loyal,Western Slovakia,mobile,47,0,0,2,6,551.0,1.0,318.14,One-off Lapsed,0.8218404280717522,46-55,High,True
C00217,44,Loyal,Eastern Slovakia,mobile,41,1,1,1,3,,,,Prospect (no purchase),0.7411724582036481,36-45,Medium,False
C00218,54,Regular,Western Slovakia,mobile,1,0,0,0,0,,,,Prospect (no purchase),,46-55,,False
C00219,36,Regular,Eastern Slovakia,desktop,46,0,0,1,2,130.0,3.0,486.06,Champions,0.8837266881460147,36-45,High,True
C00220,30,Regular,Bratislava,mobile,44,0,0,0,14,,,,Prospect (no purchase),0.8827041540301169,26-35,High,False
C00221,35,Regular,Bratislava,desktop,30,0,0,1,6,,,,Prospect (no purchase),,26-35,,False
C00222,41,Loyal,Western Slovakia,mobile,18,1,1,1,8,,,,Prospect (no purchase),,36-45,,False
C00223,40,Loyal,Bratislava,mobile,70,0,1,1,2,,,,Prospect (no purchase),0.7895078431849181,36-45,Medium,False
C00224,25,Regular,Bratislava,mobile,27,0,1,4,12,,,,Prospect (no purchase),0.8227759800719955,18-25,High,False
C00225,39,Regular,Central Slovakia,mobile,20,0,1,3,17,,,,Prospect (no purchase),0.8161738836425727,36-45,High,False
C00226,41,New,Bratislava,mobile,51,0,0,7,18,,,,Prospect (no purchase),0.7993957855576167,36-45,Medium,False
C00227,68,New,Bratislava,mobile,35,0,0,5,12,613.0,1.0,176.35,One-off Lapsed,0.7917046713900302,56+,Medium,True
C00228,61,New,Bratislava,mobile,40,0,0,1,2,,,,Prospect (no purchase),,56+,,False
C00229,28,Regular,Bratislava,desktop,47,0,1,0,1,,,,Prospect (no purchase),0.8551170737076178,26-35,High,False
C00230,35,At-Risk,Eastern Slovakia,mobile,27,0,1,0,0,,,,Prospect (no purchase),,26-35,,False
C00231,20,Regular,Czech Republic,mobile,11,0,0,2,2,,,,Prospect (no purchase),0.8800884547221832,18-25,High,False
C00232,31,New,Bratislava,desktop,12,0,1,2,4,,,,Prospect (no purchase),0.8226039559543563,26-35,High,False
C00233,42,New,Eastern Slovakia,mobile,67,0,1,7,3,,,,Prospect (no purchase),0.8084439273645089,36-45,High,False
C00234,52,Regular,Eastern Slovakia,desktop,36,0,1,1,6,266.0,1.0,143.04,One-off Lapsed,0.8913922287524121,46-55,High,True
C00235,29,Loyal,Czech Republic,tablet,30,0,1,3,14,,,,Prospect (no purchase),,26-35,,False
C00236,30,Regular,Western Slovakia,tablet,23,1,1,2,8,476.0,1.0,196.46,One-off Lapsed,0.8311115876046193,26-35,High,True
C00237,18,Loyal,Bratislava,mobile,52,0,1,1,1,,,,Prospect (no purchase),0.80761678241376,18-25,High,False
C00238,36,Loyal,Western Slovakia,mobile,65,1,1,7,11,325.0,1.0,308.95,One-off Lapsed,0.444525297351537,36-45,Low,True
C00239,25,New,Eastern Slovakia,desktop,55,0,1,0,2,,,,Prospect (no purchase),0.8831651695092233,18-25,High,False
C00240,32,Regular,Eastern Slovakia,desktop,38,0,0,3,7,369.0,1.0,209.91,One-off Lapsed,0.8788578395688572,26-35,High,True
C00241,27,At-Risk,Western Slovakia,desktop,34,0,0,0,1,,,,Prospect (no purchase),0.939132701760992,26-35,High,False
C00242,37,Regular,Bratislava,mobile,62,1,1,2,5,544.0,1.0,278.31,One-off Lapsed,0.856806882512356,36-45,High,True
C00243,18,New,Eastern Slovakia,mobile,61,0,0,1,1,,,,Prospect (no purchase),0.9343425336016956,18-25,High,False
C00244,20,At-Risk,Eastern Slovakia,mobile,28,0,1,1,7,,,,Prospect (no purchase),0.9573583140333176,18-25,High,False
C00245,64,At-Risk,Western Slovakia,mobile,69,0,1,0,0,,,,Prospect (no purchase),,56+,,False
C00246,23,Regular,Central Slovakia,mobile,59,1,1,4,22,,,,Prospect (no purchase),0.6533428480619448,18-25,Medium,False
C00247,25,Regular,Western Slovakia,tablet,61,0,0,1,4,,,,Prospect (no purchase),0.8868431103409508,18-25,High,False
C00248,60,New,Western Slovakia,mobile,5,0,0,0,1,,,,Prospect (no purchase),0.9262389160692798,56+,High,False
C00249,73,Loyal,Central Slovakia,desktop,10,0,1,1,3,,,,Prospect (no purchase),0.6989368580677547,56+,Medium,False
C00250,24,Regular,Eastern Slovakia,tablet,22,0,0,2,9,,,,Prospect (no purchase),,18-25,,False
C00251,34,New,Czech Republic,mobile,55,0,0,0,0,,,,Prospect (no purchase),0.9343227149595026,26-35,High,False
C00252,42,Loyal,Western Slovakia,mobile,6,0,0,4,0,6.0,1.0,210.58,Recent Buyers,0.748371753964132,36-45,Medium,True
C00253,59,At-Risk,Western Slovakia,desktop,6,0,1,1,6,628.0,1.0,121.53,One-off Lapsed,,56+,,True
C00254,26,Loyal,Western Slovakia,mobile,3,0,0,1,3,,,,Prospect (no purchase),,26-35,,False
C00255,35,New,Bratislava,mobile,14,0,0,0,4,,,,Prospect (no purchase),0.9249885526701204,26-35,High,False
C00256,47,New,Bratislava,desktop,66,0,0,1,3,,,,Prospect (no purchase),0.8845595335825883,46-55,High,False
C00257,43,At-Risk,Bratislava,desktop,52,0,0,0,6,,,,Prospect (no purchase),0.942760049321229,36-45,High,False
C00258,33,At-Risk,Western Slovakia,desktop,51,0,0,1,1,,,,Prospect (no purchase),0.9476353844601808,26-35,High,False
C00259,36,Regular,Bratislava,tablet,21,0,0,0,1,,,,Prospect (no purchase),0.9177348624207464,36-45,High,False
C00260,22,Regular,Western Slovakia,mobile,45,0,0,0,3,,,,Prospect (no purchase),0.904514015903161,18-25,High,False
C00261,35,Regular,Eastern Slovakia,desktop,56,1,0,2,7,541.0,1.0,157.19,One-off Lapsed,,26-35,,True
C00262,35,Regular,Bratislava,desktop,38,0,1,1,5,32.0,1.0,80.97,One-off Lapsed,0.8180031506842991,26-35,High,True
C00263,41,New,Central Slovakia,desktop,61,0,0,2,6,,,,Prospect (no purchase),,36-45,,False
C00264,31,New,Czech Republic,desktop,41,1,1,1,0,,,,Prospect (no purchase),0.8451308775287043,26-35,High,False
C00265,44,New,Central Slovakia,desktop,24,0,1,0,8,,,,Prospect (no purchase),0.8651747656880423,36-45,High,False
C00266,50,Loyal,Bratislava,desktop,46,1,1,3,1,595.0,1.0,336.36,One-off Lapsed,0.6063791456659628,46-55,Medium,True
C00267,40,New,Western Slovakia,mobile,67,0,0,1,7,,,,Prospect (no purchase),0.8852551155657465,36-45,High,False
C00268,42,New,Central Slovakia,desktop,59,0,0,4,11,455.0,1.0,165.09,One-off Lapsed,0.8748366737425047,36-45,High,True
C00269,39,Regular,Western Slovakia,mobile,36,0,1,0,1,,,,Prospect (no purchase),,36-45,,False
C00270,38,New,Bratislava,desktop,43,0,0,1,4,,,,Prospect (no purchase),0.9253669475187524,36-45,High,False
C00271,29,New,Western Slovakia,desktop,70,0,0,1,7,553.0,1.0,181.43,One-off Lapsed,0.8695042132199944,26-35,High,True
C00272,42,Regular,Central Slovakia,desktop,54,0,1,3,2,,,,Prospect (no purchase),0.8550663766467543,36-45,High,False
C00273,37,Regular,Bratislava,mobile,36,0,1,0,5,,,,Prospect (no purchase),,36-45,,False
C00274,63,Regular,Central Slovakia,mobile,20,0,1,0,5,,,,Prospect (no purchase),,56+,,False
C00275,57,At-Risk,Bratislava,mobile,65,1,0,2,2,,,,Prospect (no purchase),0.929945407773276,56+,High,False
C00276,43,New,Western Slovakia,mobile,70,0,0,0,3,,,,Prospect (no purchase),,36-45,,False
C00277,29,At-Risk,Eastern Slovakia,mobile,6,1,1,5,2,,,,Prospect (no purchase),0.8641239519348041,26-35,High,False
C00278,25,At-Risk,Bratislava,desktop,3,0,1,0,1,,,,Prospect (no purchase),0.94796023770193,18-25,High,False
C00279,52,Loyal,Central Slovakia,mobile,9,0,1,3,5,,,,Prospect (no purchase),,46-55,,False
C00280,41,Regular,Western Slovakia,tablet,28,0,1,1,2,,,,Prospect (no purchase),0.8391803566205129,36-45,High,False
C00281,44,Regular,Western Slovakia,mobile,12,0,0,1,1,,,,Prospect (no purchase),0.8995327413371366,36-45,High,False
C00282,18,Regular,Czech Republic,desktop,63,0,1,1,2,304.0,1.0,137.66,One-off Lapsed,0.8974732138834759,18-25,High,True
C00283,49,Loyal,Western Slovakia,mobile,65,0,0,2,13,,,,Prospect (no purchase),0.7683980276490695,46-55,Medium,False
C00284,43,New,Bratislava,desktop,13,0,0,1,8,,,,Prospect (no purchase),,36-45,,False
C00285,25,At-Risk,Czech Republic,desktop,59,1,0,1,3,,,,Prospect (no purchase),0.9321085591935728,18-25,High,False
C00286,32,Regular,Eastern Slovakia,desktop,11,1,1,1,7,,,,Prospect (no purchase),0.8522422253698895,26-35,High,False
C00287,41,Loyal,Central Slovakia,desktop,56,1,1,5,18,97.0,2.0,549.38,Occasional Repeat,0.4867146464719974,36-45,Low,True
C00288,39,Regular,Bratislava,mobile,26,0,0,0,1,,,,Prospect (no purchase),0.9259375665605568,36-45,High,False
C00289,34,New,Bratislava,mobile,3,0,0,0,0,,,,Prospect (no purchase),0.9407208149754462,26-35,High,False
C00290,37,Regular,Central Slovakia,mobile,31,0,1,0,3,,,,Prospect (no purchase),,36-45,,False
C00291,35,Regular,Bratislava,desktop,59,0,1,1,5,,,,Prospect (no purchase),0.7990929054117825,26-35,Medium,False
C00292,40,Regular,Bratislava,mobile,67,0,0,1,5,,,,Prospect (no purchase),0.8695603820061368,36-45,High,False
C00293,56,Regular,Eastern Slovakia,mobile,9,0,0,0,3,,,,Prospect (no purchase),0.9214739622078606,56+,High,False
C00294,18,New,Bratislava,desktop,60,0,0,0,5,,,,Prospect (no purchase),0.8822950545718613,18-25,High,False
C00295,35,Regular,Bratislava,mobile,21,1,0,1,22,,,,Prospect (no purchase),0.8241067240312584,26-35,High,False
C00296,40,Regular,Bratislava,desktop,33,0,0,0,3,,,,Prospect (no purchase),0.9210782669409192,36-45,High,False
C00297,42,At-Risk,Western Slovakia,desktop,8,0,0,4,3,,,,Prospect (no purchase),0.8958695678991029,36-45,High,False
C00298,34,New,Central Slovakia,desktop,70,0,1,4,12,,,,Prospect (no purchase),0.7392885781978404,26-35,Medium,False
C00299,18,Regular,Eastern Slovakia,desktop,57,1,1,2,10,,,,Prospect (no purchase),0.7614884492667403,18-25,Medium,False
C00300,42,New,Bratislava,desktop,46,0,1,2,2,,,,Prospect (no purchase),0.8489395544991621,36-45,High,False
C00301,59,Regular,Bratislava,desktop,52,0,0,2,11,,,,Prospect (no purchase),0.8249131159074499,56+,High,False
C00302,20,Regular,Central Slovakia,tablet,63,0,1,2,2,,,,Prospect (no purchase),0.873636458222616,18-25,High,False
C00303,48,Regular,Western Slovakia,mobile,11,0,0,0,6,,,,Prospect (no purchase),0.9001215565707206,46-55,High,False
C00304,34,At-Risk,Western Slovakia,desktop,18,1,1,0,28,547.0,1.0,302.52,One-off Lapsed,0.8249164317659969,26-35,High,True
C00305,37,New,Czech Republic,desktop,3,0,1,0,1,,,,Prospect (no purchase),0.8832479903482986,36-45,High,False
C00306,25,Loyal,Central Slovakia,mobile,35,0,0,4,8,17.0,2.0,431.66,Occasional Repeat,0.5751457081412639,18-25,Low,True
C00307,34,New,Western Slovakia,mobile,36,0,0,1,5,,,,Prospect (no purchase),,26-35,,False
C00308,54,New,Czech Republic,mobile,3,0,0,0,3,,,,Prospect (no purchase),,46-55,,False
C00309,45,Regular,Bratislava,mobile,47,1,1,1,2,,,,Prospect (no purchase),0.8485106140344248,36-45,High,False
C00310,59,New,Czech Republic,desktop,1,1,1,1,6,,,,Prospect (no purchase),,56+,,False
C00311,52,Regular,Western Slovakia,mobile,57,1,0,1,10,0.0,2.0,344.47,Recent Buyers,0.8375768177482222,46-55,High,True
C00312,43,Regular,Western Slovakia,mobile,51,0,0,6,1,,,,Prospect (no purchase),0.8357362352197288,36-45,High,False
C00313,59,Loyal,Czech Republic,mobile,58,1,1,0,2,,,,Prospect (no purchase),0.7838397593176236,56+,Medium,False
C00314,43,Regular,Western Slovakia,mobile,9,0,0,1,1,,,,Prospect (no purchase),0.886227359065273,36-45,High,False
C00315,48,Regular,Western Slovakia,mobile,62,1,1,3,12,,,,Prospect (no purchase),0.7443054837065501,46-55,Medium,False
C00316,34,Regular,Bratislava,mobile,39,1,0,2,4,,,,Prospect (no purchase),0.8620276807090458,26-35,High,False
C00317,39,New,Central Slovakia,mobile,62,0,1,0,1,,,,Prospect (no purchase),0.9126864726384192,36-45,High,False
C00318,30,New,Central Slovakia,mobile,50,0,0,2,13,,,,Prospect (no purchase),0.8737455204684509,26-35,High,False
C00319,50,Regular,Bratislava,desktop,47,0,1,3,8,,,,Prospect (no purchase),0.8492356605085082,46-55,High,False
C00320,24,At-Risk,Central Slovakia,mobile,3,0,0,0,1,,,,Prospect (no purchase),,18-25,,False
C00321,47,New,Central Slovakia,desktop,50,0,0,0,9,0.0,1.0,172.98,Recent Buyers,0.9147187819920012,46-55,High,True
C00322,36,Regular,Western Slovakia,mobile,32,0,1,4,9,22.0,1.0,160.65,One-off Lapsed,0.8011223215487425,36-45,High,True
C00323,52,Loyal,Bratislava,mobile,61,1,1,3,7,,,,Prospect (no purchase),0.6262300579145839,46-55,Medium,False
C00324,47,Loyal,Western Slovakia,tablet,49,1,1,2,5,310.0,2.0,411.32,Occasional Repeat,0.6331437720047176,46-55,Medium,True
C00325,60,Regular,Bratislava,mobile,6,0,0,1,7,,,,Prospect (no purchase),0.90527204079142,56+,High,False
C00326,47,Regular,Bratislava,mobile,64,0,0,1,19,,,,Prospect (no purchase),,46-55,,False
C00327,19,Loyal,Western Slovakia,desktop,5,1,1,7,12,237.0,1.0,205.51,One-off Lapsed,0.3993155002450111,18-25,Low,True
C00328,37,Loyal,Bratislava,mobile,22,1,1,1,1,43.0,2.0,559.39,Occasional Repeat,0.7503060105637636,36-45,Medium,True
C00329,24,New,Bratislava,desktop,16,0,0,0,9,,,,Prospect (no purchase),0.8958721202008814,18-25,High,False
C00330,32,At-Risk,Central Slovakia,desktop,70,1,1,6,11,0.0,2.0,294.26,Recent Buyers,0.790566907099013,26-35,Medium,True
C00331,56,New,Western Slovakia,tablet,11,0,0,0,1,,,,Prospect (no purchase),0.9253966054534908,56+,High,False
C00332,46,Loyal,Czech Republic,tablet,60,0,0,2,13,535.0,1.0,367.82,One-off Lapsed,0.7570200710093798,46-55,Medium,True
C00333,30,New,Czech Republic,mobile,16,1,0,0,8,,,,Prospect (no purchase),0.9070039726420932,26-35,High,False
C00334,26,New,Central Slovakia,desktop,47,0,1,0,2,,,,Prospect (no purchase),,26-35,,False
C00335,38,New,Czech Republic,mobile,7,1,1,4,1,,,,Prospect (no purchase),0.8727752742983863,36-45,High,False
C00336,23,Regular,Eastern Slovakia,desktop,28,1,0,3,6,,,,Prospect (no purchase),,18-25,,False
C00337,30,Regular,Western Slovakia,desktop,45,0,1,2,2,433.0,1.0,210.62,One-off Lapsed,0.8597757099372326,26-35,High,True
C00338,42,New,Eastern Slovakia,mobile,51,0,0,1,3,,,,Prospect (no purchase),0.92198371069246,36-45,High,False
C00339,52,Regular,Bratislava,mobile,62,0,0,0,2,,,,Prospect (no purchase),0.8914457374289348,46-55,High,False
C00340,45,Regular,Central Slovakia,mobile,58,0,1,3,5,,,,Prospect (no purchase),,36-45,,False
C00341,18,Loyal,Western Slovakia,mobile,37,0,1,7,7,170.0,4.0,976.66,Champions,0.3200727952006699,18-25,Low,True
C00342,42,At-Risk,Bratislava,mobile,22,0,0,1,8,627.0,1.0,185.62,One-off Lapsed,0.9594823586852956,36-45,High,True
C00343,39,Regular,Bratislava,desktop,19,0,0,3,7,241.0,1.0,230.68,One-off Lapsed,0.829731710533401,36-45,High,True
C00344,43,New,Czech Republic,mobile,71,0,1,1,4,,,,Prospect (no purchase),0.8593100147573475,36-45,High,False
C00345,57,New,Western Slovakia,desktop,44,0,1,0,2,316.0,1.0,261.22,One-off Lapsed,0.874007798242459,56+,High,True
C00346,18,At-Risk,Bratislava,desktop,65,0,1,0,2,232.0,1.0,312.52,One-off Lapsed,0.9485126185081408,18-25,High,True
C00347,31,New,Bratislava,desktop,31,1,0,2,4,445.0,1.0,139.0,One-off Lapsed,0.8969021954214828,26-35,High,True
C00348,45,Regular,Western Slovakia,mobile,35,0,0,4,8,236.0,1.0,168.76,One-off Lapsed,0.7811271248373872,36-45,Medium,True
C00349,19,At-Risk,Eastern Slovakia,desktop,59,0,0,0,4,,,,Prospect (no purchase),,18-25,,False
C00350,56,At-Risk,Eastern Slovakia,desktop,52,0,0,0,1,,,,Prospect (no purchase),0.97284350148749,56+,High,False
C00351,42,Regular,Western Slovakia,desktop,15,0,1,1,8,,,,Prospect (no purchase),,36-45,,False
C00352,48,Regular,Bratislava,desktop,38,0,0,4,5,93.0,1.0,259.61,One-off Lapsed,0.8714382365709176,46-55,High,True
C00353,31,Regular,Bratislava,desktop,16,0,1,2,2,,,,Prospect (no purchase),,26-35,,False
C00354,48,Loyal,Western Slovakia,mobile,55,0,0,1,1,,,,Prospect (no purchase),0.8104814022193155,46-55,High,False
C00355,51,New,Eastern Slovakia,desktop,3,0,0,0,2,,,,Prospect (no purchase),0.9054604340154488,46-55,High,False
C00356,41,New,Eastern Slovakia,mobile,59,0,0,0,1,,,,Prospect (no purchase),0.9294838770582976,36-45,High,False
C00357,41,Regular,Western Slovakia,desktop,66,1,0,0,1,,,,Prospect (no purchase),0.8723760287967315,36-45,High,False
C00358,41,New,Central Slovakia,mobile,2,0,1,2,2,,,,Prospect (no purchase),0.8957433135577985,36-45,High,False
C00359,28,Regular,Western Slovakia,mobile,45,1,0,4,7,,,,Prospect (no purchase),,26-35,,False
C00360,36,Regular,Central Slovakia,mobile,6,0,0,1,3,,,,Prospect (no purchase),,36-45,,False
C00361,36,At-Risk,Western Slovakia,mobile,26,0,0,0,1,,,,Prospect (no purchase),0.9645328435499996,36-45,High,False
C00362,43,Loyal,Central Slovakia,tablet,24,0,1,2,8,93.0,1.0,148.48,One-off Lapsed,0.6464089000513273,36-45,Medium,True
C00363,50,Regular,Western Slovakia,mobile,37,0,0,2,0,,,,Prospect (no purchase),0.8752272461539625,46-55,High,False
C00364,25,Loyal,Czech Republic,desktop,66,0,1,6,5,,,,Prospect (no purchase),,18-25,,False
C00365,36,New,Western Slovakia,mobile,33,1,0,2,2,,,,Prospect (no purchase),,36-45,,False
C00366,56,Regular,Bratislava,tablet,29,0,1,2,2,,,,Prospect (no purchase),0.8537002574831164,56+,High,False
C00367,29,New,Bratislava,mobile,7,1,0,1,2,,,,Prospect (no purchase),0.9091006362988558,26-35,High,False
C00368,28,Loyal,Western Slovakia,mobile,64,1,1,5,11,5.0,2.0,525.39,Recent Buyers,0.5433419373983315,26-35,Low,True
C00369,40,Loyal,Central Slovakia,mobile,23,0,0,3,0,,,,Prospect (no purchase),0.7958898065159141,36-45,Medium,False
C00370,48,At-Risk,Central Slovakia,mobile,33,0,0,0,5,,,,Prospect (no purchase),,46-55,,False
C00371,38,Loyal,Central Slovakia,tablet,7,0,1,3,3,,,,Prospect (no purchase),,36-45,,False
C00372,54,At-Risk,Bratislava,tablet,21,0,0,1,2,,,,Prospect (no purchase),0.966970797508222,46-55,High,False
C00373,48,New,Central Slovakia,mobile,40,0,1,1,3,,,,Prospect (no purchase),,46-55,,False
C00374,48,At-Risk,Central Slovakia,mobile,64,0,0,1,2,,,,Prospect (no purchase),,46-55,,False
C00375,45,Regular,Western Slovakia,mobile,24,0,1,0,4,,,,Prospect (no purchase),,36-45,,False
C00376,66,Regular,Western Slovakia,mobile,40,0,1,2,1,,,,Prospect (no purchase),,56+,,False
C00377,36,Regular,Bratislava,desktop,63,0,1,0,1,,,,Prospect (no purchase),0.904721304451254,36-45,High,False
C00378,18,Regular,Western Slovakia,mobile,26,0,1,0,1,,,,Prospect (no purchase),0.8888499718488089,18-25,High,False
C00379,57,New,Eastern Slovakia,desktop,21,0,1,1,7,344.0,1.0,147.86,One-off Lapsed,0.8383026165341654,56+,High,True
C00380,33,New,Czech Republic,desktop,4,0,0,2,3,,,,Prospect (no purchase),0.9364190274257748,26-35,High,False
C00381,39,New,Central Slovakia,mobile,65,0,1,0,2,,,,Prospect (no purchase),,36-45,,False
C00382,54,Regular,Bratislava,mobile,8,0,1,1,3,,,,Prospect (no purchase),0.8901282729804971,46-55,High,False
C00383,19,At-Risk,Central Slovakia,mobile,16,0,1,0,1,,,,Prospect (no purchase),0.9614614162697978,18-25,High,False
C00384,23,Regular,Eastern Slovakia,mobile,10,0,1,0,1,,,,Prospect (no purchase),,18-25,,False
C00385,19,Regular,Western Slovakia,mobile,51,0,1,2,2,,,,Prospect (no purchase),0.8473863717964213,18-25,High,False
C00386,28,Regular,Eastern Slovakia,desktop,26,0,0,0,8,,,,Prospect (no purchase),0.8803482449914646,26-35,High,False
C00387,43,Regular,Bratislava,mobile,51,1,0,1,5,,,,Prospect (no purchase),0.8406599496617756,36-45,High,False
C00388,44,New,Bratislava,desktop,44,0,1,4,6,385.0,3.0,815.5,Champions,0.7222950891566715,36-45,Medium,True
C00389,41,Loyal,Bratislava,desktop,2,0,0,1,2,,,,Prospect (no purchase),0.7549854271748451,36-45,Medium,False
C00390,21,New,Bratislava,tablet,22,1,1,1,7,,,,Prospect (no purchase),0.7974698344305458,18-25,Medium,False
C00391,18,Loyal,Eastern Slovakia,desktop,1,1,0,1,15,472.0,1.0,105.81,One-off Lapsed,,18-25,,True
C00392,39,Loyal,Western Slovakia,mobile,5,0,0,4,9,162.0,1.0,302.52,One-off Lapsed,0.6671508694903332,36-45,Medium,True
C00393,32,Regular,Bratislava,mobile,34,1,1,3,13,,,,Prospect (no purchase),0.728602768856543,26-35,Medium,False
C00394,44,Loyal,Western Slovakia,mobile,19,0,1,3,14,253.0,1.0,392.87,One-off Lapsed,0.4404128472437983,36-45,Low,True
C00395,46,New,Western Slovakia,tablet,7,1,0,0,1,,,,Prospect (no purchase),,46-55,,False
C00396,40,At-Risk,Western Slovakia,tablet,30,1,1,0,1,,,,Prospect (no purchase),0.9390538296503818,36-45,High,False
C00397,47,Loyal,Bratislava,mobile,33,1,1,7,13,144.0,3.0,876.14,Champions,0.4710297676556927,46-55,Low,True
C00398,41,Loyal,Central Slovakia,mobile,71,0,0,2,2,669.0,1.0,367.54,One-off Lapsed,0.7868944968320759,36-45,Medium,True
C00399,44,Regular,Bratislava,mobile,47,0,0,3,5,,,,Prospect (no purchase),0.8683905301263635,36-45,High,False
C00400,30,Loyal,Eastern Slovakia,mobile,28,0,1,3,8,,,,Prospect (no purchase),0.7576590325342374,26-35,Medium,False
C00401,36,At-Risk,Bratislava,tablet,34,0,0,3,1,,,,Prospect (no purchase),0.9269559860395028,36-45,High,False
C00402,40,Regular,Eastern Slovakia,mobile,7,1,1,2,11,,,,Prospect (no purchase),0.7770487049231538,36-45,Medium,False
C00403,48,Loyal,Eastern Slovakia,mobile,28,1,1,3,11,98.0,2.0,281.8,Occasional Repeat,0.6842034249916831,46-55,Medium,True
C00404,33,Loyal,Bratislava,mobile,42,1,0,1,4,,,,Prospect (no purchase),0.7768483322773078,26-35,Medium,False
C00405,44,Regular,Bratislava,mobile,2,0,0,0,1,,,,Prospect (no purchase),0.9259458145155608,36-45,High,False
C00406,35,At-Risk,Czech Republic,mobile,66,0,0,0,1,,,,Prospect (no purchase),0.97226689291067,26-35,High,False
C00407,37,Regular,Western Slovakia,desktop,37,0,0,1,10,,,,Prospect (no purchase),,36-45,,False
C00408,48,Regular,Central Slovakia,mobile,56,0,0,6,3,,,,Prospect (no purchase),,46-55,,False
C00409,18,New,Bratislava,desktop,20,0,0,1,0,,,,Prospect (no purchase),,18-25,,False
C00410,22,New,Bratislava,mobile,60,0,1,4,6,485.0,1.0,182.44,One-off Lapsed,0.8505103593729587,18-25,High,True
C00411,20,Loyal,Western Slovakia,mobile,27,0,1,3,1,0.0,3.0,1071.05,Recent Buyers,0.656438453976442,18-25,Medium,True
C00412,18,Regular,Eastern Slovakia,mobile,66,0,0,0,3,,,,Prospect (no purchase),0.9250849396810158,18-25,High,False
C00413,30,Regular,Bratislava,mobile,38,0,1,0,2,,,,Prospect (no purchase),,26-35,,False
C00414,47,New,Eastern Slovakia,mobile,46,0,0,0,4,313.0,1.0,121.73,One-off Lapsed,0.9019211618678492,46-55,High,True
C00415,35,Regular,Central Slovakia,mobile,15,0,1,0,1,,,,Prospect (no purchase),0.9000305608068432,26-35,High,False
C00416,40,Loyal,Bratislava,desktop,71,0,1,0,10,543.0,1.0,520.95,One-off Lapsed,0.7722859136463075,36-45,Medium,True
C00417,51,At-Risk,Bratislava,desktop,14,0,0,3,6,,,,Prospect (no purchase),0.9175428357176668,46-55,High,False
C00418,54,New,Bratislava,tablet,3,0,0,4,2,,,,Prospect (no purchase),,46-55,,False
C00419,37,Regular,Western Slovakia,mobile,32,0,1,2,4,,,,Prospect (no purchase),0.7891497056116107,36-45,Medium,False
C00420,54,Regular,Central Slovakia,desktop,60,1,1,0,1,,,,Prospect (no purchase),0.8589669264422033,46-55,High,False
C00421,39,Regular,Western Slovakia,desktop,66,0,0,2,4,,,,Prospect (no purchase),,36-45,,False
C00422,28,Regular,Bratislava,mobile,61,0,0,1,8,,,,Prospect (no purchase),,26-35,,False
C00423,31,Regular,Central Slovakia,mobile,40,0,1,2,5,659.0,1.0,165.79,One-off Lapsed,0.8739900937330709,26-35,High,True
C00424,20,Regular,Central Slovakia,mobile,66,1,1,1,1,,,,Prospect (no purchase),0.8438140450059954,18-25,High,False
C00425,27,Regular,Western Slovakia,desktop,35,0,1,0,1,,,,Prospect (no purchase),0.8879812172874674,26-35,High,False
C00426,34,Regular,Central Slovakia,mobile,34,0,1,0,6,,,,Prospect (no purchase),0.8608310763597018,26-35,High,False
C00427,48,Regular,Bratislava,mobile,13,0,1,1,10,,,,Prospect (no purchase),,46-55,,False
C00428,59,Loyal,Central Slovakia,tablet,56,1,0,4,7,91.0,1.0,428.78,One-off Lapsed,0.5323142395199478,56+,Low,True
C00429,21,Loyal,Western Slovakia,mobile,23,1,1,2,10,,,,Prospect (no purchase),,18-25,,False
C00430,43,Regular,Western Slovakia,tablet,14,0,0,2,2,,,,Prospect (no purchase),0.8708725311339008,36-45,High,False
C00431,26,Loyal,Bratislava,desktop,27,1,1,3,8,,,,Prospect (no purchase),0.5822474666057044,26-35,Low,False
C00432,44,Loyal,Central Slovakia,desktop,43,1,1,8,2,27.0,4.0,960.29,Champions,0.3823159709324567,36-45,Low,True
C00433,36,New,Central Slovakia,desktop,20,0,0,2,2,,,,Prospect (no purchase),0.8625319603619005,36-45,High,False
C00434,18,Regular,Western Slovakia,mobile,26,1,1,6,7,,,,Prospect (no purchase),0.6772301736421104,18-25,Medium,False
C00435,49,New,Eastern Slovakia,desktop,24,0,1,7,1,,,,Prospect (no purchase),0.846520560190041,46-55,High,False
C00436,31,Loyal,Eastern Slovakia,desktop,43,1,1,5,5,584.0,1.0,134.64,One-off Lapsed,0.5433163872211368,26-35,Low,True
C00437,32,New,Bratislava,desktop,51,1,1,4,4,,,,Prospect (no purchase),0.7312399450461228,26-35,Medium,False
C00438,25,Regular,Central Slovakia,mobile,48,0,1,3,3,,,,Prospect (no purchase),,18-25,,False
C00439,30,New,Western Slovakia,mobile,11,0,0,0,4,,,,Prospect (no purchase),0.9214851878730872,26-35,High,False
C00440,43,Regular,Czech Republic,mobile,25,0,1,1,4,,,,Prospect (no purchase),,36-45,,False
C00441,36,At-Risk,Bratislava,mobile,47,0,1,2,4,,,,Prospect (no purchase),,36-45,,False
C00442,42,Regular,Bratislava,mobile,16,0,0,0,10,239.0,1.0,146.6,One-off Lapsed,0.8779851528655704,36-45,High,True
C00443,42,Loyal,Western Slovakia,desktop,5,0,1,3,12,,,,Prospect (no purchase),,36-45,,False
C00444,54,At-Risk,Bratislava,desktop,23,0,1,3,6,,,,Prospect (no purchase),0.9119349583989655,46-55,High,False
C00445,34,Loyal,Central Slovakia,desktop,49,0,0,5,17,,,,Prospect (no purchase),0.5443613616707481,26-35,Low,False
C00446,20,New,Western Slovakia,mobile,48,0,0,2,2,,,,Prospect (no purchase),,18-25,,False
C00447,51,Loyal,Bratislava,mobile,10,1,0,0,4,,,,Prospect (no purchase),0.8120693991225928,46-55,High,False
C00448,34,New,Western Slovakia,mobile,49,0,1,1,12,,,,Prospect (no purchase),0.8691487048481492,26-35,High,False
C00449,51,Regular,Eastern Slovakia,mobile,14,0,0,0,2,,,,Prospect (no purchase),0.9182385445920984,46-55,High,False
C00450,43,Loyal,Eastern Slovakia,mobile,53,0,1,2,0,,,,Prospect (no purchase),0.8005252974268435,36-45,High,False
C00451,36,Loyal,Western Slovakia,mobile,41,1,1,4,1,,,,Prospect (no purchase),,36-45,,False
C00452,42,Regular,Bratislava,mobile,9,0,0,0,2,,,,Prospect (no purchase),0.9239982630330442,36-45,High,False
C00453,61,Regular,Bratislava,mobile,25,0,1,0,1,,,,Prospect (no purchase),0.9066936468646056,56+,High,False
C00454,63,Loyal,Eastern Slovakia,mobile,59,1,1,2,2,556.0,1.0,237.82,One-off Lapsed,0.714214240477746,56+,Medium,True
C00455,39,Loyal,Central Slovakia,mobile,31,0,1,6,8,430.0,1.0,254.85,One-off Lapsed,0.6686318092251348,36-45,Medium,True
C00456,40,Regular,Central Slovakia,mobile,49,1,1,2,10,611.0,1.0,193.39,One-off Lapsed,0.7266378599976281,36-45,Medium,True
C00457,51,At-Risk,Eastern Slovakia,desktop,54,0,1,2,0,,,,Prospect (no purchase),0.9261129166734378,46-55,High,False
C00458,28,New,Bratislava,mobile,3,0,0,2,9,643.0,1.0,198.59,One-off Lapsed,,26-35,,True
C00459,42,New,Central Slovakia,mobile,67,0,1,1,16,,,,Prospect (no purchase),0.8419739154494095,36-45,High,False
C00460,38,Regular,Bratislava,mobile,24,0,0,0,1,,,,Prospect (no purchase),,36-45,,False
C00461,42,At-Risk,Bratislava,tablet,57,0,1,1,4,,,,Prospect (no purchase),,36-45,,False
C00462,28,New,Western Slovakia,desktop,34,0,1,4,2,,,,Prospect (no purchase),,26-35,,False
C00463,19,New,Western Slovakia,desktop,41,0,0,0,2,,,,Prospect (no purchase),0.9233676197105544,18-25,High,False
C00464,18,New,Czech Republic,mobile,26,0,0,0,2,,,,Prospect (no purchase),0.9407476249506904,18-25,High,False
C00465,25,Loyal,Western Slovakia,desktop,61,1,1,2,5,705.0,1.0,178.26,One-off Lapsed,0.547581370311524,18-25,Low,True
C00466,32,New,Eastern Slovakia,desktop,9,0,1,0,1,,,,Prospect (no purchase),0.9297255258838748,26-35,High,False
C00467,34,Regular,Eastern Slovakia,mobile,64,0,0,1,3,89.0,1.0,181.41,One-off Lapsed,0.9159590151432496,26-35,High,True
C00468,61,At-Risk,Central Slovakia,desktop,15,0,0,0,0,,,,Prospect (no purchase),0.9696030048997264,56+,High,False
C00469,51,New,Czech Republic,mobile,63,0,1,2,6,,,,Prospect (no purchase),,46-55,,False
C00470,26,Regular,Western Slovakia,desktop,2,0,1,0,4,,,,Prospect (no purchase),,26-35,,False
C00471,42,Regular,Western Slovakia,mobile,1,0,1,4,2,4.0,1.0,150.4,Recent Buyers,0.7889697432333533,36-45,Medium,True
C00472,33,Loyal,Bratislava,mobile,7,0,0,3,12,,,,Prospect (no purchase),0.7034792540400006,26-35,Medium,False
C00473,35,Regular,Bratislava,tablet,39,1,0,2,3,,,,Prospect (no purchase),0.8647421839216928,26-35,High,False
C00474,40,Regular,Eastern Slovakia,desktop,19,0,1,2,1,,,,Prospect (no purchase),,36-45,,False
C00475,45,New,Western Slovakia,mobile,43,0,1,0,3,,,,Prospect (no purchase),0.9026916995185744,36-45,High,False
C00476,34,Loyal,Western Slovakia,tablet,59,0,1,5,7,516.0,1.0,284.25,One-off Lapsed,0.6603584790999778,26-35,Medium,True
C00477,51,Loyal,Bratislava,mobile,2,0,0,5,2,668.0,2.0,711.05,Occasional Repeat,0.6532054000101385,46-55,Medium,True
C00478,24,New,Western Slovakia,mobile,38,1,0,0,2,,,,Prospect (no purchase),,18-25,,False
C00479,38,Regular,Central Slovakia,desktop,53,0,0,0,2,,,,Prospect (no purchase),,36-45,,False
C00480,69,At-Risk,Bratislava,mobile,31,1,0,0,1,,,,Prospect (no purchase),0.9408725559967348,56+,High,False
C00481,41,New,Eastern Slovakia,mobile,66,0,1,0,2,,,,Prospect (no purchase),,36-45,,False
C00482,55,New,Central Slovakia,desktop,48,0,0,0,4,,,,Prospect (no purchase),,46-55,,False
C00483,39,Regular,Eastern Slovakia,mobile,3,0,0,0,2,,,,Prospect (no purchase),,36-45,,False
C00484,45,Regular,Bratislava,mobile,39,1,1,4,10,,,,Prospect (no purchase),0.669443170859121,36-45,Medium,False
C00485,37,New,Central Slovakia,mobile,28,0,1,5,7,,,,Prospect (no purchase),0.8107258850829274,36-45,High,False
C00486,36,Regular,Bratislava,desktop,10,0,0,0,3,,,,Prospect (no purchase),0.8511575990351049,36-45,High,False
C00487,29,New,Western Slovakia,mobile,68,0,1,1,0,,,,Prospect (no purchase),,26-35,,False
C00488,43,Regular,Eastern Slovakia,mobile,16,0,1,3,1,,,,Prospect (no purchase),0.8698130717022436,36-45,High,False
C00489,28,Loyal,Central Slovakia,desktop,6,0,0,2,2,,,,Prospect (no purchase),0.7401730027172543,26-35,Medium,False
C00490,46,Regular,Bratislava,mobile,16,0,0,5,7,40.0,5.0,1052.51,Champions,0.850008801865869,46-55,High,True
C00491,51,New,Eastern Slovakia,mobile,59,1,1,0,4,,,,Prospect (no purchase),0.890741072754455,46-55,High,False
C00492,42,Loyal,Bratislava,desktop,43,0,1,1,5,,,,Prospect (no purchase),0.7261667657913009,36-45,Medium,False
C00493,35,New,Central Slovakia,desktop,59,1,0,0,5,,,,Prospect (no purchase),0.8405373078726921,26-35,High,False
C00494,43,Loyal,Czech Republic,mobile,33,0,1,2,8,,,,Prospect (no purchase),0.7248322136452386,36-45,Medium,False
C00495,34,Regular,Central Slovakia,desktop,9,0,1,1,3,30.0,1.0,168.47,One-off Lapsed,0.884218018780735,26-35,High,True
C00496,49,Loyal,Eastern Slovakia,desktop,28,0,1,1,8,372.0,1.0,285.73,One-off Lapsed,0.8403599255686295,46-55,High,True
C00497,18,New,Central Slovakia,mobile,15,0,1,2,3,,,,Prospect (no purchase),,18-25,,False
C00498,34,New,Eastern Slovakia,desktop,40,0,1,3,9,555.0,1.0,351.01,One-off Lapsed,,26-35,,True
C00499,18,Regular,Central Slovakia,desktop,20,0,0,4,0,,,,Prospect (no purchase),,18-25,,False
C00500,20,New,Central Slovakia,desktop,69,1,1,4,5,627.0,1.0,143.57,One-off Lapsed,0.7399025653195286,18-25,Medium,True
C00501,54,New,Bratislava,mobile,27,0,0,0,3,,,,Prospect (no purchase),,46-55,,False
C00502,49,Loyal,Eastern Slovakia,desktop,23,1,1,2,6,173.0,3.0,789.44,Champions,0.6291010597752664,46-55,Medium,True
C00503,29,Loyal,Bratislava,tablet,70,1,1,2,3,460.0,1.0,234.35,One-off Lapsed,0.7496154380329169,26-35,Medium,True
C00504,20,New,Czech Republic,mobile,37,1,1,5,7,,,,Prospect (no purchase),0.7609476934749954,18-25,Medium,False
C00505,18,At-Risk,Bratislava,desktop,13,0,1,1,2,,,,Prospect (no purchase),0.9594109950208448,18-25,High,False
C00506,31,Loyal,Bratislava,desktop,35,1,1,2,6,,,,Prospect (no purchase),,26-35,,False
C00507,67,Loyal,Eastern Slovakia,desktop,19,0,0,2,3,,,,Prospect (no purchase),0.7615135334525747,56+,Medium,False
C00508,43,Loyal,Bratislava,tablet,51,0,1,3,6,150.0,2.0,561.97,Occasional Repeat,0.7482225057857358,36-45,Medium,True
C00509,31,Regular,Western Slovakia,mobile,41,1,1,1,2,,,,Prospect (no purchase),0.8153027215041682,26-35,High,False
C00510,44,Regular,Central Slovakia,mobile,52,1,1,2,4,468.0,1.0,243.66,One-off Lapsed,0.8062680406176124,36-45,High,True
C00511,19,Regular,Bratislava,desktop,67,0,1,0,3,,,,Prospect (no purchase),0.83916807651692,18-25,High,False
C00512,34,At-Risk,Bratislava,mobile,52,0,1,0,0,,,,Prospect (no purchase),0.9583994858390404,26-35,High,False
C00513,39,New,Western Slovakia,mobile,25,0,1,0,1,,,,Prospect (no purchase),,36-45,,False
C00514,37,Regular,Bratislava,desktop,15,0,1,1,1,,,,Prospect (no purchase),0.808631352840093,36-45,High,False
C00515,47,New,Bratislava,tablet,38,0,0,0,1,,,,Prospect (no purchase),,46-55,,False
C00516,42,At-Risk,Bratislava,mobile,32,0,0,1,0,,,,Prospect (no purchase),0.9683458193731662,36-45,High,False
C00517,46,Regular,Western Slovakia,desktop,23,0,1,1,14,,,,Prospect (no purchase),0.8427382260441502,46-55,High,False
C00518,30,Regular,Western Slovakia,mobile,58,0,1,0,6,167.0,1.0,125.72,One-off Lapsed,0.8739260636788379,26-35,High,True
C00519,49,Loyal,Bratislava,mobile,65,0,1,1,3,,,,Prospect (no purchase),0.7456279507095374,46-55,Medium,False
C00520,58,At-Risk,Central Slovakia,mobile,28,0,1,1,5,,,,Prospect (no purchase),0.9410370914938948,56+,High,False
C00521,26,New,Central Slovakia,mobile,49,1,0,0,2,,,,Prospect (no purchase),0.9040168398687,26-35,High,False
C00522,27,Loyal,Bratislava,mobile,70,0,1,3,11,,,,Prospect (no purchase),0.677164089941149,26-35,Medium,False
C00523,54,At-Risk,Western Slovakia,desktop,1,0,0,1,2,,,,Prospect (no purchase),0.9605069233264764,46-55,High,False
C00524,36,New,Eastern Slovakia,desktop,26,0,1,0,1,,,,Prospect (no purchase),0.9288262020942883,36-45,High,False
C00525,55,Loyal,Central Slovakia,mobile,53,0,0,2,11,553.0,2.0,395.24,Occasional Repeat,0.7254814418906869,46-55,Medium,True
C00526,33,Regular,Western Slovakia,mobile,36,0,0,2,8,,,,Prospect (no purchase),,26-35,,False
C00527,55,Regular,Western Slovakia,mobile,57,0,1,4,7,,,,Prospect (no purchase),0.7789375679207347,46-55,Medium,False
C00528,40,Regular,Bratislava,tablet,34,1,0,3,10,,,,Prospect (no purchase),0.7648227236301882,36-45,Medium,False
C00529,41,New,Eastern Slovakia,tablet,5,0,0,0,3,667.0,1.0,104.71,One-off Lapsed,0.9546595772358184,36-45,High,True
C00530,57,New,Czech Republic,mobile,31,0,1,1,2,,,,Prospect (no purchase),0.9167225316971686,56+,High,False
C00531,34,New,Czech Republic,mobile,29,0,1,7,2,,,,Prospect (no purchase),0.7431636106490586,26-35,Medium,False
C00532,27,New,Bratislava,mobile,61,0,0,0,4,,,,Prospect (no purchase),0.9305650493485776,26-35,High,False
C00533,33,Regular,Western Slovakia,desktop,11,0,0,1,4,,,,Prospect (no purchase),0.8339870155403005,26-35,High,False
C00534,43,Regular,Bratislava,mobile,12,0,1,2,8,,,,Prospect (no purchase),0.8349195512877768,36-45,High,False
C00535,19,New,Western Slovakia,mobile,11,0,0,3,2,,,,Prospect (no purchase),0.8910183183206146,18-25,High,False
C00536,46,Loyal,Western Slovakia,mobile,41,1,1,2,9,,,,Prospect (no purchase),,46-55,,False
C00537,32,Loyal,Central Slovakia,mobile,71,0,1,3,3,475.0,1.0,154.19,One-off Lapsed,0.7989749763069822,26-35,Medium,True
C00538,52,Regular,Bratislava,mobile,44,1,1,2,2,,,,Prospect (no purchase),0.8229637181831653,46-55,High,False
C00539,18,At-Risk,Czech Republic,mobile,58,0,0,1,2,,,,Prospect (no purchase),0.965000698575423,18-25,High,False
C00540,29,Regular,Bratislava,desktop,61,0,1,2,11,,,,Prospect (no purchase),0.8551830042223139,26-35,High,False
C00541,18,Loyal,Bratislava,mobile,43,1,0,3,6,,,,Prospect (no purchase),0.7226821675115883,18-25,Medium,False
C00542,28,New,Eastern Slovakia,mobile,44,0,1,2,12,475.0,1.0,79.62,One-off Lapsed,0.9413410213476666,26-35,High,True
C00543,41,Loyal,Central Slovakia,mobile,18,0,1,2,3,,,,Prospect (no purchase),0.6696435038737366,36-45,Medium,False
C00544,36,At-Risk,Western Slovakia,mobile,69,0,1,0,2,,,,Prospect (no purchase),0.9541703997506816,36-45,High,False
C00545,35,Loyal,Central Slovakia,desktop,56,0,1,1,13,,,,Prospect (no purchase),0.6144481503728827,26-35,Medium,False
C00546,36,Regular,Bratislava,tablet,62,0,0,2,4,,,,Prospect (no purchase),0.8896196552797072,36-45,High,False
C00547,40,Regular,Bratislava,mobile,70,0,0,1,1,,,,Prospect (no purchase),0.8786287950031664,36-45,High,False
C00548,26,Regular,Western Slovakia,desktop,25,1,1,3,12,,,,Prospect (no purchase),,26-35,,False
C00549,46,Regular,Western Slovakia,desktop,11,0,0,3,6,330.0,2.0,460.35,Occasional Repeat,0.818278184491618,46-55,High,True
C00550,46,Loyal,Central Slovakia,desktop,62,1,0,2,5,,,,Prospect (no purchase),0.636375068099755,46-55,Medium,False
C00551,43,At-Risk,Bratislava,mobile,34,0,0,0,6,,,,Prospect (no purchase),0.9666671663032548,36-45,High,False
C00552,45,Regular,Central Slovakia,mobile,69,0,1,5,13,628.0,1.0,136.29,One-off Lapsed,0.7615741003656209,36-45,Medium,True
C00553,42,New,Eastern Slovakia,mobile,50,0,1,1,6,,,,Prospect (no purchase),,36-45,,False
C00554,62,Regular,Bratislava,tablet,19,1,0,3,2,,,,Prospect (no purchase),,56+,,False
C00555,37,New,Bratislava,desktop,26,0,1,1,4,,,,Prospect (no purchase),0.8612425598139875,36-45,High,False
C00556,34,New,Western Slovakia,mobile,44,1,1,1,7,400.0,1.0,180.11,One-off Lapsed,0.8211871406169535,26-35,High,True
C00557,29,Regular,Eastern Slovakia,mobile,28,1,1,0,1,,,,Prospect (no purchase),,26-35,,False
C00558,26,Loyal,Central Slovakia,mobile,21,0,1,5,1,,,,Prospect (no purchase),0.7058270907422025,26-35,Medium,False
C00559,23,New,Central Slovakia,mobile,15,1,1,3,5,,,,Prospect (no purchase),0.8355772681348135,18-25,High,False
C00560,27,New,Western Slovakia,desktop,47,1,0,7,11,,,,Prospect (no purchase),0.3703582648444761,26-35,Low,False
C00561,37,New,Bratislava,mobile,3,0,0,0,0,,,,Prospect (no purchase),0.940683877358544,36-45,High,False
C00562,42,Loyal,Central Slovakia,desktop,7,1,1,4,6,540.0,3.0,641.35,Champions,,36-45,,True
C00563,39,Loyal,Bratislava,desktop,4,1,0,5,3,47.0,3.0,1420.15,Champions,0.5407707189495662,36-45,Low,True
C00564,29,New,Eastern Slovakia,desktop,53,0,1,1,12,,,,Prospect (no purchase),,26-35,,False
C00565,49,New,Bratislava,desktop,3,0,1,1,5,,,,Prospect (no purchase),0.9081316491382304,46-55,High,False
C00566,47,Regular,Bratislava,mobile,30,1,0,1,1,,,,Prospect (no purchase),,46-55,,False
C00567,36,New,Western Slovakia,desktop,9,0,0,1,6,17.0,1.0,174.92,Recent Buyers,0.8676596476996868,36-45,High,True
C00568,30,Regular,Western Slovakia,desktop,42,0,0,0,2,,,,Prospect (no purchase),,26-35,,False
C00569,45,Regular,Central Slovakia,mobile,3,0,1,0,2,,,,Prospect (no purchase),0.8958033849681408,36-45,High,False
C00570,40,At-Risk,Western Slovakia,mobile,2,1,1,1,14,,,,Prospect (no purchase),0.9114178511540234,36-45,High,False
C00571,21,New,Czech Republic,mobile,30,0,0,1,2,,,,Prospect (no purchase),0.9064986804272482,18-25,High,False
C00572,37,Regular,Eastern Slovakia,mobile,50,0,0,2,2,,,,Prospect (no purchase),0.91369491580133,36-45,High,False
C00573,41,New,Eastern Slovakia,mobile,8,0,1,0,3,,,,Prospect (no purchase),,36-45,,False
C00574,27,At-Risk,Central Slovakia,mobile,36,0,0,0,3,,,,Prospect (no purchase),0.967217525819151,26-35,High,False
C00575,40,At-Risk,Central Slovakia,desktop,58,0,0,0,0,,,,Prospect (no purchase),0.9482618672014812,36-45,High,False
C00576,21,Loyal,Central Slovakia,mobile,45,0,1,1,13,587.0,1.0,298.74,One-off Lapsed,0.7953996252248323,18-25,Medium,True
C00577,54,Regular,Western Slovakia,mobile,54,1,1,0,7,,,,Prospect (no purchase),0.8070787082189681,46-55,High,False
C00578,53,New,Western Slovakia,mobile,23,1,1,1,4,,,,Prospect (no purchase),,46-55,,False
C00579,35,Loyal,Central Slovakia,mobile,67,0,0,0,12,58.0,1.0,187.44,One-off Lapsed,0.8066226124455685,26-35,High,True
C00580,42,Loyal,Bratislava,tablet,11,1,1,1,6,51.0,3.0,1023.92,Champions,0.7149080952549456,36-45,Medium,True
C00581,18,New,Bratislava,mobile,43,0,0,0,3,,,,Prospect (no purchase),0.928389029839778,18-25,High,False
C00582,24,Regular,Eastern Slovakia,mobile,31,0,1,2,4,604.0,1.0,210.24,One-off Lapsed,0.9138335352977596,18-25,High,True
C00583,34,Regular,Bratislava,mobile,3,0,0,6,13,,,,Prospect (no purchase),0.7423922674711743,26-35,Medium,False
C00584,25,Loyal,Central Slovakia,mobile,68,1,1,3,3,,,,Prospect (no purchase),0.6917431829431194,18-25,Medium,False
C00585,47,Loyal,Central Slovakia,desktop,50,0,0,1,6,,,,Prospect (no purchase),,46-55,,False
C00586,62,Regular,Bratislava,desktop,17,0,1,0,6,,,,Prospect (no purchase),,56+,,False
C00587,24,Regular,Eastern Slovakia,mobile,4,0,0,2,10,,,,Prospect (no purchase),0.8937785541740635,18-25,High,False
C00588,28,New,Bratislava,desktop,48,0,0,2,7,,,,Prospect (no purchase),0.8579392895823742,26-35,High,False
C00589,41,Regular,Eastern Slovakia,mobile,39,1,1,3,7,,,,Prospect (no purchase),0.7733282711675417,36-45,Medium,False
C00590,57,New,Eastern Slovakia,desktop,4,0,0,0,4,,,,Prospect (no purchase),0.9394629646167724,56+,High,False
C00591,23,Loyal,Bratislava,mobile,71,1,1,1,7,,,,Prospect (no purchase),0.6278548549569007,18-25,Medium,False
C00592,41,Regular,Bratislava,mobile,51,0,0,0,5,,,,Prospect (no purchase),0.9165862817059672,36-45,High,False
C00593,60,Regular,Western Slovakia,desktop,33,1,1,1,2,,,,Prospect (no purchase),0.7338486276223466,56+,Medium,False
C00594,18,New,Western Slovakia,desktop,17,1,0,2,6,,,,Prospect (no purchase),0.860077592992069,18-25,High,False
C00595,23,New,Bratislava,mobile,20,0,0,0,3,,,,Prospect (no purchase),0.9360944297856686,18-25,High,False
C00596,33,Regular,Czech Republic,tablet,33,1,0,2,2,,,,Prospect (no purchase),0.8748108288954208,26-35,High,False
C00597,32,New,Bratislava,desktop,5,0,0,0,5,,,,Prospect (no purchase),,26-35,,False
C00598,48,New,Eastern Slovakia,mobile,27,0,1,2,13,,,,Prospect (no purchase),0.8499685711425978,46-55,High,False
C00599,41,Loyal,Bratislava,desktop,16,1,0,3,13,,,,Prospect (no purchase),,36-45,,False
C00600,18,Regular,Czech Republic,desktop,9,1,1,3,3,244.0,1.0,258.05,One-off Lapsed,0.8339377708867748,18-25,High,True
C00601,44,Regular,Bratislava,mobile,9,0,0,7,5,371.0,2.0,382.06,Occasional Repeat,0.7713551813682175,36-45,Medium,True
C00602,31,Regular,Western Slovakia,mobile,25,1,1,3,1,,,,Prospect (no purchase),0.7979707618895105,26-35,Medium,False
C00603,53,Loyal,Central Slovakia,desktop,28,0,1,1,13,,,,Prospect (no purchase),,46-55,,False
C00604,30,Regular,Bratislava,desktop,25,1,0,1,2,,,,Prospect (no purchase),,26-35,,False
C00605,30,Loyal,Eastern Slovakia,mobile,49,0,1,5,5,,,,Prospect (no purchase),0.6406319918380748,26-35,Medium,False
C00606,44,At-Risk,Bratislava,mobile,38,0,1,1,2,,,,Prospect (no purchase),0.943511881242243,36-45,High,False
C00607,47,Regular,Central Slovakia,mobile,14,1,1,0,2,,,,Prospect (no purchase),0.8580003493060997,46-55,High,False
C00608,43,Regular,Central Slovakia,desktop,70,0,0,6,1,675.0,1.0,137.53,One-off Lapsed,0.7533776590850638,36-45,Medium,True
C00609,18,Loyal,Central Slovakia,desktop,52,0,1,1,4,484.0,1.0,119.25,One-off Lapsed,0.7980586510513965,18-25,Medium,True
C00610,44,Regular,Bratislava,mobile,34,0,0,5,10,,,,Prospect (no purchase),0.8474122095410311,36-45,High,False
C00611,26,Regular,Bratislava,desktop,4,0,1,1,1,,,,Prospect (no purchase),0.82211194471786,26-35,High,False
C00612,41,Regular,Bratislava,desktop,65,0,1,1,2,,,,Prospect (no purchase),0.8911108083189494,36-45,High,False
C00613,21,Regular,Western Slovakia,mobile,53,0,1,2,7,,,,Prospect (no purchase),0.7971886782022628,18-25,Medium,False
C00614,43,New,Bratislava,mobile,33,0,1,0,2,,,,Prospect (no purchase),0.9214570477247492,36-45,High,False
C00615,28,Regular,Czech Republic,mobile,12,1,1,1,2,473.0,2.0,258.54999999999995,Occasional Repeat,0.769364059627651,26-35,Medium,True
C00616,23,New,Western Slovakia,mobile,8,0,1,2,5,,,,Prospect (no purchase),0.8502762313242085,18-25,High,False
C00617,47,Regular,Central Slovakia,mobile,21,0,0,1,1,,,,Prospect (no purchase),0.9087602307837296,46-55,High,False
C00618,41,Regular,Western Slovakia,desktop,17,1,0,1,4,,,,Prospect (no purchase),,36-45,,False
C00619,31,At-Risk,Bratislava,desktop,15,0,0,0,2,,,,Prospect (no purchase),0.9524308182623475,26-35,High,False
C00620,55,New,Western Slovakia,mobile,29,1,1,1,2,,,,Prospect (no purchase),0.8561259471228775,46-55,High,False
C00621,33,Regular,Bratislava,desktop,4,0,0,0,1,,,,Prospect (no purchase),0.9260090123854636,26-35,High,False
C00622,38,Regular,Western Slovakia,desktop,24,1,1,1,3,,,,Prospect (no purchase),0.6897651840421076,36-45,Medium,False
C00623,41,New,Western Slovakia,mobile,62,1,0,1,4,143.0,1.0,255.6,One-off Lapsed,0.8438983936089098,36-45,High,True
C00624,31,New,Western Slovakia,mobile,62,1,0,5,6,,,,Prospect (no purchase),0.7997136166031776,26-35,Medium,False
C00625,44,New,Czech Republic,desktop,1,0,0,0,1,248.0,1.0,208.49,One-off Lapsed,0.9068473856165982,36-45,High,True
C00626,32,New,Bratislava,desktop,49,1,1,0,3,,,,Prospect (no purchase),0.8356922557657486,26-35,High,False
C00627,33,New,Western Slovakia,mobile,71,1,1,3,14,,,,Prospect (no purchase),,26-35,,False
C00628,54,Regular,Bratislava,desktop,42,1,0,3,11,,,,Prospect (no purchase),0.8234759041856216,46-55,High,False
C00629,26,Regular,Western Slovakia,desktop,28,1,0,3,7,,,,Prospect (no purchase),0.7489722424000699,26-35,Medium,False
C00630,18,New,Central Slovakia,desktop,35,0,0,0,0,,,,Prospect (no purchase),,18-25,,False
C00631,57,New,Bratislava,desktop,16,0,0,1,3,,,,Prospect (no purchase),0.8809541924741368,56+,High,False
C00632,69,New,Central Slovakia,mobile,29,0,0,0,2,,,,Prospect (no purchase),0.922098356323535,56+,High,False
C00633,33,Regular,Western Slovakia,mobile,67,1,0,1,9,430.0,1.0,131.53,One-off Lapsed,0.8402846399760792,26-35,High,True
C00634,18,Regular,Bratislava,mobile,44,1,1,4,13,,,,Prospect (no purchase),0.67244238545603,18-25,Medium,False
C00635,34,Regular,Czech Republic,tablet,31,0,1,3,4,,,,Prospect (no purchase),0.835362218941338,26-35,High,False
C00636,35,New,Western Slovakia,desktop,9,0,0,2,2,,,,Prospect (no purchase),0.9058424667748636,26-35,High,False
C00637,36,New,Eastern Slovakia,desktop,65,1,0,1,2,268.0,1.0,167.73,One-off Lapsed,0.8520880897025113,36-45,High,True
C00638,25,At-Risk,Western Slovakia,mobile,12,0,1,1,1,,,,Prospect (no purchase),,18-25,,False
C00639,45,New,Czech Republic,mobile,52,0,1,1,4,,,,Prospect (no purchase),0.912055294050082,36-45,High,False
C00640,44,New,Bratislava,mobile,22,0,1,0,8,546.0,1.0,237.37,One-off Lapsed,,36-45,,True
C00641,20,New,Western Slovakia,mobile,20,0,0,0,3,,,,Prospect (no purchase),0.9228250562250788,18-25,High,False
C00642,46,At-Risk,Eastern Slovakia,mobile,13,0,0,1,4,,,,Prospect (no purchase),0.9613894516898432,46-55,High,False
C00643,63,Regular,Western Slovakia,desktop,27,0,1,1,3,,,,Prospect (no purchase),0.8697843747501742,56+,High,False
C00644,40,Regular,Western Slovakia,mobile,49,1,1,1,3,,,,Prospect (no purchase),,36-45,,False
C00645,34,At-Risk,Czech Republic,desktop,30,0,0,3,7,,,,Prospect (no purchase),0.9289371752508022,26-35,High,False
C00646,36,New,Central Slovakia,tablet,2,0,1,1,4,,,,Prospect (no purchase),0.902759528136918,36-45,High,False
C00647,45,At-Risk,Central Slovakia,desktop,19,0,1,4,4,,,,Prospect (no purchase),0.9171950443024416,36-45,High,False
C00648,18,New,Central Slovakia,mobile,12,1,1,2,1,,,,Prospect (no purchase),0.8151817631381152,18-25,High,False
C00649,40,Regular,Eastern Slovakia,desktop,29,1,1,2,3,,,,Prospect (no purchase),,36-45,,False
C00650,33,Regular,Eastern Slovakia,desktop,65,1,0,3,20,390.0,1.0,173.72,One-off Lapsed,,26-35,,True
C00651,60,Regular,Central Slovakia,mobile,69,0,1,0,1,,,,Prospect (no purchase),0.8957980441387754,56+,High,False
C00652,36,At-Risk,Bratislava,desktop,71,0,0,3,7,,,,Prospect (no purchase),0.9518622994736182,36-45,High,False
C00653,58,New,Bratislava,desktop,8,0,0,0,2,,,,Prospect (no purchase),0.9375471657256504,56+,High,False
C00654,25,At-Risk,Central Slovakia,mobile,35,0,1,0,1,,,,Prospect (no purchase),0.9605483170574036,18-25,High,False
C00655,45,Regular,Eastern Slovakia,mobile,4,0,0,0,3,,,,Prospect (no purchase),,36-45,,False
C00656,42,Regular,Western Slovakia,mobile,36,0,1,2,1,,,,Prospect (no purchase),0.8452356720644685,36-45,High,False
C00657,28,At-Risk,Bratislava,mobile,41,0,0,4,9,,,,Prospect (no purchase),,26-35,,False
C00658,40,New,Bratislava,desktop,55,0,1,2,4,459.0,1.0,132.22,One-off Lapsed,,36-45,,True
C00659,53,At-Risk,Western Slovakia,mobile,24,0,0,1,2,,,,Prospect (no purchase),0.9427006852470275,46-55,High,False
C00660,34,Regular,Eastern Slovakia,mobile,3,0,1,3,5,,,,Prospect (no purchase),,26-35,,False
C00661,18,Loyal,Bratislava,mobile,33,0,0,1,5,,,,Prospect (no purchase),,18-25,,False
C00662,38,New,Central Slovakia,mobile,31,0,1,2,3,566.0,1.0,142.77,One-off Lapsed,0.9114829679241914,36-45,High,True
C00663,27,Regular,Eastern Slovakia,mobile,45,1,1,1,17,40.0,1.0,230.12,One-off Lapsed,0.7800324000918734,26-35,Medium,True
C00664,34,Regular,Czech Republic,desktop,8,1,1,1,8,642.0,1.0,220.46,One-off Lapsed,0.8007986670360877,26-35,High,True
C00665,37,Regular,Bratislava,mobile,44,1,1,2,9,,,,Prospect (no purchase),0.8061871617265949,36-45,High,False
C00666,18,New,Czech Republic,mobile,29,0,1,0,4,,,,Prospect (no purchase),0.9230912823905342,18-25,High,False
C00667,19,New,Central Slovakia,desktop,53,0,1,0,2,,,,Prospect (no purchase),0.8657391535348814,18-25,High,False
C00668,44,Loyal,Eastern Slovakia,tablet,70,1,1,7,10,,,,Prospect (no purchase),0.5205191269760926,36-45,Low,False
C00669,32,New,Bratislava,mobile,17,0,1,1,2,,,,Prospect (no purchase),0.905823250181076,26-35,High,False
C00670,18,Loyal,Western Slovakia,mobile,54,0,1,1,6,,,,Prospect (no purchase),0.7527455967068574,18-25,Medium,False
C00671,47,At-Risk,Central Slovakia,mobile,10,0,0,0,2,,,,Prospect (no purchase),0.968413455075064,46-55,High,False
C00672,41,New,Western Slovakia,mobile,70,0,0,2,11,684.0,1.0,183.37,One-off Lapsed,0.8634503073303356,36-45,High,True
C00673,29,New,Western Slovakia,mobile,35,1,1,1,4,307.0,1.0,243.49,One-off Lapsed,0.7324346644037719,26-35,Medium,True
C00674,22,Regular,Central Slovakia,tablet,53,0,1,0,5,305.0,1.0,97.9,One-off Lapsed,0.8575364193928388,18-25,High,True
C00675,48,New,Central Slovakia,desktop,56,0,1,1,1,,,,Prospect (no purchase),,46-55,,False
C00676,42,Regular,Bratislava,mobile,44,0,0,1,8,,,,Prospect (no purchase),0.9102595357824826,36-45,High,False
C00677,67,Loyal,Western Slovakia,tablet,28,0,0,1,14,591.0,1.0,311.89,One-off Lapsed,0.7614481902573845,56+,Medium,True
C00678,43,Regular,Bratislava,mobile,54,1,1,5,13,108.0,2.0,583.7,Occasional Repeat,0.6814306950365011,36-45,Medium,True
C00679,43,Regular,Czech Republic,mobile,34,0,0,1,25,,,,Prospect (no purchase),,36-45,,False
C00680,36,Loyal,Czech Republic,mobile,47,1,0,4,4,,,,Prospect (no purchase),,36-45,,False
C00681,48,Regular,Bratislava,mobile,44,0,0,1,11,,,,Prospect (no purchase),0.8837847845395408,46-55,High,False
C00682,46,New,Bratislava,desktop,33,0,0,0,3,,,,Prospect (no purchase),,46-55,,False
C00683,53,Regular,Bratislava,mobile,9,1,0,0,4,,,,Prospect (no purchase),0.8905436497777429,46-55,High,False
C00684,32,At-Risk,Western Slovakia,desktop,21,1,0,4,1,,,,Prospect (no purchase),0.9229488081545634,26-35,High,False
C00685,33,Regular,Eastern Slovakia,mobile,67,0,0,4,17,599.0,1.0,150.19,One-off Lapsed,,26-35,,True
C00686,32,Regular,Western Slovakia,desktop,37,0,1,3,16,,,,Prospect (no purchase),0.7323180219009837,26-35,Medium,False
C00687,47,Regular,Bratislava,desktop,46,0,1,0,1,4.0,1.0,139.11,Recent Buyers,0.9056117140249472,46-55,High,True
C00688,56,New,Bratislava,mobile,19,0,1,0,3,,,,Prospect (no purchase),0.920323305686796,56+,High,False
C00689,32,New,Bratislava,mobile,51,1,1,1,3,,,,Prospect (no purchase),0.8595959805726052,26-35,High,False
C00690,33,New,Eastern Slovakia,desktop,35,1,0,3,8,,,,Prospect (no purchase),,26-35,,False
C00691,42,At-Risk,Central Slovakia,mobile,16,0,0,0,0,,,,Prospect (no purchase),,36-45,,False
C00692,35,New,Central Slovakia,mobile,11,0,1,4,10,,,,Prospect (no purchase),0.847327008473694,26-35,High,False
C00693,49,Loyal,Western Slovakia,desktop,29,0,1,0,4,581.0,1.0,225.03,One-off Lapsed,,46-55,,True
C00694,18,New,Czech Republic,mobile,41,0,1,3,14,,,,Prospect (no purchase),,18-25,,False
C00695,28,New,Western Slovakia,mobile,20,0,0,1,4,106.0,1.0,222.33,One-off Lapsed,0.9116158432265854,26-35,High,True
C00696,29,Regular,Eastern Slovakia,mobile,18,0,0,1,1,,,,Prospect (no purchase),,26-35,,False
C00697,18,Regular,Eastern Slovakia,mobile,20,1,1,2,2,,,,Prospect (no purchase),,18-25,,False
C00698,26,Loyal,Western Slovakia,mobile,21,1,1,2,6,5.0,1.0,236.33,Recent Buyers,0.6076105814581684,26-35,Medium,True
C00699,27,At-Risk,Eastern Slovakia,mobile,53,1,0,0,3,,,,Prospect (no purchase),0.9600793618116882,26-35,High,False
C00700,36,Loyal,Bratislava,mobile,36,1,1,8,17,237.0,2.0,470.4,Occasional Repeat,0.4646331970975667,36-45,Low,True
C00701,51,New,Central Slovakia,mobile,34,0,0,0,3,,,,Prospect (no purchase),0.9279408823643484,46-55,High,False
C00702,35,Loyal,Bratislava,mobile,12,1,1,2,24,45.0,2.0,1007.16,Occasional Repeat,0.6085532701949431,26-35,Medium,True
C00703,26,New,Western Slovakia,tablet,39,0,1,1,8,,,,Prospect (no purchase),,26-35,,False
C00704,37,At-Risk,Bratislava,mobile,69,1,0,0,10,49.0,1.0,407.88,One-off Lapsed,0.9129038333531484,36-45,High,True
C00705,51,Regular,Bratislava,mobile,53,0,1,0,5,,,,Prospect (no purchase),0.8701061307866412,46-55,High,False
C00706,26,Regular,Bratislava,mobile,32,0,0,2,1,,,,Prospect (no purchase),0.9056572035859716,26-35,High,False
C00707,27,New,Western Slovakia,desktop,22,1,0,6,9,,,,Prospect (no purchase),0.77714851365476,26-35,Medium,False
C00708,45,New,Central Slovakia,mobile,26,0,1,1,7,,,,Prospect (no purchase),,36-45,,False
C00709,35,New,Western Slovakia,mobile,2,1,0,0,9,,,,Prospect (no purchase),,26-35,,False
C00710,46,At-Risk,Western Slovakia,desktop,3,1,0,8,2,346.0,1.0,258.11,One-off Lapsed,0.8103813406594356,46-55,High,True
C00711,38,Loyal,Czech Republic,mobile,56,1,0,4,15,246.0,3.0,544.1600000000001,Champions,0.585469149237545,36-45,Low,True
C00712,46,At-Risk,Czech Republic,desktop,60,0,1,3,1,,,,Prospect (no purchase),0.9206051577101796,46-55,High,False
C00713,26,New,Bratislava,desktop,69,1,0,3,10,310.0,1.0,275.33,One-off Lapsed,0.7598683350614115,26-35,Medium,True
C00714,38,Regular,Western Slovakia,desktop,45,0,1,0,7,,,,Prospect (no purchase),0.8722404627628215,36-45,High,False
C00715,35,New,Central Slovakia,mobile,66,1,0,1,3,,,,Prospect (no purchase),0.9255597972477116,26-35,High,False
C00716,23,Regular,Eastern Slovakia,mobile,30,0,0,2,4,,,,Prospect (no purchase),,18-25,,False
C00717,19,Regular,Western Slovakia,mobile,19,0,1,0,3,,,,Prospect (no purchase),0.8547862277632989,18-25,High,False
C00718,46,New,Eastern Slovakia,desktop,18,0,0,0,2,,,,Prospect (no purchase),0.8939340523920312,46-55,High,False
C00719,34,Regular,Bratislava,desktop,17,0,0,2,3,,,,Prospect (no purchase),0.8668187340743122,26-35,High,False
C00720,26,New,Western Slovakia,tablet,53,1,0,4,6,,,,Prospect (no purchase),0.7545432985611017,26-35,Medium,False
C00721,37,Regular,Central Slovakia,mobile,1,0,1,0,4,247.0,1.0,88.85,One-off Lapsed,0.88950586220125,36-45,High,True
C00722,52,Regular,Central Slovakia,desktop,68,0,0,3,31,262.0,2.0,504.61,Occasional Repeat,0.724556162257638,46-55,Medium,True
C00723,18,New,Eastern Slovakia,mobile,56,0,0,1,2,23.0,1.0,155.77,One-off Lapsed,0.920834984092694,18-25,High,True
C00724,20,At-Risk,Bratislava,desktop,28,0,1,0,1,,,,Prospect (no purchase),0.9643312180528428,18-25,High,False
C00725,27,Regular,Bratislava,mobile,50,1,1,2,2,,,,Prospect (no purchase),,26-35,,False
C00726,56,Loyal,Bratislava,mobile,10,1,0,4,14,233.0,1.0,302.64,One-off Lapsed,0.4733756944829511,56+,Low,True
C00727,41,Regular,Bratislava,mobile,31,0,0,6,29,,,,Prospect (no purchase),0.7158959619588603,36-45,Medium,False
C00728,47,Loyal,Bratislava,tablet,8,1,1,1,13,,,,Prospect (no purchase),0.6917504125464743,46-55,Medium,False
C00729,24,Loyal,Western Slovakia,mobile,8,0,0,3,5,,,,Prospect (no purchase),0.7184877088756165,18-25,Medium,False
C00730,25,Loyal,Central Slovakia,mobile,1,0,1,0,1,,,,Prospect (no purchase),0.7087972843506052,18-25,Medium,False
C00731,43,Regular,Central Slovakia,mobile,57,0,0,0,2,58.0,2.0,379.12,Occasional Repeat,0.9154070356714432,36-45,High,True
C00732,39,New,Western Slovakia,mobile,53,0,0,0,1,,,,Prospect (no purchase),0.9222449112544564,36-45,High,False
C00733,45,New,Bratislava,tablet,64,1,1,1,1,0.0,3.0,605.74,Recent Buyers,0.8259525371900073,36-45,High,True
C00734,36,Regular,Central Slovakia,mobile,70,0,0,3,4,,,,Prospect (no purchase),0.8753092159084199,36-45,High,False
C00735,41,New,Bratislava,mobile,69,0,0,0,4,,,,Prospect (no purchase),0.927172257303334,36-45,High,False
C00736,40,New,Eastern Slovakia,desktop,71,0,1,1,3,,,,Prospect (no purchase),0.865374980785743,36-45,High,False
C00737,47,New,Bratislava,mobile,2,1,0,2,9,,,,Prospect (no purchase),0.8759615084524321,46-55,High,False
C00738,48,Regular,Central Slovakia,mobile,56,1,0,2,4,,,,Prospect (no purchase),,46-55,,False
C00739,19,New,Eastern Slovakia,mobile,52,0,0,1,1,,,,Prospect (no purchase),,18-25,,False
C00740,18,Regular,Central Slovakia,mobile,12,0,1,0,2,,,,Prospect (no purchase),0.898470131101815,18-25,High,False
C00741,50,Loyal,Central Slovakia,mobile,10,0,1,8,4,330.0,1.0,460.42,One-off Lapsed,0.4948604907387062,46-55,Low,True
C00742,52,Loyal,Central Slovakia,mobile,70,0,0,1,2,,,,Prospect (no purchase),0.8345435824974647,46-55,High,False
C00743,26,Regular,Bratislava,mobile,63,1,0,0,2,,,,Prospect (no purchase),0.8894100447728341,26-35,High,False
C00744,18,Regular,Central Slovakia,desktop,24,0,1,1,0,,,,Prospect (no purchase),,18-25,,False
C00745,39,Regular,Eastern Slovakia,desktop,6,0,0,1,0,,,,Prospect (no purchase),0.8456908689516488,36-45,High,False
C00746,49,Regular,Czech Republic,desktop,24,0,1,0,3,,,,Prospect (no purchase),,46-55,,False
C00747,60,Regular,Western Slovakia,mobile,1,0,1,2,2,,,,Prospect (no purchase),,56+,,False
C00748,44,New,Western Slovakia,mobile,49,1,0,0,18,,,,Prospect (no purchase),0.8523250036959399,36-45,High,False
C00749,34,At-Risk,Eastern Slovakia,tablet,27,0,1,1,1,,,,Prospect (no purchase),0.962616259918458,26-35,High,False
C00750,27,New,Central Slovakia,desktop,4,0,0,0,1,,,,Prospect (no purchase),0.9253550816395746,26-35,High,False
C00751,38,Loyal,Bratislava,mobile,70,1,1,6,9,341.0,2.0,508.1,Occasional Repeat,0.4264775237159291,36-45,Low,True
C00752,34,Regular,Bratislava,mobile,59,0,1,2,10,,,,Prospect (no purchase),0.858085882584255,26-35,High,False
C00753,26,New,Bratislava,mobile,65,0,0,1,6,,,,Prospect (no purchase),0.8867286870830154,26-35,High,False
C00754,63,Loyal,Western Slovakia,mobile,71,1,1,6,8,341.0,3.0,1051.12,Champions,0.4626783918149842,56+,Low,True
C00755,59,New,Bratislava,mobile,2,1,1,12,7,443.0,2.0,417.33,Occasional Repeat,0.592027438796103,56+,Low,True
C00756,52,Loyal,Bratislava,mobile,56,0,1,5,5,,,,Prospect (no purchase),0.6984208479276174,46-55,Medium,False
C00757,27,Regular,Bratislava,tablet,56,0,1,3,8,617.0,3.0,897.1700000000001,Champions,0.6802071550617395,26-35,Medium,True
C00758,48,New,Czech Republic,mobile,56,0,1,0,7,,,,Prospect (no purchase),0.8687666132326769,46-55,High,False
C00759,46,New,Bratislava,desktop,19,1,0,1,5,,,,Prospect (no purchase),,46-55,,False
C00760,43,Loyal,Bratislava,mobile,28,0,1,0,5,,,,Prospect (no purchase),,36-45,,False
C00761,53,New,Western Slovakia,desktop,66,0,1,3,7,,,,Prospect (no purchase),0.8515686652926453,46-55,High,False
C00762,46,At-Risk,Bratislava,desktop,5,0,0,0,3,,,,Prospect (no purchase),0.9704965209072683,46-55,High,False
C00763,47,Loyal,Czech Republic,mobile,46,1,0,2,10,,,,Prospect (no purchase),0.6695538244032038,46-55,Medium,False
C00764,46,Loyal,Czech Republic,desktop,57,1,1,4,10,43.0,3.0,904.14,Champions,0.5277810015052994,46-55,Low,True
C00765,42,New,Western Slovakia,desktop,57,0,1,2,2,707.0,1.0,155.02,One-off Lapsed,,36-45,,True
C00766,18,Loyal,Western Slovakia,desktop,43,0,1,1,6,616.0,1.0,280.75,One-off Lapsed,0.6826329572659675,18-25,Medium,True
C00767,39,At-Risk,Western Slovakia,mobile,55,0,1,0,3,,,,Prospect (no purchase),0.9392808170933978,36-45,High,False
C00768,31,New,Bratislava,desktop,65,1,1,1,12,63.0,1.0,97.23,One-off Lapsed,0.78955727066181,26-35,Medium,True
C00769,23,Regular,Bratislava,mobile,55,0,0,0,3,,,,Prospect (no purchase),0.8965898721288675,18-25,High,False
C00770,58,New,Bratislava,mobile,9,1,1,7,10,551.0,1.0,210.3,One-off Lapsed,0.6643061084351769,56+,Medium,True
C00771,59,Regular,Bratislava,mobile,18,1,1,1,5,589.0,1.0,308.88,One-off Lapsed,0.84969494010286,56+,High,True
C00772,54,Loyal,Central Slovakia,mobile,22,1,0,3,14,,,,Prospect (no purchase),0.5416606472220619,46-55,Low,False
C00773,41,Regular,Bratislava,mobile,25,0,1,3,11,404.0,2.0,396.36,Occasional Repeat,0.8595277263773098,36-45,High,True
C00774,54,Regular,Bratislava,mobile,26,0,1,0,2,,,,Prospect (no purchase),0.8865663012349672,46-55,High,False
C00775,38,Regular,Western Slovakia,desktop,16,0,0,1,0,330.0,1.0,169.16,One-off Lapsed,0.831895334737497,36-45,High,True
C00776,40,New,Western Slovakia,mobile,49,0,1,0,5,,,,Prospect (no purchase),0.8912719491842164,36-45,High,False
C00777,25,New,Bratislava,tablet,8,0,1,0,1,,,,Prospect (no purchase),0.924724679274892,18-25,High,False
C00778,43,Loyal,Bratislava,mobile,56,1,1,2,1,,,,Prospect (no purchase),0.6271275451980615,36-45,Medium,False
C00779,39,Regular,Bratislava,desktop,47,1,1,0,10,,,,Prospect (no purchase),0.77144815923574,36-45,Medium,False
C00780,22,Regular,Bratislava,tablet,69,1,1,1,8,231.0,2.0,422.07,Occasional Repeat,0.8920253978547283,18-25,High,True
C00781,37,Loyal,Eastern Slovakia,desktop,1,0,0,0,4,,,,Prospect (no purchase),0.8616909514762234,36-45,High,False
C00782,37,New,Czech Republic,desktop,21,0,0,0,1,,,,Prospect (no purchase),,36-45,,False
C00783,60,New,Western Slovakia,desktop,64,1,0,1,1,,,,Prospect (no purchase),0.8818728885655381,56+,High,False
C00784,49,New,Western Slovakia,mobile,36,1,1,1,0,,,,Prospect (no purchase),0.7927761119990099,46-55,Medium,False
C00785,38,At-Risk,Central Slovakia,mobile,40,0,0,1,3,,,,Prospect (no purchase),0.960714195413242,36-45,High,False
C00786,41,Loyal,Central Slovakia,mobile,3,0,0,2,2,467.0,2.0,885.05,Occasional Repeat,0.7604261743112681,36-45,Medium,True
C00787,39,Regular,Bratislava,mobile,55,0,0,0,6,,,,Prospect (no purchase),0.8953969832711057,36-45,High,False
C00788,36,New,Bratislava,mobile,18,0,1,0,1,,,,Prospect (no purchase),,36-45,,False
C00789,25,New,Western Slovakia,mobile,69,0,0,5,4,,,,Prospect (no purchase),0.8358675573167433,18-25,High,False
C00790,36,Regular,Central Slovakia,desktop,27,1,1,1,1,,,,Prospect (no purchase),0.768140218847017,36-45,Medium,False
C00791,29,Regular,Bratislava,desktop,14,0,1,4,12,249.0,2.0,573.62,Occasional Repeat,0.7440056063724659,26-35,Medium,True
C00792,23,At-Risk,Bratislava,desktop,43,0,0,1,2,,,,Prospect (no purchase),,18-25,,False
C00793,44,Loyal,Western Slovakia,desktop,34,0,1,2,5,59.0,1.0,242.26,One-off Lapsed,0.5210977956102559,36-45,Low,True
C00794,43,Regular,Bratislava,mobile,34,1,1,4,3,455.0,2.0,558.8399999999999,Occasional Repeat,0.8245756368170584,36-45,High,True
C00795,18,Loyal,Western Slovakia,mobile,68,0,1,0,1,177.0,1.0,130.73,One-off Lapsed,0.7903841016204585,18-25,Medium,True
C00796,37,At-Risk,Central Slovakia,desktop,26,0,0,0,1,,,,Prospect (no purchase),,36-45,,False
C00797,50,Regular,Western Slovakia,desktop,29,1,0,2,3,,,,Prospect (no purchase),0.7815483405426759,46-55,Medium,False
C00798,51,Regular,Bratislava,mobile,45,0,1,0,3,,,,Prospect (no purchase),,46-55,,False
C00799,50,At-Risk,Bratislava,mobile,13,0,0,2,3,,,,Prospect (no purchase),0.958728236187136,46-55,High,False
C00800,38,New,Eastern Slovakia,mobile,59,0,1,0,3,,,,Prospect (no purchase),0.8479497858642914,36-45,High,False
C00801,28,At-Risk,Western Slovakia,mobile,17,0,0,1,10,,,,Prospect (no purchase),,26-35,,False
C00802,25,New,Bratislava,mobile,18,0,1,0,2,,,,Prospect (no purchase),,18-25,,False
C00803,42,Regular,Bratislava,mobile,1,0,1,2,2,460.0,1.0,191.06,One-off Lapsed,,36-45,,True
C00804,43,Loyal,Eastern Slovakia,desktop,25,1,1,4,10,108.0,2.0,520.29,Occasional Repeat,0.5860956220860863,36-45,Low,True
C00805,53,Regular,Eastern Slovakia,tablet,42,0,1,1,5,,,,Prospect (no purchase),,46-55,,False
C00806,51,Regular,Eastern Slovakia,mobile,51,0,0,0,1,,,,Prospect (no purchase),0.9156566366852186,46-55,High,False
C00807,36,Regular,Central Slovakia,desktop,64,0,1,0,1,,,,Prospect (no purchase),,36-45,,False
C00808,23,New,Western Slovakia,desktop,56,0,0,0,2,,,,Prospect (no purchase),0.891230504700044,18-25,High,False
C00809,34,New,Western Slovakia,mobile,23,1,1,2,2,345.0,1.0,120.04,One-off Lapsed,0.8183693446100425,26-35,High,True
C00810,41,New,Bratislava,desktop,59,1,1,1,6,102.0,1.0,166.63,One-off Lapsed,0.8669949588847762,36-45,High,True
C00811,36,Regular,Central Slovakia,mobile,14,1,1,2,20,266.0,1.0,104.16,One-off Lapsed,0.7065343007329163,36-45,Medium,True
C00812,31,Regular,Central Slovakia,mobile,15,0,1,1,6,,,,Prospect (no purchase),,26-35,,False
C00813,41,New,Bratislava,mobile,26,0,1,0,5,,,,Prospect (no purchase),0.9411028144848314,36-45,High,False
C00814,32,At-Risk,Eastern Slovakia,desktop,39,1,0,1,4,,,,Prospect (no purchase),0.910504688565514,26-35,High,False
C00815,30,Regular,Western Slovakia,tablet,15,1,0,0,4,59.0,1.0,148.03,One-off Lapsed,0.85847989381389,26-35,High,True
C00816,42,Regular,Bratislava,mobile,64,1,1,2,6,,,,Prospect (no purchase),0.8143187431385362,36-45,High,False
C00817,33,Regular,Western Slovakia,mobile,20,0,1,1,5,,,,Prospect (no purchase),0.8081641974210609,26-35,High,False
C00818,41,New,Eastern Slovakia,mobile,28,1,1,1,7,,,,Prospect (no purchase),,36-45,,False
C00819,41,Loyal,Czech Republic,desktop,43,1,1,1,3,320.0,3.0,984.33,Champions,0.6787193907653911,36-45,Medium,True
C00820,24,Regular,Western Slovakia,desktop,31,0,1,2,4,,,,Prospect (no purchase),0.8530313433391349,18-25,High,False
C00821,32,New,Czech Republic,mobile,29,0,1,0,6,400.0,1.0,155.97,One-off Lapsed,0.957368330029792,26-35,High,True
C00822,55,At-Risk,Eastern Slovakia,desktop,70,0,0,1,1,,,,Prospect (no purchase),0.9583306878635444,46-55,High,False
C00823,24,Loyal,Eastern Slovakia,mobile,31,1,0,2,6,317.0,1.0,216.85,One-off Lapsed,0.7395664312218319,18-25,Medium,True
C00824,18,Loyal,Eastern Slovakia,mobile,9,1,1,4,8,,,,Prospect (no purchase),0.6683038339613357,18-25,Medium,False
C00825,18,Loyal,Western Slovakia,mobile,52,1,1,3,10,,,,Prospect (no purchase),0.6043084360056691,18-25,Medium,False
C00826,38,At-Risk,Eastern Slovakia,mobile,51,0,1,2,1,,,,Prospect (no purchase),0.94627350301985,36-45,High,False
C00827,38,Regular,Central Slovakia,mobile,16,0,1,1,1,100.0,1.0,335.04,One-off Lapsed,0.8863073364468194,36-45,High,True
C00828,37,Regular,Central Slovakia,mobile,61,0,1,2,9,,,,Prospect (no purchase),0.8575150453122631,36-45,High,False
C00829,53,Regular,Bratislava,mobile,28,0,1,0,7,,,,Prospect (no purchase),0.9042347327723996,46-55,High,False
C00830,18,New,Eastern Slovakia,desktop,11,0,1,0,2,,,,Prospect (no purchase),0.8946632717564158,18-25,High,False
C00831,43,New,Czech Republic,mobile,13,0,1,1,3,,,,Prospect (no purchase),,36-45,,False
C00832,57,New,Western Slovakia,desktop,51,0,0,2,2,619.0,1.0,180.29,One-off Lapsed,0.9127076241622166,56+,High,True
C00833,24,Regular,Czech Republic,mobile,16,1,1,7,2,408.0,1.0,256.17,One-off Lapsed,0.7658995802400692,18-25,Medium,True
C00834,33,Loyal,Western Slovakia,desktop,34,0,0,6,1,107.0,1.0,232.01,One-off Lapsed,0.5213491159121949,26-35,Low,True
C00835,29,Loyal,Bratislava,mobile,53,1,1,3,2,,,,Prospect (no purchase),0.7040084210751669,26-35,Medium,False
C00836,27,Regular,Bratislava,desktop,61,0,1,3,9,,,,Prospect (no purchase),0.7675186630091396,26-35,Medium,False
C00837,34,New,Eastern Slovakia,mobile,35,0,0,0,2,,,,Prospect (no purchase),0.9403948897412424,26-35,High,False
C00838,55,Regular,Central Slovakia,mobile,65,0,0,2,4,,,,Prospect (no purchase),,46-55,,False
C00839,60,Regular,Western Slovakia,mobile,22,1,1,1,5,,,,Prospect (no purchase),0.8136338259612736,56+,High,False
C00840,34,At-Risk,Central Slovakia,mobile,62,0,1,3,1,,,,Prospect (no purchase),0.9054846559531144,26-35,High,False
C00841,61,Loyal,Western Slovakia,tablet,18,1,1,5,13,282.0,1.0,281.84,One-off Lapsed,0.4346226090525559,56+,Low,True
C00842,38,At-Risk,Western Slovakia,tablet,5,0,1,1,5,,,,Prospect (no purchase),0.9474056764695546,36-45,High,False
C00843,59,Loyal,Eastern Slovakia,desktop,52,0,1,4,2,,,,Prospect (no purchase),,56+,,False
C00844,37,At-Risk,Central Slovakia,mobile,54,1,0,1,3,,,,Prospect (no purchase),,36-45,,False
C00845,40,Regular,Eastern Slovakia,desktop,66,0,0,3,8,536.0,1.0,211.27,One-off Lapsed,0.8515744947439654,36-45,High,True
C00846,42,New,Central Slovakia,desktop,66,0,0,0,4,,,,Prospect (no purchase),,36-45,,False
C00847,75,New,Czech Republic,mobile,8,0,0,1,5,,,,Prospect (no purchase),0.9184485995846772,56+,High,False
C00848,48,Regular,Bratislava,mobile,45,1,1,1,2,0.0,1.0,247.97,Recent Buyers,0.8471264642053491,46-55,High,True
C00849,30,New,Bratislava,desktop,51,1,0,6,1,434.0,1.0,221.36,One-off Lapsed,0.8157912792192925,26-35,High,True
C00850,50,New,Bratislava,mobile,43,0,1,2,2,,,,Prospect (no purchase),0.8895877287604266,46-55,High,False
C00851,34,At-Risk,Central Slovakia,mobile,2,0,0,0,1,343.0,1.0,197.99,One-off Lapsed,0.9525763336455096,26-35,High,True
C00852,32,New,Central Slovakia,desktop,4,0,0,0,9,,,,Prospect (no purchase),0.9216759732700212,26-35,High,False
C00853,49,At-Risk,Eastern Slovakia,mobile,48,1,1,1,3,,,,Prospect (no purchase),0.9398594090131532,46-55,High,False
C00854,38,Loyal,Western Slovakia,mobile,61,1,1,7,3,,,,Prospect (no purchase),,36-45,,False
C00855,41,Regular,Bratislava,mobile,13,1,1,2,4,534.0,1.0,139.33,One-off Lapsed,0.8339323924264235,36-45,High,True
C00856,38,Regular,Central Slovakia,desktop,4,1,1,1,7,,,,Prospect (no purchase),0.7906125636241355,36-45,Medium,False
C00857,42,Regular,Czech Republic,tablet,29,0,1,2,3,,,,Prospect (no purchase),,36-45,,False
C00858,43,Regular,Bratislava,desktop,23,0,0,2,3,,,,Prospect (no purchase),,36-45,,False
C00859,18,New,Bratislava,desktop,70,0,0,0,5,,,,Prospect (no purchase),0.9309447686977153,18-25,High,False
C00860,46,At-Risk,Bratislava,desktop,66,0,1,0,0,,,,Prospect (no purchase),,46-55,,False
C00861,26,Regular,Western Slovakia,desktop,40,1,1,5,13,,,,Prospect (no purchase),0.5723728432831536,26-35,Low,False
C00862,21,New,Bratislava,mobile,68,1,0,1,0,,,,Prospect (no purchase),,18-25,,False
C00863,37,Loyal,Western Slovakia,mobile,17,0,0,2,11,660.0,1.0,396.95,One-off Lapsed,0.8071257341818413,36-45,High,True
C00864,39,Regular,Central Slovakia,desktop,71,1,0,1,5,,,,Prospect (no purchase),,36-45,,False
C00865,30,Regular,Western Slovakia,desktop,32,0,1,0,5,300.0,2.0,638.23,Occasional Repeat,0.7838065057832078,26-35,Medium,True
C00866,48,Regular,Western Slovakia,mobile,34,0,1,1,4,,,,Prospect (no purchase),0.8315828314409682,46-55,High,False
C00867,22,New,Bratislava,desktop,4,0,1,1,5,,,,Prospect (no purchase),,18-25,,False
C00868,33,Regular,Czech Republic,desktop,13,1,0,3,2,546.0,1.0,158.35,One-off Lapsed,0.8172668869752315,26-35,High,True
C00869,31,New,Western Slovakia,mobile,14,0,1,2,9,677.0,1.0,194.49,One-off Lapsed,,26-35,,True
C00870,37,New,Western Slovakia,mobile,35,0,0,1,7,,,,Prospect (no purchase),0.8885983850673791,36-45,High,False
C00871,41,New,Bratislava,mobile,14,0,1,1,2,168.0,1.0,260.68,One-off Lapsed,0.9066888393113186,36-45,High,True
C00872,26,Regular,Central Slovakia,mobile,8,0,0,2,2,,,,Prospect (no purchase),,26-35,,False
C00873,47,Regular,Eastern Slovakia,mobile,43,0,1,0,0,,,,Prospect (no purchase),,46-55,,False
C00874,39,Regular,Bratislava,mobile,62,0,1,4,26,,,,Prospect (no purchase),,36-45,,False
C00875,18,New,Bratislava,mobile,5,0,1,1,7,,,,Prospect (no purchase),0.8722820639896048,18-25,High,False
C00876,18,New,Bratislava,mobile,40,0,0,0,0,,,,Prospect (no purchase),0.9393494523838082,18-25,High,False
C00877,38,Regular,Central Slovakia,desktop,69,1,0,4,4,371.0,1.0,134.54,One-off Lapsed,0.7953697319362192,36-45,Medium,True
C00878,35,New,Czech Republic,desktop,29,0,1,0,2,,,,Prospect (no purchase),,26-35,,False
C00879,37,Loyal,Western Slovakia,mobile,13,1,0,1,13,,,,Prospect (no purchase),0.6547617540306853,36-45,Medium,False
C00880,38,At-Risk,Western Slovakia,mobile,6,1,1,1,2,,,,Prospect (no purchase),0.9313313351103034,36-45,High,False
C00881,41,Regular,Eastern Slovakia,mobile,67,0,1,3,3,241.0,1.0,177.57,One-off Lapsed,0.8708118612474617,36-45,High,True
C00882,49,At-Risk,Eastern Slovakia,mobile,29,0,1,0,2,,,,Prospect (no purchase),0.9658816148785772,46-55,High,False
C00883,25,New,Bratislava,mobile,8,0,1,0,2,,,,Prospect (no purchase),,18-25,,False
C00884,24,New,Bratislava,mobile,62,0,0,1,5,,,,Prospect (no purchase),0.8778359282583545,18-25,High,False
C00885,25,Loyal,Western Slovakia,mobile,57,1,1,5,2,407.0,2.0,560.89,Occasional Repeat,0.5639647469181788,18-25,Low,True
C00886,41,Loyal,Eastern Slovakia,tablet,50,0,1,2,2,,,,Prospect (no purchase),0.795985467121827,36-45,Medium,False
C00887,53,Loyal,Central Slovakia,mobile,6,0,1,3,2,467.0,1.0,137.75,One-off Lapsed,0.7464355080752177,46-55,Medium,True
C00888,33,New,Central Slovakia,desktop,6,0,0,3,5,234.0,2.0,405.75,Occasional Repeat,0.8428026182019813,26-35,High,True
C00889,18,Loyal,Eastern Slovakia,mobile,16,0,0,3,6,,,,Prospect (no purchase),0.7805158233893345,18-25,Medium,False
C00890,18,Regular,Bratislava,mobile,12,0,0,7,8,448.0,1.0,282.64,One-off Lapsed,0.8106789498972025,18-25,High,True
C00891,28,Regular,Western Slovakia,tablet,38,0,1,0,7,,,,Prospect (no purchase),0.8585277377584262,26-35,High,False
C00892,31,New,Bratislava,mobile,28,0,0,1,1,,,,Prospect (no purchase),,26-35,,False
C00893,33,At-Risk,Eastern Slovakia,desktop,55,0,1,2,1,,,,Prospect (no purchase),0.9570869325765384,26-35,High,False
C00894,38,New,Central Slovakia,tablet,8,0,0,1,3,,,,Prospect (no purchase),,36-45,,False
C00895,34,Loyal,Bratislava,mobile,52,1,1,3,6,,,,Prospect (no purchase),,26-35,,False
C00896,51,Regular,Bratislava,mobile,67,0,0,4,8,,,,Prospect (no purchase),0.8601241892891439,46-55,High,False
C00897,30,Loyal,Eastern Slovakia,mobile,10,0,0,6,6,335.0,1.0,174.92,One-off Lapsed,0.7633715455924474,26-35,Medium,True
C00898,28,Loyal,Eastern Slovakia,mobile,47,0,1,4,6,379.0,1.0,176.1,One-off Lapsed,0.8028080689502057,26-35,High,True
C00899,44,Loyal,Central Slovakia,mobile,37,1,0,0,3,,,,Prospect (no purchase),0.7386344243656287,36-45,Medium,False
C00900,20,New,Bratislava,mobile,7,1,1,0,1,,,,Prospect (no purchase),0.8903523578175104,18-25,High,False
C00901,43,New,Czech Republic,desktop,21,0,1,2,13,,,,Prospect (no purchase),0.7585238700583617,36-45,Medium,False
C00902,39,Regular,Eastern Slovakia,desktop,56,0,1,0,10,588.0,1.0,143.63,One-off Lapsed,0.8361403213406994,36-45,High,True
C00903,36,Regular,Central Slovakia,mobile,62,0,1,1,8,,,,Prospect (no purchase),0.818578482915905,36-45,High,False
C00904,57,New,Central Slovakia,mobile,27,0,0,0,1,,,,Prospect (no purchase),,56+,,False
C00905,31,New,Czech Republic,desktop,8,0,1,4,3,,,,Prospect (no purchase),0.818716913635343,26-35,High,False
C00906,63,Regular,Czech Republic,desktop,18,0,0,0,4,,,,Prospect (no purchase),,56+,,False
C00907,35,New,Central Slovakia,mobile,60,0,0,0,1,,,,Prospect (no purchase),0.931399615343326,26-35,High,False
C00908,23,New,Western Slovakia,mobile,41,0,1,4,4,,,,Prospect (no purchase),,18-25,,False
C00909,39,At-Risk,Western Slovakia,desktop,31,0,1,0,1,,,,Prospect (no purchase),,36-45,,False
C00910,25,Regular,Eastern Slovakia,desktop,1,0,0,0,0,,,,Prospect (no purchase),0.8825727937862495,18-25,High,False
C00911,29,At-Risk,Central Slovakia,desktop,56,0,1,1,6,,,,Prospect (no purchase),,26-35,,False
C00912,43,At-Risk,Bratislava,mobile,34,0,0,0,2,,,,Prospect (no purchase),0.970555458450548,36-45,High,False
C00913,45,New,Bratislava,mobile,39,0,0,0,0,,,,Prospect (no purchase),,36-45,,False
C00914,31,Loyal,Czech Republic,mobile,60,1,0,3,11,,,,Prospect (no purchase),0.7060774749649575,26-35,Medium,False
C00915,50,Regular,Eastern Slovakia,mobile,40,0,1,1,2,,,,Prospect (no purchase),0.8744317720637467,46-55,High,False
C00916,52,Loyal,Czech Republic,desktop,66,0,1,7,18,447.0,3.0,1244.37,Champions,0.4013505747538401,46-55,Low,True
C00917,55,New,Western Slovakia,mobile,40,0,0,1,2,,,,Prospect (no purchase),0.8966125948602186,46-55,High,False
C00918,44,New,Eastern Slovakia,desktop,25,1,0,1,7,249.0,2.0,260.12,Occasional Repeat,0.8510934130174872,36-45,High,True
C00919,54,New,Eastern Slovakia,desktop,66,0,0,1,4,,,,Prospect (no purchase),0.8810151797902492,46-55,High,False
C00920,18,Regular,Western Slovakia,tablet,46,1,0,2,6,,,,Prospect (no purchase),0.8077367794283702,18-25,High,False
C00921,34,At-Risk,Bratislava,desktop,54,0,1,2,1,,,,Prospect (no purchase),0.9538590449357602,26-35,High,False
C00922,28,Regular,Czech Republic,tablet,17,1,0,5,18,,,,Prospect (no purchase),0.6298207977684415,26-35,Medium,False
C00923,39,Loyal,Bratislava,mobile,48,1,1,4,11,548.0,1.0,410.05,One-off Lapsed,0.6952534055881177,36-45,Medium,True
C00924,31,At-Risk,Central Slovakia,mobile,40,0,1,0,1,,,,Prospect (no purchase),,26-35,,False
C00925,36,Regular,Central Slovakia,mobile,8,0,0,1,1,,,,Prospect (no purchase),,36-45,,False
C00926,61,New,Central Slovakia,tablet,19,0,1,0,3,,,,Prospect (no purchase),,56+,,False
C00927,36,Loyal,Bratislava,desktop,65,0,1,3,2,,,,Prospect (no purchase),,36-45,,False
C00928,43,Regular,Eastern Slovakia,mobile,41,0,1,2,5,,,,Prospect (no purchase),0.8811808545032205,36-45,High,False
C00929,35,New,Bratislava,mobile,55,1,0,2,2,,,,Prospect (no purchase),,26-35,,False
C00930,39,Regular,Eastern Slovakia,mobile,13,1,1,9,4,,,,Prospect (no purchase),,36-45,,False
C00931,38,At-Risk,Bratislava,mobile,16,0,0,1,3,,,,Prospect (no purchase),0.966558511550414,36-45,High,False
C00932,43,New,Central Slovakia,desktop,67,0,0,0,3,,,,Prospect (no purchase),0.9279008885116322,36-45,High,False
C00933,52,Regular,Eastern Slovakia,mobile,30,0,1,1,3,,,,Prospect (no purchase),,46-55,,False
C00934,58,New,Bratislava,desktop,63,0,0,2,1,,,,Prospect (no purchase),,56+,,False
C00935,42,New,Bratislava,mobile,58,0,1,1,17,,,,Prospect (no purchase),0.8864604750382871,36-45,High,False
C00936,45,New,Eastern Slovakia,mobile,24,0,1,3,6,,,,Prospect (no purchase),0.871384948766794,36-45,High,False
C00937,24,Loyal,Bratislava,mobile,68,1,0,3,19,634.0,2.0,501.79,Occasional Repeat,0.5480433588810442,18-25,Low,True
C00938,37,Loyal,Bratislava,tablet,56,1,0,2,4,,,,Prospect (no purchase),0.7427538179367241,36-45,Medium,False
C00939,49,New,Western Slovakia,desktop,10,0,1,0,4,,,,Prospect (no purchase),,46-55,,False
C00940,48,New,Czech Republic,mobile,7,1,0,4,13,,,,Prospect (no purchase),,46-55,,False
C00941,41,New,Central Slovakia,mobile,9,0,1,1,3,,,,Prospect (no purchase),,36-45,,False
C00942,49,New,Western Slovakia,desktop,53,0,0,0,5,,,,Prospect (no purchase),0.9171047949294496,46-55,High,False
C00943,44,Regular,Czech Republic,desktop,11,1,1,2,9,427.0,1.0,222.76,One-off Lapsed,0.7781094317029053,36-45,Medium,True
C00944,52,Loyal,Western Slovakia,desktop,21,0,1,3,7,,,,Prospect (no purchase),0.6144282083904589,46-55,Medium,False
C00945,41,Regular,Western Slovakia,desktop,31,0,0,1,4,,,,Prospect (no purchase),0.8917452640232492,36-45,High,False
C00946,34,Regular,Western Slovakia,desktop,10,0,0,1,4,,,,Prospect (no purchase),0.8027971735486227,26-35,High,False
C00947,42,Regular,Western Slovakia,mobile,24,1,1,2,4,,,,Prospect (no purchase),,36-45,,False
C00948,18,New,Western Slovakia,desktop,49,0,0,0,7,,,,Prospect (no purchase),,18-25,,False
C00949,43,New,Central Slovakia,mobile,70,1,0,2,1,,,,Prospect (no purchase),0.8701492108848901,36-45,High,False
C00950,18,At-Risk,Bratislava,desktop,34,1,1,1,5,,,,Prospect (no purchase),,18-25,,False
C00951,18,Loyal,Central Slovakia,tablet,54,1,0,4,16,,,,Prospect (no purchase),0.5457611182901794,18-25,Low,False
C00952,43,At-Risk,Bratislava,tablet,38,0,1,0,1,,,,Prospect (no purchase),0.9627912006129532,36-45,High,False
C00953,44,At-Risk,Western Slovakia,mobile,34,0,1,1,1,,,,Prospect (no purchase),0.9507760565696896,36-45,High,False
C00954,24,Regular,Bratislava,mobile,37,1,0,1,15,,,,Prospect (no purchase),0.8459520931367915,18-25,High,False
C00955,29,At-Risk,Central Slovakia,desktop,69,0,1,0,6,330.0,1.0,181.79,One-off Lapsed,0.9235738598697012,26-35,High,True
C00956,54,Regular,Eastern Slovakia,tablet,5,1,1,0,5,,,,Prospect (no purchase),,46-55,,False
C00957,32,New,Western Slovakia,desktop,37,0,0,2,4,,,,Prospect (no purchase),0.8232508574115542,26-35,High,False
C00958,65,New,Bratislava,mobile,4,1,0,1,1,,,,Prospect (no purchase),0.9053358044465186,56+,High,False
C00959,38,New,Bratislava,mobile,63,0,1,2,4,,,,Prospect (no purchase),0.8902429203894515,36-45,High,False
C00960,43,New,Eastern Slovakia,desktop,43,1,1,3,5,,,,Prospect (no purchase),,36-45,,False
C00961,57,Regular,Bratislava,desktop,4,0,0,1,3,373.0,1.0,318.26,One-off Lapsed,0.9300815109614734,56+,High,True
C00962,40,Loyal,Eastern Slovakia,desktop,45,0,0,8,8,428.0,1.0,96.55,One-off Lapsed,,36-45,,True
C00963,26,Loyal,Western Slovakia,desktop,31,0,1,4,4,549.0,3.0,1100.64,Champions,0.5163180946863992,26-35,Low,True
C00964,37,Regular,Bratislava,mobile,4,1,1,5,2,248.0,1.0,324.01,One-off Lapsed,0.7217426798418968,36-45,Medium,True
C00965,38,New,Eastern Slovakia,mobile,70,0,1,0,7,,,,Prospect (no purchase),0.9165074471762326,36-45,High,False
C00966,22,Loyal,Western Slovakia,desktop,27,0,1,1,3,46.0,1.0,283.21,One-off Lapsed,0.6992307635662952,18-25,Medium,True
C00967,35,Regular,Bratislava,mobile,2,0,1,1,3,,,,Prospect (no purchase),0.8097495041581764,26-35,High,False
C00968,29,New,Czech Republic,desktop,44,0,0,0,0,,,,Prospect (no purchase),0.9424244264717307,26-35,High,False
C00969,49,New,Bratislava,desktop,27,0,0,1,4,,,,Prospect (no purchase),0.9260286175680302,46-55,High,False
C00970,38,Regular,Western Slovakia,desktop,47,0,0,4,4,317.0,1.0,253.01,One-off Lapsed,0.673082318603317,36-45,Medium,True
C00971,35,New,Western Slovakia,mobile,12,0,0,0,0,,,,Prospect (no purchase),0.9221966539510612,26-35,High,False
C00972,37,Loyal,Western Slovakia,desktop,59,1,1,5,10,,,,Prospect (no purchase),0.3943529963267677,36-45,Low,False
C00973,41,Loyal,Eastern Slovakia,mobile,30,1,1,2,15,213.0,1.0,185.82,One-off Lapsed,0.6384229307895529,36-45,Medium,True
C00974,45,Loyal,Bratislava,mobile,30,0,1,1,3,697.0,1.0,165.09,One-off Lapsed,0.8504849294257075,36-45,High,True
C00975,26,New,Czech Republic,mobile,58,0,1,1,4,39.0,1.0,187.05,One-off Lapsed,0.9120292902520754,26-35,High,True
C00976,26,Loyal,Central Slovakia,mobile,39,0,0,0,7,388.0,2.0,533.63,Occasional Repeat,0.8349863974992139,26-35,High,True
C00977,51,Regular,Czech Republic,tablet,1,1,1,1,7,,,,Prospect (no purchase),0.8386496960800748,46-55,High,False
C00978,33,New,Eastern Slovakia,desktop,42,0,0,0,1,,,,Prospect (no purchase),,26-35,,False
C00979,21,Regular,Czech Republic,mobile,46,0,1,1,3,,,,Prospect (no purchase),0.8644650775431787,18-25,High,False
C00980,43,Regular,Central Slovakia,desktop,23,0,0,0,5,,,,Prospect (no purchase),,36-45,,False
C00981,44,Regular,Western Slovakia,mobile,13,0,0,1,28,,,,Prospect (no purchase),0.7549625095140343,36-45,Medium,False
C00982,20,New,Western Slovakia,desktop,4,1,0,1,0,,,,Prospect (no purchase),0.8896853187986519,18-25,High,False
C00983,41,Regular,Central Slovakia,desktop,61,1,1,2,8,47.0,1.0,148.15,One-off Lapsed,0.6913692572501011,36-45,Medium,True
C00984,47,New,Western Slovakia,mobile,1,1,0,2,6,395.0,1.0,115.98,One-off Lapsed,0.8933381155113664,46-55,High,True
C00985,42,New,Eastern Slovakia,mobile,42,0,1,1,2,,,,Prospect (no purchase),0.9075567890050908,36-45,High,False
C00986,46,New,Bratislava,mobile,60,0,0,0,9,,,,Prospect (no purchase),,46-55,,False
C00987,21,At-Risk,Eastern Slovakia,mobile,26,0,1,0,1,,,,Prospect (no purchase),0.9633007156180612,18-25,High,False
C00988,42,New,Bratislava,tablet,15,0,0,2,11,,,,Prospect (no purchase),0.8415499967793697,36-45,High,False
C00989,34,Regular,Czech Republic,mobile,51,0,0,0,0,,,,Prospect (no purchase),,26-35,,False
C00990,32,Regular,Bratislava,mobile,45,0,0,4,5,,,,Prospect (no purchase),0.8712432467221822,26-35,High,False
C00991,48,At-Risk,Bratislava,mobile,2,0,0,0,2,,,,Prospect (no purchase),0.9709065917267828,46-55,High,False
C00992,56,Regular,Eastern Slovakia,desktop,41,1,1,2,9,88.0,1.0,239.03,One-off Lapsed,0.7039918635280817,56+,Medium,True
C00993,60,At-Risk,Eastern Slovakia,mobile,1,0,0,4,3,,,,Prospect (no purchase),0.9551557242864992,56+,High,False
C00994,54,New,Eastern Slovakia,desktop,29,0,1,0,2,,,,Prospect (no purchase),0.9029751739078254,46-55,High,False
C00995,37,New,Czech Republic,desktop,22,0,1,0,2,,,,Prospect (no purchase),0.8854374280048654,36-45,High,False
C00996,42,Regular,Bratislava,mobile,60,1,1,1,2,,,,Prospect (no purchase),0.8250634627310631,36-45,High,False
C00997,47,Regular,Eastern Slovakia,mobile,70,1,1,3,18,,,,Prospect (no purchase),0.7183348684052111,46-55,Medium,False
C00998,39,Loyal,Western Slovakia,mobile,50,1,1,6,9,283.0,2.0,396.0,Occasional Repeat,0.465310921587864,36-45,Low,True
C00999,40,Loyal,Central Slovakia,mobile,53,0,1,3,8,,,,Prospect (no purchase),0.5943746495599126,36-45,Low,False
C01000,48,Regular,Western Slovakia,desktop,2,0,1,3,8,,,,Prospect (no purchase),0.6967365625678965,46-55,Medium,False
C01001,37,At-Risk,Bratislava,desktop,5,0,0,0,0,,,,Prospect (no purchase),,36-45,,False
C01002,29,Regular,Central Slovakia,mobile,56,0,1,0,3,,,,Prospect (no purchase),0.8929797066068463,26-35,High,False
C01003,33,New,Eastern Slovakia,mobile,31,0,0,0,9,,,,Prospect (no purchase),,26-35,,False
C01004,46,Regular,Bratislava,mobile,36,1,1,1,5,,,,Prospect (no purchase),0.7884593133175279,46-55,Medium,False
C01005,38,New,Czech Republic,mobile,50,0,1,1,7,,,,Prospect (no purchase),,36-45,,False
C01006,42,Loyal,Central Slovakia,desktop,25,0,1,7,13,2.0,5.0,1303.25,Champions,0.471117882383902,36-45,Low,True
C01007,46,New,Bratislava,desktop,49,1,0,0,10,,,,Prospect (no purchase),,46-55,,False
C01008,34,Regular,Central Slovakia,desktop,52,0,0,0,3,,,,Prospect (no purchase),0.8832486458358048,26-35,High,False
C01009,47,Regular,Bratislava,mobile,18,0,1,1,2,,,,Prospect (no purchase),,46-55,,False
C01010,43,New,Bratislava,mobile,49,0,0,2,10,,,,Prospect (no purchase),0.8996646446302262,36-45,High,False
C01011,23,New,Central Slovakia,mobile,13,0,0,0,1,,,,Prospect (no purchase),0.933790609296636,18-25,High,False
C01012,55,Loyal,Bratislava,tablet,23,0,0,1,13,457.0,1.0,195.44,One-off Lapsed,0.8416575038908765,46-55,High,True
C01013,32,New,Bratislava,desktop,56,0,1,1,11,128.0,2.0,406.97,Occasional Repeat,0.807014856963994,26-35,High,True
C01014,18,Regular,Eastern Slovakia,tablet,70,1,1,3,10,,,,Prospect (no purchase),0.7724691639023583,18-25,Medium,False
C01015,25,Regular,Bratislava,mobile,5,0,1,2,6,536.0,1.0,414.59,One-off Lapsed,0.8501480942708219,18-25,High,True
C01016,26,New,Eastern Slovakia,mobile,47,0,0,3,7,,,,Prospect (no purchase),,26-35,,False
C01017,39,New,Eastern Slovakia,desktop,41,0,1,3,7,,,,Prospect (no purchase),0.81551653947905,36-45,High,False
C01018,35,Loyal,Bratislava,mobile,44,0,1,2,10,540.0,1.0,507.52,One-off Lapsed,0.7604557177568043,26-35,Medium,True
C01019,34,At-Risk,Western Slovakia,desktop,56,0,0,0,1,350.0,1.0,235.6,One-off Lapsed,0.9376868363466132,26-35,High,True
C01020,45,New,Bratislava,mobile,5,1,0,0,5,,,,Prospect (no purchase),0.9099808730398842,36-45,High,False
C01021,42,At-Risk,Central Slovakia,tablet,53,0,0,2,1,,,,Prospect (no purchase),,36-45,,False
C01022,42,Regular,Bratislava,mobile,20,0,0,0,1,,,,Prospect (no purchase),,36-45,,False
C01023,43,Regular,Czech Republic,tablet,11,0,1,0,10,,,,Prospect (no purchase),0.870883523041913,36-45,High,False
C01024,45,Loyal,Bratislava,mobile,32,1,1,5,4,356.0,3.0,668.62,Champions,0.6518997278538616,36-45,Medium,True
C01025,18,Loyal,Central Slovakia,mobile,2,0,1,1,13,553.0,1.0,217.12,One-off Lapsed,0.8012763552996063,18-25,High,True
C01026,34,Loyal,Bratislava,mobile,45,0,1,0,2,,,,Prospect (no purchase),0.7923725669279127,26-35,Medium,False
C01027,18,Regular,Bratislava,mobile,41,0,1,1,3,,,,Prospect (no purchase),0.9486046561657082,18-25,High,False
C01028,38,Regular,Western Slovakia,tablet,37,0,1,3,7,369.0,1.0,223.84,One-off Lapsed,,36-45,,True
C01029,38,Regular,Central Slovakia,desktop,3,0,0,0,1,,,,Prospect (no purchase),,36-45,,False
C01030,51,New,Czech Republic,tablet,55,0,0,3,9,,,,Prospect (no purchase),0.9006607904989173,46-55,High,False
C01031,52,Regular,Bratislava,tablet,3,1,1,2,1,671.0,2.0,346.59,Occasional Repeat,,46-55,,True
C01032,40,New,Bratislava,desktop,19,0,1,0,0,,,,Prospect (no purchase),0.9255310170035532,36-45,High,False
C01033,32,New,Western Slovakia,mobile,29,1,1,2,1,,,,Prospect (no purchase),,26-35,,False
C01034,44,New,Western Slovakia,desktop,50,0,1,3,0,,,,Prospect (no purchase),0.7647706089822126,36-45,Medium,False
C01035,32,New,Eastern Slovakia,mobile,29,0,0,0,3,,,,Prospect (no purchase),,26-35,,False
C01036,38,Regular,Czech Republic,desktop,58,0,0,3,3,365.0,1.0,280.66,One-off Lapsed,0.7759418609457046,36-45,Medium,True
C01037,50,Regular,Eastern Slovakia,mobile,67,0,1,3,4,,,,Prospect (no purchase),0.7572061398533256,46-55,Medium,False
C01038,31,Regular,Bratislava,desktop,55,0,1,3,4,434.0,1.0,280.11,One-off Lapsed,,26-35,,True
C01039,48,New,Western Slovakia,mobile,3,1,0,1,3,,,,Prospect (no purchase),0.8820926578860879,46-55,High,False
C01040,46,Regular,Eastern Slovakia,mobile,55,0,0,1,1,,,,Prospect (no purchase),0.9197729072813148,46-55,High,False
C01041,27,Regular,Western Slovakia,mobile,15,0,0,1,3,,,,Prospect (no purchase),,26-35,,False
C01042,50,Loyal,Central Slovakia,mobile,64,1,1,1,5,,,,Prospect (no purchase),0.6841220279382357,46-55,Medium,False
C01043,46,Regular,Bratislava,mobile,70,1,1,5,2,,,,Prospect (no purchase),,46-55,,False
C01044,39,Regular,Western Slovakia,mobile,6,0,1,5,4,,,,Prospect (no purchase),0.7662980831429774,36-45,Medium,False
C01045,29,Regular,Eastern Slovakia,mobile,8,0,0,1,8,,,,Prospect (no purchase),,26-35,,False
C01046,28,At-Risk,Bratislava,desktop,50,0,1,1,3,,,,Prospect (no purchase),0.9572836910539264,26-35,High,False
C01047,32,Loyal,Czech Republic,mobile,11,0,0,2,7,490.0,1.0,147.55,One-off Lapsed,0.8267542655568565,26-35,High,True
C01048,45,Regular,Western Slovakia,desktop,69,0,1,4,8,,,,Prospect (no purchase),0.7323071715859435,36-45,Medium,False
C01049,27,Regular,Bratislava,mobile,39,1,0,3,1,,,,Prospect (no purchase),0.8388921333394372,26-35,High,False
C01050,43,New,Bratislava,mobile,41,0,1,0,3,,,,Prospect (no purchase),0.9190362548552466,36-45,High,False
C01051,23,At-Risk,Bratislava,mobile,62,0,0,4,10,,,,Prospect (no purchase),0.942754552251332,18-25,High,False
C01052,36,Regular,Western Slovakia,mobile,16,0,1,1,7,,,,Prospect (no purchase),0.8606088058877832,36-45,High,False
C01053,39,New,Bratislava,mobile,40,0,0,1,1,,,,Prospect (no purchase),0.9301730457949272,36-45,High,False
C01054,67,At-Risk,Central Slovakia,desktop,71,1,1,1,1,,,,Prospect (no purchase),0.9363861833288446,56+,High,False
C01055,21,Loyal,Eastern Slovakia,mobile,2,1,0,0,7,,,,Prospect (no purchase),0.7717526796893356,18-25,Medium,False
C01056,56,New,Western Slovakia,mobile,13,0,0,1,2,,,,Prospect (no purchase),0.9082933273409256,56+,High,False
C01057,40,New,Bratislava,mobile,11,0,1,0,4,,,,Prospect (no purchase),0.919314426276326,36-45,High,False
C01058,43,New,Western Slovakia,mobile,24,0,1,2,2,410.0,1.0,153.5,One-off Lapsed,0.9106676321410058,36-45,High,True
C01059,39,Regular,Eastern Slovakia,mobile,10,0,1,1,3,617.0,1.0,232.61,One-off Lapsed,,36-45,,True
C01060,43,New,Central Slovakia,desktop,13,0,1,0,2,,,,Prospect (no purchase),0.9158883458633268,36-45,High,False
C01061,36,At-Risk,Bratislava,mobile,61,0,0,0,1,,,,Prospect (no purchase),0.947706022853868,36-45,High,False
C01062,55,At-Risk,Central Slovakia,desktop,33,0,1,0,2,,,,Prospect (no purchase),0.8771299121019088,46-55,High,False
C01063,33,Regular,Western Slovakia,mobile,26,1,1,2,8,,,,Prospect (no purchase),,26-35,,False
C01064,52,Regular,Western Slovakia,mobile,30,0,1,1,6,,,,Prospect (no purchase),0.8617042053866195,46-55,High,False
C01065,30,New,Bratislava,mobile,69,0,1,1,12,,,,Prospect (no purchase),0.840126039408221,26-35,High,False
C01066,37,New,Czech Republic,mobile,35,0,1,1,2,,,,Prospect (no purchase),,36-45,,False
C01067,25,Loyal,Bratislava,mobile,34,1,1,2,4,,,,Prospect (no purchase),0.6328749605536016,18-25,Medium,False
C01068,43,New,Bratislava,desktop,66,0,1,0,0,,,,Prospect (no purchase),,36-45,,False
C01069,55,New,Bratislava,desktop,3,0,0,0,1,,,,Prospect (no purchase),0.939147391691813,46-55,High,False
C01070,37,Regular,Central Slovakia,mobile,34,0,0,1,2,,,,Prospect (no purchase),0.9061726617830074,36-45,High,False
C01071,36,New,Western Slovakia,mobile,54,0,1,1,3,,,,Prospect (no purchase),0.8697632794932216,36-45,High,False
C01072,25,Regular,Bratislava,desktop,37,0,0,6,3,404.0,2.0,460.08,Occasional Repeat,0.6486495760868642,18-25,Medium,True
C01073,35,Loyal,Western Slovakia,mobile,62,1,1,5,8,218.0,1.0,234.36,One-off Lapsed,0.5677276668957835,26-35,Low,True
C01074,19,Loyal,Central Slovakia,mobile,63,0,1,5,5,319.0,1.0,293.28,One-off Lapsed,0.6063342728499121,18-25,Medium,True
C01075,27,Regular,Bratislava,desktop,24,0,1,2,5,,,,Prospect (no purchase),0.7950633230632721,26-35,Medium,False
C01076,41,Loyal,Czech Republic,mobile,59,1,1,4,11,,,,Prospect (no purchase),0.620731282859181,36-45,Medium,False
C01077,54,Regular,Western Slovakia,mobile,18,0,1,0,4,,,,Prospect (no purchase),0.8113488719812799,46-55,High,False
C01078,72,Loyal,Bratislava,mobile,18,1,1,4,14,,,,Prospect (no purchase),0.4567884765714369,56+,Low,False
C01079,31,Regular,Czech Republic,desktop,70,0,1,1,5,,,,Prospect (no purchase),0.8900853636581231,26-35,High,False
C01080,55,New,Eastern Slovakia,mobile,1,0,1,0,4,,,,Prospect (no purchase),0.9014079620067936,46-55,High,False
C01081,41,At-Risk,Western Slovakia,desktop,26,1,0,3,2,,,,Prospect (no purchase),0.9293636357393088,36-45,High,False
C01082,36,New,Eastern Slovakia,mobile,45,0,1,1,3,,,,Prospect (no purchase),,36-45,,False
C01083,43,New,Western Slovakia,mobile,30,0,1,0,0,,,,Prospect (no purchase),,36-45,,False
C01084,39,New,Western Slovakia,mobile,60,0,0,0,7,,,,Prospect (no purchase),0.8772092469098813,36-45,High,False
C01085,39,Regular,Eastern Slovakia,desktop,18,0,1,0,1,,,,Prospect (no purchase),0.8484754175263074,36-45,High,False
C01086,33,Regular,Eastern Slovakia,mobile,40,0,1,1,1,627.0,1.0,192.89,One-off Lapsed,0.9250049225114856,26-35,High,True
C01087,21,Regular,Bratislava,desktop,9,1,1,1,1,500.0,1.0,241.29,One-off Lapsed,0.8515902511470327,18-25,High,True
C01088,19,At-Risk,Central Slovakia,mobile,15,0,0,1,1,,,,Prospect (no purchase),0.9653013810090396,18-25,High,False
C01089,46,New,Western Slovakia,mobile,13,0,0,2,3,,,,Prospect (no purchase),0.8897186902229388,46-55,High,False
C01090,35,Regular,Bratislava,mobile,53,0,0,0,6,,,,Prospect (no purchase),0.9126692849459836,26-35,High,False
C01091,31,Regular,Czech Republic,mobile,15,0,0,0,3,421.0,1.0,282.23,One-off Lapsed,0.9347538321620044,26-35,High,True
C01092,38,Loyal,Central Slovakia,mobile,48,0,1,4,16,,,,Prospect (no purchase),0.6224141675928306,36-45,Medium,False
C01093,48,New,Central Slovakia,desktop,25,1,0,2,10,,,,Prospect (no purchase),0.8610853904549468,46-55,High,False
C01094,40,New,Central Slovakia,desktop,41,0,0,0,4,,,,Prospect (no purchase),0.9277002637550766,36-45,High,False
C01095,30,Regular,Central Slovakia,desktop,63,1,0,0,4,720.0,1.0,90.37,One-off Lapsed,,26-35,,True
C01096,53,Regular,Bratislava,desktop,62,0,0,2,1,,,,Prospect (no purchase),0.8971615174199508,46-55,High,False
C01097,57,Loyal,Czech Republic,mobile,1,0,1,15,21,199.0,1.0,228.43,One-off Lapsed,0.3015467053132528,56+,Low,True
C01098,44,Regular,Central Slovakia,desktop,56,0,1,4,1,,,,Prospect (no purchase),0.8420223476483413,36-45,High,False
C01099,50,Loyal,Central Slovakia,mobile,68,0,1,2,4,56.0,3.0,699.92,Champions,0.7257737632380663,46-55,Medium,True
C01100,53,Regular,Western Slovakia,desktop,48,0,1,1,3,,,,Prospect (no purchase),0.8291699264036845,46-55,High,False
C01101,52,New,Bratislava,desktop,14,0,0,0,1,,,,Prospect (no purchase),0.9387104063325884,46-55,High,False
C01102,45,New,Bratislava,mobile,48,1,0,0,5,,,,Prospect (no purchase),0.8936972522570678,36-45,High,False
C01103,45,New,Western Slovakia,desktop,46,1,0,0,4,,,,Prospect (no purchase),0.8822240357636922,36-45,High,False
C01104,44,Regular,Bratislava,desktop,48,0,0,1,3,,,,Prospect (no purchase),0.9106886550200698,36-45,High,False
C01105,25,Regular,Central Slovakia,mobile,31,0,0,3,7,,,,Prospect (no purchase),0.8820144962925138,18-25,High,False
C01106,46,Regular,Eastern Slovakia,desktop,38,0,0,0,3,,,,Prospect (no purchase),0.9219622145820104,46-55,High,False
C01107,22,Regular,Western Slovakia,mobile,47,0,1,1,3,536.0,1.0,123.43,One-off Lapsed,0.8644435592582326,18-25,High,True
C01108,28,Regular,Western Slovakia,mobile,33,1,1,3,4,97.0,1.0,158.27,One-off Lapsed,0.7228935941417154,26-35,Medium,True
C01109,54,Regular,Central Slovakia,mobile,55,1,1,2,3,,,,Prospect (no purchase),0.8289934566506976,46-55,High,False
C01110,48,Regular,Bratislava,mobile,51,1,1,4,0,,,,Prospect (no purchase),0.7844865805772988,46-55,Medium,False
C01111,56,Regular,Czech Republic,mobile,22,0,1,4,9,,,,Prospect (no purchase),0.7536739136322234,56+,Medium,False
C01112,35,Regular,Western Slovakia,tablet,44,0,1,4,2,,,,Prospect (no purchase),0.7868805116663619,26-35,Medium,False
C01113,24,Regular,Bratislava,mobile,54,1,1,12,4,,,,Prospect (no purchase),0.4359885711892164,18-25,Low,False
C01114,35,Regular,Bratislava,mobile,35,1,1,3,2,,,,Prospect (no purchase),,26-35,,False
C01115,39,Regular,Czech Republic,desktop,51,0,0,5,6,,,,Prospect (no purchase),0.8052628349955803,36-45,High,False
C01116,39,Regular,Bratislava,mobile,9,1,1,1,6,,,,Prospect (no purchase),0.827301609622503,36-45,High,False
C01117,52,Loyal,Central Slovakia,desktop,28,0,0,5,4,,,,Prospect (no purchase),0.6637569287557594,46-55,Medium,False
C01118,34,Regular,Bratislava,mobile,50,1,1,1,4,91.0,1.0,275.41,One-off Lapsed,0.8475816800686466,26-35,High,True
C01119,42,New,Bratislava,tablet,64,1,0,3,4,,,,Prospect (no purchase),0.8575316759565997,36-45,High,False
C01120,26,Regular,Eastern Slovakia,desktop,46,0,0,1,6,,,,Prospect (no purchase),0.8685967523970183,26-35,High,False
C01121,43,At-Risk,Bratislava,mobile,48,0,0,1,3,,,,Prospect (no purchase),0.9611482029628292,36-45,High,False
C01122,38,New,Bratislava,mobile,25,0,1,4,1,233.0,1.0,127.37,One-off Lapsed,0.8921896363863424,36-45,High,True
C01123,29,Loyal,Western Slovakia,mobile,50,1,1,3,9,243.0,1.0,433.94,One-off Lapsed,0.4169055391104515,26-35,Low,True
C01124,35,New,Eastern Slovakia,tablet,26,0,1,2,5,,,,Prospect (no purchase),,26-35,,False
C01125,36,Regular,Western Slovakia,desktop,4,0,0,0,1,213.0,1.0,186.09,One-off Lapsed,0.910737342610376,36-45,High,True
C01126,35,Regular,Bratislava,mobile,18,0,0,1,1,,,,Prospect (no purchase),0.9163011091280148,26-35,High,False
C01127,59,New,Czech Republic,mobile,44,1,1,0,8,,,,Prospect (no purchase),,56+,,False
C01128,37,At-Risk,Central Slovakia,desktop,69,0,1,0,3,,,,Prospect (no purchase),,36-45,,False
C01129,35,Regular,Eastern Slovakia,mobile,36,0,0,2,4,,,,Prospect (no purchase),0.9000607663076419,26-35,High,False
C01130,18,At-Risk,Eastern Slovakia,desktop,62,0,1,4,3,,,,Prospect (no purchase),0.9158056974558704,18-25,High,False
C01131,27,New,Central Slovakia,desktop,56,0,0,0,2,,,,Prospect (no purchase),0.8821317001722085,26-35,High,False
C01132,35,Loyal,Western Slovakia,mobile,40,0,1,1,2,,,,Prospect (no purchase),0.6896801143005427,26-35,Medium,False
C01133,30,At-Risk,Western Slovakia,mobile,58,1,1,2,2,,,,Prospect (no purchase),0.8790287359288078,26-35,High,False
C01134,55,Regular,Central Slovakia,mobile,29,1,1,5,13,593.0,1.0,261.11,One-off Lapsed,0.7455666590157579,46-55,Medium,True
C01135,36,New,Central Slovakia,mobile,32,1,1,3,1,,,,Prospect (no purchase),0.8455922291315106,36-45,High,False
C01136,53,Loyal,Czech Republic,tablet,53,0,0,1,4,651.0,1.0,323.22,One-off Lapsed,,46-55,,True
C01137,39,Regular,Central Slovakia,desktop,46,0,0,1,3,,,,Prospect (no purchase),,36-45,,False
C01138,38,At-Risk,Bratislava,desktop,38,1,1,0,4,,,,Prospect (no purchase),0.9054754141099836,36-45,High,False
C01139,37,Regular,Western Slovakia,mobile,31,1,1,6,2,,,,Prospect (no purchase),0.6908150341716175,36-45,Medium,False
C01140,38,New,Central Slovakia,mobile,70,1,0,2,4,,,,Prospect (no purchase),,36-45,,False
C01141,59,New,Western Slovakia,desktop,5,0,1,1,7,,,,Prospect (no purchase),,56+,,False
C01142,18,Loyal,Eastern Slovakia,mobile,4,1,1,3,6,,,,Prospect (no purchase),,18-25,,False
C01143,18,At-Risk,Central Slovakia,mobile,35,0,0,0,1,,,,Prospect (no purchase),0.9687424906152676,18-25,High,False
C01144,31,New,Bratislava,mobile,3,0,0,0,1,,,,Prospect (no purchase),,26-35,,False
C01145,38,Loyal,Central Slovakia,desktop,25,0,1,6,12,512.0,2.0,699.81,Occasional Repeat,0.5370396669743634,36-45,Low,True
C01146,46,At-Risk,Central Slovakia,desktop,41,0,1,0,0,,,,Prospect (no purchase),0.9534967119236026,46-55,High,False
C01147,44,New,Czech Republic,mobile,29,0,0,2,9,,,,Prospect (no purchase),,36-45,,False
C01148,33,New,Western Slovakia,desktop,15,0,0,0,2,,,,Prospect (no purchase),0.924526177309215,26-35,High,False
C01149,50,Loyal,Central Slovakia,mobile,21,1,0,3,3,,,,Prospect (no purchase),0.6218302625323043,46-55,Medium,False
C01150,50,Regular,Western Slovakia,mobile,43,0,0,4,11,,,,Prospect (no purchase),0.80015662793616,46-55,High,False
C01151,40,New,Central Slovakia,mobile,68,0,0,0,5,24.0,1.0,125.61,One-off Lapsed,0.9169532978968116,36-45,High,True
C01152,50,Loyal,Bratislava,desktop,56,1,1,5,7,0.0,4.0,1954.52,Champions,0.5033336925405356,46-55,Low,True
C01153,41,Regular,Eastern Slovakia,mobile,39,1,0,4,9,,,,Prospect (no purchase),0.8252062975590788,36-45,High,False
C01154,31,At-Risk,Czech Republic,mobile,10,0,0,0,0,,,,Prospect (no purchase),,26-35,,False
C01155,46,Loyal,Central Slovakia,mobile,18,0,1,2,4,,,,Prospect (no purchase),,46-55,,False
C01156,39,Loyal,Central Slovakia,desktop,32,0,0,2,2,,,,Prospect (no purchase),0.8085103467711975,36-45,High,False
C01157,38,Regular,Bratislava,desktop,18,1,0,3,12,,,,Prospect (no purchase),0.6380026040315525,36-45,Medium,False
C01158,56,New,Central Slovakia,mobile,49,0,1,3,9,,,,Prospect (no purchase),0.8446777869245813,56+,High,False
C01159,18,Regular,Western Slovakia,tablet,26,1,0,2,1,,,,Prospect (no purchase),0.8470505809270993,18-25,High,False
C01160,21,New,Central Slovakia,mobile,60,0,0,2,2,466.0,2.0,261.22,Occasional Repeat,0.863081483775861,18-25,High,True
C01161,24,Regular,Bratislava,mobile,20,0,1,0,3,170.0,1.0,256.21,One-off Lapsed,0.9037303658446088,18-25,High,True
C01162,34,New,Central Slovakia,desktop,36,0,0,1,5,,,,Prospect (no purchase),0.91883928971071,26-35,High,False
C01163,35,Regular,Bratislava,desktop,51,0,1,3,3,302.0,1.0,201.96,One-off Lapsed,0.8635499759547981,26-35,High,True
C01164,20,New,Central Slovakia,mobile,15,0,0,0,10,,,,Prospect (no purchase),0.924494333313925,18-25,High,False
C01165,26,New,Central Slovakia,mobile,55,0,0,0,1,,,,Prospect (no purchase),0.9317661960616012,26-35,High,False
C01166,28,New,Bratislava,mobile,42,0,0,0,1,,,,Prospect (no purchase),0.9377958457948208,26-35,High,False
C01167,67,Regular,Western Slovakia,mobile,46,0,0,0,1,,,,Prospect (no purchase),,56+,,False
C01168,60,Loyal,Eastern Slovakia,desktop,33,1,0,4,4,,,,Prospect (no purchase),0.6055909491061497,56+,Medium,False
C01169,33,New,Central Slovakia,tablet,67,1,1,1,3,,,,Prospect (no purchase),0.8540644526871348,26-35,High,False
C01170,34,Loyal,Bratislava,mobile,55,1,0,2,12,673.0,1.0,653.2,Occasional Repeat,,26-35,,True
C01171,24,Loyal,Western Slovakia,desktop,14,0,1,2,3,,,,Prospect (no purchase),0.7481881949129868,18-25,Medium,False
C01172,18,Regular,Western Slovakia,mobile,40,0,0,0,4,,,,Prospect (no purchase),0.9028965518715268,18-25,High,False
C01173,37,Regular,Central Slovakia,mobile,65,1,1,1,2,,,,Prospect (no purchase),0.8403252809944527,36-45,High,False
C01174,26,Regular,Central Slovakia,mobile,20,0,1,1,3,,,,Prospect (no purchase),0.8835491429833395,26-35,High,False
C01175,37,New,Bratislava,tablet,39,1,1,6,1,,,,Prospect (no purchase),0.7936405250742931,36-45,Medium,False
C01176,19,Regular,Central Slovakia,mobile,54,1,1,1,15,,,,Prospect (no purchase),0.7105984575941815,18-25,Medium,False
C01177,29,New,Eastern Slovakia,desktop,20,1,1,3,5,,,,Prospect (no purchase),0.7258058578707931,26-35,Medium,False
C01178,40,Loyal,Eastern Slovakia,mobile,37,0,1,0,7,,,,Prospect (no purchase),,36-45,,False
C01179,42,At-Risk,Bratislava,desktop,40,0,1,3,1,361.0,1.0,143.51,One-off Lapsed,0.913343910702446,36-45,High,True
C01180,43,Loyal,Western Slovakia,mobile,13,1,1,2,1,,,,Prospect (no purchase),0.6093362395399852,36-45,Medium,False
C01181,22,Regular,Western Slovakia,tablet,13,1,0,3,2,,,,Prospect (no purchase),0.8444596985927472,18-25,High,False
C01182,48,Regular,Bratislava,desktop,40,0,1,3,2,,,,Prospect (no purchase),,46-55,,False
C01183,28,At-Risk,Western Slovakia,mobile,13,0,0,0,2,,,,Prospect (no purchase),,26-35,,False
C01184,46,New,Bratislava,desktop,68,1,1,4,4,461.0,1.0,157.01,One-off Lapsed,0.7399935614656626,46-55,Medium,True
C01185,38,New,Bratislava,desktop,38,0,0,2,9,,,,Prospect (no purchase),0.8497601146139812,36-45,High,False
C01186,21,Regular,Central Slovakia,mobile,51,0,0,0,11,,,,Prospect (no purchase),,18-25,,False
C01187,34,Regular,Bratislava,mobile,29,1,0,6,6,,,,Prospect (no purchase),0.7039149544065765,26-35,Medium,False
C01188,42,Regular,Central Slovakia,desktop,22,1,0,3,1,,,,Prospect (no purchase),0.7831223374956643,36-45,Medium,False
C01189,45,New,Bratislava,desktop,35,0,0,0,2,,,,Prospect (no purchase),0.9056704570546188,36-45,High,False
C01190,36,Regular,Central Slovakia,mobile,51,0,1,1,7,355.0,1.0,175.55,One-off Lapsed,0.7777800968510991,36-45,Medium,True
C01191,56,New,Western Slovakia,desktop,29,0,1,0,3,,,,Prospect (no purchase),0.9034020998816552,56+,High,False
C01192,50,New,Eastern Slovakia,mobile,21,0,1,2,1,,,,Prospect (no purchase),0.8638942808818745,46-55,High,False
C01193,35,New,Eastern Slovakia,mobile,11,0,0,3,27,,,,Prospect (no purchase),0.8490701125877775,26-35,High,False
C01194,47,Regular,Western Slovakia,desktop,39,0,0,3,7,36.0,1.0,300.11,One-off Lapsed,0.7629587895453867,46-55,Medium,True
C01195,61,Loyal,Central Slovakia,mobile,49,0,1,2,2,,,,Prospect (no purchase),,56+,,False
C01196,62,Regular,Bratislava,mobile,38,1,1,7,32,,,,Prospect (no purchase),0.5245829735023028,56+,Low,False
C01197,23,Regular,Central Slovakia,mobile,19,0,1,4,27,,,,Prospect (no purchase),,18-25,,False
C01198,27,Loyal,Bratislava,mobile,18,1,1,10,32,,,,Prospect (no purchase),0.2834750882983989,26-35,Low,False
C01199,56,Regular,Western Slovakia,mobile,27,0,0,1,1,,,,Prospect (no purchase),,56+,,False
C01200,25,Loyal,Bratislava,desktop,25,1,1,4,5,,,,Prospect (no purchase),0.5007596844008708,18-25,Low,False
C01201,22,Loyal,Eastern Slovakia,mobile,15,1,0,2,7,132.0,1.0,139.84,One-off Lapsed,0.7602488419418816,18-25,Medium,True
C01202,32,Regular,Western Slovakia,desktop,67,1,1,5,4,128.0,5.0,1102.66,Champions,0.6044538646589621,26-35,Medium,True
C01203,43,New,Central Slovakia,desktop,24,0,0,1,8,0.0,1.0,196.08,Recent Buyers,0.8596865997938531,36-45,High,True
C01204,37,New,Western Slovakia,mobile,18,0,0,3,5,,,,Prospect (no purchase),0.8886979119142918,36-45,High,False
C01205,30,At-Risk,Bratislava,mobile,44,0,1,1,6,,,,Prospect (no purchase),0.9544984489318212,26-35,High,False
C01206,30,Loyal,Bratislava,desktop,57,1,1,5,4,25.0,2.0,580.64,Occasional Repeat,0.4295031449800857,26-35,Low,True
C01207,29,At-Risk,Czech Republic,mobile,33,0,1,0,2,,,,Prospect (no purchase),,26-35,,False
C01208,27,At-Risk,Eastern Slovakia,mobile,48,0,0,0,1,,,,Prospect (no purchase),,26-35,,False
C01209,65,New,Bratislava,desktop,7,0,0,1,2,,,,Prospect (no purchase),0.8887851765534636,56+,High,False
C01210,42,Loyal,Eastern Slovakia,desktop,38,0,1,5,5,465.0,3.0,796.01,Champions,0.609882802800785,36-45,Medium,True
C01211,49,Regular,Western Slovakia,desktop,5,0,1,2,4,,,,Prospect (no purchase),0.7845686951287885,46-55,Medium,False
C01212,32,Loyal,Bratislava,mobile,10,1,1,7,17,42.0,2.0,824.1,Occasional Repeat,0.286146578733405,26-35,Low,True
C01213,36,New,Central Slovakia,mobile,43,0,1,3,1,601.0,1.0,205.03,One-off Lapsed,0.8884243329052219,36-45,High,True
C01214,29,New,Bratislava,mobile,15,0,1,0,2,,,,Prospect (no purchase),0.9363741519354812,26-35,High,False
C01215,18,Loyal,Bratislava,desktop,3,0,1,3,10,389.0,1.0,602.59,Occasional Repeat,0.7092787698226888,18-25,Medium,True
C01216,21,Loyal,Central Slovakia,mobile,13,0,1,5,11,392.0,1.0,209.72,One-off Lapsed,0.7102953730552496,18-25,Medium,True
C01217,18,Regular,Bratislava,mobile,55,0,0,6,10,,,,Prospect (no purchase),,18-25,,False
C01218,18,Regular,Eastern Slovakia,mobile,42,0,1,2,2,,,,Prospect (no purchase),0.8901255682429224,18-25,High,False
C01219,24,Regular,Central Slovakia,desktop,28,0,0,2,9,,,,Prospect (no purchase),0.8317199884100285,18-25,High,False
C01220,54,At-Risk,Eastern Slovakia,desktop,70,1,1,0,2,,,,Prospect (no purchase),,46-55,,False
C01221,37,Regular,Central Slovakia,mobile,28,0,1,2,6,,,,Prospect (no purchase),0.727070824896071,36-45,Medium,False
C01222,53,Regular,Eastern Slovakia,mobile,63,0,1,3,3,410.0,1.0,93.72,One-off Lapsed,0.8806617077187241,46-55,High,True
C01223,43,Regular,Western Slovakia,mobile,25,0,0,0,16,,,,Prospect (no purchase),0.9212850383799728,36-45,High,False
C01224,47,Regular,Central Slovakia,mobile,2,1,0,3,2,,,,Prospect (no purchase),0.8411047880208106,46-55,High,False
C01225,27,Regular,Western Slovakia,mobile,8,0,1,0,11,,,,Prospect (no purchase),0.7999572339387476,26-35,Medium,False
C01226,44,Regular,Czech Republic,mobile,20,1,1,4,12,233.0,1.0,312.63,One-off Lapsed,0.7082835392501081,36-45,Medium,True
C01227,47,Loyal,Bratislava,desktop,14,1,1,7,2,247.0,3.0,1132.18,Champions,0.5851130415268098,46-55,Low,True
C01228,31,At-Risk,Central Slovakia,desktop,12,0,1,0,1,,,,Prospect (no purchase),0.9614748737619117,26-35,High,False
C01229,45,At-Risk,Eastern Slovakia,tablet,28,0,0,0,1,,,,Prospect (no purchase),0.9718322837605908,36-45,High,False
C01230,45,Regular,Western Slovakia,tablet,70,0,1,1,7,,,,Prospect (no purchase),0.882071627082363,36-45,High,False
C01231,31,Regular,Eastern Slovakia,mobile,15,0,0,0,4,,,,Prospect (no purchase),0.8520571741294581,26-35,High,False
C01232,25,Loyal,Western Slovakia,mobile,17,0,1,1,3,,,,Prospect (no purchase),0.7634954413468729,18-25,Medium,False
C01233,24,Loyal,Bratislava,mobile,71,0,1,4,1,587.0,1.0,352.92,One-off Lapsed,0.753493304497239,18-25,Medium,True
C01234,39,Regular,Central Slovakia,desktop,15,0,0,1,9,247.0,1.0,241.02,One-off Lapsed,0.7595998890473526,36-45,Medium,True
C01235,42,Loyal,Western Slovakia,mobile,59,0,1,5,9,,,,Prospect (no purchase),0.6325541662814057,36-45,Medium,False
C01236,28,Loyal,Bratislava,mobile,45,0,0,2,1,,,,Prospect (no purchase),0.7775090910048771,26-35,Medium,False
C01237,38,Regular,Bratislava,mobile,66,1,0,0,5,,,,Prospect (no purchase),,36-45,,False
C01238,45,Loyal,Bratislava,mobile,40,0,1,0,6,520.0,3.0,933.48,Champions,0.7180108734969506,36-45,Medium,True
C01239,45,New,Eastern Slovakia,desktop,43,0,1,3,2,323.0,1.0,181.7,One-off Lapsed,0.7909423172353025,36-45,Medium,True
C01240,57,Regular,Eastern Slovakia,desktop,17,0,1,0,2,460.0,3.0,362.05,Occasional Repeat,0.8722345697597406,56+,High,True
C01241,53,Regular,Central Slovakia,mobile,41,1,1,2,13,,,,Prospect (no purchase),0.7852902463396922,46-55,Medium,False
C01242,26,New,Bratislava,desktop,48,0,0,0,0,,,,Prospect (no purchase),0.9389041290408568,26-35,High,False
C01243,58,Loyal,Central Slovakia,mobile,71,0,0,1,2,0.0,2.0,558.88,Recent Buyers,0.8206380278188088,56+,High,True
C01244,32,Regular,Eastern Slovakia,mobile,7,0,1,0,0,0.0,1.0,168.34,Recent Buyers,0.9163335057282412,26-35,High,True
C01245,51,New,Eastern Slovakia,mobile,12,0,0,2,3,,,,Prospect (no purchase),0.9039499063846352,46-55,High,False
C01246,39,Loyal,Bratislava,desktop,2,0,0,0,5,231.0,2.0,751.0,Occasional Repeat,0.8174024516536993,36-45,High,True
C01247,33,Loyal,Bratislava,desktop,57,0,0,2,4,394.0,2.0,854.43,Occasional Repeat,0.7319977577259109,26-35,Medium,True
C01248,18,Loyal,Czech Republic,mobile,6,1,1,0,4,,,,Prospect (no purchase),,18-25,,False
C01249,36,Regular,Eastern Slovakia,tablet,65,0,1,2,6,,,,Prospect (no purchase),0.8769542247834032,36-45,High,False
C01250,19,Loyal,Bratislava,mobile,26,0,1,7,5,,,,Prospect (no purchase),0.6009610988760634,18-25,Medium,False
C01251,50,Regular,Eastern Slovakia,mobile,21,0,0,3,19,,,,Prospect (no purchase),,46-55,,False
C01252,56,Regular,Bratislava,desktop,70,1,0,0,3,110.0,1.0,295.08,One-off Lapsed,0.8882457657473338,56+,High,True
C01253,28,New,Bratislava,tablet,52,0,0,0,0,,,,Prospect (no purchase),0.9338298688526891,26-35,High,False
C01254,42,Regular,Eastern Slovakia,desktop,39,0,1,0,1,593.0,1.0,275.96,One-off Lapsed,0.9042560883349188,36-45,High,True
C01255,29,Loyal,Central Slovakia,tablet,64,1,0,4,12,348.0,3.0,685.02,Champions,0.6726686197036457,26-35,Medium,True
C01256,30,Regular,Western Slovakia,mobile,54,0,0,0,5,,,,Prospect (no purchase),0.8996557359689457,26-35,High,False
C01257,47,Regular,Czech Republic,desktop,46,0,1,4,8,412.0,1.0,234.43,One-off Lapsed,0.793314077510504,46-55,Medium,True
C01258,38,Loyal,Eastern Slovakia,desktop,23,0,1,4,10,447.0,5.0,1221.03,Champions,0.3772785848331575,36-45,Low,True
C01259,59,Loyal,Bratislava,mobile,71,0,1,4,4,243.0,2.0,821.9200000000001,Occasional Repeat,0.832536266607165,56+,High,True
C01260,32,New,Central Slovakia,mobile,52,1,0,0,4,,,,Prospect (no purchase),0.889520850814586,26-35,High,False
C01261,50,At-Risk,Eastern Slovakia,tablet,68,0,1,7,5,,,,Prospect (no purchase),,46-55,,False
C01262,39,Loyal,Central Slovakia,mobile,69,1,1,4,3,,,,Prospect (no purchase),0.5997925445040626,36-45,Low,False
C01263,48,At-Risk,Czech Republic,mobile,39,0,0,0,1,,,,Prospect (no purchase),,46-55,,False
C01264,33,At-Risk,Central Slovakia,desktop,26,0,0,3,9,,,,Prospect (no purchase),0.9501443304402988,26-35,High,False
C01265,37,At-Risk,Bratislava,desktop,68,0,0,3,1,,,,Prospect (no purchase),0.9409389414254816,36-45,High,False
C01266,37,Loyal,Bratislava,tablet,71,0,0,1,2,,,,Prospect (no purchase),,36-45,,False
C01267,28,Regular,Eastern Slovakia,desktop,9,0,0,2,6,,,,Prospect (no purchase),0.903685538023615,26-35,High,False
C01268,46,New,Czech Republic,mobile,46,0,0,1,1,,,,Prospect (no purchase),0.9285878692352412,46-55,High,False
C01269,46,Regular,Bratislava,tablet,43,1,0,4,14,,,,Prospect (no purchase),0.7546640552747477,46-55,Medium,False
C01270,45,Loyal,Bratislava,mobile,54,1,1,4,4,79.0,1.0,250.82,One-off Lapsed,0.6727175346118395,36-45,Medium,True
C01271,56,Regular,Eastern Slovakia,desktop,70,0,0,0,10,,,,Prospect (no purchase),0.9120948060603814,56+,High,False
C01272,55,Loyal,Bratislava,mobile,18,0,0,4,12,621.0,1.0,304.52,One-off Lapsed,0.7398218562658517,46-55,Medium,True
C01273,34,New,Bratislava,desktop,70,0,0,1,4,239.0,2.0,242.9,Occasional Repeat,0.8368991073298108,26-35,High,True
C01274,42,Regular,Eastern Slovakia,mobile,46,1,1,2,13,,,,Prospect (no purchase),0.7553710722375768,36-45,Medium,False
C01275,31,Regular,Eastern Slovakia,desktop,6,0,1,1,2,,,,Prospect (no purchase),0.8326382107694421,26-35,High,False
C01276,38,Regular,Eastern Slovakia,mobile,37,0,1,3,4,,,,Prospect (no purchase),,36-45,,False
C01277,31,New,Central Slovakia,mobile,10,0,1,2,1,306.0,1.0,97.78,One-off Lapsed,0.8501204383141721,26-35,High,True
C01278,57,New,Western Slovakia,mobile,68,0,1,4,18,,,,Prospect (no purchase),,56+,,False
C01279,42,Loyal,Czech Republic,mobile,55,1,1,5,16,36.0,1.0,243.12,One-off Lapsed,0.5401778401124537,36-45,Low,True
C01280,35,Regular,Bratislava,desktop,65,0,1,2,1,,,,Prospect (no purchase),0.8812017130338221,26-35,High,False
C01281,52,New,Bratislava,mobile,43,1,0,2,1,,,,Prospect (no purchase),,46-55,,False
C01282,18,New,Eastern Slovakia,mobile,29,0,0,0,1,,,,Prospect (no purchase),0.9054821391822224,18-25,High,False
C01283,18,Regular,Central Slovakia,mobile,31,0,0,1,1,,,,Prospect (no purchase),,18-25,,False
C01284,48,New,Eastern Slovakia,mobile,68,0,1,3,4,,,,Prospect (no purchase),0.8277372774034161,46-55,High,False
C01285,39,Loyal,Bratislava,desktop,11,1,1,1,9,,,,Prospect (no purchase),0.7154912778319404,36-45,Medium,False
C01286,41,Loyal,Czech Republic,mobile,63,1,1,5,15,356.0,1.0,301.26,One-off Lapsed,0.5872982064971359,36-45,Low,True
C01287,22,New,Central Slovakia,mobile,30,0,0,2,5,,,,Prospect (no purchase),,18-25,,False
C01288,38,Regular,Central Slovakia,mobile,42,1,1,1,1,,,,Prospect (no purchase),0.8135229805239708,36-45,High,False
C01289,62,New,Czech Republic,mobile,48,0,0,4,14,318.0,1.0,99.07,One-off Lapsed,0.8376898773091819,56+,High,True
C01290,48,Regular,Western Slovakia,desktop,6,0,1,2,6,602.0,1.0,214.54,One-off Lapsed,0.8281056947751371,46-55,High,True
C01291,40,At-Risk,Central Slovakia,mobile,11,0,1,0,2,,,,Prospect (no purchase),0.9605582258626618,36-45,High,False
C01292,33,Regular,Central Slovakia,mobile,12,1,1,3,4,,,,Prospect (no purchase),0.8120433108780101,26-35,High,False
C01293,33,At-Risk,Eastern Slovakia,desktop,56,0,0,0,2,,,,Prospect (no purchase),0.9722785668932936,26-35,High,False
C01294,18,New,Eastern Slovakia,mobile,6,1,1,0,0,,,,Prospect (no purchase),,18-25,,False
C01295,41,Regular,Central Slovakia,desktop,44,1,0,2,5,,,,Prospect (no purchase),0.7907232752062939,36-45,Medium,False
C01296,48,Regular,Bratislava,mobile,8,0,1,1,3,,,,Prospect (no purchase),0.8928585902745212,46-55,High,False
C01297,19,Regular,Bratislava,tablet,55,0,1,0,3,484.0,1.0,301.09,One-off Lapsed,,18-25,,True
C01298,30,At-Risk,Czech Republic,mobile,70,1,1,3,3,,,,Prospect (no purchase),,26-35,,False
C01299,24,New,Czech Republic,mobile,30,0,0,1,12,,,,Prospect (no purchase),0.9183041267711864,18-25,High,False
C01300,26,Loyal,Czech Republic,desktop,16,0,1,1,23,,,,Prospect (no purchase),0.6360855021672903,26-35,Medium,False
C01301,39,Loyal,Bratislava,desktop,32,1,0,2,6,163.0,2.0,595.52,Occasional Repeat,0.6300773975326911,36-45,Medium,True
C01302,18,Regular,Western Slovakia,desktop,50,0,0,0,6,,,,Prospect (no purchase),0.8275345393001323,18-25,High,False
C01303,45,Regular,Eastern Slovakia,desktop,52,0,0,4,5,,,,Prospect (no purchase),0.7511789436249839,36-45,Medium,False
C01304,47,Regular,Eastern Slovakia,mobile,46,0,1,2,3,57.0,1.0,309.7,One-off Lapsed,0.8854903735499792,46-55,High,True
C01305,35,New,Bratislava,desktop,42,0,0,3,11,88.0,1.0,197.25,One-off Lapsed,0.847732364076447,26-35,High,True
C01306,18,Loyal,Central Slovakia,desktop,45,1,0,5,28,,,,Prospect (no purchase),0.3963741626684404,18-25,Low,False
C01307,26,Regular,Bratislava,mobile,16,0,1,1,4,404.0,1.0,209.33,One-off Lapsed,0.9095946889805954,26-35,High,True
C01308,53,At-Risk,Western Slovakia,mobile,15,0,1,0,1,,,,Prospect (no purchase),,46-55,,False
C01309,18,Regular,Bratislava,mobile,67,0,1,3,3,,,,Prospect (no purchase),0.8642420607512579,18-25,High,False
C01310,34,Regular,Bratislava,tablet,42,0,1,1,2,,,,Prospect (no purchase),,26-35,,False
C01311,24,Loyal,Bratislava,mobile,62,0,1,6,13,,,,Prospect (no purchase),0.5657951983894586,18-25,Low,False
C01312,48,Regular,Czech Republic,mobile,45,1,1,6,9,,,,Prospect (no purchase),0.7281493941989342,46-55,Medium,False
C01313,30,At-Risk,Eastern Slovakia,desktop,33,0,1,0,1,,,,Prospect (no purchase),0.966677170372614,26-35,High,False
C01314,43,New,Czech Republic,desktop,41,0,0,1,3,,,,Prospect (no purchase),,36-45,,False
C01315,45,At-Risk,Western Slovakia,mobile,50,1,1,3,2,,,,Prospect (no purchase),0.9110861264270518,36-45,High,False
C01316,60,Loyal,Western Slovakia,desktop,14,0,0,0,4,50.0,1.0,396.27,One-off Lapsed,0.8226634665295424,56+,High,True
C01317,36,Loyal,Western Slovakia,mobile,33,1,1,5,3,648.0,1.0,241.87,One-off Lapsed,0.5845083801794888,36-45,Low,True
C01318,43,Regular,Central Slovakia,desktop,52,1,1,3,4,,,,Prospect (no purchase),0.7985037334316335,36-45,Medium,False
C01319,20,Loyal,Western Slovakia,mobile,7,0,1,4,2,,,,Prospect (no purchase),0.6866708754485653,18-25,Medium,False
C01320,52,Regular,Eastern Slovakia,mobile,6,1,0,1,7,,,,Prospect (no purchase),,46-55,,False
C01321,29,Loyal,Eastern Slovakia,desktop,12,0,1,2,5,,,,Prospect (no purchase),0.7896715879231005,26-35,Medium,False
C01322,31,New,Eastern Slovakia,mobile,42,0,0,0,5,,,,Prospect (no purchase),0.9287521450623114,26-35,High,False
C01323,38,Regular,Bratislava,mobile,17,1,0,0,3,,,,Prospect (no purchase),0.8925280775924428,36-45,High,False
C01324,19,Regular,Central Slovakia,mobile,31,0,0,2,2,,,,Prospect (no purchase),0.881705900925721,18-25,High,False
C01325,41,Regular,Bratislava,desktop,10,1,1,4,5,263.0,1.0,155.93,One-off Lapsed,0.7945518005096934,36-45,Medium,True
C01326,50,Regular,Bratislava,desktop,18,0,1,3,21,260.0,2.0,559.34,Occasional Repeat,0.8085125542209127,46-55,High,True
C01327,42,Loyal,Central Slovakia,desktop,2,0,1,7,7,237.0,2.0,407.73,Occasional Repeat,0.6203787828811674,36-45,Medium,True
C01328,19,New,Central Slovakia,tablet,58,0,1,5,22,553.0,1.0,209.54,One-off Lapsed,0.8065279127810753,18-25,High,True
C01329,37,Loyal,Eastern Slovakia,desktop,34,1,0,3,4,586.0,1.0,225.15,One-off Lapsed,0.6136087376720564,36-45,Medium,True
C01330,47,New,Bratislava,mobile,13,0,0,0,4,,,,Prospect (no purchase),0.9359482051551278,46-55,High,False
C01331,18,Loyal,Czech Republic,mobile,38,0,1,4,12,357.0,1.0,262.25,One-off Lapsed,0.6534341468471844,18-25,Medium,True
C01332,25,Loyal,Czech Republic,desktop,67,0,0,5,8,4.0,3.0,1060.95,Champions,0.6863069634915746,18-25,Medium,True
C01333,49,Regular,Western Slovakia,tablet,59,1,0,0,2,,,,Prospect (no purchase),0.8701631851752686,46-55,High,False
C01334,41,Loyal,Eastern Slovakia,tablet,63,1,0,0,5,,,,Prospect (no purchase),0.8228648085027982,36-45,High,False
C01335,43,At-Risk,Bratislava,desktop,29,1,0,3,6,,,,Prospect (no purchase),0.9361309939785948,36-45,High,False
C01336,60,Loyal,Eastern Slovakia,mobile,26,1,1,1,8,673.0,2.0,424.09,Occasional Repeat,,56+,,True
C01337,44,Regular,Eastern Slovakia,tablet,23,0,0,4,2,,,,Prospect (no purchase),0.8548735510346703,36-45,High,False
C01338,46,Regular,Eastern Slovakia,tablet,22,0,0,2,1,,,,Prospect (no purchase),0.9106269700938322,46-55,High,False
C01339,71,Loyal,Eastern Slovakia,desktop,66,1,1,4,18,,,,Prospect (no purchase),0.5920707751885668,56+,Low,False
C01340,35,New,Western Slovakia,desktop,10,0,0,2,13,,,,Prospect (no purchase),,26-35,,False
C01341,28,Loyal,Eastern Slovakia,mobile,61,0,1,3,11,,,,Prospect (no purchase),0.7357553122913076,26-35,Medium,False
C01342,43,Regular,Central Slovakia,tablet,66,0,1,1,2,,,,Prospect (no purchase),0.8733794930964233,36-45,High,False
C01343,43,Loyal,Bratislava,mobile,60,0,0,1,11,,,,Prospect (no purchase),0.812924899601393,36-45,High,False
C01344,32,New,Bratislava,desktop,45,0,1,4,2,,,,Prospect (no purchase),0.8065072806817151,26-35,High,False
C01345,26,New,Eastern Slovakia,mobile,61,0,0,0,1,,,,Prospect (no purchase),0.941347388690688,26-35,High,False
C01346,66,At-Risk,Central Slovakia,mobile,3,0,0,0,8,,,,Prospect (no purchase),,56+,,False
C01347,42,Loyal,Western Slovakia,mobile,59,1,0,4,30,250.0,1.0,174.07,One-off Lapsed,0.4928582304692444,36-45,Low,True
C01348,29,At-Risk,Czech Republic,mobile,37,0,0,6,3,,,,Prospect (no purchase),0.910743471180349,26-35,High,False
C01349,49,At-Risk,Central Slovakia,mobile,69,1,0,2,2,,,,Prospect (no purchase),0.9415653226242016,46-55,High,False
C01350,37,Regular,Western Slovakia,tablet,7,1,1,0,3,,,,Prospect (no purchase),0.8034993693136034,36-45,High,False
C01351,35,New,Western Slovakia,mobile,67,1,0,4,3,,,,Prospect (no purchase),0.8141771596900886,26-35,High,False
C01352,45,New,Central Slovakia,desktop,41,0,1,0,1,,,,Prospect (no purchase),0.8429423341416208,36-45,High,False
C01353,22,Regular,Eastern Slovakia,mobile,8,0,0,0,0,,,,Prospect (no purchase),0.9325179633109456,18-25,High,False
C01354,42,New,Central Slovakia,mobile,37,0,1,0,6,692.0,1.0,137.76,One-off Lapsed,0.8947910145286487,36-45,High,True
C01355,61,At-Risk,Western Slovakia,desktop,3,0,1,1,3,,,,Prospect (no purchase),0.9195053217717696,56+,High,False
C01356,44,New,Eastern Slovakia,desktop,6,0,1,1,12,,,,Prospect (no purchase),,36-45,,False
C01357,33,New,Central Slovakia,mobile,38,0,0,1,6,,,,Prospect (no purchase),,26-35,,False
C01358,32,New,Eastern Slovakia,desktop,58,0,1,2,6,322.0,1.0,216.83,One-off Lapsed,0.858489587751581,26-35,High,True
C01359,33,New,Bratislava,desktop,8,1,1,2,3,,,,Prospect (no purchase),0.8060632284843109,26-35,High,False
C01360,35,New,Eastern Slovakia,desktop,19,0,1,0,0,,,,Prospect (no purchase),0.889736974975101,26-35,High,False
C01361,33,Regular,Western Slovakia,tablet,28,0,0,0,3,,,,Prospect (no purchase),,26-35,,False
C01362,49,Regular,Bratislava,desktop,39,0,0,2,4,,,,Prospect (no purchase),0.8441755664943623,46-55,High,False
C01363,18,Regular,Central Slovakia,desktop,1,0,1,0,2,181.0,2.0,324.23,Occasional Repeat,0.8537447635432321,18-25,High,True
C01364,48,At-Risk,Central Slovakia,mobile,46,0,0,3,5,,,,Prospect (no purchase),0.951418377106246,46-55,High,False
C01365,33,Regular,Central Slovakia,mobile,36,0,0,3,7,,,,Prospect (no purchase),0.8704900927686016,26-35,High,False
C01366,43,Loyal,Eastern Slovakia,mobile,69,1,0,4,8,,,,Prospect (no purchase),,36-45,,False
C01367,24,Regular,Western Slovakia,desktop,22,0,1,5,27,219.0,2.0,278.55,Occasional Repeat,0.656410839935281,18-25,Medium,True
C01368,54,New,Bratislava,desktop,36,0,1,2,1,,,,Prospect (no purchase),0.8047384298038224,46-55,High,False
C01369,53,Regular,Western Slovakia,mobile,6,0,1,2,5,,,,Prospect (no purchase),0.7849699019313351,46-55,Medium,False
C01370,50,At-Risk,Western Slovakia,desktop,66,1,0,0,3,,,,Prospect (no purchase),0.9328765632208154,46-55,High,False
C01371,20,Regular,Central Slovakia,mobile,60,1,0,3,4,466.0,2.0,349.7,Occasional Repeat,,18-25,,True
C01372,48,New,Eastern Slovakia,mobile,26,0,0,0,1,,,,Prospect (no purchase),,46-55,,False
C01373,43,Regular,Eastern Slovakia,tablet,33,1,1,3,7,,,,Prospect (no purchase),0.8024991891911956,36-45,High,False
C01374,19,Loyal,Bratislava,mobile,61,1,0,4,5,,,,Prospect (no purchase),0.5501341519006947,18-25,Low,False
C01375,38,Regular,Western Slovakia,mobile,21,0,1,1,1,,,,Prospect (no purchase),,36-45,,False
C01376,42,Regular,Bratislava,mobile,17,1,1,2,11,,,,Prospect (no purchase),0.7691717887997719,36-45,Medium,False
C01377,45,At-Risk,Central Slovakia,mobile,18,1,1,0,5,,,,Prospect (no purchase),,36-45,,False
C01378,40,Regular,Bratislava,desktop,51,0,0,0,1,,,,Prospect (no purchase),,36-45,,False
C01379,41,Regular,Central Slovakia,tablet,15,1,0,1,10,236.0,1.0,172.55,One-off Lapsed,0.8068933985741971,36-45,High,True
C01380,56,New,Eastern Slovakia,desktop,7,0,1,0,12,305.0,1.0,93.72,One-off Lapsed,0.8785878360990144,56+,High,True
C01381,53,New,Central Slovakia,desktop,12,0,0,0,0,,,,Prospect (no purchase),0.9387015574266908,46-55,High,False
C01382,18,At-Risk,Bratislava,mobile,71,0,0,1,3,,,,Prospect (no purchase),0.9653416771521648,18-25,High,False
C01383,34,Regular,Western Slovakia,mobile,62,0,1,1,4,34.0,2.0,240.88,Occasional Repeat,0.8896374409268342,26-35,High,True
C01384,36,Regular,Central Slovakia,mobile,68,0,1,0,3,609.0,1.0,353.5,One-off Lapsed,0.9135490141698872,36-45,High,True
C01385,18,Regular,Central Slovakia,mobile,20,0,0,0,8,,,,Prospect (no purchase),0.9060163537918184,18-25,High,False
C01386,39,New,Bratislava,desktop,32,0,1,1,4,,,,Prospect (no purchase),,36-45,,False
C01387,53,Loyal,Eastern Slovakia,mobile,35,0,1,1,6,,,,Prospect (no purchase),,46-55,,False
C01388,25,New,Western Slovakia,mobile,38,1,0,1,3,,,,Prospect (no purchase),0.8130474814566985,18-25,High,False
C01389,42,Loyal,Western Slovakia,mobile,2,1,1,4,18,537.0,1.0,305.88,One-off Lapsed,0.620726118623755,36-45,Medium,True
C01390,27,Regular,Bratislava,desktop,43,0,0,5,1,,,,Prospect (no purchase),0.8681510119678051,26-35,High,False
C01391,30,New,Western Slovakia,mobile,3,0,0,2,8,,,,Prospect (no purchase),0.8835287225031173,26-35,High,False
C01392,56,New,Western Slovakia,mobile,20,1,1,5,4,,,,Prospect (no purchase),,56+,,False
C01393,31,Loyal,Bratislava,desktop,21,1,0,3,8,50.0,1.0,211.15,One-off Lapsed,0.6067202867717373,26-35,Medium,True
C01394,44,New,Central Slovakia,mobile,48,1,1,1,2,,,,Prospect (no purchase),0.8648525071307733,36-45,High,False
C01395,18,New,Western Slovakia,tablet,64,1,1,1,3,,,,Prospect (no purchase),0.8096751834743796,18-25,High,False
C01396,60,Loyal,Eastern Slovakia,mobile,50,1,1,5,5,535.0,1.0,249.57,One-off Lapsed,0.6515387549996636,56+,Medium,True
C01397,45,Regular,Czech Republic,desktop,31,0,0,1,3,,,,Prospect (no purchase),0.9164751851317012,36-45,High,False
C01398,36,Regular,Bratislava,tablet,38,1,1,1,9,,,,Prospect (no purchase),0.7468486516852239,36-45,Medium,False
C01399,45,New,Bratislava,mobile,37,0,0,0,1,680.0,1.0,109.28,One-off Lapsed,,36-45,,True
C01400,21,Loyal,Eastern Slovakia,desktop,11,1,0,2,9,0.0,3.0,683.87,Recent Buyers,0.7019167194905273,18-25,Medium,True
C01401,52,New,Czech Republic,mobile,68,0,0,0,2,382.0,1.0,142.0,One-off Lapsed,0.9463885491454112,46-55,High,True
C01402,34,New,Eastern Slovakia,desktop,66,0,1,2,4,91.0,3.0,432.98,Champions,0.8931344032666195,26-35,High,True
C01403,36,Regular,Bratislava,desktop,18,1,1,1,4,,,,Prospect (no purchase),0.7833274840781498,36-45,Medium,False
C01404,32,New,Bratislava,desktop,9,0,0,0,0,,,,Prospect (no purchase),,26-35,,False
C01405,31,Regular,Bratislava,tablet,12,0,1,1,2,,,,Prospect (no purchase),,26-35,,False
C01406,46,New,Eastern Slovakia,desktop,45,1,1,3,17,434.0,1.0,150.43,One-off Lapsed,0.7941870569222946,46-55,Medium,True
C01407,41,New,Central Slovakia,mobile,3,1,1,3,6,239.0,1.0,163.4,One-off Lapsed,0.8198654279809419,36-45,High,True
C01408,46,Regular,Western Slovakia,mobile,8,0,0,4,9,,,,Prospect (no purchase),0.7777344861728193,46-55,Medium,False
C01409,38,Loyal,Central Slovakia,desktop,47,1,1,3,10,242.0,3.0,577.38,Champions,0.4072003583461443,36-45,Low,True
C01410,44,New,Bratislava,desktop,11,0,0,3,5,,,,Prospect (no purchase),0.906486256293856,36-45,High,False
C01411,33,New,Central Slovakia,desktop,5,1,1,3,3,,,,Prospect (no purchase),0.8390912747874992,26-35,High,False
C01412,65,At-Risk,Bratislava,mobile,2,0,1,0,1,,,,Prospect (no purchase),0.9646614968400616,56+,High,False
C01413,19,At-Risk,Central Slovakia,mobile,51,0,1,0,0,,,,Prospect (no purchase),0.9613456506233088,18-25,High,False
C01414,53,Regular,Eastern Slovakia,desktop,26,0,0,4,4,0.0,1.0,183.56,Recent Buyers,0.847053305666068,46-55,High,True
C01415,54,New,Central Slovakia,tablet,21,0,0,1,4,,,,Prospect (no purchase),0.9199022784180212,46-55,High,False
C01416,28,Regular,Western Slovakia,mobile,46,0,1,1,2,,,,Prospect (no purchase),0.8423376873284696,26-35,High,False
C01417,65,New,Eastern Slovakia,mobile,13,0,0,0,3,,,,Prospect (no purchase),,56+,,False
C01418,50,New,Central Slovakia,mobile,38,0,1,1,2,,,,Prospect (no purchase),0.8623511743636829,46-55,High,False
C01419,50,Regular,Bratislava,mobile,35,0,0,3,6,,,,Prospect (no purchase),0.8161207335830519,46-55,High,False
C01420,38,Regular,Bratislava,tablet,48,0,1,1,5,,,,Prospect (no purchase),0.7730381787237635,36-45,Medium,False
C01421,35,Regular,Central Slovakia,mobile,45,0,0,5,2,,,,Prospect (no purchase),0.8542810327571619,26-35,High,False
C01422,35,Regular,Bratislava,mobile,48,1,0,5,5,536.0,1.0,401.32,One-off Lapsed,0.8173558092141884,26-35,High,True
C01423,43,New,Bratislava,mobile,16,0,0,1,5,,,,Prospect (no purchase),0.8812441173425674,36-45,High,False
C01424,55,Regular,Bratislava,mobile,10,0,1,2,3,,,,Prospect (no purchase),0.8802067662593127,46-55,High,False
C01425,40,Loyal,Bratislava,tablet,38,0,1,2,13,,,,Prospect (no purchase),0.7307214795664231,36-45,Medium,False
C01426,27,Loyal,Western Slovakia,mobile,5,0,0,3,4,,,,Prospect (no purchase),,26-35,,False
C01427,48,Regular,Central Slovakia,mobile,33,1,0,0,6,,,,Prospect (no purchase),,46-55,,False
C01428,49,Regular,Bratislava,mobile,45,0,1,0,1,,,,Prospect (no purchase),,46-55,,False
C01429,46,New,Central Slovakia,tablet,59,0,0,2,3,,,,Prospect (no purchase),,46-55,,False
C01430,47,New,Bratislava,tablet,47,0,1,1,3,,,,Prospect (no purchase),0.9092748309902052,46-55,High,False
C01431,35,Loyal,Western Slovakia,mobile,71,0,1,4,2,99.0,4.0,1147.0800000000002,Champions,0.597900006827175,26-35,Low,True
C01432,27,New,Bratislava,desktop,40,1,1,1,5,,,,Prospect (no purchase),,26-35,,False
C01433,28,Regular,Eastern Slovakia,mobile,32,0,0,2,0,,,,Prospect (no purchase),0.8874570672159489,26-35,High,False
C01434,18,Regular,Czech Republic,mobile,18,0,1,2,1,254.0,1.0,197.74,One-off Lapsed,0.8912662804393399,18-25,High,True
C01435,41,New,Western Slovakia,mobile,48,0,1,1,2,,,,Prospect (no purchase),0.8933105402020786,36-45,High,False
C01436,37,New,Bratislava,desktop,58,1,1,1,5,,,,Prospect (no purchase),0.8698368692829453,36-45,High,False
C01437,33,Regular,Bratislava,tablet,23,0,0,1,5,,,,Prospect (no purchase),0.9112761300523808,26-35,High,False
C01438,18,At-Risk,Bratislava,mobile,6,1,0,1,2,,,,Prospect (no purchase),0.9327696071826796,18-25,High,False
C01439,23,Regular,Eastern Slovakia,mobile,1,0,0,0,11,,,,Prospect (no purchase),0.8854925020493428,18-25,High,False
C01440,51,Regular,Bratislava,mobile,45,0,0,1,1,,,,Prospect (no purchase),0.9144527316061728,46-55,High,False
C01441,30,New,Czech Republic,mobile,48,0,0,0,1,,,,Prospect (no purchase),0.9409713334380584,26-35,High,False
C01442,42,Regular,Central Slovakia,mobile,9,1,1,2,4,,,,Prospect (no purchase),0.8223581217392862,36-45,High,False
C01443,21,New,Western Slovakia,mobile,2,1,0,2,3,,,,Prospect (no purchase),0.8556941331459804,18-25,High,False
C01444,55,Regular,Eastern Slovakia,tablet,47,1,1,3,6,111.0,1.0,162.27,One-off Lapsed,0.8116679916663488,46-55,High,True
C01445,36,Loyal,Bratislava,mobile,29,0,1,4,3,532.0,1.0,507.68,One-off Lapsed,0.7619428308608975,36-45,Medium,True
C01446,41,Regular,Eastern Slovakia,desktop,30,0,1,0,8,,,,Prospect (no purchase),0.7565541230647652,36-45,Medium,False
C01447,66,New,Bratislava,mobile,19,0,0,1,3,,,,Prospect (no purchase),,56+,,False
C01448,56,New,Eastern Slovakia,mobile,51,0,1,3,1,,,,Prospect (no purchase),0.89534011434688,56+,High,False
C01449,34,New,Central Slovakia,mobile,53,0,1,0,2,359.0,1.0,241.09,One-off Lapsed,0.8816739672371816,26-35,High,True
C01450,31,Regular,Bratislava,tablet,4,1,1,3,18,,,,Prospect (no purchase),0.7003348829441833,26-35,Medium,False
C01451,34,At-Risk,Eastern Slovakia,mobile,7,0,1,1,1,,,,Prospect (no purchase),,26-35,,False
C01452,44,New,Bratislava,mobile,40,1,1,2,3,67.0,1.0,156.12,One-off Lapsed,0.820064704756228,36-45,High,True
C01453,37,Regular,Bratislava,desktop,43,0,0,2,4,,,,Prospect (no purchase),0.898558503743093,36-45,High,False
C01454,33,Loyal,Eastern Slovakia,desktop,11,1,0,5,4,,,,Prospect (no purchase),,26-35,,False
C01455,56,New,Western Slovakia,desktop,12,0,0,2,1,,,,Prospect (no purchase),0.8393326205009074,56+,High,False
C01456,37,New,Eastern Slovakia,mobile,49,0,1,1,9,,,,Prospect (no purchase),0.902714495952378,36-45,High,False
C01457,66,Regular,Central Slovakia,mobile,33,0,0,0,0,,,,Prospect (no purchase),0.9191930858770594,56+,High,False
C01458,39,Regular,Central Slovakia,desktop,9,0,1,1,2,,,,Prospect (no purchase),,36-45,,False
C01459,59,Regular,Bratislava,desktop,44,0,0,1,3,,,,Prospect (no purchase),,56+,,False
C01460,42,Loyal,Bratislava,desktop,6,0,0,0,8,,,,Prospect (no purchase),,36-45,,False
C01461,50,Loyal,Czech Republic,mobile,17,0,1,0,6,10.0,1.0,273.99,Recent Buyers,0.8207284643956143,46-55,High,True
C01462,29,Loyal,Bratislava,mobile,51,0,1,4,13,,,,Prospect (no purchase),0.5985865840345108,26-35,Low,False
C01463,28,At-Risk,Central Slovakia,tablet,16,1,1,4,8,,,,Prospect (no purchase),,26-35,,False
C01464,44,Loyal,Bratislava,desktop,5,0,1,2,4,,,,Prospect (no purchase),0.6354604832624666,36-45,Medium,False
C01465,50,Loyal,Bratislava,mobile,69,0,1,4,4,142.0,2.0,463.97,Occasional Repeat,0.7321506783522299,46-55,Medium,True
C01466,38,Loyal,Central Slovakia,tablet,16,0,1,0,3,,,,Prospect (no purchase),0.811784980381335,36-45,High,False
C01467,23,Loyal,Eastern Slovakia,desktop,37,0,1,2,2,,,,Prospect (no purchase),,18-25,,False
C01468,22,Loyal,Eastern Slovakia,mobile,59,0,1,2,8,108.0,2.0,465.88,Occasional Repeat,0.8318006377965838,18-25,High,True
C01469,21,At-Risk,Eastern Slovakia,mobile,71,1,1,2,3,,,,Prospect (no purchase),0.9364697721624752,18-25,High,False
C01470,18,Regular,Bratislava,desktop,58,0,0,1,3,,,,Prospect (no purchase),,18-25,,False
C01471,39,Regular,Western Slovakia,mobile,25,0,0,2,3,,,,Prospect (no purchase),0.881381703882464,36-45,High,False
C01472,52,Regular,Bratislava,mobile,61,0,1,0,3,,,,Prospect (no purchase),0.9013191189623224,46-55,High,False
C01473,38,Loyal,Eastern Slovakia,desktop,1,0,1,2,6,546.0,1.0,304.88,One-off Lapsed,0.7250938953082828,36-45,Medium,True
C01474,18,Regular,Western Slovakia,mobile,24,0,0,1,2,,,,Prospect (no purchase),0.8971093872910556,18-25,High,False
C01475,36,Loyal,Central Slovakia,tablet,15,0,1,3,2,237.0,3.0,824.6800000000001,Champions,0.7502514902922265,36-45,Medium,True
C01476,36,Loyal,Bratislava,mobile,38,0,1,4,4,379.0,2.0,821.13,Occasional Repeat,0.7542318956449023,36-45,Medium,True
C01477,63,At-Risk,Eastern Slovakia,mobile,64,0,0,0,0,,,,Prospect (no purchase),,56+,,False
C01478,21,New,Eastern Slovakia,desktop,55,0,1,2,6,544.0,2.0,277.14,Occasional Repeat,,18-25,,True
C01479,33,Loyal,Eastern Slovakia,desktop,71,1,0,6,7,237.0,2.0,640.8199999999999,Occasional Repeat,0.5900294478035893,26-35,Low,True
C01480,58,Loyal,Bratislava,mobile,10,0,0,1,3,,,,Prospect (no purchase),0.8378008850307004,56+,High,False
C01481,43,At-Risk,Czech Republic,desktop,54,0,1,3,3,,,,Prospect (no purchase),0.9422061177784764,36-45,High,False
C01482,45,At-Risk,Bratislava,desktop,52,0,0,0,1,,,,Prospect (no purchase),,36-45,,False
C01483,39,Regular,Western Slovakia,desktop,33,0,0,0,4,,,,Prospect (no purchase),0.8613717106510158,36-45,High,False
C01484,42,Regular,Bratislava,desktop,7,1,1,3,5,,,,Prospect (no purchase),0.7587318038264219,36-45,Medium,False
C01485,47,New,Bratislava,mobile,8,0,0,0,2,,,,Prospect (no purchase),,46-55,,False
C01486,28,At-Risk,Central Slovakia,mobile,65,1,0,1,1,,,,Prospect (no purchase),0.9494708567710874,26-35,High,False
C01487,49,New,Bratislava,mobile,21,1,1,3,1,,,,Prospect (no purchase),0.778954625513466,46-55,Medium,False
C01488,22,Loyal,Western Slovakia,mobile,46,0,1,1,3,550.0,2.0,847.63,Occasional Repeat,,18-25,,True
C01489,42,Loyal,Central Slovakia,desktop,68,1,1,2,19,250.0,1.0,175.82,One-off Lapsed,0.4921073235701108,36-45,Low,True
C01490,40,Regular,Eastern Slovakia,mobile,36,0,0,1,4,,,,Prospect (no purchase),,36-45,,False
C01491,31,New,Central Slovakia,mobile,15,0,1,1,5,,,,Prospect (no purchase),0.8894438290780287,26-35,High,False
C01492,38,New,Central Slovakia,mobile,35,1,0,0,2,,,,Prospect (no purchase),,36-45,,False
C01493,31,Loyal,Bratislava,mobile,17,1,1,2,6,709.0,1.0,215.16,One-off Lapsed,0.5639704926513466,26-35,Low,True
C01494,25,Regular,Eastern Slovakia,mobile,13,1,0,4,3,,,,Prospect (no purchase),,18-25,,False
C01495,34,New,Bratislava,desktop,58,0,0,2,4,,,,Prospect (no purchase),0.915626634046527,26-35,High,False
C01496,25,Loyal,Bratislava,desktop,25,0,1,1,3,,,,Prospect (no purchase),0.632525393068785,18-25,Medium,False
C01497,42,New,Bratislava,mobile,49,0,1,0,4,,,,Prospect (no purchase),0.9168169165775684,36-45,High,False
C01498,24,Loyal,Central Slovakia,mobile,52,0,1,3,1,244.0,1.0,315.07,One-off Lapsed,0.6627858905693487,18-25,Medium,True
C01499,47,Regular,Western Slovakia,desktop,40,0,0,1,7,,,,Prospect (no purchase),0.8840020289243345,46-55,High,False
C01500,24,New,Central Slovakia,mobile,39,0,0,0,1,,,,Prospect (no purchase),0.9002777543413005,18-25,High,False
C01501,31,New,Western Slovakia,mobile,13,0,1,3,3,438.0,1.0,162.8,One-off Lapsed,,26-35,,True
C01502,31,Regular,Western Slovakia,mobile,38,0,0,5,12,,,,Prospect (no purchase),0.7827365177303145,26-35,Medium,False
C01503,54,Regular,Western Slovakia,mobile,54,0,1,1,11,431.0,1.0,129.9,One-off Lapsed,0.892493082482608,46-55,High,True
C01504,42,Loyal,Bratislava,desktop,14,1,1,5,8,,,,Prospect (no purchase),0.6109168302962762,36-45,Medium,False
C01505,35,Regular,Western Slovakia,desktop,17,0,0,1,9,,,,Prospect (no purchase),0.7884772075894524,26-35,Medium,False
C01506,44,Regular,Central Slovakia,tablet,50,0,0,3,2,,,,Prospect (no purchase),0.8816871249817742,36-45,High,False
C01507,18,New,Central Slovakia,desktop,70,0,0,1,2,,,,Prospect (no purchase),,18-25,,False
C01508,37,New,Bratislava,mobile,28,0,1,2,8,,,,Prospect (no purchase),0.8907431254831084,36-45,High,False
C01509,62,At-Risk,Central Slovakia,mobile,59,1,0,0,0,,,,Prospect (no purchase),,56+,,False
C01510,40,New,Western Slovakia,mobile,13,0,1,1,5,,,,Prospect (no purchase),0.8891297098423278,36-45,High,False
C01511,39,At-Risk,Bratislava,mobile,41,0,1,2,3,,,,Prospect (no purchase),0.9521672445380585,36-45,High,False
C01512,45,Regular,Bratislava,mobile,68,0,1,2,4,,,,Prospect (no purchase),,36-45,,False
C01513,49,New,Western Slovakia,mobile,32,0,0,0,2,,,,Prospect (no purchase),,46-55,,False
C01514,18,New,Western Slovakia,mobile,36,0,1,3,4,,,,Prospect (no purchase),,18-25,,False
C01515,18,New,Central Slovakia,mobile,12,0,1,1,2,,,,Prospect (no purchase),0.897039955259683,18-25,High,False
C01516,41,Loyal,Bratislava,desktop,38,0,1,2,5,674.0,1.0,419.57,One-off Lapsed,0.757251256291833,36-45,Medium,True
C01517,29,Regular,Eastern Slovakia,desktop,42,0,1,1,6,,,,Prospect (no purchase),0.8574588625006248,26-35,High,False
C01518,54,Regular,Bratislava,tablet,70,0,0,0,3,,,,Prospect (no purchase),0.915780755819838,46-55,High,False
C01519,34,Regular,Central Slovakia,mobile,15,0,0,0,4,548.0,1.0,219.5,One-off Lapsed,,26-35,,True
C01520,18,Regular,Eastern Slovakia,mobile,27,0,0,0,2,,,,Prospect (no purchase),0.9277464554842536,18-25,High,False
C01521,23,At-Risk,Western Slovakia,tablet,46,0,1,0,6,,,,Prospect (no purchase),0.9445502100143478,18-25,High,False
C01522,18,At-Risk,Bratislava,desktop,67,1,0,0,0,,,,Prospect (no purchase),0.9398412868803075,18-25,High,False
C01523,35,Loyal,Central Slovakia,desktop,17,0,1,0,2,,,,Prospect (no purchase),0.6685398769393255,26-35,Medium,False
C01524,36,Loyal,Czech Republic,mobile,50,0,1,1,15,,,,Prospect (no purchase),0.7646430482899522,36-45,Medium,False
C01525,33,Loyal,Czech Republic,mobile,63,0,0,1,6,608.0,1.0,179.34,One-off Lapsed,0.8380259661306002,26-35,High,True
C01526,51,Regular,Bratislava,desktop,45,0,1,0,4,,,,Prospect (no purchase),,46-55,,False
C01527,52,Loyal,Eastern Slovakia,desktop,31,1,0,5,37,441.0,1.0,183.83,One-off Lapsed,,46-55,,True
C01528,36,New,Western Slovakia,mobile,17,0,1,1,2,,,,Prospect (no purchase),,36-45,,False
C01529,18,Loyal,Bratislava,mobile,21,0,0,3,4,,,,Prospect (no purchase),0.7708167045174343,18-25,Medium,False
C01530,45,At-Risk,Central Slovakia,mobile,4,1,0,1,0,,,,Prospect (no purchase),,36-45,,False
C01531,45,New,Western Slovakia,mobile,11,0,0,3,3,,,,Prospect (no purchase),,36-45,,False
C01532,42,Loyal,Central Slovakia,desktop,32,0,0,0,4,,,,Prospect (no purchase),,36-45,,False
C01533,50,At-Risk,Eastern Slovakia,mobile,10,0,1,0,4,,,,Prospect (no purchase),0.9647981699322956,46-55,High,False
C01534,24,New,Western Slovakia,mobile,1,0,0,1,2,,,,Prospect (no purchase),0.9176383413409608,18-25,High,False
C01535,62,Regular,Central Slovakia,mobile,50,0,1,12,13,442.0,1.0,162.1,One-off Lapsed,,56+,,True
C01536,26,At-Risk,Western Slovakia,tablet,6,0,0,1,7,,,,Prospect (no purchase),0.9471823988515282,26-35,High,False
C01537,47,At-Risk,Bratislava,mobile,11,0,1,0,2,,,,Prospect (no purchase),,46-55,,False
C01538,18,New,Western Slovakia,mobile,43,1,1,0,1,371.0,1.0,126.17,One-off Lapsed,0.8908861091540593,18-25,High,True
C01539,27,Regular,Czech Republic,desktop,66,0,0,2,2,,,,Prospect (no purchase),0.9066505055862344,26-35,High,False
C01540,56,Loyal,Western Slovakia,desktop,52,0,1,8,7,65.0,6.0,1016.25,Champions,0.3443250446881954,56+,Low,True
C01541,35,New,Bratislava,desktop,3,1,1,0,2,618.0,1.0,189.19,One-off Lapsed,0.8852756693924917,26-35,High,True
C01542,48,Regular,Central Slovakia,desktop,12,1,1,2,6,,,,Prospect (no purchase),0.6963365033801249,46-55,Medium,False
C01543,41,New,Czech Republic,mobile,53,0,0,0,2,,,,Prospect (no purchase),0.9393153995721326,36-45,High,False
C01544,37,New,Czech Republic,tablet,53,0,0,4,7,,,,Prospect (no purchase),0.8844876500162155,36-45,High,False
C01545,54,Regular,Central Slovakia,desktop,28,0,0,0,22,98.0,1.0,271.7,One-off Lapsed,0.8051634663406066,46-55,High,True
C01546,35,Regular,Western Slovakia,mobile,68,1,1,2,3,,,,Prospect (no purchase),0.8050960322089566,26-35,High,False
C01547,18,Regular,Central Slovakia,desktop,64,0,1,1,5,,,,Prospect (no purchase),0.7258394527082058,18-25,Medium,False
C01548,28,Loyal,Eastern Slovakia,mobile,53,0,1,4,4,243.0,2.0,493.21,Occasional Repeat,0.7454528916403047,26-35,Medium,True
C01549,45,Regular,Eastern Slovakia,mobile,54,1,1,3,7,1.0,1.0,193.16,Recent Buyers,0.8025259828675565,36-45,High,True
C01550,43,New,Eastern Slovakia,mobile,56,1,0,2,12,,,,Prospect (no purchase),0.8676005948184528,36-45,High,False
C01551,19,New,Western Slovakia,mobile,11,1,0,3,3,,,,Prospect (no purchase),0.8540965682196536,18-25,High,False
C01552,29,New,Bratislava,tablet,50,0,1,2,6,,,,Prospect (no purchase),,26-35,,False
C01553,31,Regular,Central Slovakia,mobile,67,1,1,3,5,,,,Prospect (no purchase),0.6033303147467585,26-35,Medium,False
C01554,34,New,Bratislava,desktop,16,0,0,2,7,,,,Prospect (no purchase),,26-35,,False
C01555,21,New,Bratislava,mobile,2,1,1,6,11,,,,Prospect (no purchase),0.745479848743268,18-25,Medium,False
C01556,30,New,Western Slovakia,mobile,26,0,0,0,2,,,,Prospect (no purchase),0.9239926938720116,26-35,High,False
C01557,29,Regular,Central Slovakia,mobile,20,0,0,1,10,,,,Prospect (no purchase),,26-35,,False
C01558,47,Regular,Eastern Slovakia,mobile,68,0,1,0,3,,,,Prospect (no purchase),0.904999913064482,46-55,High,False
C01559,48,At-Risk,Eastern Slovakia,desktop,32,0,0,0,9,,,,Prospect (no purchase),,46-55,,False
C01560,36,Loyal,Eastern Slovakia,tablet,47,0,1,5,18,249.0,2.0,503.53,Occasional Repeat,0.5072899195614962,36-45,Low,True
C01561,33,Regular,Eastern Slovakia,mobile,70,1,0,6,2,,,,Prospect (no purchase),0.7960560756899148,26-35,Medium,False
C01562,40,New,Central Slovakia,tablet,57,0,1,3,2,,,,Prospect (no purchase),,36-45,,False
C01563,28,Regular,Bratislava,desktop,54,1,1,1,6,,,,Prospect (no purchase),0.6917260732031356,26-35,Medium,False
C01564,24,New,Central Slovakia,desktop,69,0,0,2,1,,,,Prospect (no purchase),0.8536038232494553,18-25,High,False
C01565,27,Regular,Bratislava,mobile,49,0,0,0,5,,,,Prospect (no purchase),0.9169370153375568,26-35,High,False
C01566,30,Regular,Bratislava,mobile,17,0,1,0,3,634.0,1.0,231.11,One-off Lapsed,,26-35,,True
C01567,24,Regular,Bratislava,desktop,52,1,0,2,8,663.0,1.0,156.5,One-off Lapsed,,18-25,,True
C01568,40,New,Eastern Slovakia,mobile,23,0,1,1,5,,,,Prospect (no purchase),,36-45,,False
C01569,47,Loyal,Eastern Slovakia,mobile,24,0,0,2,5,,,,Prospect (no purchase),,46-55,,False
C01570,19,Loyal,Czech Republic,desktop,46,1,1,5,5,,,,Prospect (no purchase),0.4714575932331576,18-25,Low,False
C01571,38,Loyal,Czech Republic,mobile,23,0,0,3,0,,,,Prospect (no purchase),0.8081122350395691,36-45,High,False
C01572,35,Regular,Eastern Slovakia,desktop,2,0,1,0,4,,,,Prospect (no purchase),0.9092077639269606,26-35,High,False
C01573,42,Regular,Bratislava,mobile,71,1,1,1,8,,,,Prospect (no purchase),0.8386739319952297,36-45,High,False
C01574,38,New,Eastern Slovakia,tablet,41,0,0,2,2,,,,Prospect (no purchase),0.9214171507251566,36-45,High,False
C01575,21,Loyal,Eastern Slovakia,mobile,48,0,0,1,4,,,,Prospect (no purchase),0.767536136139781,18-25,Medium,False
C01576,23,Regular,Eastern Slovakia,mobile,58,0,1,3,8,,,,Prospect (no purchase),0.8044216639532645,18-25,High,False
C01577,38,New,Bratislava,desktop,46,0,1,0,4,,,,Prospect (no purchase),,36-45,,False
C01578,50,Regular,Bratislava,mobile,44,0,1,1,1,,,,Prospect (no purchase),0.8864638775387508,46-55,High,False
C01579,18,At-Risk,Czech Republic,tablet,57,1,1,0,3,,,,Prospect (no purchase),0.9496589563657584,18-25,High,False
C01580,42,Regular,Bratislava,desktop,21,1,0,0,1,,,,Prospect (no purchase),0.857569194794429,36-45,High,False
C01581,52,Regular,Western Slovakia,mobile,59,0,1,1,7,56.0,1.0,97.0,One-off Lapsed,0.8499644204457757,46-55,High,True
C01582,36,Regular,Western Slovakia,mobile,52,0,0,4,10,506.0,1.0,205.72,One-off Lapsed,0.8811227503575154,36-45,High,True
C01583,45,Regular,Bratislava,tablet,13,0,0,2,4,551.0,2.0,820.04,Occasional Repeat,,36-45,,True
C01584,30,Regular,Bratislava,desktop,11,1,0,1,4,,,,Prospect (no purchase),0.8783651738099282,26-35,High,False
C01585,37,New,Czech Republic,desktop,63,0,1,2,3,,,,Prospect (no purchase),0.8727319985676575,36-45,High,False
C01586,19,Regular,Eastern Slovakia,mobile,64,0,1,1,4,,,,Prospect (no purchase),0.8945149072384043,18-25,High,False
C01587,18,Loyal,Czech Republic,tablet,71,0,1,3,2,,,,Prospect (no purchase),,18-25,,False
C01588,49,New,Bratislava,mobile,8,0,1,0,1,,,,Prospect (no purchase),,46-55,,False
C01589,26,Loyal,Bratislava,desktop,64,0,1,6,19,245.0,1.0,353.18,One-off Lapsed,0.429684411906112,26-35,Low,True
C01590,33,New,Western Slovakia,mobile,62,1,0,2,16,556.0,1.0,168.63,One-off Lapsed,0.8563051630324217,26-35,High,True
C01591,21,Loyal,Western Slovakia,mobile,55,0,0,0,4,,,,Prospect (no purchase),,18-25,,False
C01592,21,Regular,Bratislava,tablet,36,0,1,1,7,,,,Prospect (no purchase),0.7634483992353219,18-25,Medium,False
C01593,36,Regular,Eastern Slovakia,tablet,37,0,1,0,1,,,,Prospect (no purchase),0.9126822331324164,36-45,High,False
C01594,29,Regular,Czech Republic,mobile,31,1,1,1,2,,,,Prospect (no purchase),0.7787331699925472,26-35,Medium,False
C01595,43,At-Risk,Central Slovakia,tablet,3,0,0,4,1,,,,Prospect (no purchase),0.9551967621751968,36-45,High,False
C01596,43,Regular,Western Slovakia,mobile,36,1,1,2,1,,,,Prospect (no purchase),,36-45,,False
C01597,42,Loyal,Western Slovakia,mobile,17,0,0,6,5,,,,Prospect (no purchase),0.6731838108035275,36-45,Medium,False
C01598,41,Loyal,Bratislava,mobile,15,1,1,8,16,,,,Prospect (no purchase),0.3042442570323072,36-45,Low,False
C01599,57,New,Bratislava,mobile,4,1,1,7,5,,,,Prospect (no purchase),0.7683000057592514,56+,Medium,False
C01600,25,New,Western Slovakia,mobile,33,0,0,0,12,,,,Prospect (no purchase),0.8916999952635728,18-25,High,False
C01601,37,Regular,Western Slovakia,mobile,4,0,0,3,3,,,,Prospect (no purchase),,36-45,,False
C01602,52,New,Central Slovakia,mobile,61,0,0,0,10,,,,Prospect (no purchase),,46-55,,False
C01603,53,Regular,Eastern Slovakia,desktop,64,0,1,5,43,401.0,1.0,239.5,One-off Lapsed,0.756613400343293,46-55,Medium,True
C01604,21,Regular,Bratislava,desktop,57,0,1,1,6,,,,Prospect (no purchase),0.7555653764677888,18-25,Medium,False
C01605,34,Regular,Bratislava,desktop,22,0,0,2,0,,,,Prospect (no purchase),,26-35,,False
C01606,54,New,Bratislava,mobile,12,0,0,0,0,,,,Prospect (no purchase),,46-55,,False
C01607,44,Loyal,Bratislava,desktop,36,0,0,5,2,,,,Prospect (no purchase),0.7608511197321021,36-45,Medium,False
C01608,40,Regular,Central Slovakia,mobile,48,0,1,4,3,1.0,1.0,165.95,Recent Buyers,0.7163158730086534,36-45,Medium,True
C01609,35,Loyal,Eastern Slovakia,desktop,2,0,0,0,6,,,,Prospect (no purchase),0.8560206012680495,26-35,High,False
C01610,33,New,Eastern Slovakia,mobile,61,0,1,1,3,,,,Prospect (no purchase),,26-35,,False
C01611,41,Regular,Central Slovakia,mobile,32,1,1,2,8,,,,Prospect (no purchase),0.7722885140900764,36-45,Medium,False
C01612,35,New,Western Slovakia,mobile,59,0,1,2,4,301.0,1.0,126.71,One-off Lapsed,0.8541726527291981,26-35,High,True
C01613,37,Regular,Bratislava,desktop,6,0,1,4,24,,,,Prospect (no purchase),0.7726259619292595,36-45,Medium,False
C01614,39,Regular,Western Slovakia,tablet,31,0,0,1,9,,,,Prospect (no purchase),0.8789114152174268,36-45,High,False
C01615,30,At-Risk,Western Slovakia,desktop,33,1,1,0,1,,,,Prospect (no purchase),,26-35,,False
C01616,44,Regular,Eastern Slovakia,tablet,4,0,0,0,1,,,,Prospect (no purchase),0.8980689843730035,36-45,High,False
C01617,73,Regular,Western Slovakia,tablet,51,0,0,3,11,,,,Prospect (no purchase),0.842672445250761,56+,High,False
C01618,18,New,Bratislava,mobile,67,1,1,1,2,,,,Prospect (no purchase),0.8772496949480637,18-25,High,False
C01619,42,Regular,Bratislava,desktop,39,0,0,2,2,,,,Prospect (no purchase),0.9034512560743436,36-45,High,False
C01620,29,Regular,Bratislava,mobile,29,0,1,0,1,,,,Prospect (no purchase),0.8937650587686666,26-35,High,False
C01621,45,Regular,Czech Republic,mobile,46,0,1,4,6,,,,Prospect (no purchase),0.7237617495956221,36-45,Medium,False
C01622,39,New,Bratislava,mobile,26,1,0,2,9,,,,Prospect (no purchase),0.8693624356203862,36-45,High,False
C01623,47,New,Bratislava,tablet,26,1,1,1,4,,,,Prospect (no purchase),0.8748611157660912,46-55,High,False
C01624,52,New,Bratislava,desktop,54,0,1,1,7,,,,Prospect (no purchase),0.9001972447173027,46-55,High,False
C01625,40,At-Risk,Eastern Slovakia,mobile,42,1,0,3,6,,,,Prospect (no purchase),0.927543073849152,36-45,High,False
C01626,52,Regular,Central Slovakia,mobile,19,1,1,0,2,,,,Prospect (no purchase),0.8157547670932445,46-55,High,False
C01627,18,New,Central Slovakia,mobile,29,0,1,0,1,,,,Prospect (no purchase),0.9095749978344322,18-25,High,False
C01628,57,At-Risk,Western Slovakia,desktop,60,0,0,0,0,,,,Prospect (no purchase),0.9649585985649384,56+,High,False
C01629,43,New,Bratislava,tablet,38,1,0,1,8,,,,Prospect (no purchase),0.8922952992230713,36-45,High,False
C01630,51,Regular,Eastern Slovakia,mobile,6,0,0,0,2,,,,Prospect (no purchase),0.9116466996978266,46-55,High,False
C01631,23,Loyal,Bratislava,mobile,61,1,0,1,6,549.0,1.0,525.77,One-off Lapsed,0.7264667413514694,18-25,Medium,True
C01632,28,At-Risk,Bratislava,desktop,53,0,1,1,4,,,,Prospect (no purchase),,26-35,,False
C01633,40,Loyal,Central Slovakia,mobile,19,0,1,1,2,,,,Prospect (no purchase),0.7337307898199424,36-45,Medium,False
C01634,38,Regular,Bratislava,mobile,69,1,1,4,6,90.0,2.0,761.1700000000001,Occasional Repeat,0.6958709960841372,36-45,Medium,True
C01635,41,At-Risk,Bratislava,mobile,68,0,1,0,2,,,,Prospect (no purchase),0.9615756209946726,36-45,High,False
C01636,51,New,Eastern Slovakia,mobile,71,0,0,0,1,633.0,1.0,141.26,One-off Lapsed,,46-55,,True
C01637,18,At-Risk,Western Slovakia,mobile,27,0,0,3,0,,,,Prospect (no purchase),0.929106121325736,18-25,High,False
C01638,50,Loyal,Bratislava,desktop,66,0,1,1,3,469.0,1.0,230.97,One-off Lapsed,,46-55,,True
C01639,38,At-Risk,Western Slovakia,mobile,58,0,1,3,3,,,,Prospect (no purchase),0.9097444780700576,36-45,High,False
C01640,36,New,Eastern Slovakia,mobile,62,1,1,3,19,,,,Prospect (no purchase),0.8229567639630634,36-45,High,False
C01641,20,New,Bratislava,desktop,39,0,0,1,2,,,,Prospect (no purchase),0.8497029295306386,18-25,High,False
C01642,44,Regular,Bratislava,tablet,20,1,1,1,2,,,,Prospect (no purchase),,36-45,,False
C01643,18,Regular,Central Slovakia,mobile,17,0,0,1,2,,,,Prospect (no purchase),0.8878378843527901,18-25,High,False
C01644,46,Regular,Central Slovakia,mobile,69,0,1,0,5,,,,Prospect (no purchase),0.8871078642526864,46-55,High,False
C01645,20,At-Risk,Czech Republic,desktop,36,0,1,0,3,,,,Prospect (no purchase),,18-25,,False
C01646,39,Regular,Western Slovakia,mobile,66,1,0,3,25,549.0,1.0,213.7,One-off Lapsed,0.701661098716737,36-45,Medium,True
C01647,37,Regular,Bratislava,desktop,40,0,0,2,1,,,,Prospect (no purchase),0.8513861308281406,36-45,High,False
C01648,52,Regular,Central Slovakia,mobile,38,1,1,6,2,,,,Prospect (no purchase),,46-55,,False
C01649,36,New,Central Slovakia,mobile,6,0,0,0,6,,,,Prospect (no purchase),,36-45,,False
C01650,30,New,Bratislava,mobile,29,0,0,5,10,,,,Prospect (no purchase),,26-35,,False
C01651,32,New,Central Slovakia,desktop,40,0,0,1,1,,,,Prospect (no purchase),0.924231117763494,26-35,High,False
C01652,53,Loyal,Bratislava,mobile,8,1,0,2,2,,,,Prospect (no purchase),0.7052558723838984,46-55,Medium,False
C01653,44,Loyal,Eastern Slovakia,mobile,12,1,1,4,3,,,,Prospect (no purchase),0.6909521910400334,36-45,Medium,False
C01654,33,Regular,Eastern Slovakia,mobile,42,1,0,2,13,612.0,1.0,146.71,One-off Lapsed,0.8900951278578699,26-35,High,True
C01655,35,Regular,Western Slovakia,desktop,18,0,0,2,1,,,,Prospect (no purchase),0.8876216413628004,26-35,High,False
C01656,19,Regular,Czech Republic,mobile,50,0,1,5,2,,,,Prospect (no purchase),0.8562307060196077,18-25,High,False
C01657,43,Loyal,Czech Republic,desktop,33,0,1,3,3,,,,Prospect (no purchase),0.587086159331208,36-45,Low,False
C01658,18,At-Risk,Bratislava,desktop,29,0,0,3,7,,,,Prospect (no purchase),0.9083807576217436,18-25,High,False
C01659,47,Regular,Western Slovakia,mobile,9,0,1,0,3,,,,Prospect (no purchase),0.8827423815423223,46-55,High,False
C01660,40,Loyal,Central Slovakia,tablet,29,1,1,3,16,338.0,1.0,656.11,Occasional Repeat,0.5153390245923423,36-45,Low,True
C01661,67,Regular,Bratislava,desktop,39,0,1,1,23,242.0,1.0,147.28,One-off Lapsed,0.841063667756943,56+,High,True
C01662,25,Regular,Western Slovakia,mobile,41,0,1,2,4,,,,Prospect (no purchase),0.8520569846180996,18-25,High,False
C01663,37,Loyal,Bratislava,mobile,20,0,0,3,6,95.0,1.0,236.98,One-off Lapsed,0.7897932832939444,36-45,Medium,True
C01664,60,Regular,Czech Republic,mobile,2,0,1,2,2,647.0,1.0,239.58,One-off Lapsed,0.9172844563027708,56+,High,True
C01665,52,Regular,Western Slovakia,mobile,67,1,0,0,4,,,,Prospect (no purchase),0.8640385439246401,46-55,High,False
C01666,30,Regular,Eastern Slovakia,mobile,69,1,1,3,1,,,,Prospect (no purchase),0.8265191510677748,26-35,High,False
C01667,41,Regular,Western Slovakia,desktop,65,0,1,0,5,,,,Prospect (no purchase),0.8238974389638285,36-45,High,False
C01668,38,Regular,Bratislava,desktop,21,0,1,4,11,431.0,3.0,611.69,Champions,,36-45,,True
C01669,41,Regular,Eastern Slovakia,mobile,43,0,1,2,2,239.0,1.0,110.91,One-off Lapsed,0.7736011964109093,36-45,Medium,True
C01670,30,Regular,Bratislava,mobile,11,0,0,2,14,,,,Prospect (no purchase),0.8837184628800066,26-35,High,False
C01671,37,New,Bratislava,mobile,65,0,0,1,3,305.0,1.0,219.85,One-off Lapsed,0.9006497238844567,36-45,High,True
C01672,19,Loyal,Western Slovakia,mobile,1,0,1,1,8,,,,Prospect (no purchase),0.736618193030353,18-25,Medium,False
C01673,40,Regular,Central Slovakia,mobile,34,0,1,1,7,,,,Prospect (no purchase),0.8629479536364424,36-45,High,False
C01674,43,At-Risk,Western Slovakia,tablet,61,0,0,1,1,,,,Prospect (no purchase),,36-45,,False
C01675,35,New,Bratislava,desktop,52,0,1,1,6,,,,Prospect (no purchase),,26-35,,False
C01676,19,Regular,Western Slovakia,mobile,62,1,0,0,6,351.0,1.0,239.94,One-off Lapsed,0.8182582452182907,18-25,High,True
C01677,50,Regular,Bratislava,desktop,36,1,1,3,7,,,,Prospect (no purchase),0.6702071130520749,46-55,Medium,False
C01678,42,Loyal,Bratislava,mobile,7,1,1,6,4,450.0,2.0,595.09,Occasional Repeat,,36-45,,True
C01679,29,New,Central Slovakia,desktop,1,0,1,2,4,,,,Prospect (no purchase),,26-35,,False
C01680,35,At-Risk,Bratislava,mobile,11,0,1,0,0,,,,Prospect (no purchase),0.9418569734582102,26-35,High,False
C01681,20,Regular,Bratislava,mobile,5,0,0,7,9,,,,Prospect (no purchase),0.7907314076297668,18-25,Medium,False
C01682,26,Regular,Central Slovakia,desktop,32,0,0,3,6,440.0,1.0,112.83,One-off Lapsed,0.8985731663927687,26-35,High,True
C01683,32,Regular,Eastern Slovakia,mobile,4,0,0,2,4,,,,Prospect (no purchase),0.9027404353834336,26-35,High,False
C01684,53,New,Bratislava,desktop,14,0,0,0,4,,,,Prospect (no purchase),0.893954798671368,46-55,High,False
C01685,30,Regular,Western Slovakia,mobile,30,1,0,2,7,,,,Prospect (no purchase),,26-35,,False
C01686,46,New,Bratislava,desktop,53,0,0,2,6,,,,Prospect (no purchase),,46-55,,False
C01687,32,Regular,Czech Republic,desktop,48,0,0,1,0,,,,Prospect (no purchase),,26-35,,False
C01688,41,Regular,Bratislava,mobile,5,0,0,1,3,,,,Prospect (no purchase),0.8952002146571757,36-45,High,False
C01689,36,Regular,Bratislava,mobile,65,1,0,0,1,,,,Prospect (no purchase),,36-45,,False
C01690,48,New,Western Slovakia,desktop,40,1,1,0,0,,,,Prospect (no purchase),,46-55,,False
C01691,32,New,Bratislava,mobile,25,0,0,0,2,,,,Prospect (no purchase),,26-35,,False
C01692,19,New,Bratislava,mobile,28,0,1,2,18,,,,Prospect (no purchase),,18-25,,False
C01693,21,New,Bratislava,desktop,61,0,1,0,0,,,,Prospect (no purchase),0.923618096187763,18-25,High,False
C01694,32,Regular,Central Slovakia,mobile,34,0,1,1,7,272.0,1.0,209.23,One-off Lapsed,0.8557509604226436,26-35,High,True
C01695,23,New,Central Slovakia,desktop,18,0,1,2,4,478.0,1.0,181.96,One-off Lapsed,0.8347018961111943,18-25,High,True
C01696,43,At-Risk,Central Slovakia,mobile,31,0,1,0,4,,,,Prospect (no purchase),,36-45,,False
C01697,32,New,Eastern Slovakia,desktop,5,1,0,2,6,0.0,2.0,348.37,Recent Buyers,0.8878052896139523,26-35,High,True
C01698,66,New,Western Slovakia,mobile,11,0,0,0,1,,,,Prospect (no purchase),0.925838768634785,56+,High,False
C01699,18,Loyal,Czech Republic,mobile,23,0,1,3,5,,,,Prospect (no purchase),0.7650908575263278,18-25,Medium,False
C01700,40,New,Eastern Slovakia,mobile,16,1,0,5,4,,,,Prospect (no purchase),0.8412905411794454,36-45,High,False
C01701,24,Regular,Eastern Slovakia,desktop,25,0,0,0,3,,,,Prospect (no purchase),0.9271071887255528,18-25,High,False
C01702,32,At-Risk,Eastern Slovakia,desktop,5,0,0,0,0,,,,Prospect (no purchase),,26-35,,False
C01703,40,At-Risk,Western Slovakia,desktop,44,0,1,0,4,,,,Prospect (no purchase),,36-45,,False
C01704,18,Loyal,Bratislava,mobile,9,0,1,3,3,,,,Prospect (no purchase),,18-25,,False
C01705,41,New,Western Slovakia,mobile,16,0,1,2,14,,,,Prospect (no purchase),,36-45,,False
C01706,61,Regular,Bratislava,desktop,70,0,0,0,3,646.0,1.0,257.29,One-off Lapsed,,56+,,True
C01707,33,At-Risk,Western Slovakia,desktop,1,0,0,0,3,,,,Prospect (no purchase),0.9642766572029544,26-35,High,False
C01708,41,At-Risk,Bratislava,mobile,20,0,0,0,0,,,,Prospect (no purchase),,36-45,,False
C01709,50,New,Bratislava,desktop,36,0,0,0,1,,,,Prospect (no purchase),0.9057040954180786,46-55,High,False
C01710,36,Regular,Czech Republic,mobile,22,0,0,1,1,,,,Prospect (no purchase),,36-45,,False
C01711,31,Regular,Central Slovakia,mobile,23,1,0,1,8,276.0,1.0,189.59,One-off Lapsed,0.8532541114550508,26-35,High,True
C01712,18,New,Central Slovakia,desktop,10,0,0,1,3,,,,Prospect (no purchase),0.8653145580895018,18-25,High,False
C01713,46,Loyal,Western Slovakia,mobile,31,1,1,5,5,17.0,2.0,649.36,Occasional Repeat,0.5391665668592349,46-55,Low,True
C01714,37,New,Central Slovakia,mobile,54,0,1,2,6,,,,Prospect (no purchase),0.7936883878189674,36-45,Medium,False
C01715,26,Regular,Eastern Slovakia,mobile,42,0,0,0,2,,,,Prospect (no purchase),,26-35,,False
C01716,40,New,Central Slovakia,tablet,66,0,1,3,5,,,,Prospect (no purchase),,36-45,,False
C01717,31,Regular,Central Slovakia,mobile,50,0,1,2,6,,,,Prospect (no purchase),0.8524900822659214,26-35,High,False
C01718,32,New,Western Slovakia,desktop,57,0,0,1,3,526.0,1.0,203.62,One-off Lapsed,0.9259694611115228,26-35,High,True
C01719,45,Regular,Western Slovakia,mobile,31,1,1,4,6,,,,Prospect (no purchase),0.6537459206135537,36-45,Medium,False
C01720,22,New,Central Slovakia,mobile,44,0,1,0,3,,,,Prospect (no purchase),0.8927531236141937,18-25,High,False
C01721,51,At-Risk,Czech Republic,mobile,42,0,0,1,4,,,,Prospect (no purchase),0.9676743943484404,46-55,High,False
C01722,21,New,Western Slovakia,mobile,58,0,1,0,1,,,,Prospect (no purchase),,18-25,,False
C01723,30,Regular,Western Slovakia,mobile,36,0,1,2,2,,,,Prospect (no purchase),,26-35,,False
C01724,61,New,Western Slovakia,mobile,29,1,1,0,3,,,,Prospect (no purchase),,56+,,False
C01725,52,New,Western Slovakia,desktop,5,0,1,2,2,,,,Prospect (no purchase),0.8366746102246071,46-55,High,False
C01726,39,New,Czech Republic,mobile,62,0,1,0,2,,,,Prospect (no purchase),0.912515533313336,36-45,High,False
C01727,27,New,Central Slovakia,desktop,31,0,1,0,2,,,,Prospect (no purchase),0.9151130330455476,26-35,High,False
C01728,32,New,Western Slovakia,desktop,57,0,0,4,3,,,,Prospect (no purchase),0.8764792019642187,26-35,High,False
C01729,39,Regular,Western Slovakia,mobile,49,0,1,2,2,,,,Prospect (no purchase),0.8486041792148188,36-45,High,False
C01730,38,Regular,Western Slovakia,mobile,1,0,0,0,10,,,,Prospect (no purchase),,36-45,,False
C01731,37,New,Bratislava,mobile,47,1,1,4,1,239.0,2.0,384.09,Occasional Repeat,0.8680127802063224,36-45,High,True
C01732,38,Regular,Central Slovakia,mobile,35,0,1,1,2,,,,Prospect (no purchase),,36-45,,False
C01733,35,Regular,Eastern Slovakia,mobile,18,0,0,0,3,,,,Prospect (no purchase),0.8966941563363359,26-35,High,False
C01734,21,New,Central Slovakia,mobile,19,0,0,0,2,,,,Prospect (no purchase),0.9198003196640372,18-25,High,False
C01735,32,Regular,Bratislava,mobile,46,0,1,4,6,,,,Prospect (no purchase),,26-35,,False
C01736,49,New,Eastern Slovakia,mobile,7,0,1,0,0,,,,Prospect (no purchase),,46-55,,False
C01737,22,New,Central Slovakia,tablet,44,0,1,3,1,,,,Prospect (no purchase),0.8897739603364352,18-25,High,False
C01738,36,Regular,Bratislava,desktop,61,0,1,1,2,,,,Prospect (no purchase),,36-45,,False
C01739,28,At-Risk,Central Slovakia,mobile,7,0,0,0,1,,,,Prospect (no purchase),,26-35,,False
C01740,39,At-Risk,Central Slovakia,mobile,1,0,1,1,2,,,,Prospect (no purchase),,36-45,,False
C01741,33,At-Risk,Eastern Slovakia,desktop,5,0,1,0,6,,,,Prospect (no purchase),0.9634510057811884,26-35,High,False
C01742,56,Regular,Bratislava,mobile,52,0,1,1,1,,,,Prospect (no purchase),0.89085726729135,56+,High,False
C01743,44,New,Bratislava,mobile,61,0,0,0,2,,,,Prospect (no purchase),0.9163655805995896,36-45,High,False
C01744,22,Regular,Western Slovakia,desktop,71,0,1,2,6,543.0,1.0,155.5,One-off Lapsed,0.8146731938592812,18-25,High,True
C01745,46,New,Bratislava,mobile,3,0,1,3,5,,,,Prospect (no purchase),,46-55,,False
C01746,29,New,Western Slovakia,mobile,35,0,0,3,10,,,,Prospect (no purchase),0.7665161283118429,26-35,Medium,False
C01747,31,New,Eastern Slovakia,mobile,4,1,1,5,6,,,,Prospect (no purchase),0.7499676081230104,26-35,Medium,False
C01748,42,Regular,Bratislava,desktop,27,0,1,0,1,,,,Prospect (no purchase),0.8347796827044577,36-45,High,False
C01749,32,Regular,Western Slovakia,tablet,22,0,1,4,12,,,,Prospect (no purchase),0.7807643786908678,26-35,Medium,False
C01750,49,New,Czech Republic,desktop,44,0,0,1,7,,,,Prospect (no purchase),0.8826633907069533,46-55,High,False
C01751,29,Loyal,Western Slovakia,mobile,65,1,1,3,9,,,,Prospect (no purchase),0.6155510277076967,26-35,Medium,False
C01752,31,Regular,Western Slovakia,mobile,58,0,1,3,8,,,,Prospect (no purchase),0.7596704103122565,26-35,Medium,False
C01753,30,Loyal,Central Slovakia,desktop,5,0,0,2,6,711.0,1.0,194.99,One-off Lapsed,0.7726454437193723,26-35,Medium,True
C01754,31,New,Bratislava,desktop,18,0,0,1,2,,,,Prospect (no purchase),,26-35,,False
C01755,51,Regular,Bratislava,tablet,20,1,1,1,4,,,,Prospect (no purchase),0.8471069297120895,46-55,High,False
C01756,46,New,Central Slovakia,desktop,18,0,0,0,2,,,,Prospect (no purchase),0.9017608050105292,46-55,High,False
C01757,59,Regular,Western Slovakia,mobile,26,0,1,0,2,599.0,1.0,263.5,One-off Lapsed,0.891115108458641,56+,High,True
C01758,65,New,Bratislava,desktop,44,0,1,0,1,372.0,1.0,144.53,One-off Lapsed,,56+,,True
C01759,26,New,Bratislava,desktop,53,1,1,4,1,0.0,2.0,564.81,Recent Buyers,0.7975335780446458,26-35,Medium,True
C01760,39,Regular,Eastern Slovakia,desktop,67,1,0,8,2,97.0,2.0,434.11,Occasional Repeat,0.6827397912154596,36-45,Medium,True
C01761,24,New,Bratislava,desktop,50,0,1,0,2,,,,Prospect (no purchase),,18-25,,False
C01762,29,New,Eastern Slovakia,mobile,22,0,0,0,6,,,,Prospect (no purchase),0.9363273022348664,26-35,High,False
C01763,30,At-Risk,Western Slovakia,desktop,14,0,0,0,3,,,,Prospect (no purchase),0.945841688925562,26-35,High,False
C01764,25,New,Central Slovakia,mobile,27,0,1,2,11,241.0,1.0,158.36,One-off Lapsed,0.8188295341708499,18-25,High,True
C01765,25,Regular,Bratislava,mobile,57,0,1,2,11,604.0,1.0,380.29,One-off Lapsed,0.8615261427664228,18-25,High,True
C01766,36,Regular,Bratislava,desktop,71,1,1,0,3,,,,Prospect (no purchase),,36-45,,False
C01767,23,New,Central Slovakia,tablet,28,0,0,2,4,,,,Prospect (no purchase),0.9049091524074656,18-25,High,False
C01768,48,Regular,Central Slovakia,desktop,13,0,1,1,1,,,,Prospect (no purchase),0.8871743549700691,46-55,High,False
C01769,27,New,Bratislava,mobile,1,1,1,4,8,,,,Prospect (no purchase),0.818530957425394,26-35,High,False
C01770,72,Loyal,Western Slovakia,mobile,6,0,1,2,6,,,,Prospect (no purchase),0.7509457773427454,56+,Medium,False
C01771,33,New,Western Slovakia,mobile,46,1,0,3,1,,,,Prospect (no purchase),0.8562054017392797,26-35,High,False
C01772,39,New,Bratislava,desktop,42,0,0,6,9,,,,Prospect (no purchase),0.7981005059204873,36-45,Medium,False
C01773,22,Regular,Central Slovakia,desktop,46,0,0,1,1,639.0,1.0,242.51,One-off Lapsed,0.8653026050935815,18-25,High,True
C01774,58,At-Risk,Bratislava,tablet,2,1,1,1,3,605.0,2.0,353.04,Occasional Repeat,0.932610053348957,56+,High,True
C01775,51,Loyal,Western Slovakia,mobile,32,1,1,2,5,,,,Prospect (no purchase),0.6575770495347154,46-55,Medium,False
C01776,42,At-Risk,Bratislava,mobile,13,0,1,1,3,,,,Prospect (no purchase),0.9580201530153916,36-45,High,False
C01777,22,Regular,Western Slovakia,desktop,24,0,1,5,6,523.0,2.0,380.15,Occasional Repeat,0.664172740485528,18-25,Medium,True
C01778,41,Regular,Western Slovakia,mobile,45,0,0,0,3,,,,Prospect (no purchase),0.8922521157041331,36-45,High,False
C01779,25,Regular,Western Slovakia,tablet,20,1,1,6,14,,,,Prospect (no purchase),0.6660084597768497,18-25,Medium,False
C01780,56,At-Risk,Western Slovakia,desktop,47,0,1,5,4,,,,Prospect (no purchase),0.8335886054231552,56+,High,False
C01781,48,Regular,Czech Republic,mobile,21,0,1,0,4,,,,Prospect (no purchase),,46-55,,False
C01782,39,Regular,Western Slovakia,mobile,37,0,1,0,2,,,,Prospect (no purchase),0.8852276423270267,36-45,High,False
C01783,18,Regular,Eastern Slovakia,desktop,33,0,0,0,10,,,,Prospect (no purchase),,18-25,,False
C01784,26,Regular,Bratislava,desktop,28,1,0,2,10,95.0,1.0,215.43,One-off Lapsed,0.7133330991717596,26-35,Medium,True
C01785,46,New,Western Slovakia,desktop,9,0,0,0,5,,,,Prospect (no purchase),,46-55,,False
C01786,53,Regular,Bratislava,desktop,41,1,1,2,5,,,,Prospect (no purchase),0.7418975776159502,46-55,Medium,False
C01787,51,Regular,Western Slovakia,mobile,71,1,0,1,7,,,,Prospect (no purchase),,46-55,,False
C01788,19,Loyal,Central Slovakia,desktop,46,0,1,1,2,,,,Prospect (no purchase),0.7901847396330344,18-25,Medium,False
C01789,42,Regular,Eastern Slovakia,tablet,53,0,0,2,1,,,,Prospect (no purchase),0.910423470094128,36-45,High,False
C01790,50,Loyal,Central Slovakia,mobile,58,0,0,1,5,,,,Prospect (no purchase),,46-55,,False
C01791,18,Regular,Central Slovakia,desktop,3,0,0,0,2,,,,Prospect (no purchase),,18-25,,False
C01792,38,Loyal,Bratislava,mobile,57,1,0,4,13,,,,Prospect (no purchase),,36-45,,False
C01793,41,New,Bratislava,mobile,18,0,0,3,4,,,,Prospect (no purchase),0.844890363876065,36-45,High,False
C01794,34,At-Risk,Eastern Slovakia,mobile,48,0,0,0,2,,,,Prospect (no purchase),0.9724345538230628,26-35,High,False
C01795,18,Regular,Bratislava,desktop,70,0,0,2,7,166.0,2.0,418.39,Occasional Repeat,0.8317163406465593,18-25,High,True
C01796,34,New,Bratislava,mobile,64,0,0,0,6,,,,Prospect (no purchase),0.9295006829553204,26-35,High,False
C01797,34,New,Czech Republic,mobile,30,0,1,3,8,,,,Prospect (no purchase),,26-35,,False
C01798,36,New,Czech Republic,desktop,60,1,1,1,5,,,,Prospect (no purchase),,36-45,,False
C01799,31,Regular,Central Slovakia,mobile,44,1,0,0,4,,,,Prospect (no purchase),,26-35,,False
C01800,33,Loyal,Western Slovakia,desktop,10,1,1,1,11,,,,Prospect (no purchase),0.6624441844676768,26-35,Medium,False
C01801,38,At-Risk,Eastern Slovakia,tablet,18,0,1,1,6,,,,Prospect (no purchase),,36-45,,False
C01802,43,Regular,Bratislava,mobile,68,1,1,3,9,,,,Prospect (no purchase),,36-45,,False
C01803,34,Regular,Western Slovakia,mobile,65,0,1,2,5,,,,Prospect (no purchase),0.7899488684568138,26-35,Medium,False
C01804,33,Regular,Western Slovakia,tablet,64,1,1,4,16,,,,Prospect (no purchase),0.714486694559248,26-35,Medium,False
C01805,39,Loyal,Czech Republic,mobile,28,0,1,3,1,287.0,3.0,930.32,Champions,0.7208557677920497,36-45,Medium,True
C01806,18,Loyal,Czech Republic,mobile,23,0,1,6,9,592.0,1.0,339.28,One-off Lapsed,,18-25,,True
C01807,44,New,Central Slovakia,tablet,58,1,1,2,3,,,,Prospect (no purchase),0.8496659229781907,36-45,High,False
C01808,38,At-Risk,Bratislava,desktop,2,1,1,1,4,,,,Prospect (no purchase),,36-45,,False
C01809,38,Regular,Western Slovakia,desktop,64,0,1,2,1,,,,Prospect (no purchase),0.8575840179385823,36-45,High,False
C01810,50,Loyal,Bratislava,mobile,43,1,1,1,4,302.0,1.0,333.72,One-off Lapsed,0.7277875613652776,46-55,Medium,True
C01811,18,At-Risk,Eastern Slovakia,desktop,45,0,1,1,2,,,,Prospect (no purchase),0.9398575644752262,18-25,High,False
C01812,18,Loyal,Bratislava,desktop,32,0,1,4,9,333.0,1.0,207.22,One-off Lapsed,0.5794587607833184,18-25,Low,True
C01813,41,New,Bratislava,desktop,70,0,1,0,1,,,,Prospect (no purchase),,36-45,,False
C01814,38,Regular,Central Slovakia,desktop,54,0,0,1,2,,,,Prospect (no purchase),0.8547683549831595,36-45,High,False
C01815,40,New,Western Slovakia,desktop,4,0,0,1,5,240.0,1.0,153.83,One-off Lapsed,0.9104946843493436,36-45,High,True
C01816,32,Loyal,Eastern Slovakia,mobile,38,1,1,9,21,0.0,2.0,522.91,Recent Buyers,0.5100797991916957,26-35,Low,True
C01817,46,New,Bratislava,mobile,62,0,1,1,2,,,,Prospect (no purchase),0.9102730520540664,46-55,High,False
C01818,49,Loyal,Eastern Slovakia,mobile,6,1,1,5,22,,,,Prospect (no purchase),0.5113507372306386,46-55,Low,False
C01819,44,At-Risk,Bratislava,mobile,53,0,1,0,5,,,,Prospect (no purchase),0.9558841658001964,36-45,High,False
C01820,35,New,Bratislava,mobile,18,0,0,0,4,,,,Prospect (no purchase),,26-35,,False
C01821,18,Regular,Western Slovakia,mobile,36,0,0,2,5,,,,Prospect (no purchase),,18-25,,False
C01822,47,Regular,Bratislava,desktop,63,0,0,3,4,,,,Prospect (no purchase),0.884496422660743,46-55,High,False
C01823,53,Regular,Central Slovakia,mobile,35,0,0,0,4,,,,Prospect (no purchase),0.9121245938998253,46-55,High,False
C01824,46,New,Bratislava,mobile,3,0,0,1,3,,,,Prospect (no purchase),0.9098755911985654,46-55,High,False
C01825,27,New,Bratislava,mobile,2,0,0,0,2,,,,Prospect (no purchase),0.9342360457930152,26-35,High,False
C01826,46,Regular,Eastern Slovakia,mobile,53,1,1,2,5,646.0,1.0,146.2,One-off Lapsed,0.8515285626571837,46-55,High,True
C01827,48,Regular,Bratislava,desktop,67,0,1,0,4,,,,Prospect (no purchase),0.898023568638976,46-55,High,False
C01828,57,Regular,Central Slovakia,mobile,21,0,1,0,2,,,,Prospect (no purchase),,56+,,False
C01829,27,New,Eastern Slovakia,mobile,67,1,1,3,7,,,,Prospect (no purchase),0.7909097705501573,26-35,Medium,False
C01830,35,Regular,Bratislava,desktop,33,0,1,2,1,,,,Prospect (no purchase),,26-35,,False
C01831,47,Regular,Eastern Slovakia,mobile,5,0,1,2,4,,,,Prospect (no purchase),0.8862625463844136,46-55,High,False
C01832,39,New,Bratislava,mobile,38,0,0,2,2,,,,Prospect (no purchase),0.9164969913172608,36-45,High,False
C01833,25,Loyal,Western Slovakia,desktop,70,0,1,1,3,686.0,1.0,209.33,One-off Lapsed,,18-25,,True
C01834,43,Regular,Bratislava,mobile,18,1,0,0,1,,,,Prospect (no purchase),,36-45,,False
C01835,45,Regular,Eastern Slovakia,desktop,69,1,1,5,4,,,,Prospect (no purchase),0.6681150399071174,36-45,Medium,False
C01836,39,At-Risk,Central Slovakia,desktop,47,0,1,0,1,,,,Prospect (no purchase),0.9398873892809072,36-45,High,False
C01837,41,Regular,Western Slovakia,tablet,29,1,0,4,4,,,,Prospect (no purchase),0.7745434782512163,36-45,Medium,False
C01838,35,Regular,Czech Republic,mobile,50,0,1,3,1,494.0,1.0,245.92,One-off Lapsed,0.8739297685294053,26-35,High,True
C01839,56,New,Western Slovakia,desktop,29,0,0,1,6,,,,Prospect (no purchase),0.8613469555158804,56+,High,False
C01840,27,New,Eastern Slovakia,desktop,7,1,0,1,16,524.0,1.0,203.98,One-off Lapsed,,26-35,,True
C01841,31,New,Central Slovakia,mobile,62,0,1,2,2,,,,Prospect (no purchase),0.8835633933354422,26-35,High,False
C01842,38,Loyal,Czech Republic,tablet,27,0,1,5,27,415.0,2.0,728.0799999999999,Occasional Repeat,0.7075875411241777,36-45,Medium,True
C01843,49,Loyal,Czech Republic,mobile,41,0,1,6,1,,,,Prospect (no purchase),0.6854743279609887,46-55,Medium,False
C01844,20,New,Czech Republic,desktop,53,0,1,0,2,,,,Prospect (no purchase),,18-25,,False
C01845,22,New,Bratislava,desktop,6,0,0,0,1,,,,Prospect (no purchase),0.8916714500881964,18-25,High,False
C01846,18,Regular,Eastern Slovakia,mobile,52,0,0,1,15,,,,Prospect (no purchase),0.9138792916687196,18-25,High,False
C01847,38,Regular,Eastern Slovakia,mobile,26,0,1,1,3,483.0,1.0,223.94,One-off Lapsed,0.8830816515260308,36-45,High,True
C01848,25,Regular,Central Slovakia,desktop,39,1,0,3,4,,,,Prospect (no purchase),0.6496684811828414,18-25,Medium,False
C01849,33,Loyal,Bratislava,mobile,33,1,0,3,0,,,,Prospect (no purchase),0.7391308579433292,26-35,Medium,False
C01850,46,At-Risk,Czech Republic,mobile,56,0,1,1,3,,,,Prospect (no purchase),0.9593698526022147,46-55,High,False
C01851,30,New,Bratislava,mobile,14,0,1,1,10,,,,Prospect (no purchase),0.8819441987504738,26-35,High,False
C01852,41,Regular,Western Slovakia,desktop,8,0,0,0,6,412.0,1.0,273.18,One-off Lapsed,0.8884607983842256,36-45,High,True
C01853,34,Regular,Central Slovakia,mobile,30,0,0,4,4,,,,Prospect (no purchase),0.8648842317246537,26-35,High,False
C01854,46,Regular,Bratislava,desktop,9,0,1,0,2,,,,Prospect (no purchase),0.9060251771349316,46-55,High,False
C01855,44,At-Risk,Eastern Slovakia,desktop,18,0,1,2,8,,,,Prospect (no purchase),0.9510843260333904,36-45,High,False
C01856,30,New,Bratislava,mobile,47,0,1,0,3,,,,Prospect (no purchase),0.8872493007648792,26-35,High,False
C01857,36,Loyal,Central Slovakia,mobile,59,0,1,2,1,,,,Prospect (no purchase),0.7708108158788158,36-45,Medium,False
C01858,51,Loyal,Eastern Slovakia,mobile,50,0,0,4,8,234.0,2.0,353.83,Occasional Repeat,0.7487953921941046,46-55,Medium,True
C01859,43,At-Risk,Western Slovakia,tablet,23,0,1,0,4,,,,Prospect (no purchase),,36-45,,False
C01860,21,Regular,Central Slovakia,desktop,58,0,0,2,1,,,,Prospect (no purchase),0.893208402151918,18-25,High,False
C01861,46,Regular,Bratislava,mobile,29,1,1,4,6,,,,Prospect (no purchase),0.7700055192014393,46-55,Medium,False
C01862,25,Loyal,Eastern Slovakia,mobile,13,0,0,2,7,227.0,1.0,314.2,One-off Lapsed,0.7954940698268086,18-25,Medium,True
C01863,55,Loyal,Czech Republic,mobile,54,0,1,5,4,,,,Prospect (no purchase),0.709522801070053,46-55,Medium,False
C01864,50,Regular,Bratislava,tablet,37,0,0,0,5,,,,Prospect (no purchase),0.9172380666208804,46-55,High,False
C01865,41,Loyal,Central Slovakia,mobile,27,1,1,4,4,519.0,2.0,506.5,Occasional Repeat,0.5434925258607611,36-45,Low,True
C01866,40,New,Western Slovakia,mobile,47,0,1,2,2,,,,Prospect (no purchase),0.8803568150050676,36-45,High,False
C01867,35,Regular,Central Slovakia,tablet,52,0,0,0,2,,,,Prospect (no purchase),,26-35,,False
C01868,46,Loyal,Central Slovakia,mobile,16,1,0,5,2,,,,Prospect (no purchase),,46-55,,False
C01869,34,Regular,Western Slovakia,mobile,9,0,1,0,2,,,,Prospect (no purchase),,26-35,,False
C01870,41,Regular,Central Slovakia,mobile,37,0,0,2,5,,,,Prospect (no purchase),0.8828911742456043,36-45,High,False
C01871,48,At-Risk,Bratislava,desktop,4,0,0,0,1,,,,Prospect (no purchase),0.9578550590707122,46-55,High,False
C01872,31,Loyal,Western Slovakia,mobile,46,1,1,2,13,384.0,1.0,358.72,One-off Lapsed,,26-35,,True
C01873,31,At-Risk,Eastern Slovakia,tablet,32,0,1,0,0,,,,Prospect (no purchase),,26-35,,False
C01874,24,Regular,Bratislava,mobile,16,1,0,0,1,484.0,1.0,186.58,One-off Lapsed,0.9253953841157232,18-25,High,True
C01875,25,At-Risk,Central Slovakia,mobile,43,0,1,0,7,,,,Prospect (no purchase),0.9550291958860386,18-25,High,False
C01876,18,New,Bratislava,desktop,27,0,0,1,2,,,,Prospect (no purchase),,18-25,,False
C01877,47,Regular,Eastern Slovakia,desktop,28,0,0,1,3,,,,Prospect (no purchase),0.8708737903050142,46-55,High,False
C01878,60,Regular,Central Slovakia,desktop,16,0,1,1,3,352.0,1.0,142.91,One-off Lapsed,0.8145400104813596,56+,High,True
C01879,55,Loyal,Western Slovakia,desktop,49,0,1,1,1,,,,Prospect (no purchase),0.7729568662303883,46-55,Medium,False
C01880,18,At-Risk,Bratislava,mobile,65,0,1,3,2,,,,Prospect (no purchase),0.9451789401445552,18-25,High,False
C01881,47,Loyal,Western Slovakia,desktop,44,1,1,0,5,,,,Prospect (no purchase),0.7125419833958947,46-55,Medium,False
C01882,55,Regular,Czech Republic,mobile,17,0,1,1,2,344.0,1.0,192.5,One-off Lapsed,0.8936438080148396,46-55,High,True
C01883,33,Regular,Western Slovakia,mobile,60,0,0,3,3,366.0,2.0,744.4,Occasional Repeat,0.8587918145646847,26-35,High,True
C01884,39,Regular,Western Slovakia,tablet,9,0,0,0,1,,,,Prospect (no purchase),,36-45,,False
C01885,18,Regular,Eastern Slovakia,desktop,21,0,0,1,11,,,,Prospect (no purchase),0.9036710535354158,18-25,High,False
C01886,41,New,Western Slovakia,mobile,3,0,1,1,5,,,,Prospect (no purchase),0.8845476988955124,36-45,High,False
C01887,25,Regular,Western Slovakia,mobile,61,0,1,2,6,349.0,1.0,207.62,One-off Lapsed,0.7678497531353976,18-25,Medium,True
C01888,40,Loyal,Western Slovakia,tablet,4,1,0,5,5,,,,Prospect (no purchase),,36-45,,False
C01889,19,Loyal,Bratislava,mobile,39,1,1,1,7,334.0,1.0,499.44,One-off Lapsed,0.6968022234474311,18-25,Medium,True
C01890,45,Loyal,Central Slovakia,mobile,14,1,1,5,11,426.0,2.0,371.35,Occasional Repeat,0.6429189032647544,36-45,Medium,True
C01891,50,Regular,Eastern Slovakia,mobile,16,0,0,0,3,,,,Prospect (no purchase),0.9313571583178256,46-55,High,False
C01892,29,Regular,Czech Republic,mobile,44,0,0,1,2,408.0,1.0,110.19,One-off Lapsed,0.944093661949296,26-35,High,True
C01893,24,New,Eastern Slovakia,mobile,58,0,0,2,3,,,,Prospect (no purchase),0.889372806447245,18-25,High,False
C01894,18,Regular,Western Slovakia,tablet,2,0,0,0,1,,,,Prospect (no purchase),0.8905529230541124,18-25,High,False
C01895,35,Regular,Bratislava,mobile,12,0,0,0,4,,,,Prospect (no purchase),,26-35,,False
C01896,31,New,Central Slovakia,mobile,21,1,0,1,5,,,,Prospect (no purchase),0.874906340081034,26-35,High,False
C01897,19,New,Czech Republic,desktop,67,1,1,9,8,,,,Prospect (no purchase),0.7119847066160314,18-25,Medium,False
C01898,43,Loyal,Eastern Slovakia,mobile,5,1,1,5,10,553.0,1.0,284.36,One-off Lapsed,0.6048252415970232,36-45,Medium,True
C01899,33,Regular,Western Slovakia,desktop,13,1,0,0,1,,,,Prospect (no purchase),,26-35,,False
C01900,25,Regular,Central Slovakia,desktop,29,1,1,4,1,313.0,1.0,163.94,One-off Lapsed,0.6946414261827952,18-25,Medium,True
C01901,31,New,Eastern Slovakia,desktop,24,0,0,1,2,6.0,1.0,121.26,Recent Buyers,0.9344021726977886,26-35,High,True
C01902,51,Regular,Czech Republic,desktop,4,1,0,2,10,359.0,2.0,407.12,Occasional Repeat,0.8015188701935163,46-55,High,True
C01903,45,Regular,Eastern Slovakia,desktop,39,1,0,1,2,,,,Prospect (no purchase),0.8885039217071283,36-45,High,False
C01904,36,Regular,Western Slovakia,desktop,44,1,1,0,1,94.0,1.0,263.12,One-off Lapsed,0.8117503392210954,36-45,High,True
C01905,45,Regular,Bratislava,desktop,13,0,0,2,5,,,,Prospect (no purchase),0.8350675675272661,36-45,High,False
C01906,24,New,Western Slovakia,mobile,49,0,0,1,3,,,,Prospect (no purchase),0.9348101868409489,18-25,High,False
C01907,38,At-Risk,Western Slovakia,desktop,5,1,1,0,2,,,,Prospect (no purchase),,36-45,,False
C01908,40,New,Czech Republic,desktop,52,1,1,1,3,,,,Prospect (no purchase),0.888105505939967,36-45,High,False
C01909,32,Regular,Western Slovakia,mobile,19,0,0,2,2,583.0,1.0,285.56,One-off Lapsed,0.8813404924507671,26-35,High,True
C01910,43,New,Western Slovakia,desktop,16,0,0,1,3,,,,Prospect (no purchase),0.9134465043278932,36-45,High,False
C01911,29,Regular,Western Slovakia,mobile,14,1,0,1,18,337.0,3.0,604.86,Champions,0.7717683463432207,26-35,Medium,True
C01912,44,New,Central Slovakia,mobile,62,1,1,6,5,640.0,1.0,243.8,One-off Lapsed,0.8167739690138391,36-45,High,True
C01913,45,Loyal,Central Slovakia,desktop,36,1,1,2,7,,,,Prospect (no purchase),0.642710534728219,36-45,Medium,False
C01914,18,Regular,Bratislava,mobile,50,0,1,0,2,,,,Prospect (no purchase),0.9039015848322446,18-25,High,False
C01915,52,Regular,Eastern Slovakia,mobile,15,1,0,4,9,661.0,3.0,634.72,Champions,0.7386190769153487,46-55,Medium,True
C01916,18,New,Western Slovakia,mobile,5,0,0,2,2,,,,Prospect (no purchase),0.9064178311339214,18-25,High,False
C01917,31,New,Western Slovakia,desktop,3,0,0,0,1,,,,Prospect (no purchase),,26-35,,False
C01918,50,Regular,Bratislava,mobile,32,0,0,0,3,,,,Prospect (no purchase),,46-55,,False
C01919,34,Regular,Central Slovakia,desktop,24,0,1,0,1,,,,Prospect (no purchase),,26-35,,False
C01920,20,Regular,Central Slovakia,desktop,55,0,1,2,4,311.0,2.0,347.32,Occasional Repeat,0.8647568304078546,18-25,High,True
C01921,25,At-Risk,Eastern Slovakia,desktop,56,0,1,0,3,,,,Prospect (no purchase),0.9645977666582556,18-25,High,False
C01922,50,Loyal,Bratislava,tablet,23,0,1,3,11,447.0,1.0,201.43,One-off Lapsed,0.703845937385698,46-55,Medium,True
C01923,18,At-Risk,Czech Republic,desktop,31,1,1,0,9,,,,Prospect (no purchase),0.917336005758278,18-25,High,False
C01924,52,New,Central Slovakia,mobile,28,0,1,1,10,,,,Prospect (no purchase),0.8808181898602014,46-55,High,False
C01925,37,Loyal,Bratislava,tablet,48,1,1,5,9,35.0,2.0,752.11,Occasional Repeat,0.5204368384158617,36-45,Low,True
C01926,24,Regular,Bratislava,mobile,45,0,0,1,2,,,,Prospect (no purchase),0.9130915784291296,18-25,High,False
C01927,31,Regular,Bratislava,mobile,47,1,0,1,11,468.0,1.0,145.16,One-off Lapsed,0.8195472899660381,26-35,High,True
C01928,26,At-Risk,Eastern Slovakia,mobile,4,0,0,1,6,542.0,1.0,148.03,One-off Lapsed,0.9742361895679308,26-35,High,True
C01929,48,Regular,Bratislava,desktop,24,0,1,1,2,,,,Prospect (no purchase),0.8939240840393922,46-55,High,False
C01930,47,At-Risk,Western Slovakia,mobile,69,0,0,1,7,,,,Prospect (no purchase),,46-55,,False
C01931,18,Loyal,Central Slovakia,desktop,25,1,1,7,17,,,,Prospect (no purchase),0.2867224980178218,18-25,Low,False
C01932,33,New,Eastern Slovakia,mobile,13,1,1,2,5,,,,Prospect (no purchase),,26-35,,False
C01933,28,Loyal,Central Slovakia,mobile,15,0,1,3,4,,,,Prospect (no purchase),0.6805480002033807,26-35,Medium,False
C01934,54,Regular,Eastern Slovakia,mobile,2,1,1,1,2,,,,Prospect (no purchase),0.8169519811198175,46-55,High,False
C01935,22,At-Risk,Bratislava,desktop,56,0,0,0,12,,,,Prospect (no purchase),,18-25,,False
C01936,57,Loyal,Eastern Slovakia,mobile,1,0,0,5,2,,,,Prospect (no purchase),0.7661023909536422,56+,Medium,False
C01937,38,New,Bratislava,mobile,43,0,1,1,11,,,,Prospect (no purchase),0.8932073922372542,36-45,High,False
C01938,24,New,Bratislava,mobile,29,0,0,0,8,,,,Prospect (no purchase),,18-25,,False
C01939,30,New,Czech Republic,mobile,7,1,1,1,2,,,,Prospect (no purchase),,26-35,,False
C01940,28,Regular,Bratislava,desktop,63,0,1,2,1,,,,Prospect (no purchase),,26-35,,False
C01941,23,New,Bratislava,mobile,53,0,0,1,2,,,,Prospect (no purchase),0.9006753812166721,18-25,High,False
C01942,39,Loyal,Central Slovakia,mobile,59,1,0,1,4,,,,Prospect (no purchase),,36-45,,False
C01943,23,Regular,Western Slovakia,desktop,67,0,0,1,4,,,,Prospect (no purchase),0.8363492965550773,18-25,High,False
C01944,18,Loyal,Bratislava,mobile,65,1,1,1,5,,,,Prospect (no purchase),0.6468227315352147,18-25,Medium,False
C01945,33,New,Central Slovakia,mobile,50,1,1,4,4,,,,Prospect (no purchase),0.7380961528729322,26-35,Medium,False
C01946,18,Regular,Eastern Slovakia,desktop,38,0,1,1,14,,,,Prospect (no purchase),0.8727126597351316,18-25,High,False
C01947,29,New,Eastern Slovakia,desktop,50,0,1,4,6,383.0,1.0,204.55,One-off Lapsed,0.8115948191256136,26-35,High,True
C01948,27,At-Risk,Bratislava,desktop,32,0,1,0,4,,,,Prospect (no purchase),0.9415309133728345,26-35,High,False
C01949,28,New,Central Slovakia,mobile,13,0,1,1,1,,,,Prospect (no purchase),0.8963023572404595,26-35,High,False
C01950,62,New,Eastern Slovakia,mobile,28,1,1,1,5,,,,Prospect (no purchase),0.8128355292430083,56+,High,False
C01951,39,New,Bratislava,mobile,34,0,1,1,3,,,,Prospect (no purchase),0.9102235368669924,36-45,High,False
C01952,41,Loyal,Bratislava,mobile,4,0,0,1,8,,,,Prospect (no purchase),0.783546812244474,36-45,Medium,False
C01953,18,New,Bratislava,mobile,61,0,1,0,1,,,,Prospect (no purchase),,18-25,,False
C01954,30,Regular,Central Slovakia,tablet,65,1,1,0,13,31.0,1.0,227.11,One-off Lapsed,0.8201436076514026,26-35,High,True
C01955,41,Loyal,Bratislava,desktop,30,1,0,1,4,,,,Prospect (no purchase),0.536459585549031,36-45,Low,False
C01956,26,Loyal,Eastern Slovakia,mobile,36,0,0,6,4,233.0,4.0,981.43,Champions,0.6702139809595449,26-35,Medium,True
C01957,49,New,Czech Republic,mobile,60,1,1,6,11,,,,Prospect (no purchase),,46-55,,False
C01958,24,New,Bratislava,desktop,33,1,1,0,5,333.0,1.0,239.79,One-off Lapsed,0.8314891760113674,18-25,High,True
C01959,35,Regular,Central Slovakia,mobile,49,0,1,2,2,,,,Prospect (no purchase),0.8675590366562964,26-35,High,False
C01960,31,New,Bratislava,mobile,37,0,0,0,1,,,,Prospect (no purchase),0.93797660162496,26-35,High,False
C01961,40,Loyal,Bratislava,mobile,20,1,1,4,3,682.0,1.0,344.69,One-off Lapsed,0.7411426752013865,36-45,Medium,True
C01962,30,Regular,Eastern Slovakia,desktop,57,0,1,3,1,,,,Prospect (no purchase),0.8570758923149038,26-35,High,False
C01963,35,Regular,Western Slovakia,desktop,14,0,0,1,5,,,,Prospect (no purchase),0.849031884265792,26-35,High,False
C01964,35,New,Czech Republic,mobile,16,0,0,1,3,,,,Prospect (no purchase),,26-35,,False
C01965,29,Regular,Central Slovakia,mobile,50,0,1,3,5,,,,Prospect (no purchase),0.8469762223374939,26-35,High,False
C01966,44,New,Bratislava,desktop,51,0,1,1,4,,,,Prospect (no purchase),,36-45,,False
C01967,41,Regular,Western Slovakia,mobile,68,0,1,2,3,,,,Prospect (no purchase),,36-45,,False
C01968,37,New,Bratislava,desktop,51,0,1,0,5,349.0,2.0,382.97,Occasional Repeat,0.8575341053172568,36-45,High,True
C01969,33,At-Risk,Eastern Slovakia,mobile,2,0,1,0,1,,,,Prospect (no purchase),,26-35,,False
C01970,48,Loyal,Central Slovakia,desktop,61,0,0,4,1,589.0,1.0,252.76,One-off Lapsed,,46-55,,True
C01971,35,New,Western Slovakia,tablet,30,0,0,4,7,,,,Prospect (no purchase),0.8295885451884981,26-35,High,False
C01972,34,New,Central Slovakia,desktop,1,0,0,0,1,,,,Prospect (no purchase),0.9341979822125112,26-35,High,False
C01973,39,Regular,Central Slovakia,mobile,42,0,0,0,1,,,,Prospect (no purchase),0.8896983641539162,36-45,High,False
C01974,58,New,Eastern Slovakia,desktop,13,0,0,1,2,,,,Prospect (no purchase),0.931002518799418,56+,High,False
C01975,22,New,Bratislava,mobile,30,0,1,2,1,,,,Prospect (no purchase),0.8751016943266041,18-25,High,False
C01976,47,Loyal,Bratislava,mobile,34,1,0,4,5,544.0,1.0,454.86,One-off Lapsed,0.7695103487869581,46-55,Medium,True
C01977,18,Regular,Bratislava,mobile,6,0,1,0,3,331.0,1.0,208.67,One-off Lapsed,0.8901693664120035,18-25,High,True
C01978,41,New,Western Slovakia,desktop,61,0,1,3,6,,,,Prospect (no purchase),,36-45,,False
C01979,57,Regular,Western Slovakia,mobile,37,1,1,2,5,,,,Prospect (no purchase),,56+,,False
C01980,44,New,Bratislava,desktop,69,0,0,4,2,,,,Prospect (no purchase),0.8979508726317487,36-45,High,False
C01981,40,At-Risk,Western Slovakia,mobile,34,0,0,0,5,,,,Prospect (no purchase),,36-45,,False
C01982,31,New,Western Slovakia,mobile,43,0,1,1,3,,,,Prospect (no purchase),0.8863153079321628,26-35,High,False
C01983,38,Loyal,Bratislava,mobile,58,0,1,1,3,,,,Prospect (no purchase),,36-45,,False
C01984,35,Loyal,Czech Republic,desktop,16,0,0,3,1,,,,Prospect (no purchase),0.8181773493101927,26-35,High,False
C01985,29,New,Central Slovakia,mobile,65,0,1,4,13,,,,Prospect (no purchase),,26-35,,False
C01986,35,New,Western Slovakia,mobile,14,0,1,1,6,,,,Prospect (no purchase),,26-35,,False
C01987,40,Regular,Western Slovakia,mobile,71,0,0,0,3,,,,Prospect (no purchase),0.8908359744658924,36-45,High,False
C01988,29,Loyal,Western Slovakia,mobile,46,1,1,1,9,,,,Prospect (no purchase),,26-35,,False
C01989,28,Regular,Eastern Slovakia,mobile,37,1,1,1,6,,,,Prospect (no purchase),,26-35,,False
C01990,22,Regular,Central Slovakia,mobile,15,0,1,0,3,460.0,1.0,174.44,One-off Lapsed,0.8920450603334305,18-25,High,True
C01991,43,Loyal,Western Slovakia,mobile,41,0,0,0,8,,,,Prospect (no purchase),0.8043668088856146,36-45,High,False
C01992,45,Loyal,Czech Republic,tablet,40,0,1,0,9,627.0,1.0,353.87,One-off Lapsed,0.8009892921114781,36-45,High,True
C01993,41,Regular,Eastern Slovakia,mobile,70,1,0,2,1,,,,Prospect (no purchase),0.8749393420689369,36-45,High,False
C01994,50,Regular,Eastern Slovakia,mobile,60,1,0,2,12,,,,Prospect (no purchase),0.8459839818649695,46-55,High,False
C01995,39,Loyal,Bratislava,mobile,35,0,0,1,3,,,,Prospect (no purchase),0.8227702054787025,36-45,High,False
C01996,43,New,Bratislava,mobile,28,1,1,0,1,,,,Prospect (no purchase),,36-45,,False
C01997,42,Loyal,Central Slovakia,desktop,28,0,1,3,1,150.0,1.0,251.06,One-off Lapsed,0.6690333966091436,36-45,Medium,True
C01998,37,New,Western Slovakia,mobile,27,0,1,0,4,,,,Prospect (no purchase),0.9103330381104748,36-45,High,False
C01999,32,New,Central Slovakia,mobile,1,0,1,5,3,3.0,1.0,115.16,Recent Buyers,0.831475406354944,26-35,High,True
C02000,65,Loyal,Eastern Slovakia,desktop,3,0,1,1,3,,,,Prospect (no purchase),0.7261860544442588,56+,Medium,False
C02001,33,Regular,Bratislava,mobile,54,0,1,2,7,,,,Prospect (no purchase),,26-35,,False
C02002,30,New,Bratislava,tablet,19,0,0,0,9,,,,Prospect (no purchase),0.8953724647748238,26-35,High,False
C02003,43,New,Western Slovakia,tablet,30,1,0,1,5,,,,Prospect (no purchase),0.8513312175552562,36-45,High,False
C02004,41,Regular,Bratislava,mobile,50,0,1,1,3,26.0,3.0,880.27,Champions,0.9044754888880002,36-45,High,True
C02005,21,Loyal,Central Slovakia,mobile,44,0,1,4,9,,,,Prospect (no purchase),0.6891062299503492,18-25,Medium,False
C02006,51,New,Eastern Slovakia,mobile,26,0,1,1,1,,,,Prospect (no purchase),0.9209425875943856,46-55,High,False
C02007,37,New,Western Slovakia,mobile,54,1,0,1,4,341.0,1.0,106.09,One-off Lapsed,0.8454686963426259,36-45,High,True
C02008,25,Regular,Eastern Slovakia,mobile,12,0,1,1,3,,,,Prospect (no purchase),,18-25,,False
C02009,52,At-Risk,Western Slovakia,mobile,34,1,0,0,4,,,,Prospect (no purchase),0.9473771361357736,46-55,High,False
C02010,46,New,Central Slovakia,mobile,8,0,1,1,6,,,,Prospect (no purchase),0.8883953157501019,46-55,High,False
C02011,23,At-Risk,Bratislava,mobile,38,1,1,5,16,41.0,1.0,154.09,One-off Lapsed,0.8779866299097557,18-25,High,True
C02012,59,At-Risk,Eastern Slovakia,mobile,7,0,0,2,5,,,,Prospect (no purchase),,56+,,False
C02013,46,New,Central Slovakia,tablet,67,0,0,2,6,,,,Prospect (no purchase),,46-55,,False
C02014,38,Loyal,Bratislava,tablet,47,0,1,4,22,458.0,1.0,271.22,One-off Lapsed,0.699662445123088,36-45,Medium,True
C02015,57,Loyal,Central Slovakia,mobile,18,0,0,2,8,,,,Prospect (no purchase),0.763543081265273,56+,Medium,False
C02016,40,Regular,Eastern Slovakia,desktop,44,1,1,5,5,,,,Prospect (no purchase),0.7091430488294972,36-45,Medium,False
C02017,38,Regular,Bratislava,mobile,25,0,1,0,5,,,,Prospect (no purchase),0.8414227143823733,36-45,High,False
C02018,30,Loyal,Eastern Slovakia,desktop,37,0,0,0,1,,,,Prospect (no purchase),0.7881546314537059,26-35,Medium,False
C02019,45,Loyal,Czech Republic,desktop,12,0,1,6,17,377.0,2.0,627.0699999999999,Occasional Repeat,0.545017861144,36-45,Low,True
C02020,44,Loyal,Eastern Slovakia,desktop,36,0,1,2,10,,,,Prospect (no purchase),0.7659152777047347,36-45,Medium,False
C02021,38,At-Risk,Western Slovakia,mobile,8,0,1,9,3,303.0,1.0,176.31,One-off Lapsed,0.8649559296083502,36-45,High,True
C02022,29,Regular,Central Slovakia,mobile,11,0,1,2,8,,,,Prospect (no purchase),0.8510026129246376,26-35,High,False
C02023,40,Loyal,Czech Republic,tablet,42,1,0,6,15,302.0,2.0,459.68,Occasional Repeat,0.6418048399526489,36-45,Medium,True
C02024,37,Loyal,Central Slovakia,mobile,36,1,0,5,9,352.0,1.0,205.04,One-off Lapsed,0.6131159898086859,36-45,Medium,True
C02025,22,New,Bratislava,mobile,21,0,1,2,3,,,,Prospect (no purchase),,18-25,,False
C02026,20,New,Bratislava,desktop,5,0,1,0,5,,,,Prospect (no purchase),0.9182471441599134,18-25,High,False
C02027,45,Regular,Eastern Slovakia,desktop,31,0,0,0,1,392.0,1.0,111.28,One-off Lapsed,,36-45,,True
C02028,18,Loyal,Western Slovakia,desktop,66,1,1,5,7,395.0,2.0,565.12,Occasional Repeat,0.5161401530046106,18-25,Low,True
C02029,40,New,Bratislava,desktop,51,1,0,2,10,536.0,1.0,224.95,One-off Lapsed,0.8659269488749316,36-45,High,True
C02030,32,Loyal,Western Slovakia,desktop,5,1,1,4,12,228.0,4.0,1270.08,Champions,0.4449624939604862,26-35,Low,True
C02031,54,New,Eastern Slovakia,mobile,67,0,1,2,9,,,,Prospect (no purchase),0.887986399061063,46-55,High,False
C02032,32,Regular,Western Slovakia,desktop,31,1,1,4,2,,,,Prospect (no purchase),0.666584246859715,26-35,Medium,False
C02033,46,Regular,Eastern Slovakia,desktop,41,0,0,0,4,,,,Prospect (no purchase),,46-55,,False
C02034,33,New,Eastern Slovakia,desktop,1,1,1,5,8,601.0,1.0,198.5,One-off Lapsed,0.7704486837404684,26-35,Medium,True
C02035,39,At-Risk,Czech Republic,mobile,23,0,1,2,1,,,,Prospect (no purchase),0.961718533736792,36-45,High,False
C02036,47,New,Eastern Slovakia,mobile,56,0,1,1,2,588.0,1.0,159.94,One-off Lapsed,0.9037008971562775,46-55,High,True
C02037,32,At-Risk,Bratislava,desktop,24,0,1,0,0,,,,Prospect (no purchase),0.9450726530865752,26-35,High,False
C02038,50,New,Central Slovakia,mobile,12,0,0,1,1,,,,Prospect (no purchase),,46-55,,False
C02039,26,At-Risk,Bratislava,mobile,7,0,1,2,1,,,,Prospect (no purchase),0.9554670829450476,26-35,High,False
C02040,42,Regular,Czech Republic,desktop,66,0,0,3,2,,,,Prospect (no purchase),,36-45,,False
C02041,49,New,Bratislava,mobile,58,0,0,1,2,255.0,1.0,118.16,One-off Lapsed,0.9275973041889872,46-55,High,True
C02042,46,New,Central Slovakia,mobile,4,0,1,0,2,,,,Prospect (no purchase),0.9171753185028704,46-55,High,False
C02043,61,New,Eastern Slovakia,mobile,66,0,0,1,2,,,,Prospect (no purchase),0.9086647195808526,56+,High,False
C02044,29,Regular,Bratislava,mobile,59,0,0,2,8,,,,Prospect (no purchase),0.8625197750080222,26-35,High,False
C02045,21,Loyal,Eastern Slovakia,desktop,26,1,1,2,16,405.0,2.0,565.84,Occasional Repeat,0.610114357883936,18-25,Medium,True
C02046,26,Regular,Bratislava,mobile,47,0,0,1,2,,,,Prospect (no purchase),0.9129369132879164,26-35,High,False
C02047,46,Regular,Western Slovakia,mobile,19,0,0,1,18,,,,Prospect (no purchase),,46-55,,False
C02048,44,Regular,Western Slovakia,mobile,18,0,0,2,2,,,,Prospect (no purchase),0.8832451169054842,36-45,High,False
C02049,39,Regular,Western Slovakia,mobile,51,0,0,0,1,,,,Prospect (no purchase),,36-45,,False
C02050,25,Loyal,Central Slovakia,mobile,15,0,1,2,11,263.0,1.0,140.49,One-off Lapsed,0.6367010137103334,18-25,Medium,True
C02051,47,Regular,Czech Republic,mobile,26,0,0,0,3,,,,Prospect (no purchase),,46-55,,False
C02052,23,Loyal,Western Slovakia,mobile,26,0,1,2,3,,,,Prospect (no purchase),0.7465237484131065,18-25,Medium,False
C02053,52,At-Risk,Central Slovakia,mobile,11,0,1,0,1,,,,Prospect (no purchase),,46-55,,False
C02054,72,Regular,Eastern Slovakia,mobile,59,0,1,0,5,,,,Prospect (no purchase),0.8838879191355619,56+,High,False
C02055,42,New,Eastern Slovakia,mobile,48,1,0,4,6,,,,Prospect (no purchase),,36-45,,False
C02056,45,New,Bratislava,mobile,62,0,1,1,19,,,,Prospect (no purchase),0.8708664414654459,36-45,High,False
C02057,32,Regular,Czech Republic,mobile,38,0,0,0,3,,,,Prospect (no purchase),,26-35,,False
C02058,18,Regular,Bratislava,mobile,13,1,0,3,7,262.0,1.0,170.55,One-off Lapsed,0.8406135891130726,18-25,High,True
C02059,31,At-Risk,Central Slovakia,mobile,20,0,1,3,3,,,,Prospect (no purchase),0.9500111816400124,26-35,High,False
C02060,25,Regular,Central Slovakia,mobile,26,0,1,2,2,,,,Prospect (no purchase),0.8011745192039769,18-25,High,False
C02061,21,Regular,Eastern Slovakia,desktop,67,0,0,2,2,,,,Prospect (no purchase),0.8594448024479149,18-25,High,False
C02062,59,Loyal,Bratislava,mobile,17,1,1,5,5,5.0,1.0,225.27,Recent Buyers,0.4973587255430861,56+,Low,True
C02063,41,New,Bratislava,desktop,50,0,0,2,6,,,,Prospect (no purchase),0.8634251799391196,36-45,High,False
C02064,43,Loyal,Eastern Slovakia,desktop,9,1,1,5,2,247.0,5.0,1759.08,Champions,0.4407219539877399,36-45,Low,True
C02065,34,New,Bratislava,mobile,68,0,1,4,3,,,,Prospect (no purchase),,26-35,,False
C02066,36,Regular,Western Slovakia,mobile,46,0,1,3,17,,,,Prospect (no purchase),0.7617438057039445,36-45,Medium,False
C02067,50,At-Risk,Eastern Slovakia,mobile,31,0,1,0,1,,,,Prospect (no purchase),0.964146065395355,46-55,High,False
C02068,38,Loyal,Central Slovakia,mobile,25,0,0,3,18,0.0,1.0,275.5,Recent Buyers,0.6838363118548838,36-45,Medium,True
C02069,44,Loyal,Bratislava,mobile,26,0,1,3,6,71.0,1.0,249.38,One-off Lapsed,0.667309159505758,36-45,Medium,True
C02070,36,Regular,Western Slovakia,mobile,17,0,1,7,14,,,,Prospect (no purchase),,36-45,,False
C02071,34,Loyal,Czech Republic,desktop,43,0,0,1,5,,,,Prospect (no purchase),0.8342772004330423,26-35,High,False
C02072,21,Regular,Western Slovakia,mobile,62,1,0,3,1,,,,Prospect (no purchase),0.8265032654680659,18-25,High,False
C02073,18,Regular,Bratislava,desktop,18,0,1,0,15,618.0,1.0,241.33,One-off Lapsed,0.8378558990952445,18-25,High,True
C02074,35,New,Bratislava,desktop,54,0,0,0,1,,,,Prospect (no purchase),0.9371757342305423,26-35,High,False
C02075,39,New,Western Slovakia,mobile,41,0,1,0,1,,,,Prospect (no purchase),0.8770082211772365,36-45,High,False
C02076,23,Regular,Czech Republic,tablet,55,0,0,1,12,,,,Prospect (no purchase),0.844001762613891,18-25,High,False
C02077,38,New,Western Slovakia,tablet,55,0,0,2,6,354.0,1.0,181.74,One-off Lapsed,0.8277385436541563,36-45,High,True
C02078,39,Loyal,Bratislava,mobile,3,1,0,1,2,,,,Prospect (no purchase),0.789498687150579,36-45,Medium,False
C02079,18,Loyal,Western Slovakia,mobile,2,0,0,1,5,,,,Prospect (no purchase),0.7972735336176539,18-25,Medium,False
C02080,27,At-Risk,Bratislava,mobile,65,0,0,1,4,,,,Prospect (no purchase),0.9549597750541696,26-35,High,False
C02081,43,New,Bratislava,mobile,12,1,1,2,7,0.0,3.0,656.28,Recent Buyers,0.8715105288046213,36-45,High,True
C02082,43,At-Risk,Czech Republic,mobile,41,0,0,0,3,,,,Prospect (no purchase),0.971462739954128,36-45,High,False
C02083,24,New,Central Slovakia,mobile,54,1,1,2,4,,,,Prospect (no purchase),0.7796213934031615,18-25,Medium,False
C02084,40,Regular,Bratislava,mobile,36,0,1,4,0,678.0,1.0,250.18,One-off Lapsed,,36-45,,True
C02085,50,Loyal,Western Slovakia,desktop,1,0,0,3,8,,,,Prospect (no purchase),0.7474465504728846,46-55,Medium,False
C02086,47,New,Bratislava,mobile,1,0,0,2,3,243.0,1.0,127.16,One-off Lapsed,0.9203889493793056,46-55,High,True
C02087,37,New,Bratislava,mobile,48,1,0,5,15,621.0,1.0,195.64,One-off Lapsed,0.7863210664256644,36-45,Medium,True
C02088,32,New,Central Slovakia,mobile,64,1,1,0,3,,,,Prospect (no purchase),,26-35,,False
C02089,30,Regular,Western Slovakia,desktop,25,1,0,3,8,324.0,1.0,328.88,One-off Lapsed,0.7475558119978022,26-35,Medium,True
C02090,44,Loyal,Eastern Slovakia,desktop,39,0,1,2,3,,,,Prospect (no purchase),,36-45,,False
C02091,40,New,Eastern Slovakia,mobile,67,0,0,2,1,,,,Prospect (no purchase),0.9256970308734132,36-45,High,False
C02092,46,New,Bratislava,desktop,59,0,1,1,2,,,,Prospect (no purchase),0.8572272857274551,46-55,High,False
C02093,40,Regular,Czech Republic,mobile,39,0,0,3,1,,,,Prospect (no purchase),0.8994623818327864,36-45,High,False
C02094,48,New,Western Slovakia,desktop,47,1,1,2,4,,,,Prospect (no purchase),0.8323203592127372,46-55,High,False
C02095,39,Loyal,Bratislava,mobile,69,1,1,4,19,535.0,3.0,949.92,Champions,0.4920822132163021,36-45,Low,True
C02096,47,At-Risk,Eastern Slovakia,mobile,57,0,1,0,3,,,,Prospect (no purchase),,46-55,,False
C02097,48,Loyal,Bratislava,desktop,30,1,0,4,3,234.0,2.0,907.71,Occasional Repeat,0.6496280975522715,46-55,Medium,True
C02098,28,Loyal,Central Slovakia,desktop,50,0,0,1,7,,,,Prospect (no purchase),,26-35,,False
C02099,18,Regular,Eastern Slovakia,desktop,24,1,1,0,2,,,,Prospect (no purchase),0.8694740791937161,18-25,High,False
C02100,57,Loyal,Bratislava,mobile,66,0,0,1,5,,,,Prospect (no purchase),,56+,,False
C02101,41,New,Eastern Slovakia,desktop,7,0,0,3,3,,,,Prospect (no purchase),0.8591353902237858,36-45,High,False
C02102,18,New,Bratislava,mobile,17,0,1,4,5,0.0,1.0,288.05,Recent Buyers,0.8875022935059342,18-25,High,True
C02103,29,Regular,Eastern Slovakia,desktop,25,0,1,4,4,,,,Prospect (no purchase),0.7391841371884117,26-35,Medium,False
C02104,47,New,Bratislava,desktop,15,0,1,0,2,,,,Prospect (no purchase),,46-55,,False
C02105,35,At-Risk,Bratislava,mobile,43,0,1,4,3,,,,Prospect (no purchase),0.9316637649994436,26-35,High,False
C02106,32,Loyal,Western Slovakia,mobile,51,1,1,6,12,239.0,2.0,805.84,Occasional Repeat,0.4741562926302358,26-35,Low,True
C02107,55,At-Risk,Eastern Slovakia,mobile,64,0,0,1,0,,,,Prospect (no purchase),0.9706278702857356,46-55,High,False
C02108,25,Regular,Bratislava,mobile,36,1,1,2,10,,,,Prospect (no purchase),0.8124544619435473,18-25,High,False
C02109,28,Regular,Eastern Slovakia,mobile,45,0,0,2,2,511.0,1.0,191.12,One-off Lapsed,0.9529065710022734,26-35,High,True
C02110,41,Loyal,Bratislava,mobile,43,0,1,1,9,,,,Prospect (no purchase),0.8073820638077154,36-45,High,False
C02111,43,New,Western Slovakia,desktop,1,1,0,1,2,,,,Prospect (no purchase),0.8847542167253731,36-45,High,False
C02112,44,Regular,Western Slovakia,mobile,51,0,0,3,10,,,,Prospect (no purchase),0.8465617063554555,36-45,High,False
C02113,49,Regular,Bratislava,mobile,2,0,0,0,0,,,,Prospect (no purchase),0.927449141328604,46-55,High,False
C02114,40,At-Risk,Czech Republic,desktop,39,0,0,0,2,,,,Prospect (no purchase),0.9721586212009228,36-45,High,False
C02115,44,Loyal,Western Slovakia,mobile,71,1,1,2,3,,,,Prospect (no purchase),0.6657194311140883,36-45,Medium,False
C02116,35,New,Central Slovakia,mobile,56,0,0,1,4,,,,Prospect (no purchase),0.9131142378794772,26-35,High,False
C02117,39,Regular,Central Slovakia,desktop,36,1,0,1,3,386.0,1.0,174.36,One-off Lapsed,0.9192821654907182,36-45,High,True
C02118,39,Regular,Western Slovakia,tablet,23,0,0,3,6,,,,Prospect (no purchase),0.8337117203681224,36-45,High,False
C02119,41,New,Central Slovakia,mobile,60,0,1,0,4,,,,Prospect (no purchase),,36-45,,False
C02120,47,Regular,Eastern Slovakia,mobile,61,0,1,1,3,,,,Prospect (no purchase),0.8411220585642669,46-55,High,False
C02121,45,New,Central Slovakia,mobile,27,0,1,2,7,,,,Prospect (no purchase),,36-45,,False
C02122,39,New,Central Slovakia,tablet,8,0,0,0,2,,,,Prospect (no purchase),0.9173248933525252,36-45,High,False
C02123,28,Regular,Central Slovakia,desktop,42,0,0,2,5,,,,Prospect (no purchase),,26-35,,False
C02124,39,New,Central Slovakia,desktop,46,0,1,0,3,647.0,1.0,102.15,One-off Lapsed,,36-45,,True
C02125,38,Regular,Western Slovakia,desktop,67,0,1,2,2,237.0,3.0,579.9300000000001,Champions,0.838246368998346,36-45,High,True
C02126,40,New,Central Slovakia,mobile,64,0,1,6,8,,,,Prospect (no purchase),0.8135994366029319,36-45,High,False
C02127,64,Loyal,Western Slovakia,mobile,17,1,1,6,5,579.0,1.0,107.65,One-off Lapsed,0.5984552150064241,56+,Low,True
C02128,32,New,Eastern Slovakia,desktop,18,0,1,2,2,,,,Prospect (no purchase),,26-35,,False
C02129,43,At-Risk,Czech Republic,desktop,71,0,1,3,2,,,,Prospect (no purchase),0.9492467345848244,36-45,High,False
C02130,51,New,Czech Republic,mobile,24,0,1,1,2,,,,Prospect (no purchase),,46-55,,False
C02131,39,Regular,Eastern Slovakia,desktop,33,0,0,0,8,,,,Prospect (no purchase),,36-45,,False
C02132,66,Regular,Central Slovakia,mobile,22,0,0,0,2,,,,Prospect (no purchase),,56+,,False
C02133,33,New,Eastern Slovakia,tablet,28,0,1,1,2,,,,Prospect (no purchase),,26-35,,False
C02134,42,Regular,Bratislava,mobile,41,0,1,1,9,,,,Prospect (no purchase),,36-45,,False
C02135,28,Loyal,Western Slovakia,desktop,21,1,0,2,3,,,,Prospect (no purchase),0.6413201419684268,26-35,Medium,False
C02136,34,At-Risk,Bratislava,mobile,30,0,1,0,3,,,,Prospect (no purchase),,26-35,,False
C02137,41,Regular,Bratislava,desktop,26,0,1,0,10,,,,Prospect (no purchase),0.842145300769535,36-45,High,False
C02138,48,New,Czech Republic,desktop,8,0,0,0,2,43.0,1.0,92.54,One-off Lapsed,0.8866379708831723,46-55,High,True
C02139,42,Loyal,Eastern Slovakia,mobile,56,0,0,3,7,0.0,1.0,276.76,Recent Buyers,0.6788336961259505,36-45,Medium,True
C02140,53,Regular,Western Slovakia,desktop,64,1,1,0,3,,,,Prospect (no purchase),0.8380090521140224,46-55,High,False
C02141,37,New,Bratislava,desktop,35,0,0,5,11,,,,Prospect (no purchase),0.7864891731426813,36-45,Medium,False
C02142,34,Loyal,Central Slovakia,desktop,15,1,1,3,5,145.0,2.0,330.28,Occasional Repeat,0.6557103657579019,26-35,Medium,True
C02143,70,Regular,Western Slovakia,mobile,46,1,1,1,2,,,,Prospect (no purchase),0.7963328071011541,56+,Medium,False
C02144,43,Regular,Eastern Slovakia,desktop,38,0,1,1,3,,,,Prospect (no purchase),0.8557561469800214,36-45,High,False
C02145,29,Regular,Czech Republic,mobile,40,1,0,3,7,,,,Prospect (no purchase),0.846654181116181,26-35,High,False
C02146,30,Regular,Western Slovakia,desktop,43,0,0,0,3,,,,Prospect (no purchase),0.9044915724465104,26-35,High,False
C02147,27,New,Bratislava,mobile,51,0,1,2,2,,,,Prospect (no purchase),,26-35,,False
C02148,49,Loyal,Bratislava,desktop,3,0,0,2,6,535.0,1.0,230.63,One-off Lapsed,,46-55,,True
C02149,34,New,Bratislava,mobile,8,0,0,0,2,,,,Prospect (no purchase),,26-35,,False
C02150,40,Loyal,Western Slovakia,mobile,7,1,1,2,3,36.0,1.0,166.73,One-off Lapsed,0.6545128915227133,36-45,Medium,True
C02151,37,Loyal,Bratislava,mobile,11,1,1,4,10,,,,Prospect (no purchase),0.5967090584182574,36-45,Low,False
C02152,47,Loyal,Bratislava,mobile,69,1,1,9,12,193.0,2.0,801.61,Occasional Repeat,0.4520066134156822,46-55,Low,True
C02153,28,New,Bratislava,mobile,52,0,0,0,2,,,,Prospect (no purchase),0.9341274816776176,26-35,High,False
C02154,25,New,Bratislava,mobile,48,0,0,0,1,,,,Prospect (no purchase),0.9110758215651548,18-25,High,False
C02155,41,Regular,Eastern Slovakia,desktop,50,0,1,5,3,,,,Prospect (no purchase),0.7732265278340845,36-45,Medium,False
C02156,45,Regular,Bratislava,mobile,3,0,1,0,2,,,,Prospect (no purchase),0.8996929181755104,36-45,High,False
C02157,42,At-Risk,Eastern Slovakia,mobile,16,0,0,0,0,,,,Prospect (no purchase),,36-45,,False
C02158,28,Regular,Bratislava,desktop,57,1,1,0,3,,,,Prospect (no purchase),0.7999346144465144,26-35,Medium,False
C02159,46,Loyal,Bratislava,desktop,33,0,1,7,3,0.0,1.0,404.66,Recent Buyers,0.5550370178864332,46-55,Low,True
C02160,29,New,Bratislava,desktop,37,1,1,6,18,312.0,1.0,183.22,One-off Lapsed,0.5414392315990509,26-35,Low,True
C02161,32,Regular,Central Slovakia,desktop,54,1,1,3,10,646.0,1.0,323.84,One-off Lapsed,,26-35,,True
C02162,27,New,Bratislava,tablet,6,0,1,0,2,,,,Prospect (no purchase),,26-35,,False
C02163,54,Loyal,Western Slovakia,desktop,57,1,1,5,6,5.0,1.0,292.34,Recent Buyers,0.4120338247353668,46-55,Low,True
C02164,46,New,Bratislava,tablet,49,0,1,2,2,,,,Prospect (no purchase),,46-55,,False
C02165,45,New,Czech Republic,tablet,29,0,1,2,11,,,,Prospect (no purchase),0.8386900007680465,36-45,High,False
C02166,53,Loyal,Bratislava,mobile,36,0,0,1,4,544.0,1.0,327.53,One-off Lapsed,0.8426127142338208,46-55,High,True
C02167,72,Regular,Western Slovakia,desktop,6,0,1,0,3,,,,Prospect (no purchase),0.8844965223802924,56+,High,False
C02168,18,New,Eastern Slovakia,desktop,15,0,1,6,6,,,,Prospect (no purchase),,18-25,,False
C02169,29,New,Bratislava,desktop,18,1,0,0,9,,,,Prospect (no purchase),,26-35,,False
C02170,31,Regular,Bratislava,desktop,63,0,1,4,1,92.0,2.0,695.56,Occasional Repeat,0.7464143764634876,26-35,Medium,True
C02171,28,Regular,Eastern Slovakia,mobile,9,0,0,0,2,,,,Prospect (no purchase),0.9203534903474512,26-35,High,False
C02172,25,New,Bratislava,mobile,21,1,0,4,2,89.0,1.0,265.95,One-off Lapsed,0.8655589081082949,18-25,High,True
C02173,34,Regular,Bratislava,desktop,10,0,1,2,6,98.0,2.0,468.21,Occasional Repeat,0.8594063895204954,26-35,High,True
C02174,23,New,Western Slovakia,desktop,21,0,1,3,1,,,,Prospect (no purchase),0.7750061842136401,18-25,Medium,False
C02175,42,Regular,Bratislava,desktop,1,1,1,4,4,252.0,1.0,198.19,One-off Lapsed,0.689304046355571,36-45,Medium,True
C02176,39,Regular,Czech Republic,desktop,20,0,0,0,2,,,,Prospect (no purchase),0.8926190183744492,36-45,High,False
C02177,44,New,Central Slovakia,desktop,52,0,1,0,4,,,,Prospect (no purchase),,36-45,,False
C02178,44,New,Central Slovakia,tablet,55,1,0,1,3,,,,Prospect (no purchase),,36-45,,False
C02179,45,New,Bratislava,mobile,27,0,0,5,2,,,,Prospect (no purchase),0.8485459364719746,36-45,High,False
C02180,34,New,Central Slovakia,tablet,51,0,0,2,3,,,,Prospect (no purchase),,26-35,,False
C02181,63,Regular,Central Slovakia,mobile,44,0,1,0,1,,,,Prospect (no purchase),,56+,,False
C02182,41,At-Risk,Bratislava,mobile,65,0,0,0,4,,,,Prospect (no purchase),0.9685069343382549,36-45,High,False
C02183,18,Loyal,Eastern Slovakia,mobile,58,1,0,4,4,,,,Prospect (no purchase),0.7311638394403234,18-25,Medium,False
C02184,26,Regular,Central Slovakia,mobile,17,0,1,1,9,,,,Prospect (no purchase),0.8454087488554516,26-35,High,False
C02185,18,Regular,Eastern Slovakia,mobile,42,1,0,5,5,,,,Prospect (no purchase),,18-25,,False
C02186,38,Regular,Bratislava,mobile,56,1,1,1,7,,,,Prospect (no purchase),0.8154966890692324,36-45,High,False
C02187,37,Loyal,Bratislava,desktop,22,0,0,1,4,,,,Prospect (no purchase),0.8340102935265067,36-45,High,False
C02188,32,New,Central Slovakia,desktop,41,0,1,1,3,,,,Prospect (no purchase),0.8532067881870441,26-35,High,False
C02189,62,New,Eastern Slovakia,mobile,29,1,1,0,5,,,,Prospect (no purchase),,56+,,False
C02190,45,Regular,Western Slovakia,desktop,22,0,0,2,18,,,,Prospect (no purchase),0.6970649625356868,36-45,Medium,False
C02191,47,New,Bratislava,mobile,15,0,1,0,1,,,,Prospect (no purchase),0.9216951490064126,46-55,High,False
C02192,27,Regular,Eastern Slovakia,mobile,3,0,1,1,13,,,,Prospect (no purchase),0.8317757912694953,26-35,High,False
C02193,26,Loyal,Bratislava,mobile,54,1,1,0,5,,,,Prospect (no purchase),0.7218969810155894,26-35,Medium,False
C02194,38,At-Risk,Western Slovakia,desktop,59,0,0,1,1,,,,Prospect (no purchase),0.9252252463197982,36-45,High,False
C02195,40,New,Central Slovakia,desktop,47,0,1,2,5,,,,Prospect (no purchase),0.8856875072616047,36-45,High,False
C02196,18,Regular,Bratislava,desktop,18,1,0,5,2,,,,Prospect (no purchase),0.821938322044464,18-25,High,False
C02197,36,Regular,Bratislava,desktop,2,0,0,1,1,,,,Prospect (no purchase),0.9172037254505552,36-45,High,False
C02198,38,Regular,Bratislava,desktop,45,0,0,1,7,523.0,1.0,188.04,One-off Lapsed,0.8432771510586774,36-45,High,True
C02199,35,Regular,Czech Republic,desktop,15,1,1,1,3,,,,Prospect (no purchase),0.7458672565941512,26-35,Medium,False
C02200,28,New,Western Slovakia,tablet,39,0,1,1,1,,,,Prospect (no purchase),0.8964040922200135,26-35,High,False
