interaction_id,campaign_id,customer_id,channel_id,date_key,device_type,impressions,clicks,conversions,revenue,spend,responded
INT-000001,CMP-027,C00019,3,20240110,mobile,5,0,0,0.0,2.8,0
INT-000002,CMP-027,C00943,3,20240110,desktop,5,1,0,0.0,2.8,0
INT-000003,CMP-027,C00937,3,20240110,mobile,7,1,0,0.0,3.92,0
INT-000004,CMP-027,C00140,3,20240110,desktop,3,0,0,0.0,1.68,0
INT-000005,CMP-027,C01700,3,20240110,mobile,3,0,0,0.0,1.68,0
INT-000006,CMP-027,C01095,3,20240111,desktop,3,1,1,90.37,1.68,1
INT-000007,CMP-027,C01852,3,20240114,desktop,5,0,0,0.0,2.8,0
INT-000008,CMP-027,C01783,3,20240114,desktop,3,0,0,0.0,1.68,0
INT-000009,CMP-027,C01990,3,20240115,mobile,6,0,0,0.0,3.36,0
INT-000010,CMP-027,C01559,3,20240115,desktop,4,1,0,0.0,2.24,0
INT-000011,CMP-027,C01554,3,20240116,desktop,7,1,0,0.0,3.92,0
INT-000012,CMP-027,C01194,3,20240116,desktop,6,0,0,0.0,3.36,0
INT-000013,CMP-027,C00571,3,20240117,tablet,5,1,0,0.0,2.8,0
INT-000014,CMP-027,C02125,3,20240117,desktop,6,1,1,131.46,3.36,1
INT-000015,CMP-027,C01391,3,20240117,mobile,3,0,0,0.0,1.68,0
INT-000016,CMP-027,C02037,3,20240117,desktop,5,0,0,0.0,2.8,0
INT-000017,CMP-027,C01899,3,20240117,desktop,6,2,0,0.0,3.36,0
INT-000018,CMP-027,C01797,3,20240120,mobile,5,0,0,0.0,2.8,0
INT-000019,CMP-027,C02101,3,20240120,desktop,3,0,0,0.0,1.68,0
INT-000020,CMP-027,C02174,3,20240121,desktop,6,0,0,0.0,3.36,0
INT-000021,CMP-027,C00410,3,20240121,mobile,3,0,0,0.0,1.68,0
INT-000022,CMP-027,C01029,3,20240122,desktop,3,0,0,0.0,1.68,0
INT-000023,CMP-027,C00311,3,20240122,mobile,4,1,1,143.91,2.24,1
INT-000024,CMP-027,C01531,3,20240123,mobile,4,0,0,0.0,2.24,0
INT-000025,CMP-027,C01426,3,20240124,mobile,3,0,0,0.0,1.68,0
INT-000026,CMP-027,C00790,3,20240125,desktop,3,1,0,0.0,1.68,0
INT-000027,CMP-027,C00274,3,20240127,mobile,4,0,0,0.0,2.24,0
INT-000028,CMP-027,C01849,3,20240128,mobile,5,0,0,0.0,2.8,0
INT-000029,CMP-113,C00549,3,20240118,desktop,11,1,0,0.0,10.6,0
INT-000030,CMP-113,C00874,3,20240118,mobile,11,1,0,0.0,10.6,0
INT-000031,CMP-113,C00017,3,20240119,desktop,10,0,0,0.0,9.63,0
INT-000032,CMP-113,C01733,3,20240120,mobile,8,0,0,0.0,7.71,0
INT-000033,CMP-113,C00440,3,20240120,mobile,16,2,0,0.0,15.41,0
INT-000034,CMP-113,C00155,3,20240120,desktop,6,0,0,0.0,5.78,0
INT-000035,CMP-113,C00121,3,20240121,desktop,12,2,1,103.19,11.56,1
INT-000036,CMP-113,C01420,3,20240123,tablet,10,2,0,0.0,9.63,0
INT-000037,CMP-113,C02023,3,20240124,tablet,8,3,1,156.95,7.71,1
INT-000038,CMP-113,C00545,3,20240124,desktop,8,0,0,0.0,7.71,0
INT-000039,CMP-113,C00890,3,20240125,mobile,14,1,0,0.0,13.49,0
INT-000040,CMP-113,C00117,3,20240126,desktop,11,1,0,0.0,10.6,0
INT-000041,CMP-113,C01395,3,20240128,tablet,11,0,0,0.0,10.6,0
INT-000042,CMP-113,C02079,3,20240128,mobile,10,1,0,0.0,9.63,0
INT-000043,CMP-113,C01676,3,20240129,mobile,9,0,0,0.0,8.67,0
INT-000044,CMP-113,C00213,3,20240201,mobile,10,0,0,0.0,9.63,0
INT-000045,CMP-113,C00974,3,20240203,mobile,12,1,1,165.09,11.56,1
INT-000046,CMP-113,C01350,3,20240203,tablet,9,0,0,0.0,8.67,0
INT-000047,CMP-113,C02183,3,20240203,mobile,9,0,0,0.0,8.67,0
INT-000048,CMP-113,C01131,3,20240204,desktop,10,0,0,0.0,9.63,0
INT-000049,CMP-113,C01396,3,20240204,mobile,10,0,0,0.0,9.63,0
INT-000050,CMP-113,C00502,3,20240204,desktop,11,1,0,0.0,10.6,0
INT-000051,CMP-113,C00508,3,20240205,tablet,6,1,0,0.0,5.78,0
INT-000052,CMP-113,C02159,3,20240207,desktop,12,0,0,0.0,11.56,0
INT-000053,CMP-113,C01580,3,20240207,desktop,10,0,0,0.0,9.63,0
INT-000054,CMP-113,C00083,3,20240209,desktop,13,0,0,0.0,12.52,0
INT-000055,CMP-113,C01886,3,20240209,mobile,12,0,0,0.0,11.56,0
INT-000056,CMP-113,C01462,3,20240210,mobile,7,0,0,0.0,6.74,0
INT-000057,CMP-113,C02166,3,20240211,mobile,3,0,0,0.0,2.89,0
INT-000058,CMP-113,C01558,3,20240213,mobile,12,0,0,0.0,11.56,0
INT-000059,CMP-113,C01646,3,20240214,mobile,9,0,0,0.0,8.67,0
INT-000060,CMP-113,C00678,3,20240214,mobile,6,0,0,0.0,5.78,0
INT-000061,CMP-113,C01587,3,20240215,tablet,12,0,0,0.0,11.56,0
INT-000062,CMP-113,C02139,3,20240215,mobile,9,1,0,0.0,8.67,0
INT-000063,CMP-113,C01804,3,20240216,tablet,14,0,0,0.0,13.49,0
INT-000064,CMP-113,C01595,3,20240216,tablet,12,0,0,0.0,11.56,0
INT-000065,CMP-113,C01530,3,20240219,mobile,12,0,0,0.0,11.56,0
INT-000066,CMP-113,C01097,3,20240220,mobile,9,0,0,0.0,8.67,0
INT-000067,CMP-113,C00492,3,20240221,desktop,10,0,0,0.0,9.63,0
INT-000068,CMP-113,C01757,3,20240222,mobile,13,0,0,0.0,12.52,0
INT-000069,CMP-113,C01792,3,20240223,mobile,10,1,0,0.0,9.63,0
INT-000070,CMP-113,C01354,3,20240223,mobile,10,1,0,0.0,9.63,0
INT-000071,CMP-113,C01591,3,20240224,mobile,9,1,0,0.0,8.67,0
INT-000072,CMP-050,C01180,3,20240115,mobile,4,0,0,0.0,3.39,0
INT-000073,CMP-050,C01196,3,20240115,tablet,6,0,0,0.0,5.09,0
INT-000074,CMP-050,C01387,3,20240115,mobile,7,2,0,0.0,5.94,0
INT-000075,CMP-050,C00408,3,20240115,mobile,14,1,0,0.0,11.88,0
INT-000076,CMP-050,C00097,3,20240115,mobile,8,1,0,0.0,6.79,0
INT-000077,CMP-050,C01446,3,20240115,desktop,1,0,0,0.0,0.85,0
INT-000078,CMP-050,C00471,3,20240115,mobile,10,1,0,0.0,8.49,0
INT-000079,CMP-050,C01660,3,20240115,tablet,5,0,0,0.0,4.24,0
INT-000080,CMP-050,C01123,3,20240115,mobile,8,0,0,0.0,6.79,0
INT-000081,CMP-050,C01012,3,20240115,tablet,10,1,0,0.0,8.49,0
INT-000082,CMP-050,C01673,3,20240115,mobile,4,0,0,0.0,3.39,0
INT-000083,CMP-050,C01274,3,20240115,desktop,7,0,0,0.0,5.94,0
INT-000084,CMP-050,C00720,3,20240115,tablet,6,1,0,0.0,5.09,0
INT-000085,CMP-050,C00341,3,20240116,mobile,7,2,1,250.46,5.94,1
INT-000086,CMP-050,C00890,3,20240116,mobile,12,2,0,0.0,10.18,0
INT-000087,CMP-050,C00252,3,20240116,mobile,8,0,0,0.0,6.79,0
INT-000088,CMP-050,C01697,3,20240116,mobile,6,0,0,0.0,5.09,0
INT-000089,CMP-050,C00041,3,20240116,mobile,8,0,0,0.0,6.79,0
INT-000090,CMP-050,C00355,3,20240116,desktop,12,0,0,0.0,10.18,0
INT-000091,CMP-050,C01641,3,20240116,desktop,8,1,0,0.0,6.79,0
INT-000092,CMP-050,C00397,3,20240117,desktop,7,0,0,0.0,5.94,0
INT-000093,CMP-050,C00297,3,20240117,desktop,5,1,0,0.0,4.24,0
INT-000094,CMP-050,C01805,3,20240117,mobile,10,1,0,0.0,8.49,0
INT-000095,CMP-050,C00166,3,20240117,mobile,8,0,0,0.0,6.79,0
INT-000096,CMP-050,C00431,3,20240117,desktop,10,0,0,0.0,8.49,0
INT-000097,CMP-050,C01408,3,20240117,mobile,6,0,0,0.0,5.09,0
INT-000098,CMP-050,C01364,3,20240117,mobile,11,1,0,0.0,9.33,0
INT-000099,CMP-050,C01334,3,20240117,tablet,13,0,0,0.0,11.03,0
INT-000100,CMP-050,C00793,3,20240117,desktop,6,1,0,0.0,5.09,0
INT-000101,CMP-050,C01947,3,20240117,desktop,7,0,0,0.0,5.94,0
INT-000102,CMP-050,C02106,3,20240118,mobile,8,0,0,0.0,6.79,0
INT-000103,CMP-050,C00394,3,20240118,mobile,6,0,0,0.0,5.09,0
INT-000104,CMP-050,C01766,3,20240118,mobile,6,1,0,0.0,5.09,0
INT-000105,CMP-050,C00211,3,20240118,mobile,7,0,0,0.0,5.94,0
INT-000106,CMP-050,C01869,3,20240118,mobile,6,0,0,0.0,5.09,0
INT-000107,CMP-050,C00851,3,20240118,desktop,8,0,0,0.0,6.79,0
INT-000108,CMP-050,C00645,3,20240118,desktop,8,0,0,0.0,6.79,0
INT-000109,CMP-050,C01630,3,20240119,mobile,7,0,0,0.0,5.94,0
INT-000110,CMP-050,C00722,3,20240119,desktop,10,1,0,0.0,8.49,0
INT-000111,CMP-050,C00346,3,20240119,desktop,13,0,0,0.0,11.03,0
INT-000112,CMP-050,C02165,3,20240119,desktop,12,0,0,0.0,10.18,0
INT-000113,CMP-050,C01851,3,20240119,mobile,8,0,0,0.0,6.79,0
INT-000114,CMP-050,C01463,3,20240119,tablet,3,0,0,0.0,2.55,0
INT-000115,CMP-050,C01712,3,20240120,desktop,8,0,0,0.0,6.79,0
INT-000116,CMP-050,C02032,3,20240120,mobile,6,0,0,0.0,5.09,0
INT-000117,CMP-050,C00889,3,20240120,mobile,10,0,0,0.0,8.49,0
INT-000118,CMP-050,C00160,3,20240120,desktop,13,0,0,0.0,11.03,0
INT-000119,CMP-050,C00368,3,20240120,mobile,10,0,0,0.0,8.49,0
INT-000120,CMP-050,C01753,3,20240120,desktop,10,1,1,194.99,8.49,1
INT-000121,CMP-050,C00455,3,20240120,mobile,3,0,0,0.0,2.55,0
INT-000122,CMP-050,C00040,3,20240120,mobile,9,0,0,0.0,7.64,0
INT-000123,CMP-050,C00674,3,20240120,mobile,12,0,0,0.0,10.18,0
INT-000124,CMP-050,C01760,3,20240120,desktop,7,0,0,0.0,5.94,0
INT-000125,CMP-050,C01332,3,20240120,desktop,5,0,0,0.0,4.24,0
INT-000126,CMP-050,C00164,3,20240121,mobile,10,2,0,0.0,8.49,0
INT-000127,CMP-050,C01258,3,20240121,desktop,7,0,0,0.0,5.94,0
INT-000128,CMP-050,C00531,3,20240121,mobile,6,0,0,0.0,5.09,0
INT-000129,CMP-050,C00136,3,20240121,mobile,8,1,0,0.0,6.79,0
INT-000130,CMP-050,C01668,3,20240121,desktop,11,1,1,176.27,9.33,1
INT-000131,CMP-050,C01371,3,20240121,mobile,5,1,0,0.0,4.24,0
INT-000132,CMP-050,C00583,3,20240121,desktop,6,0,0,0.0,5.09,0
INT-000133,CMP-050,C02021,3,20240121,mobile,11,2,0,0.0,9.33,0
INT-000134,CMP-050,C00550,3,20240121,desktop,12,0,0,0.0,10.18,0
INT-000135,CMP-050,C01931,3,20240121,desktop,9,1,0,0.0,7.64,0
INT-000136,CMP-050,C00233,3,20240122,mobile,5,0,0,0.0,4.24,0
INT-000137,CMP-050,C01425,3,20240122,mobile,8,0,0,0.0,6.79,0
INT-000138,CMP-050,C01856,3,20240122,mobile,8,1,0,0.0,6.79,0
INT-000139,CMP-050,C01212,3,20240122,mobile,9,0,0,0.0,7.64,0
INT-000140,CMP-050,C02028,3,20240122,desktop,7,0,0,0.0,5.94,0
INT-000141,CMP-050,C01540,3,20240122,desktop,10,0,0,0.0,8.49,0
INT-000142,CMP-050,C01493,3,20240122,desktop,7,1,1,215.16,5.94,1
INT-000143,CMP-050,C01553,3,20240122,desktop,5,0,0,0.0,4.24,0
INT-000144,CMP-050,C00400,3,20240123,mobile,7,0,0,0.0,5.94,0
INT-000145,CMP-050,C01132,3,20240123,mobile,12,1,0,0.0,10.18,0
INT-000146,CMP-050,C00363,3,20240123,mobile,8,0,0,0.0,6.79,0
INT-000147,CMP-050,C01587,3,20240123,tablet,10,0,0,0.0,8.49,0
INT-000148,CMP-050,C00445,3,20240124,desktop,8,0,0,0.0,6.79,0
INT-000149,CMP-050,C00326,3,20240124,mobile,7,0,0,0.0,5.94,0
INT-000150,CMP-050,C00411,3,20240124,mobile,5,0,0,0.0,4.24,0
INT-000151,CMP-050,C01749,3,20240124,tablet,7,1,0,0.0,5.94,0
INT-000152,CMP-050,C00279,3,20240124,mobile,5,0,0,0.0,4.24,0
INT-000153,CMP-050,C00729,3,20240124,mobile,4,0,0,0.0,3.39,0
INT-000154,CMP-050,C00765,3,20240124,desktop,8,1,1,155.02,6.79,1
INT-000155,CMP-050,C00456,3,20240124,mobile,10,1,0,0.0,8.49,0
INT-000156,CMP-050,C02068,3,20240124,mobile,5,1,0,0.0,4.24,0
INT-000157,CMP-050,C01676,3,20240124,desktop,8,0,0,0.0,6.79,0
INT-000158,CMP-050,C00401,3,20240125,mobile,2,1,0,0.0,1.7,0
INT-000159,CMP-050,C01943,3,20240125,desktop,6,0,0,0.0,5.09,0
INT-000160,CMP-050,C00402,3,20240126,mobile,7,0,0,0.0,5.94,0
INT-000161,CMP-050,C00732,3,20240126,mobile,9,1,0,0.0,7.64,0
INT-000162,CMP-050,C00465,3,20240126,desktop,5,1,1,178.26,4.24,1
INT-000163,CMP-050,C01190,3,20240126,tablet,4,0,0,0.0,3.39,0
INT-000164,CMP-050,C01439,3,20240126,mobile,3,0,0,0.0,2.55,0
INT-000165,CMP-050,C01004,3,20240126,mobile,10,0,0,0.0,8.49,0
INT-000166,CMP-050,C02042,3,20240126,mobile,8,0,0,0.0,6.79,0
INT-000167,CMP-050,C01186,3,20240127,mobile,3,0,0,0.0,2.55,0
INT-000168,CMP-050,C00227,3,20240127,mobile,6,1,0,0.0,5.09,0
INT-000169,CMP-050,C01684,3,20240127,desktop,8,0,0,0.0,6.79,0
INT-000170,CMP-050,C00204,3,20240127,mobile,8,0,0,0.0,6.79,0
INT-000171,CMP-050,C00634,3,20240127,mobile,7,0,0,0.0,5.94,0
INT-000172,CMP-050,C01206,3,20240127,desktop,3,0,0,0.0,2.55,0
INT-000173,CMP-044,C01752,2,20240123,mobile,3,1,0,0.0,3.07,0
INT-000174,CMP-044,C01940,2,20240124,desktop,2,0,0,0.0,2.04,0
INT-000175,CMP-044,C02132,2,20240124,mobile,14,0,0,0.0,14.31,0
INT-000176,CMP-044,C01400,2,20240127,desktop,3,2,1,280.71,3.07,1
INT-000177,CMP-044,C01074,2,20240127,mobile,4,0,0,0.0,4.09,0
INT-000178,CMP-044,C02044,2,20240127,mobile,6,1,0,0.0,6.13,0
INT-000179,CMP-044,C01096,2,20240131,mobile,4,0,0,0.0,4.09,0
INT-000180,CMP-044,C00341,2,20240131,desktop,8,1,0,0.0,8.18,0
INT-000181,CMP-044,C01535,2,20240131,mobile,4,0,0,0.0,4.09,0
INT-000182,CMP-044,C01978,2,20240201,desktop,6,0,0,0.0,6.13,0
INT-000183,CMP-044,C00414,2,20240202,mobile,4,0,0,0.0,4.09,0
INT-000184,CMP-044,C01360,2,20240202,desktop,3,0,0,0.0,3.07,0
INT-000185,CMP-044,C00623,2,20240202,mobile,9,0,0,0.0,9.2,0
INT-000186,CMP-044,C00090,2,20240203,mobile,6,1,0,0.0,6.13,0
INT-000187,CMP-044,C00913,2,20240204,mobile,4,1,0,0.0,4.09,0
INT-000188,CMP-044,C00981,2,20240204,mobile,6,2,0,0.0,6.13,0
INT-000189,CMP-044,C00036,2,20240206,mobile,5,1,0,0.0,5.11,0
INT-000190,CMP-044,C00672,2,20240206,mobile,7,1,0,0.0,7.16,0
INT-000191,CMP-044,C01269,2,20240207,tablet,5,0,0,0.0,5.11,0
INT-000192,CMP-044,C01756,2,20240207,desktop,3,0,0,0.0,3.07,0
INT-000193,CMP-044,C00884,2,20240208,desktop,3,0,0,0.0,3.07,0
INT-000194,CMP-044,C00149,2,20240208,desktop,3,0,0,0.0,3.07,0
INT-000195,CMP-044,C01680,2,20240212,mobile,3,1,0,0.0,3.07,0
INT-000196,CMP-044,C00120,2,20240213,mobile,6,0,0,0.0,6.13,0
INT-000197,CMP-044,C01833,2,20240214,desktop,5,1,1,209.33,5.11,1
INT-000198,CMP-044,C01811,2,20240215,desktop,5,0,0,0.0,5.11,0
INT-000199,CMP-044,C00379,2,20240216,desktop,4,0,0,0.0,4.09,0
INT-000200,CMP-044,C00845,2,20240217,desktop,5,0,0,0.0,5.11,0
INT-000201,CMP-044,C01478,2,20240218,desktop,5,1,0,0.0,5.11,0
INT-000202,CMP-044,C01928,2,20240220,mobile,6,1,0,0.0,6.13,0
INT-000203,CMP-044,C01732,2,20240220,desktop,3,0,0,0.0,3.07,0
INT-000204,CMP-044,C01003,2,20240221,mobile,6,0,0,0.0,6.13,0
INT-000205,CMP-044,C02135,2,20240221,desktop,7,0,0,0.0,7.16,0
INT-000206,CMP-044,C00985,2,20240223,mobile,3,0,0,0.0,3.07,0
INT-000207,CMP-044,C00366,2,20240223,tablet,6,0,0,0.0,6.13,0
INT-000208,CMP-044,C00977,2,20240224,tablet,7,0,0,0.0,7.16,0
INT-000209,CMP-044,C01222,2,20240226,mobile,5,0,0,0.0,5.11,0
INT-000210,CMP-044,C02141,2,20240227,desktop,6,0,0,0.0,6.13,0
INT-000211,CMP-044,C02106,2,20240227,mobile,3,1,0,0.0,3.07,0
INT-000212,CMP-044,C00014,2,20240228,mobile,8,0,0,0.0,8.18,0
INT-000213,CMP-044,C00699,2,20240301,mobile,7,0,0,0.0,7.16,0
INT-000214,CMP-044,C02163,2,20240301,desktop,8,2,0,0.0,8.18,0
INT-000215,CMP-044,C01034,2,20240303,desktop,5,1,0,0.0,5.11,0
INT-000216,CMP-078,C01409,2,20240125,desktop,4,0,0,0.0,3.37,0
INT-000217,CMP-078,C01142,2,20240125,mobile,1,0,0,0.0,0.84,0
INT-000218,CMP-078,C01476,2,20240127,mobile,6,0,0,0.0,5.06,0
INT-000219,CMP-078,C01902,2,20240129,desktop,2,0,0,0.0,1.69,0
INT-000220,CMP-078,C01157,2,20240131,desktop,2,0,0,0.0,1.69,0
INT-000221,CMP-078,C01569,2,20240131,mobile,2,0,0,0.0,1.69,0
INT-000222,CMP-078,C00186,2,20240201,mobile,5,0,0,0.0,4.22,0
INT-000223,CMP-078,C00397,2,20240202,mobile,1,0,0,0.0,0.84,0
INT-000224,CMP-078,C00603,2,20240203,desktop,3,0,0,0.0,2.53,0
INT-000225,CMP-078,C01479,2,20240205,desktop,6,0,0,0.0,5.06,0
INT-000226,CMP-078,C00841,2,20240205,tablet,3,1,0,0.0,2.53,0
INT-000227,CMP-078,C00514,2,20240206,desktop,1,0,0,0.0,0.84,0
INT-000228,CMP-078,C01803,2,20240208,mobile,4,0,0,0.0,3.37,0
INT-000229,CMP-078,C01373,2,20240208,tablet,4,1,0,0.0,3.37,0
INT-000230,CMP-078,C01354,2,20240208,mobile,5,1,1,137.76,4.22,1
INT-000231,CMP-078,C01013,2,20240209,desktop,4,1,0,0.0,3.37,0
INT-000232,CMP-078,C01883,2,20240209,mobile,2,0,0,0.0,1.69,0
INT-000233,CMP-078,C00525,2,20240209,mobile,1,1,1,162.93,0.84,1
INT-000234,CMP-078,C00116,2,20240211,desktop,2,0,0,0.0,1.69,0
INT-000235,CMP-078,C01184,2,20240212,desktop,5,0,0,0.0,4.22,0
INT-000236,CMP-078,C01626,2,20240212,mobile,2,1,0,0.0,1.69,0
INT-000237,CMP-078,C01238,2,20240214,desktop,3,0,0,0.0,2.53,0
INT-000238,CMP-078,C00437,2,20240215,desktop,1,0,0,0.0,0.84,0
INT-000239,CMP-078,C01423,2,20240216,mobile,3,1,0,0.0,2.53,0
INT-000240,CMP-078,C00063,2,20240219,mobile,3,0,0,0.0,2.53,0
INT-000241,CMP-078,C00388,2,20240222,desktop,4,0,0,0.0,3.37,0
INT-000242,CMP-078,C00778,2,20240222,desktop,4,0,0,0.0,3.37,0
INT-000243,CMP-002,C01431,1,20240201,mobile,4,2,1,332.16,10.58,1
INT-000244,CMP-002,C01724,1,20240201,tablet,4,1,0,0.0,10.58,0
INT-000245,CMP-002,C01329,1,20240201,desktop,1,0,0,0.0,2.65,0
INT-000246,CMP-002,C01589,1,20240201,desktop,4,0,0,0.0,10.58,0
INT-000247,CMP-002,C01899,1,20240202,desktop,3,1,0,0.0,7.94,0
INT-000248,CMP-002,C00007,1,20240202,desktop,2,1,0,0.0,5.29,0
INT-000249,CMP-002,C01409,1,20240202,desktop,7,1,1,252.46,18.52,1
INT-000250,CMP-002,C01548,1,20240203,mobile,4,1,0,0.0,10.58,0
INT-000251,CMP-002,C01092,1,20240203,mobile,5,1,0,0.0,13.23,0
INT-000252,CMP-002,C00061,1,20240204,mobile,5,0,0,0.0,13.23,0
INT-000253,CMP-002,C00589,1,20240205,mobile,4,0,0,0.0,10.58,0
INT-000254,CMP-002,C02133,1,20240206,tablet,3,0,0,0.0,7.94,0
INT-000255,CMP-002,C01061,1,20240207,desktop,4,1,0,0.0,10.58,0
INT-000256,CMP-002,C00705,1,20240207,mobile,3,1,0,0.0,7.94,0
INT-000257,CMP-002,C00278,1,20240208,desktop,3,1,0,0.0,7.94,0
INT-000258,CMP-002,C02022,1,20240208,mobile,4,0,0,0.0,10.58,0
INT-000259,CMP-002,C01747,1,20240209,mobile,5,0,0,0.0,13.23,0
INT-000260,CMP-002,C02051,1,20240210,mobile,7,1,0,0.0,18.52,0
INT-000261,CMP-002,C01764,1,20240210,mobile,3,0,0,0.0,7.94,0
INT-000262,CMP-002,C00236,1,20240210,mobile,6,1,0,0.0,15.88,0
INT-000263,CMP-002,C00071,1,20240210,mobile,4,1,0,0.0,10.58,0
INT-000264,CMP-002,C00132,1,20240210,mobile,6,0,0,0.0,15.88,0
INT-000265,CMP-002,C00077,1,20240212,desktop,4,2,1,189.56,10.58,1
INT-000266,CMP-002,C00169,1,20240212,mobile,5,0,0,0.0,13.23,0
INT-000267,CMP-002,C01809,1,20240213,tablet,3,0,0,0.0,7.94,0
INT-000268,CMP-002,C00562,1,20240213,desktop,4,1,1,311.57,10.58,1
INT-000269,CMP-002,C00610,1,20240213,mobile,5,1,0,0.0,13.23,0
INT-000270,CMP-002,C00290,1,20240213,mobile,6,0,0,0.0,15.88,0
INT-000271,CMP-002,C02030,1,20240214,mobile,4,1,1,234.0,10.58,1
INT-000272,CMP-002,C01894,1,20240215,tablet,5,0,0,0.0,13.23,0
INT-000273,CMP-002,C01466,1,20240216,mobile,4,0,0,0.0,10.58,0
INT-000274,CMP-002,C00672,1,20240216,desktop,4,1,1,183.37,10.58,1
INT-000275,CMP-002,C01641,1,20240217,desktop,3,1,0,0.0,7.94,0
INT-000276,CMP-002,C00191,1,20240218,desktop,7,0,0,0.0,18.52,0
INT-000277,CMP-002,C01860,1,20240218,mobile,2,0,0,0.0,5.29,0
INT-000278,CMP-002,C00489,1,20240219,desktop,3,1,0,0.0,7.94,0
INT-000279,CMP-002,C01367,1,20240219,desktop,4,1,0,0.0,10.58,0
INT-000280,CMP-002,C01399,1,20240220,tablet,6,2,1,109.28,15.88,1
INT-000281,CMP-002,C00202,1,20240222,mobile,4,0,0,0.0,10.58,0
INT-000282,CMP-002,C01610,1,20240222,mobile,4,0,0,0.0,10.58,0
INT-000283,CMP-002,C01188,1,20240223,desktop,3,1,0,0.0,7.94,0
INT-000284,CMP-002,C00662,1,20240223,mobile,3,1,0,0.0,7.94,0
INT-000285,CMP-002,C00776,1,20240224,mobile,5,0,0,0.0,13.23,0
INT-000286,CMP-002,C00280,1,20240224,tablet,6,1,0,0.0,15.88,0
INT-000287,CMP-002,C01294,1,20240224,mobile,5,0,0,0.0,13.23,0
INT-000288,CMP-002,C00685,1,20240225,mobile,3,0,0,0.0,7.94,0
INT-000289,CMP-002,C01141,1,20240225,desktop,3,0,0,0.0,7.94,0
INT-000290,CMP-002,C02003,1,20240225,tablet,4,0,0,0.0,10.58,0
INT-000291,CMP-002,C00690,1,20240226,desktop,3,0,0,0.0,7.94,0
INT-000292,CMP-002,C00172,1,20240227,mobile,4,0,0,0.0,10.58,0
INT-000293,CMP-002,C00205,1,20240228,mobile,6,1,1,182.32,15.88,1
INT-000294,CMP-002,C01691,1,20240228,mobile,4,0,0,0.0,10.58,0
INT-000295,CMP-002,C00682,1,20240228,desktop,6,1,0,0.0,15.88,0
INT-000296,CMP-002,C01650,1,20240229,mobile,5,2,0,0.0,13.23,0
INT-000297,CMP-002,C02191,1,20240229,mobile,2,0,0,0.0,5.29,0
INT-000298,CMP-002,C01572,1,20240229,mobile,3,1,0,0.0,7.94,0
INT-000299,CMP-002,C01152,1,20240229,desktop,3,0,0,0.0,7.94,0
INT-000300,CMP-002,C01606,1,20240301,mobile,2,0,0,0.0,5.29,0
INT-000301,CMP-002,C00972,1,20240301,desktop,5,0,0,0.0,13.23,0
INT-000302,CMP-002,C01597,1,20240301,mobile,6,0,0,0.0,15.88,0
INT-000303,CMP-002,C00029,1,20240301,desktop,8,2,1,232.94,21.17,1
INT-000304,CMP-006,C00153,5,20240208,mobile,5,0,0,0.0,6.45,0
INT-000305,CMP-006,C01992,5,20240209,tablet,9,0,0,0.0,11.61,0
INT-000306,CMP-006,C01067,5,20240211,mobile,7,0,0,0.0,9.03,0
INT-000307,CMP-006,C00135,5,20240211,mobile,7,0,0,0.0,9.03,0
INT-000308,CMP-006,C01376,5,20240212,mobile,6,0,0,0.0,7.74,0
INT-000309,CMP-006,C01629,5,20240212,tablet,5,0,0,0.0,6.45,0
INT-000310,CMP-006,C00623,5,20240212,mobile,8,0,0,0.0,10.32,0
INT-000311,CMP-006,C00754,5,20240214,mobile,14,0,0,0.0,18.06,0
INT-000312,CMP-006,C01886,5,20240214,mobile,15,0,0,0.0,19.35,0
INT-000313,CMP-006,C01465,5,20240214,mobile,9,0,0,0.0,11.61,0
INT-000314,CMP-006,C01775,5,20240214,mobile,7,0,0,0.0,9.03,0
INT-000315,CMP-006,C00064,5,20240215,desktop,10,0,0,0.0,12.9,0
INT-000316,CMP-006,C01527,5,20240215,desktop,10,0,0,0.0,12.9,0
INT-000317,CMP-006,C00788,5,20240216,mobile,11,0,0,0.0,14.19,0
INT-000318,CMP-006,C00989,5,20240216,mobile,10,0,0,0.0,12.9,0
INT-000319,CMP-006,C00922,5,20240217,mobile,11,0,0,0.0,14.19,0
INT-000320,CMP-006,C00722,5,20240217,mobile,12,0,0,0.0,15.48,0
INT-000321,CMP-006,C01961,5,20240218,mobile,12,0,1,344.69,15.48,1
INT-000322,CMP-006,C01544,5,20240219,tablet,12,0,0,0.0,15.48,0
INT-000323,CMP-006,C00970,5,20240219,desktop,11,0,0,0.0,14.19,0
INT-000324,CMP-006,C01720,5,20240219,mobile,5,0,0,0.0,6.45,0
INT-000325,CMP-006,C00477,5,20240221,desktop,7,0,1,364.46,9.03,1
INT-000326,CMP-006,C01177,5,20240222,desktop,13,0,0,0.0,16.77,0
INT-000327,CMP-006,C01531,5,20240222,mobile,5,0,0,0.0,6.45,0
INT-000328,CMP-006,C02076,5,20240222,desktop,11,0,0,0.0,14.19,0
INT-000329,CMP-006,C01024,5,20240222,mobile,10,0,1,359.64,12.9,1
INT-000330,CMP-006,C00455,5,20240224,mobile,10,0,0,0.0,12.9,0
INT-000331,CMP-006,C01255,5,20240226,tablet,6,0,1,237.19,7.74,1
INT-000332,CMP-006,C01516,5,20240226,desktop,11,0,1,419.57,14.19,1
INT-000333,CMP-006,C01170,5,20240227,desktop,10,0,1,653.2,12.9,1
INT-000334,CMP-006,C00454,5,20240227,mobile,8,0,0,0.0,10.32,0
INT-000335,CMP-006,C00342,5,20240228,mobile,9,0,0,0.0,11.61,0
INT-000336,CMP-006,C01058,5,20240228,tablet,8,0,0,0.0,10.32,0
INT-000337,CMP-006,C00857,5,20240301,tablet,21,1,0,0.0,27.1,0
INT-000338,CMP-006,C01290,5,20240303,desktop,14,0,0,0.0,18.06,0
INT-000339,CMP-006,C01915,5,20240303,mobile,14,0,2,433.16,18.06,1
INT-000340,CMP-006,C00238,5,20240303,mobile,10,0,0,0.0,12.9,0
INT-000341,CMP-006,C01767,5,20240304,tablet,8,0,0,0.0,10.32,0
INT-000342,CMP-006,C00438,5,20240304,mobile,7,0,0,0.0,9.03,0
INT-000343,CMP-006,C01212,5,20240305,mobile,9,0,1,480.47,11.61,1
INT-000344,CMP-006,C01634,5,20240306,tablet,14,0,1,476.5,18.06,1
INT-000345,CMP-006,C00252,5,20240306,mobile,9,0,0,0.0,11.61,0
INT-000346,CMP-006,C00498,5,20240306,desktop,9,0,0,0.0,11.61,0
INT-000347,CMP-006,C01865,5,20240307,mobile,13,0,1,222.23,16.77,1
INT-000348,CMP-006,C00306,5,20240308,mobile,7,0,0,0.0,9.03,0
INT-000349,CMP-006,C01468,5,20240310,mobile,20,0,1,325.55,25.81,1
INT-000350,CMP-006,C00172,5,20240311,tablet,9,1,0,0.0,11.61,0
INT-000351,CMP-006,C00035,5,20240311,mobile,5,0,0,0.0,6.45,0
INT-000352,CMP-006,C00863,5,20240311,mobile,12,0,1,396.95,15.48,1
INT-000353,CMP-006,C01979,5,20240311,mobile,11,0,0,0.0,14.19,0
INT-000354,CMP-077,C01231,1,20240217,mobile,4,0,0,0.0,10.78,0
INT-000355,CMP-077,C00275,1,20240218,mobile,4,0,0,0.0,10.78,0
INT-000356,CMP-077,C01876,1,20240219,desktop,4,0,0,0.0,10.78,0
INT-000357,CMP-077,C02084,1,20240222,mobile,4,1,1,250.18,10.78,1
INT-000358,CMP-077,C00479,1,20240222,desktop,2,1,0,0.0,5.39,0
INT-000359,CMP-077,C01302,1,20240223,desktop,4,0,0,0.0,10.78,0
INT-000360,CMP-077,C00869,1,20240223,mobile,2,2,1,194.49,5.39,1
INT-000361,CMP-077,C01851,1,20240224,mobile,4,0,0,0.0,10.78,0
INT-000362,CMP-077,C01037,1,20240224,mobile,6,1,0,0.0,16.17,0
INT-000363,CMP-077,C01273,1,20240225,desktop,9,2,0,0.0,24.25,0
INT-000364,CMP-077,C00417,1,20240226,mobile,6,1,0,0.0,16.17,0
INT-000365,CMP-077,C00084,1,20240226,desktop,5,1,0,0.0,13.47,0
INT-000366,CMP-077,C00487,1,20240227,mobile,2,1,0,0.0,5.39,0
INT-000367,CMP-077,C00070,1,20240227,mobile,9,2,0,0.0,24.25,0
INT-000368,CMP-077,C01226,1,20240227,desktop,1,0,0,0.0,2.69,0
INT-000369,CMP-077,C01336,1,20240227,mobile,4,2,2,424.09,10.78,1
INT-000370,CMP-077,C01702,1,20240227,desktop,7,1,0,0.0,18.86,0
INT-000371,CMP-077,C01845,1,20240228,desktop,4,1,0,0.0,10.78,0
INT-000372,CMP-077,C00800,1,20240228,mobile,3,0,0,0.0,8.08,0
INT-000373,CMP-077,C01243,1,20240228,mobile,3,0,0,0.0,8.08,0
INT-000374,CMP-077,C00562,1,20240301,desktop,7,1,1,193.11,18.86,1
INT-000375,CMP-077,C01218,1,20240301,mobile,4,0,0,0.0,10.78,0
INT-000376,CMP-077,C01633,1,20240301,mobile,3,0,0,0.0,8.08,0
INT-000377,CMP-077,C01911,1,20240304,mobile,6,0,0,0.0,16.17,0
INT-000378,CMP-077,C01610,1,20240304,mobile,9,0,0,0.0,24.25,0
INT-000379,CMP-077,C01462,1,20240304,mobile,2,0,0,0.0,5.39,0
INT-000380,CMP-077,C00465,1,20240305,mobile,3,1,0,0.0,8.08,0
INT-000381,CMP-077,C01703,1,20240305,mobile,5,1,0,0.0,13.47,0
INT-000382,CMP-077,C00494,1,20240306,mobile,7,1,0,0.0,18.86,0
INT-000383,CMP-077,C00386,1,20240307,desktop,3,0,0,0.0,8.08,0
INT-000384,CMP-077,C01080,1,20240307,mobile,3,1,0,0.0,8.08,0
INT-000385,CMP-077,C00775,1,20240308,desktop,4,0,0,0.0,10.78,0
INT-000386,CMP-077,C01067,1,20240309,mobile,6,0,0,0.0,16.17,0
INT-000387,CMP-077,C01014,1,20240309,desktop,5,0,0,0.0,13.47,0
INT-000388,CMP-077,C00648,1,20240310,mobile,7,0,0,0.0,18.86,0
INT-000389,CMP-077,C00554,1,20240311,tablet,5,1,0,0.0,13.47,0
INT-000390,CMP-077,C00605,1,20240311,mobile,3,0,0,0.0,8.08,0
INT-000391,CMP-077,C01062,1,20240312,desktop,3,1,0,0.0,8.08,0
INT-000392,CMP-077,C01764,1,20240312,mobile,2,0,0,0.0,5.39,0
INT-000393,CMP-077,C01374,1,20240313,mobile,3,0,0,0.0,8.08,0
INT-000394,CMP-077,C01722,1,20240315,mobile,3,0,0,0.0,8.08,0
INT-000395,CMP-077,C00306,1,20240318,mobile,5,1,1,235.95,13.47,1
INT-000396,CMP-077,C01136,1,20240320,tablet,4,1,1,323.22,10.78,1
INT-000397,CMP-077,C01877,1,20240321,mobile,4,1,0,0.0,10.78,0
INT-000398,CMP-089,C01129,3,20240218,mobile,5,0,0,0.0,4.23,0
INT-000399,CMP-089,C01626,3,20240219,mobile,5,0,0,0.0,4.23,0
INT-000400,CMP-089,C00324,3,20240219,mobile,3,0,0,0.0,2.54,0
INT-000401,CMP-089,C00181,3,20240220,mobile,6,1,0,0.0,5.07,0
INT-000402,CMP-089,C01706,3,20240220,mobile,7,0,0,0.0,5.92,0
INT-000403,CMP-089,C00430,3,20240222,tablet,5,0,0,0.0,4.23,0
INT-000404,CMP-089,C00491,3,20240222,mobile,7,0,0,0.0,5.92,0
INT-000405,CMP-089,C01632,3,20240223,desktop,4,0,0,0.0,3.38,0
INT-000406,CMP-089,C01719,3,20240223,mobile,8,2,0,0.0,6.76,0
INT-000407,CMP-089,C01726,3,20240223,mobile,10,0,0,0.0,8.46,0
INT-000408,CMP-089,C01550,3,20240224,mobile,5,0,0,0.0,4.23,0
INT-000409,CMP-089,C00364,3,20240224,desktop,9,1,0,0.0,7.61,0
INT-000410,CMP-089,C01211,3,20240225,desktop,6,0,0,0.0,5.07,0
INT-000411,CMP-089,C00977,3,20240225,tablet,8,0,0,0.0,6.76,0
INT-000412,CMP-089,C01882,3,20240225,mobile,5,0,0,0.0,4.23,0
INT-000413,CMP-089,C00304,3,20240226,desktop,7,0,0,0.0,5.92,0
INT-000414,CMP-089,C01722,3,20240226,mobile,4,0,0,0.0,3.38,0
INT-000415,CMP-089,C01225,3,20240226,desktop,7,2,0,0.0,5.92,0
INT-000416,CMP-089,C01193,3,20240227,mobile,7,0,0,0.0,5.92,0
INT-000417,CMP-089,C00125,3,20240228,mobile,9,0,0,0.0,7.61,0
INT-000418,CMP-089,C00223,3,20240228,mobile,4,0,0,0.0,3.38,0
INT-000419,CMP-089,C01123,3,20240228,mobile,7,0,0,0.0,5.92,0
INT-000420,CMP-089,C01865,3,20240228,mobile,6,0,0,0.0,5.07,0
INT-000421,CMP-089,C02158,3,20240229,desktop,10,1,0,0.0,8.46,0
INT-000422,CMP-089,C01594,3,20240229,mobile,3,0,0,0.0,2.54,0
INT-000423,CMP-089,C00311,3,20240229,mobile,7,0,0,0.0,5.92,0
INT-000424,CMP-089,C01212,3,20240301,mobile,5,0,0,0.0,4.23,0
INT-000425,CMP-089,C00256,3,20240301,desktop,5,0,0,0.0,4.23,0
INT-000426,CMP-089,C01672,3,20240301,mobile,9,0,0,0.0,7.61,0
INT-000427,CMP-089,C00318,3,20240302,mobile,8,0,0,0.0,6.76,0
INT-000428,CMP-089,C00053,3,20240302,tablet,8,0,0,0.0,6.76,0
INT-000429,CMP-089,C01023,3,20240303,tablet,8,0,0,0.0,6.76,0
INT-000430,CMP-089,C01248,3,20240305,mobile,7,1,0,0.0,5.92,0
INT-000431,CMP-089,C00469,3,20240306,mobile,4,0,0,0.0,3.38,0
INT-000432,CMP-089,C00051,3,20240306,mobile,7,0,0,0.0,5.92,0
INT-000433,CMP-089,C00696,3,20240306,mobile,9,0,0,0.0,7.61,0
INT-000434,CMP-089,C00338,3,20240308,mobile,2,0,0,0.0,1.69,0
INT-000435,CMP-089,C00087,3,20240308,tablet,8,1,0,0.0,6.76,0
INT-000436,CMP-089,C00480,3,20240309,mobile,5,0,0,0.0,4.23,0
INT-000437,CMP-089,C00704,3,20240309,mobile,4,1,0,0.0,3.38,0
INT-000438,CMP-089,C01114,3,20240310,mobile,8,0,0,0.0,6.76,0
INT-000439,CMP-089,C01902,3,20240310,desktop,7,1,1,175.44,5.92,1
INT-000440,CMP-089,C00462,3,20240310,desktop,4,1,0,0.0,3.38,0
INT-000441,CMP-105,C01523,3,20240224,desktop,6,0,0,0.0,5.07,0
INT-000442,CMP-105,C00815,3,20240224,tablet,4,0,0,0.0,3.38,0
INT-000443,CMP-105,C00862,3,20240224,mobile,10,0,0,0.0,8.45,0
INT-000444,CMP-105,C01056,3,20240224,mobile,6,1,0,0.0,5.07,0
INT-000445,CMP-105,C01967,3,20240224,mobile,13,1,0,0.0,10.98,0
INT-000446,CMP-105,C00547,3,20240224,desktop,14,1,0,0.0,11.83,0
INT-000447,CMP-105,C00766,3,20240225,mobile,7,0,0,0.0,5.91,0
INT-000448,CMP-105,C01795,3,20240225,desktop,7,1,1,189.54,5.91,1
INT-000449,CMP-105,C00800,3,20240225,mobile,7,0,0,0.0,5.91,0
INT-000450,CMP-105,C00139,3,20240225,desktop,6,1,1,156.46,5.07,1
INT-000451,CMP-105,C01187,3,20240225,desktop,9,1,0,0.0,7.6,0
INT-000452,CMP-105,C00868,3,20240225,desktop,6,0,0,0.0,5.07,0
INT-000453,CMP-105,C01545,3,20240225,desktop,6,0,0,0.0,5.07,0
INT-000454,CMP-105,C00608,3,20240225,desktop,7,1,1,137.53,5.91,1
INT-000455,CMP-105,C01281,3,20240226,mobile,11,2,0,0.0,9.29,0
INT-000456,CMP-105,C00301,3,20240226,desktop,11,0,0,0.0,9.29,0
INT-000457,CMP-105,C00190,3,20240226,desktop,7,0,0,0.0,5.91,0
INT-000458,CMP-105,C00809,3,20240226,mobile,8,1,0,0.0,6.76,0
INT-000459,CMP-105,C00347,3,20240227,mobile,7,0,0,0.0,5.91,0
INT-000460,CMP-105,C01613,3,20240227,mobile,6,0,0,0.0,5.07,0
INT-000461,CMP-105,C00302,3,20240227,tablet,9,1,0,0.0,7.6,0
INT-000462,CMP-105,C01083,3,20240227,mobile,8,0,0,0.0,6.76,0
INT-000463,CMP-105,C01416,3,20240227,mobile,10,0,0,0.0,8.45,0
INT-000464,CMP-105,C00384,3,20240227,mobile,6,0,0,0.0,5.07,0
INT-000465,CMP-105,C01450,3,20240227,mobile,16,0,0,0.0,13.51,0
INT-000466,CMP-105,C00791,3,20240227,desktop,7,1,0,0.0,5.91,0
INT-000467,CMP-105,C01646,3,20240227,mobile,4,0,0,0.0,3.38,0
INT-000468,CMP-105,C00851,3,20240228,mobile,9,0,0,0.0,7.6,0
INT-000469,CMP-105,C00728,3,20240228,tablet,7,0,0,0.0,5.91,0
INT-000470,CMP-105,C02107,3,20240228,mobile,9,0,0,0.0,7.6,0
INT-000471,CMP-105,C00528,3,20240228,desktop,9,0,0,0.0,7.6,0
INT-000472,CMP-105,C00392,3,20240228,mobile,9,1,0,0.0,7.6,0
INT-000473,CMP-105,C02075,3,20240228,mobile,7,1,0,0.0,5.91,0
INT-000474,CMP-105,C00892,3,20240228,mobile,7,0,0,0.0,5.91,0
INT-000475,CMP-105,C01031,3,20240229,tablet,11,2,2,346.59,9.29,1
INT-000476,CMP-105,C02160,3,20240229,desktop,8,0,0,0.0,6.76,0
INT-000477,CMP-105,C00941,3,20240229,mobile,11,1,0,0.0,9.29,0
INT-000478,CMP-105,C02101,3,20240229,desktop,9,0,0,0.0,7.6,0
INT-000479,CMP-105,C00729,3,20240229,mobile,6,0,0,0.0,5.07,0
INT-000480,CMP-105,C01625,3,20240229,mobile,6,0,0,0.0,5.07,0
INT-000481,CMP-105,C00353,3,20240301,desktop,8,1,0,0.0,6.76,0
INT-000482,CMP-105,C01688,3,20240301,mobile,10,1,0,0.0,8.45,0
INT-000483,CMP-105,C00346,3,20240301,desktop,10,0,0,0.0,8.45,0
INT-000484,CMP-105,C01750,3,20240302,desktop,12,0,0,0.0,10.14,0
INT-000485,CMP-105,C00125,3,20240302,mobile,6,0,0,0.0,5.07,0
INT-000486,CMP-105,C00678,3,20240302,mobile,5,0,0,0.0,4.22,0
INT-000487,CMP-105,C00185,3,20240302,mobile,8,1,0,0.0,6.76,0
INT-000488,CMP-105,C00211,3,20240302,mobile,7,2,0,0.0,5.91,0
INT-000489,CMP-105,C00490,3,20240302,mobile,6,1,0,0.0,5.07,0
INT-000490,CMP-105,C00551,3,20240302,mobile,9,1,0,0.0,7.6,0
INT-000491,CMP-105,C02137,3,20240303,desktop,9,0,0,0.0,7.6,0
INT-000492,CMP-105,C00529,3,20240304,tablet,6,1,1,104.71,5.07,1
INT-000493,CMP-105,C01006,3,20240304,desktop,14,0,0,0.0,11.83,0
INT-000494,CMP-105,C01396,3,20240304,mobile,9,1,0,0.0,7.6,0
INT-000495,CMP-105,C00259,3,20240304,tablet,5,1,0,0.0,4.22,0
INT-000496,CMP-105,C00854,3,20240304,mobile,4,0,0,0.0,3.38,0
INT-000497,CMP-105,C01669,3,20240304,mobile,5,0,0,0.0,4.22,0
INT-000498,CMP-105,C02015,3,20240304,mobile,6,0,0,0.0,5.07,0
INT-000499,CMP-105,C01824,3,20240304,mobile,6,0,0,0.0,5.07,0
INT-000500,CMP-105,C00192,3,20240305,tablet,4,0,0,0.0,3.38,0
INT-000501,CMP-105,C00499,3,20240305,desktop,7,0,0,0.0,5.91,0
INT-000502,CMP-105,C01182,3,20240305,desktop,9,0,0,0.0,7.6,0
INT-000503,CMP-105,C01766,3,20240305,desktop,8,1,0,0.0,6.76,0
INT-000504,CMP-105,C01975,3,20240306,mobile,7,2,0,0.0,5.91,0
INT-000505,CMP-105,C00004,3,20240306,mobile,5,0,0,0.0,4.22,0
INT-000506,CMP-105,C00844,3,20240306,mobile,6,0,0,0.0,5.07,0
INT-000507,CMP-105,C00555,3,20240307,desktop,8,1,0,0.0,6.76,0
INT-000508,CMP-105,C01078,3,20240307,mobile,7,0,0,0.0,5.91,0
INT-000509,CMP-105,C01756,3,20240307,mobile,8,0,0,0.0,6.76,0
INT-000510,CMP-105,C00501,3,20240307,mobile,8,0,0,0.0,6.76,0
INT-000511,CMP-105,C00609,3,20240307,desktop,7,0,0,0.0,5.91,0
INT-000512,CMP-105,C01507,3,20240307,desktop,12,2,0,0.0,10.14,0
INT-000513,CMP-105,C01225,3,20240307,mobile,11,0,0,0.0,9.29,0
INT-000514,CMP-105,C01203,3,20240307,desktop,3,0,0,0.0,2.53,0
INT-000515,CMP-105,C01567,3,20240308,desktop,10,1,1,156.5,8.45,1
INT-000516,CMP-105,C01851,3,20240308,mobile,14,1,0,0.0,11.83,0
INT-000517,CMP-105,C00680,3,20240308,mobile,8,1,0,0.0,6.76,0
INT-000518,CMP-105,C02012,3,20240308,mobile,4,0,0,0.0,3.38,0
INT-000519,CMP-105,C00776,3,20240308,mobile,9,0,0,0.0,7.6,0
INT-000520,CMP-105,C00329,3,20240308,desktop,9,0,0,0.0,7.6,0
INT-000521,CMP-105,C01362,3,20240308,desktop,7,1,0,0.0,5.91,0
INT-000522,CMP-105,C00944,3,20240309,desktop,9,0,0,0.0,7.6,0
INT-000523,CMP-105,C02132,3,20240309,mobile,10,0,0,0.0,8.45,0
INT-000524,CMP-105,C02164,3,20240309,tablet,6,0,0,0.0,5.07,0
INT-000525,CMP-105,C02069,3,20240309,mobile,7,0,0,0.0,5.91,0
INT-000526,CMP-105,C01671,3,20240309,mobile,4,0,0,0.0,3.38,0
INT-000527,CMP-105,C01350,3,20240309,tablet,6,0,0,0.0,5.07,0
INT-000528,CMP-105,C01570,3,20240310,desktop,5,0,0,0.0,4.22,0
INT-000529,CMP-105,C01600,3,20240310,mobile,9,0,0,0.0,7.6,0
INT-000530,CMP-105,C01643,3,20240310,mobile,8,0,0,0.0,6.76,0
INT-000531,CMP-105,C01636,3,20240310,mobile,5,1,0,0.0,4.22,0
INT-000532,CMP-105,C00647,3,20240310,desktop,12,0,0,0.0,10.14,0
INT-000533,CMP-105,C01918,3,20240310,mobile,11,3,0,0.0,9.29,0
INT-000534,CMP-066,C00572,1,20240301,mobile,6,0,0,0.0,14.87,0
INT-000535,CMP-066,C01950,1,20240301,mobile,5,1,0,0.0,12.39,0
INT-000536,CMP-066,C00398,1,20240302,mobile,7,1,1,367.54,17.35,1
INT-000537,CMP-066,C01657,1,20240302,desktop,3,0,0,0.0,7.43,0
INT-000538,CMP-066,C01402,1,20240302,desktop,4,1,1,185.05,9.91,1
INT-000539,CMP-066,C00997,1,20240302,desktop,5,0,0,0.0,12.39,0
INT-000540,CMP-066,C01724,1,20240303,tablet,6,2,0,0.0,14.87,0
INT-000541,CMP-066,C00477,1,20240303,mobile,5,1,1,346.59,12.39,1
INT-000542,CMP-066,C00340,1,20240304,mobile,4,0,0,0.0,9.91,0
INT-000543,CMP-066,C00914,1,20240304,mobile,3,0,0,0.0,7.43,0
INT-000544,CMP-066,C01200,1,20240305,desktop,7,0,0,0.0,17.35,0
INT-000545,CMP-066,C01124,1,20240305,tablet,3,1,0,0.0,7.43,0
INT-000546,CMP-066,C01009,1,20240305,mobile,1,0,0,0.0,2.48,0
INT-000547,CMP-066,C00469,1,20240306,mobile,4,0,0,0.0,9.91,0
INT-000548,CMP-066,C01934,1,20240307,mobile,4,0,0,0.0,9.91,0
INT-000549,CMP-066,C01576,1,20240307,mobile,8,1,0,0.0,19.83,0
INT-000550,CMP-066,C00681,1,20240307,mobile,4,0,0,0.0,9.91,0
INT-000551,CMP-066,C01197,1,20240309,mobile,3,0,0,0.0,7.43,0
INT-000552,CMP-066,C00841,1,20240309,tablet,4,0,0,0.0,9.91,0
INT-000553,CMP-066,C02095,1,20240309,mobile,5,1,1,271.75,12.39,1
INT-000554,CMP-066,C01915,1,20240310,mobile,6,1,1,201.56,14.87,1
INT-000555,CMP-066,C01072,1,20240310,desktop,2,0,0,0.0,4.96,0
INT-000556,CMP-066,C02069,1,20240310,desktop,4,0,0,0.0,9.91,0
INT-000557,CMP-066,C01652,1,20240310,mobile,5,1,0,0.0,12.39,0
INT-000558,CMP-066,C01239,1,20240310,desktop,3,0,0,0.0,7.43,0
INT-000559,CMP-066,C00879,1,20240311,mobile,7,1,0,0.0,17.35,0
INT-000560,CMP-066,C00390,1,20240311,tablet,4,0,0,0.0,9.91,0
INT-000561,CMP-066,C00423,1,20240312,mobile,4,1,1,165.79,9.91,1
INT-000562,CMP-066,C00266,1,20240312,desktop,5,0,0,0.0,12.39,0
INT-000563,CMP-066,C01403,1,20240312,desktop,2,0,0,0.0,4.96,0
INT-000564,CMP-066,C01250,1,20240313,mobile,7,0,0,0.0,17.35,0
INT-000565,CMP-066,C00042,1,20240313,mobile,3,0,0,0.0,7.43,0
INT-000566,CMP-066,C00608,1,20240313,desktop,2,1,0,0.0,4.96,0
INT-000567,CMP-066,C00224,1,20240314,mobile,5,1,0,0.0,12.39,0
INT-000568,CMP-066,C00408,1,20240314,mobile,3,0,0,0.0,7.43,0
INT-000569,CMP-066,C01015,1,20240315,mobile,5,1,0,0.0,12.39,0
INT-000570,CMP-066,C01472,1,20240317,mobile,4,0,0,0.0,9.91,0
INT-000571,CMP-066,C00556,1,20240317,mobile,3,2,0,0.0,7.43,0
INT-000572,CMP-066,C00263,1,20240317,desktop,4,0,0,0.0,9.91,0
INT-000573,CMP-066,C00343,1,20240317,desktop,3,1,0,0.0,7.43,0
INT-000574,CMP-066,C00795,1,20240320,mobile,3,0,0,0.0,7.43,0
INT-000575,CMP-066,C00044,1,20240321,desktop,2,0,0,0.0,4.96,0
INT-000576,CMP-066,C01621,1,20240321,desktop,1,0,0,0.0,2.48,0
INT-000577,CMP-066,C02165,1,20240322,tablet,2,0,0,0.0,4.96,0
INT-000578,CMP-066,C00963,1,20240322,desktop,6,2,2,582.87,14.87,1
INT-000579,CMP-066,C01778,1,20240323,mobile,7,0,0,0.0,17.35,0
INT-000580,CMP-066,C01076,1,20240323,mobile,2,0,0,0.0,4.96,0
INT-000581,CMP-066,C00331,1,20240324,tablet,4,1,0,0.0,9.91,0
INT-000582,CMP-066,C01672,1,20240324,mobile,5,0,0,0.0,12.39,0
INT-000583,CMP-066,C00601,1,20240324,mobile,6,1,1,193.72,14.87,1
INT-000584,CMP-066,C01900,1,20240325,desktop,4,0,0,0.0,9.91,0
INT-000585,CMP-066,C00433,1,20240326,desktop,4,0,0,0.0,9.91,0
INT-000586,CMP-066,C02087,1,20240326,mobile,2,0,0,0.0,4.96,0
INT-000587,CMP-066,C00387,1,20240326,mobile,7,2,0,0.0,17.35,0
INT-000588,CMP-066,C01816,1,20240327,mobile,3,0,0,0.0,7.43,0
INT-000589,CMP-094,C02163,2,20240307,mobile,1,1,0,0.0,0.55,0
INT-000590,CMP-094,C00757,2,20240307,tablet,2,0,0,0.0,1.1,0
INT-000591,CMP-094,C01610,2,20240308,tablet,1,1,0,0.0,0.55,0
INT-000592,CMP-094,C01089,2,20240309,mobile,1,0,0,0.0,0.55,0
INT-000593,CMP-094,C01408,2,20240309,mobile,1,0,0,0.0,0.55,0
INT-000594,CMP-094,C00364,2,20240309,desktop,1,0,0,0.0,0.55,0
INT-000595,CMP-094,C00970,2,20240310,desktop,2,0,0,0.0,1.1,0
INT-000596,CMP-094,C01968,2,20240313,desktop,3,0,0,0.0,1.65,0
INT-000597,CMP-094,C01669,2,20240314,mobile,3,0,0,0.0,1.65,0
INT-000598,CMP-094,C01987,2,20240315,mobile,2,0,0,0.0,1.1,0
INT-000599,CMP-094,C01658,2,20240317,desktop,2,0,0,0.0,1.1,0
INT-000600,CMP-094,C00432,2,20240319,desktop,2,0,0,0.0,1.1,0
INT-000601,CMP-094,C02062,2,20240319,desktop,3,0,0,0.0,1.65,0
INT-000602,CMP-094,C01733,2,20240319,mobile,2,0,0,0.0,1.1,0
INT-000603,CMP-094,C00704,2,20240320,mobile,1,0,0,0.0,0.55,0
INT-000604,CMP-094,C01212,2,20240321,mobile,3,0,0,0.0,1.65,0
INT-000605,CMP-094,C00766,2,20240321,desktop,2,0,0,0.0,1.1,0
INT-000606,CMP-094,C02077,2,20240321,tablet,1,0,0,0.0,0.55,0
INT-000607,CMP-094,C01396,2,20240323,mobile,5,0,0,0.0,2.75,0
INT-000608,CMP-094,C01078,2,20240323,desktop,4,0,0,0.0,2.2,0
INT-000609,CMP-094,C01933,2,20240323,mobile,4,0,0,0.0,2.2,0
INT-000610,CMP-094,C01337,2,20240325,tablet,4,0,0,0.0,2.2,0
INT-000611,CMP-094,C02100,2,20240326,mobile,1,0,0,0.0,0.55,0
INT-000612,CMP-094,C00919,2,20240329,desktop,1,0,0,0.0,0.55,0
INT-000613,CMP-094,C00664,2,20240329,desktop,2,1,1,220.46,1.1,1
INT-000614,CMP-094,C00143,2,20240331,desktop,4,0,0,0.0,2.2,0
INT-000615,CMP-094,C01671,2,20240331,mobile,4,1,0,0.0,2.2,0
INT-000616,CMP-094,C00047,2,20240403,mobile,1,1,1,242.98,0.55,1
INT-000617,CMP-094,C01787,2,20240404,mobile,2,0,0,0.0,1.1,0
INT-000618,CMP-094,C01884,2,20240404,tablet,2,0,0,0.0,1.1,0
INT-000619,CMP-094,C00855,2,20240404,mobile,2,0,0,0.0,1.1,0
INT-000620,CMP-094,C00190,2,20240404,desktop,1,0,0,0.0,0.55,0
INT-000621,CMP-094,C00145,2,20240405,desktop,2,1,1,167.53,1.1,1
INT-000622,CMP-094,C02186,2,20240405,mobile,1,0,0,0.0,0.55,0
INT-000623,CMP-094,C01783,2,20240405,desktop,2,0,0,0.0,1.1,0
INT-000624,CMP-094,C00389,2,20240405,desktop,2,0,0,0.0,1.1,0
INT-000625,CMP-094,C01567,2,20240407,desktop,1,0,0,0.0,0.55,0
INT-000626,CMP-094,C00531,2,20240407,mobile,2,0,0,0.0,1.1,0
INT-000627,CMP-094,C02152,2,20240407,mobile,3,0,0,0.0,1.65,0
INT-000628,CMP-094,C00494,2,20240408,mobile,2,0,0,0.0,1.1,0
INT-000629,CMP-094,C00306,2,20240408,mobile,4,0,0,0.0,2.2,0
INT-000630,CMP-094,C02002,2,20240409,tablet,1,0,0,0.0,0.55,0
INT-000631,CMP-094,C01258,2,20240409,desktop,3,0,0,0.0,1.65,0
INT-000632,CMP-094,C00227,2,20240410,mobile,2,1,0,0.0,1.1,0
INT-000633,CMP-094,C00171,2,20240411,desktop,2,0,0,0.0,1.1,0
INT-000634,CMP-094,C00253,2,20240412,desktop,2,1,1,121.53,1.1,1
INT-000635,CMP-094,C02010,2,20240414,mobile,3,1,0,0.0,1.65,0
INT-000636,CMP-094,C01988,2,20240414,mobile,1,0,0,0.0,0.55,0
INT-000637,CMP-094,C01409,2,20240415,desktop,2,1,1,175.08,1.1,1
INT-000638,CMP-094,C01221,2,20240415,mobile,4,1,0,0.0,2.2,0
INT-000639,CMP-023,C01135,3,20240313,mobile,12,1,0,0.0,11.94,0
INT-000640,CMP-023,C01967,3,20240313,desktop,10,0,0,0.0,9.95,0
INT-000641,CMP-023,C01745,3,20240314,desktop,8,1,0,0.0,7.96,0
INT-000642,CMP-023,C01801,3,20240316,desktop,10,0,0,0.0,9.95,0
INT-000643,CMP-023,C00915,3,20240316,mobile,17,1,0,0.0,16.91,0
INT-000644,CMP-023,C00973,3,20240317,mobile,12,0,0,0.0,11.94,0
INT-000645,CMP-023,C00831,3,20240317,mobile,8,1,0,0.0,7.96,0
INT-000646,CMP-023,C01240,3,20240317,desktop,11,1,1,99.98,10.94,1
INT-000647,CMP-023,C00309,3,20240317,mobile,9,1,0,0.0,8.95,0
INT-000648,CMP-023,C00772,3,20240318,mobile,9,1,0,0.0,8.95,0
INT-000649,CMP-023,C00840,3,20240318,mobile,9,0,0,0.0,8.95,0
INT-000650,CMP-023,C01600,3,20240319,mobile,4,0,0,0.0,3.98,0
INT-000651,CMP-023,C00605,3,20240319,mobile,10,1,0,0.0,9.95,0
INT-000652,CMP-023,C01587,3,20240319,tablet,6,0,0,0.0,5.97,0
INT-000653,CMP-023,C01090,3,20240319,mobile,7,0,0,0.0,6.96,0
INT-000654,CMP-023,C01652,3,20240320,mobile,9,0,0,0.0,8.95,0
INT-000655,CMP-023,C01338,3,20240320,tablet,10,1,0,0.0,9.95,0
INT-000656,CMP-023,C02012,3,20240320,mobile,10,0,0,0.0,9.95,0
INT-000657,CMP-023,C01239,3,20240320,desktop,8,1,0,0.0,7.96,0
INT-000658,CMP-023,C01370,3,20240320,desktop,15,0,0,0.0,14.92,0
INT-000659,CMP-023,C00556,3,20240321,mobile,8,0,0,0.0,7.96,0
INT-000660,CMP-023,C00773,3,20240321,mobile,15,2,1,209.42,14.92,1
INT-000661,CMP-023,C01036,3,20240321,desktop,17,0,0,0.0,16.91,0
INT-000662,CMP-023,C01425,3,20240321,mobile,12,0,0,0.0,11.94,0
INT-000663,CMP-023,C01763,3,20240322,desktop,14,2,0,0.0,13.93,0
INT-000664,CMP-023,C00861,3,20240322,desktop,12,0,0,0.0,11.94,0
INT-000665,CMP-023,C00569,3,20240323,mobile,10,1,0,0.0,9.95,0
INT-000666,CMP-023,C02124,3,20240324,desktop,15,2,1,102.15,14.92,1
INT-000667,CMP-023,C00317,3,20240324,mobile,7,0,0,0.0,6.96,0
INT-000668,CMP-023,C00291,3,20240325,desktop,10,1,0,0.0,9.95,0
INT-000669,CMP-023,C01289,3,20240325,desktop,7,0,0,0.0,6.96,0
INT-000670,CMP-023,C02035,3,20240325,mobile,13,0,0,0.0,12.93,0
INT-000671,CMP-023,C00498,3,20240326,desktop,10,0,0,0.0,9.95,0
INT-000672,CMP-023,C01451,3,20240326,mobile,10,0,0,0.0,9.95,0
INT-000673,CMP-023,C01970,3,20240328,desktop,12,0,0,0.0,11.94,0
INT-000674,CMP-023,C01047,3,20240328,mobile,11,0,0,0.0,10.94,0
INT-000675,CMP-023,C01387,3,20240329,mobile,7,0,0,0.0,6.96,0
INT-000676,CMP-023,C01911,3,20240330,mobile,8,1,0,0.0,7.96,0
INT-000677,CMP-033,C00480,2,20240315,tablet,1,0,0,0.0,0.61,0
INT-000678,CMP-033,C02119,2,20240316,mobile,3,0,0,0.0,1.82,0
INT-000679,CMP-033,C00814,2,20240317,desktop,1,0,0,0.0,0.61,0
INT-000680,CMP-033,C01627,2,20240318,tablet,4,1,0,0.0,2.43,0
INT-000681,CMP-033,C00125,2,20240319,mobile,2,1,0,0.0,1.22,0
INT-000682,CMP-033,C01805,2,20240320,mobile,4,0,0,0.0,2.43,0
INT-000683,CMP-033,C01192,2,20240320,mobile,4,0,0,0.0,2.43,0
INT-000684,CMP-033,C00255,2,20240322,mobile,1,0,0,0.0,0.61,0
INT-000685,CMP-033,C00137,2,20240322,mobile,3,0,0,0.0,1.82,0
INT-000686,CMP-033,C01132,2,20240323,mobile,3,1,0,0.0,1.82,0
INT-000687,CMP-033,C00589,2,20240323,mobile,2,0,0,0.0,1.22,0
INT-000688,CMP-033,C00902,2,20240324,desktop,3,0,0,0.0,1.82,0
INT-000689,CMP-033,C00716,2,20240324,mobile,2,0,0,0.0,1.22,0
INT-000690,CMP-033,C02159,2,20240324,desktop,2,0,0,0.0,1.22,0
INT-000691,CMP-033,C00293,2,20240324,mobile,3,2,0,0.0,1.82,0
INT-000692,CMP-033,C00101,2,20240325,mobile,5,2,0,0.0,3.04,0
INT-000693,CMP-033,C01909,2,20240325,mobile,3,1,0,0.0,1.82,0
INT-000694,CMP-033,C01590,2,20240325,mobile,4,0,0,0.0,2.43,0
INT-000695,CMP-033,C00633,2,20240326,desktop,2,0,0,0.0,1.22,0
INT-000696,CMP-033,C00745,2,20240327,desktop,4,0,0,0.0,2.43,0
INT-000697,CMP-033,C01438,2,20240327,mobile,4,0,0,0.0,2.43,0
INT-000698,CMP-033,C00279,2,20240327,mobile,4,0,0,0.0,2.43,0
INT-000699,CMP-033,C01450,2,20240328,mobile,3,0,0,0.0,1.82,0
INT-000700,CMP-033,C01500,2,20240328,mobile,2,0,0,0.0,1.22,0
INT-000701,CMP-033,C00581,2,20240329,mobile,3,0,0,0.0,1.82,0
INT-000702,CMP-033,C01140,2,20240330,mobile,2,0,0,0.0,1.22,0
INT-000703,CMP-033,C00493,2,20240330,desktop,4,0,0,0.0,2.43,0
INT-000704,CMP-033,C00124,2,20240330,tablet,3,0,0,0.0,1.82,0
INT-000705,CMP-033,C01419,2,20240331,desktop,3,0,0,0.0,1.82,0
INT-000706,CMP-033,C01515,2,20240331,mobile,3,0,0,0.0,1.82,0
INT-000707,CMP-033,C00901,2,20240401,desktop,1,1,0,0.0,0.61,0
INT-000708,CMP-033,C01102,2,20240401,mobile,2,0,0,0.0,1.22,0
INT-000709,CMP-033,C00010,2,20240401,mobile,1,0,0,0.0,0.61,0
INT-000710,CMP-033,C01787,2,20240402,mobile,2,0,0,0.0,1.22,0
INT-000711,CMP-033,C01784,2,20240402,desktop,5,1,0,0.0,3.04,0
INT-000712,CMP-033,C00393,2,20240404,mobile,2,0,0,0.0,1.22,0
INT-000713,CMP-033,C00456,2,20240404,mobile,2,0,0,0.0,1.22,0
INT-000714,CMP-033,C02001,2,20240405,mobile,3,1,0,0.0,1.82,0
INT-000715,CMP-033,C00936,2,20240405,mobile,1,0,0,0.0,0.61,0
INT-000716,CMP-033,C00640,2,20240406,mobile,5,0,0,0.0,3.04,0
INT-000717,CMP-033,C02105,2,20240409,mobile,2,0,0,0.0,1.22,0
INT-000718,CMP-033,C01632,2,20240409,desktop,2,0,0,0.0,1.22,0
INT-000719,CMP-033,C00300,2,20240410,desktop,5,0,0,0.0,3.04,0
INT-000720,CMP-033,C01004,2,20240414,mobile,2,0,0,0.0,1.22,0
INT-000721,CMP-033,C00566,2,20240415,desktop,1,0,0,0.0,0.61,0
INT-000722,CMP-033,C02027,2,20240415,desktop,2,0,0,0.0,1.22,0
INT-000723,CMP-033,C01042,2,20240415,mobile,3,0,0,0.0,1.82,0
INT-000724,CMP-033,C00292,2,20240415,mobile,3,0,0,0.0,1.82,0
INT-000725,CMP-033,C00838,2,20240416,mobile,2,0,0,0.0,1.22,0
INT-000726,CMP-033,C01160,2,20240417,mobile,3,1,1,168.11,1.82,1
INT-000727,CMP-033,C00511,2,20240418,desktop,2,0,0,0.0,1.22,0
INT-000728,CMP-033,C00754,2,20240418,mobile,2,0,0,0.0,1.22,0
INT-000729,CMP-033,C01790,2,20240418,mobile,1,0,0,0.0,0.61,0
INT-000730,CMP-033,C01746,2,20240420,mobile,2,2,0,0.0,1.22,0
INT-000731,CMP-033,C00660,2,20240421,mobile,3,0,0,0.0,1.82,0
INT-000732,CMP-033,C01977,2,20240421,mobile,1,0,0,0.0,0.61,0
INT-000733,CMP-033,C00076,2,20240421,mobile,1,0,0,0.0,0.61,0
INT-000734,CMP-096,C02060,1,20240322,mobile,7,0,0,0.0,15.29,0
INT-000735,CMP-096,C01862,1,20240322,tablet,4,0,0,0.0,8.73,0
INT-000736,CMP-096,C02049,1,20240322,mobile,2,1,0,0.0,4.37,0
INT-000737,CMP-096,C00003,1,20240322,tablet,6,0,0,0.0,13.1,0
INT-000738,CMP-096,C00076,1,20240322,mobile,3,0,0,0.0,6.55,0
INT-000739,CMP-096,C01804,1,20240322,tablet,6,0,0,0.0,13.1,0
INT-000740,CMP-096,C01836,1,20240322,desktop,7,2,0,0.0,15.29,0
INT-000741,CMP-096,C00730,1,20240322,mobile,2,0,0,0.0,4.37,0
INT-000742,CMP-096,C00363,1,20240322,mobile,4,0,0,0.0,8.73,0
INT-000743,CMP-096,C01169,1,20240323,mobile,5,0,0,0.0,10.92,0
INT-000744,CMP-096,C00348,1,20240323,mobile,3,0,0,0.0,6.55,0
INT-000745,CMP-096,C01317,1,20240323,mobile,3,2,1,241.87,6.55,1
INT-000746,CMP-096,C00768,1,20240324,desktop,4,0,0,0.0,8.73,0
INT-000747,CMP-096,C00869,1,20240324,mobile,4,1,0,0.0,8.73,0
INT-000748,CMP-096,C00763,1,20240324,mobile,5,0,0,0.0,10.92,0
INT-000749,CMP-096,C01624,1,20240324,tablet,3,1,0,0.0,6.55,0
INT-000750,CMP-096,C00996,1,20240324,mobile,2,0,0,0.0,4.37,0
INT-000751,CMP-096,C00261,1,20240324,desktop,8,1,0,0.0,17.47,0
INT-000752,CMP-096,C01664,1,20240324,mobile,6,1,1,239.58,13.1,1
INT-000753,CMP-096,C01478,1,20240324,desktop,4,2,1,133.36,8.73,1
INT-000754,CMP-096,C02193,1,20240324,mobile,2,0,0,0.0,4.37,0
INT-000755,CMP-096,C01107,1,20240325,mobile,2,0,0,0.0,4.37,0
INT-000756,CMP-096,C01732,1,20240325,mobile,3,0,0,0.0,6.55,0
INT-000757,CMP-096,C01706,1,20240325,desktop,4,1,1,257.29,8.73,1
INT-000758,CMP-096,C01826,1,20240325,tablet,6,1,1,146.2,13.1,1
INT-000759,CMP-096,C01491,1,20240325,mobile,1,0,0,0.0,2.18,0
INT-000760,CMP-096,C02161,1,20240325,mobile,4,1,1,323.84,8.73,1
INT-000761,CMP-096,C01777,1,20240326,desktop,1,0,0,0.0,2.18,0
INT-000762,CMP-096,C01776,1,20240326,mobile,3,1,0,0.0,6.55,0
INT-000763,CMP-096,C00562,1,20240326,desktop,4,0,0,0.0,8.73,0
INT-000764,CMP-096,C01246,1,20240326,desktop,4,1,1,443.61,8.73,1
INT-000765,CMP-096,C02194,1,20240326,desktop,2,0,0,0.0,4.37,0
INT-000766,CMP-096,C02043,1,20240326,mobile,6,0,0,0.0,13.1,0
INT-000767,CMP-096,C00419,1,20240326,desktop,7,2,0,0.0,15.29,0
INT-000768,CMP-096,C00906,1,20240326,desktop,7,0,0,0.0,15.29,0
INT-000769,CMP-096,C00922,1,20240327,mobile,4,1,0,0.0,8.73,0
INT-000770,CMP-096,C00393,1,20240327,mobile,5,1,0,0.0,10.92,0
INT-000771,CMP-096,C01631,1,20240327,mobile,2,0,0,0.0,4.37,0
INT-000772,CMP-096,C01433,1,20240327,desktop,3,0,0,0.0,6.55,0
INT-000773,CMP-096,C00490,1,20240327,mobile,4,0,0,0.0,8.73,0
INT-000774,CMP-096,C01518,1,20240327,tablet,2,0,0,0.0,4.37,0
INT-000775,CMP-096,C00291,1,20240328,mobile,6,0,0,0.0,13.1,0
INT-000776,CMP-096,C00458,1,20240328,mobile,3,1,1,198.59,6.55,1
INT-000777,CMP-096,C01887,1,20240328,mobile,5,1,0,0.0,10.92,0
INT-000778,CMP-096,C02138,1,20240328,desktop,3,0,0,0.0,6.55,0
INT-000779,CMP-096,C00052,1,20240328,desktop,5,2,1,258.98,10.92,1
INT-000780,CMP-096,C01685,1,20240329,mobile,3,0,0,0.0,6.55,0
INT-000781,CMP-096,C00178,1,20240329,desktop,5,0,0,0.0,10.92,0
INT-000782,CMP-096,C00764,1,20240329,desktop,4,1,1,284.26,8.73,1
INT-000783,CMP-096,C00626,1,20240330,desktop,6,2,0,0.0,13.1,0
INT-000784,CMP-096,C00757,1,20240330,tablet,1,1,1,452.72,2.18,1
INT-000785,CMP-096,C00382,1,20240331,mobile,4,2,0,0.0,8.73,0
INT-000786,CMP-096,C01912,1,20240331,mobile,8,2,1,243.8,17.47,1
INT-000787,CMP-096,C00373,1,20240331,mobile,8,1,0,0.0,17.47,0
INT-000788,CMP-096,C01773,1,20240401,desktop,3,1,1,242.51,6.55,1
INT-000789,CMP-096,C00580,1,20240401,tablet,3,1,1,513.73,6.55,1
INT-000790,CMP-096,C01083,1,20240401,mobile,2,1,0,0.0,4.37,0
INT-000791,CMP-096,C01781,1,20240401,mobile,6,0,0,0.0,13.1,0
INT-000792,CMP-096,C00232,1,20240401,desktop,6,0,0,0.0,13.1,0
INT-000793,CMP-096,C00417,1,20240401,desktop,3,0,0,0.0,6.55,0
INT-000794,CMP-096,C01449,1,20240402,mobile,2,0,0,0.0,4.37,0
INT-000795,CMP-096,C00239,1,20240402,desktop,5,0,0,0.0,10.92,0
INT-000796,CMP-096,C01725,1,20240402,desktop,2,1,0,0.0,4.37,0
INT-000797,CMP-096,C01666,1,20240403,mobile,2,0,0,0.0,4.37,0
INT-000798,CMP-096,C00654,1,20240403,mobile,3,1,0,0.0,6.55,0
INT-000799,CMP-096,C01190,1,20240403,desktop,2,0,0,0.0,4.37,0
INT-000800,CMP-096,C00731,1,20240403,mobile,6,1,0,0.0,13.1,0
INT-000801,CMP-096,C01612,1,20240404,mobile,3,0,0,0.0,6.55,0
INT-000802,CMP-096,C00204,1,20240404,mobile,6,1,0,0.0,13.1,0
INT-000803,CMP-096,C01592,1,20240404,tablet,4,1,0,0.0,8.73,0
INT-000804,CMP-096,C01050,1,20240404,mobile,5,1,0,0.0,10.92,0
INT-000805,CMP-096,C01988,1,20240404,mobile,3,0,0,0.0,6.55,0
INT-000806,CMP-096,C00679,1,20240404,desktop,8,0,0,0.0,17.47,0
INT-000807,CMP-096,C00811,1,20240405,mobile,4,0,0,0.0,8.73,0
INT-000808,CMP-096,C00120,1,20240405,desktop,4,1,0,0.0,8.73,0
INT-000809,CMP-096,C00940,1,20240405,mobile,6,0,0,0.0,13.1,0
INT-000810,CMP-096,C00703,1,20240405,tablet,1,0,0,0.0,2.18,0
INT-000811,CMP-096,C00937,1,20240406,mobile,9,2,2,501.79,19.65,1
INT-000812,CMP-096,C00299,1,20240406,desktop,6,0,0,0.0,13.1,0
INT-000813,CMP-096,C01865,1,20240407,mobile,5,1,0,0.0,10.92,0
INT-000814,CMP-096,C00102,1,20240407,mobile,7,4,1,203.46,15.29,1
INT-000815,CMP-096,C00615,1,20240408,desktop,4,0,0,0.0,8.73,0
INT-000816,CMP-096,C01690,1,20240409,mobile,4,0,0,0.0,8.73,0
INT-000817,CMP-096,C01103,1,20240409,mobile,1,0,0,0.0,2.18,0
INT-000818,CMP-096,C00152,1,20240409,desktop,2,2,2,639.18,4.37,1
INT-000819,CMP-096,C00364,1,20240409,desktop,3,0,0,0.0,6.55,0
INT-000820,CMP-096,C01927,1,20240410,mobile,5,2,0,0.0,10.92,0
INT-000821,CMP-096,C00100,1,20240411,mobile,5,0,0,0.0,10.92,0
INT-000822,CMP-096,C00123,1,20240411,mobile,1,1,0,0.0,2.18,0
INT-000823,CMP-096,C02188,1,20240411,desktop,4,1,0,0.0,8.73,0
INT-000824,CMP-096,C00081,1,20240411,desktop,9,4,1,133.74,19.65,1
INT-000825,CMP-096,C00447,1,20240411,mobile,7,0,0,0.0,15.29,0
INT-000826,CMP-096,C00020,1,20240411,desktop,4,0,0,0.0,8.73,0
INT-000827,CMP-096,C00069,1,20240411,desktop,3,0,0,0.0,6.55,0
INT-000828,CMP-096,C01459,1,20240411,desktop,7,0,0,0.0,15.29,0
INT-000829,CMP-096,C01733,1,20240411,mobile,3,0,0,0.0,6.55,0
INT-000830,CMP-045,C01975,1,20240401,mobile,3,0,0,0.0,8.53,0
INT-000831,CMP-045,C00837,1,20240402,mobile,8,2,0,0.0,22.75,0
INT-000832,CMP-045,C00647,1,20240402,tablet,4,0,0,0.0,11.38,0
INT-000833,CMP-045,C01471,1,20240402,mobile,3,1,0,0.0,8.53,0
INT-000834,CMP-045,C02178,1,20240402,tablet,2,0,0,0.0,5.69,0
INT-000835,CMP-045,C00517,1,20240403,mobile,5,0,0,0.0,14.22,0
INT-000836,CMP-045,C02022,1,20240403,mobile,9,0,0,0.0,25.6,0
INT-000837,CMP-045,C01224,1,20240405,mobile,7,2,0,0.0,19.91,0
INT-000838,CMP-045,C01566,1,20240406,mobile,7,1,1,231.11,19.91,1
INT-000839,CMP-045,C00508,1,20240406,tablet,4,1,1,239.9,11.38,1
INT-000840,CMP-045,C00165,1,20240406,mobile,4,1,1,178.58,11.38,1
INT-000841,CMP-045,C01536,1,20240406,tablet,8,0,0,0.0,22.75,0
INT-000842,CMP-045,C01231,1,20240407,mobile,3,0,0,0.0,8.53,0
INT-000843,CMP-045,C01636,1,20240407,mobile,5,1,1,141.26,14.22,1
INT-000844,CMP-045,C01858,1,20240408,desktop,9,2,1,177.16,25.6,1
INT-000845,CMP-045,C00817,1,20240408,tablet,5,1,0,0.0,14.22,0
INT-000846,CMP-045,C01199,1,20240410,desktop,9,3,0,0.0,25.6,0
INT-000847,CMP-045,C01923,1,20240410,desktop,6,1,0,0.0,17.07,0
INT-000848,CMP-045,C00585,1,20240411,desktop,1,0,0,0.0,2.84,0
INT-000849,CMP-045,C00757,1,20240411,tablet,6,1,1,191.79,17.07,1
INT-000850,CMP-045,C00552,1,20240412,mobile,5,1,1,136.29,14.22,1
INT-000851,CMP-045,C00669,1,20240412,mobile,8,0,0,0.0,22.75,0
INT-000852,CMP-045,C01425,1,20240413,tablet,8,0,0,0.0,22.75,0
INT-000853,CMP-045,C00500,1,20240413,desktop,5,1,1,143.57,14.22,1
INT-000854,CMP-045,C01479,1,20240413,desktop,6,1,1,197.8,17.07,1
INT-000855,CMP-045,C00163,1,20240413,mobile,5,1,1,215.41,14.22,1
INT-000856,CMP-045,C00342,1,20240413,mobile,9,1,1,185.62,25.6,1
INT-000857,CMP-045,C00563,1,20240413,desktop,5,2,2,1154.66,14.22,1
INT-000858,CMP-045,C00710,1,20240413,desktop,3,2,0,0.0,8.53,0
INT-000859,CMP-045,C01669,1,20240413,mobile,4,1,0,0.0,11.38,0
INT-000860,CMP-045,C01992,1,20240413,mobile,5,1,1,353.87,14.22,1
INT-000861,CMP-045,C01331,1,20240414,mobile,9,0,0,0.0,25.6,0
INT-000862,CMP-045,C00021,1,20240414,mobile,5,1,0,0.0,14.22,0
INT-000863,CMP-045,C00080,1,20240415,mobile,4,0,0,0.0,11.38,0
INT-000864,CMP-045,C00258,1,20240416,mobile,6,0,0,0.0,17.07,0
INT-000865,CMP-045,C00094,1,20240416,mobile,6,0,0,0.0,17.07,0
INT-000866,CMP-045,C02059,1,20240416,mobile,1,1,0,0.0,2.84,0
INT-000867,CMP-045,C01790,1,20240416,desktop,5,0,0,0.0,14.22,0
INT-000868,CMP-045,C01830,1,20240417,mobile,4,0,0,0.0,11.38,0
INT-000869,CMP-045,C00874,1,20240417,mobile,4,0,0,0.0,11.38,0
INT-000870,CMP-045,C01559,1,20240417,desktop,6,1,0,0.0,17.07,0
INT-000871,CMP-045,C02136,1,20240417,mobile,7,0,0,0.0,19.91,0
INT-000872,CMP-045,C00983,1,20240418,desktop,5,1,0,0.0,14.22,0
INT-000873,CMP-045,C00153,1,20240418,mobile,6,0,0,0.0,17.07,0
INT-000874,CMP-045,C01007,1,20240418,desktop,3,0,0,0.0,8.53,0
INT-000875,CMP-045,C00988,1,20240418,desktop,6,2,0,0.0,17.07,0
INT-000876,CMP-045,C01755,1,20240419,tablet,3,0,0,0.0,8.53,0
INT-000877,CMP-045,C00567,1,20240419,desktop,6,1,0,0.0,17.07,0
INT-000878,CMP-045,C01272,1,20240419,mobile,4,1,1,304.52,11.38,1
INT-000879,CMP-045,C01033,1,20240419,mobile,6,1,0,0.0,17.07,0
INT-000880,CMP-045,C01667,1,20240419,desktop,5,1,0,0.0,14.22,0
INT-000881,CMP-045,C01828,1,20240419,mobile,7,0,0,0.0,19.91,0
INT-000882,CMP-045,C02087,1,20240419,mobile,2,1,1,195.64,5.69,1
INT-000883,CMP-045,C00562,1,20240420,desktop,7,0,0,0.0,19.91,0
INT-000884,CMP-045,C01492,1,20240420,mobile,9,0,0,0.0,25.6,0
INT-000885,CMP-045,C02054,1,20240420,mobile,10,1,0,0.0,28.44,0
INT-000886,CMP-045,C02033,1,20240421,mobile,4,0,0,0.0,11.38,0
INT-000887,CMP-045,C00112,1,20240421,desktop,6,1,1,201.13,17.07,1
INT-000888,CMP-045,C01876,1,20240421,desktop,4,0,0,0.0,11.38,0
INT-000889,CMP-045,C01378,1,20240421,desktop,4,1,0,0.0,11.38,0
INT-000890,CMP-045,C01878,1,20240421,desktop,5,0,0,0.0,14.22,0
INT-000891,CMP-045,C01302,1,20240421,desktop,6,1,0,0.0,17.07,0
INT-000892,CMP-045,C02004,1,20240421,mobile,7,2,2,502.39,19.91,1
INT-000893,CMP-045,C00075,1,20240421,mobile,6,1,0,0.0,17.07,0
INT-000894,CMP-045,C00832,1,20240421,desktop,3,1,1,180.29,8.53,1
INT-000895,CMP-045,C01541,1,20240422,desktop,6,2,1,189.19,17.07,1
INT-000896,CMP-045,C02073,1,20240422,desktop,6,1,1,241.33,17.07,1
INT-000897,CMP-045,C00902,1,20240422,desktop,3,0,0,0.0,8.53,0
INT-000898,CMP-045,C02135,1,20240422,tablet,3,0,0,0.0,8.53,0
INT-000899,CMP-045,C01059,1,20240423,mobile,7,1,1,232.61,19.91,1
INT-000900,CMP-045,C00049,1,20240424,desktop,6,1,1,191.15,17.07,1
INT-000901,CMP-045,C00766,1,20240424,desktop,7,1,1,280.75,19.91,1
INT-000902,CMP-045,C00229,1,20240425,desktop,1,0,0,0.0,2.84,0
INT-000903,CMP-045,C00999,1,20240425,mobile,3,0,0,0.0,8.53,0
INT-000904,CMP-045,C02038,1,20240425,mobile,5,0,0,0.0,14.22,0
INT-000905,CMP-045,C01546,1,20240425,mobile,7,1,0,0.0,19.91,0
INT-000906,CMP-045,C00394,1,20240425,mobile,4,1,0,0.0,11.38,0
INT-000907,CMP-045,C01712,1,20240426,desktop,4,1,0,0.0,11.38,0
INT-000908,CMP-045,C02060,1,20240426,mobile,4,0,0,0.0,11.38,0
INT-000909,CMP-045,C00793,1,20240427,desktop,5,1,0,0.0,14.22,0
INT-000910,CMP-045,C00227,1,20240427,mobile,10,3,1,176.35,28.44,1
INT-000911,CMP-045,C00506,1,20240427,desktop,3,1,0,0.0,8.53,0
INT-000912,CMP-045,C00623,1,20240427,mobile,5,1,0,0.0,14.22,0
INT-000913,CMP-045,C01654,1,20240428,mobile,6,1,1,146.71,17.07,1
INT-000914,CMP-045,C02190,1,20240428,mobile,4,1,0,0.0,11.38,0
INT-000915,CMP-045,C00403,1,20240428,mobile,4,0,0,0.0,11.38,0
INT-000916,CMP-045,C00799,1,20240428,mobile,6,0,0,0.0,17.07,0
INT-000917,CMP-045,C01020,1,20240428,mobile,5,0,0,0.0,14.22,0
INT-000918,CMP-045,C01114,1,20240429,mobile,1,0,0,0.0,2.84,0
INT-000919,CMP-045,C00109,1,20240429,mobile,2,1,0,0.0,5.69,0
INT-000920,CMP-045,C01295,1,20240429,desktop,4,1,0,0.0,11.38,0
INT-000921,CMP-045,C00786,1,20240429,mobile,8,1,0,0.0,22.75,0
INT-000922,CMP-045,C00808,1,20240429,desktop,6,0,0,0.0,17.07,0
INT-000923,CMP-045,C00456,1,20240429,mobile,7,1,1,193.39,19.91,1
INT-000924,CMP-045,C01236,1,20240430,mobile,8,1,0,0.0,22.75,0
INT-000925,CMP-045,C00991,1,20240430,mobile,5,1,0,0.0,14.22,0
INT-000926,CMP-045,C00588,1,20240430,desktop,6,3,0,0.0,17.07,0
INT-000927,CMP-045,C00122,1,20240501,desktop,7,2,1,154.8,19.91,1
INT-000928,CMP-045,C01384,1,20240501,mobile,4,2,1,353.5,11.38,1
INT-000929,CMP-045,C00304,1,20240501,desktop,2,0,0,0.0,5.69,0
INT-000930,CMP-045,C01091,1,20240502,mobile,5,1,0,0.0,14.22,0
INT-000931,CMP-045,C00375,1,20240502,mobile,5,0,0,0.0,14.22,0
INT-000932,CMP-045,C01988,1,20240503,mobile,6,0,0,0.0,17.07,0
INT-000933,CMP-045,C01041,1,20240503,mobile,2,0,0,0.0,5.69,0
INT-000934,CMP-045,C00056,1,20240503,mobile,9,1,0,0.0,25.6,0
INT-000935,CMP-045,C01490,1,20240504,mobile,9,0,0,0.0,25.6,0
INT-000936,CMP-045,C01245,1,20240505,mobile,2,0,0,0.0,5.69,0
INT-000937,CMP-045,C01764,1,20240505,mobile,7,1,0,0.0,19.91,0
INT-000938,CMP-045,C01287,1,20240505,mobile,6,0,0,0.0,17.07,0
INT-000939,CMP-045,C01494,1,20240505,desktop,5,0,0,0.0,14.22,0
INT-000940,CMP-045,C00854,1,20240505,mobile,4,0,0,0.0,11.38,0
INT-000941,CMP-045,C01945,1,20240505,mobile,4,1,0,0.0,11.38,0
INT-000942,CMP-045,C00106,1,20240507,desktop,3,0,0,0.0,8.53,0
INT-000943,CMP-045,C00117,1,20240507,desktop,5,0,0,0.0,14.22,0
INT-000944,CMP-045,C02034,1,20240509,desktop,5,1,1,198.5,14.22,1
INT-000945,CMP-045,C02047,1,20240509,mobile,3,0,0,0.0,8.53,0
INT-000946,CMP-045,C01564,1,20240510,desktop,6,0,0,0.0,17.07,0
INT-000947,CMP-045,C01723,1,20240510,mobile,4,2,0,0.0,11.38,0
INT-000948,CMP-045,C01783,1,20240510,desktop,6,0,0,0.0,17.07,0
INT-000949,CMP-045,C00139,1,20240510,desktop,8,1,0,0.0,22.75,0
INT-000950,CMP-045,C00673,1,20240510,mobile,3,0,0,0.0,8.53,0
INT-000951,CMP-045,C00240,1,20240510,desktop,6,0,0,0.0,17.07,0
INT-000952,CMP-045,C01757,1,20240511,mobile,5,1,1,263.5,14.22,1
INT-000953,CMP-045,C02056,1,20240511,mobile,5,1,0,0.0,14.22,0
INT-000954,CMP-045,C00685,1,20240511,mobile,5,1,1,150.19,14.22,1
INT-000955,CMP-045,C00550,1,20240513,mobile,7,0,0,0.0,19.91,0
INT-000956,CMP-091,C01462,3,20240402,mobile,8,0,0,0.0,6.08,0
INT-000957,CMP-091,C00081,3,20240402,desktop,7,1,1,163.38,5.32,1
INT-000958,CMP-091,C00141,3,20240403,mobile,3,0,0,0.0,2.28,0
INT-000959,CMP-091,C00853,3,20240405,mobile,7,1,0,0.0,5.32,0
INT-000960,CMP-091,C00771,3,20240405,mobile,8,0,0,0.0,6.08,0
INT-000961,CMP-091,C00959,3,20240408,mobile,6,0,0,0.0,4.56,0
INT-000962,CMP-091,C01131,3,20240409,desktop,3,0,0,0.0,2.28,0
INT-000963,CMP-091,C00029,3,20240410,mobile,5,0,0,0.0,3.8,0
INT-000964,CMP-091,C00127,3,20240412,mobile,11,1,0,0.0,8.37,0
INT-000965,CMP-091,C00124,3,20240415,tablet,9,1,0,0.0,6.84,0
INT-000966,CMP-091,C01374,3,20240415,mobile,8,1,0,0.0,6.08,0
INT-000967,CMP-091,C01922,3,20240415,tablet,8,0,0,0.0,6.08,0
INT-000968,CMP-091,C00661,3,20240417,mobile,3,1,0,0.0,2.28,0
INT-000969,CMP-091,C00996,3,20240419,mobile,7,0,0,0.0,5.32,0
INT-000970,CMP-091,C01955,3,20240422,desktop,4,0,0,0.0,3.04,0
INT-000971,CMP-091,C00116,3,20240422,mobile,11,1,0,0.0,8.37,0
INT-000972,CMP-091,C00047,3,20240422,mobile,4,0,0,0.0,3.04,0
INT-000973,CMP-091,C00757,3,20240423,tablet,8,2,1,252.66,6.08,1
INT-000974,CMP-091,C00785,3,20240423,mobile,6,0,0,0.0,4.56,0
INT-000975,CMP-091,C00548,3,20240425,desktop,6,0,0,0.0,4.56,0
INT-000976,CMP-091,C01113,3,20240426,desktop,4,0,0,0.0,3.04,0
INT-000977,CMP-091,C00987,3,20240427,mobile,4,0,0,0.0,3.04,0
INT-000978,CMP-091,C00803,3,20240427,mobile,6,1,0,0.0,4.56,0
INT-000979,CMP-091,C00376,3,20240429,desktop,9,1,0,0.0,6.84,0
INT-000980,CMP-091,C00070,3,20240430,mobile,9,0,0,0.0,6.84,0
INT-000981,CMP-091,C02092,3,20240501,desktop,4,0,0,0.0,3.04,0
INT-000982,CMP-091,C01222,3,20240501,mobile,5,0,0,0.0,3.8,0
INT-000983,CMP-091,C01904,3,20240502,desktop,7,0,0,0.0,5.32,0
INT-000984,CMP-091,C01537,3,20240502,mobile,7,1,0,0.0,5.32,0
INT-000985,CMP-091,C00891,3,20240503,tablet,4,1,0,0.0,3.04,0
INT-000986,CMP-091,C01632,3,20240508,desktop,4,0,0,0.0,3.04,0
INT-000987,CMP-091,C02139,3,20240509,mobile,10,1,0,0.0,7.6,0
INT-000988,CMP-091,C01622,3,20240509,mobile,10,0,0,0.0,7.6,0
INT-000989,CMP-091,C00774,3,20240510,mobile,8,0,0,0.0,6.08,0
INT-000990,CMP-091,C00858,3,20240510,desktop,6,0,0,0.0,4.56,0
INT-000991,CMP-091,C00433,3,20240512,desktop,8,1,0,0.0,6.08,0
INT-000992,CMP-091,C00120,3,20240512,mobile,7,0,0,0.0,5.32,0
INT-000993,CMP-091,C01752,3,20240513,mobile,10,2,0,0.0,7.6,0
INT-000994,CMP-091,C01138,3,20240514,desktop,5,0,0,0.0,3.8,0
INT-000995,CMP-091,C00650,3,20240514,desktop,4,0,0,0.0,3.04,0
INT-000996,CMP-031,C00209,2,20240411,mobile,2,0,0,0.0,1.92,0
INT-000997,CMP-031,C00613,2,20240411,mobile,5,0,0,0.0,4.8,0
INT-000998,CMP-031,C00593,2,20240412,desktop,2,0,0,0.0,1.92,0
INT-000999,CMP-031,C01748,2,20240412,desktop,4,0,0,0.0,3.84,0
INT-001000,CMP-031,C00900,2,20240413,mobile,5,0,0,0.0,4.8,0
INT-001001,CMP-031,C00877,2,20240413,desktop,4,0,0,0.0,3.84,0
INT-001002,CMP-031,C01714,2,20240413,desktop,1,0,0,0.0,0.96,0
INT-001003,CMP-031,C00527,2,20240413,mobile,6,0,0,0.0,5.76,0
INT-001004,CMP-031,C01553,2,20240413,mobile,3,1,0,0.0,2.88,0
INT-001005,CMP-031,C01015,2,20240414,mobile,5,0,0,0.0,4.8,0
INT-001006,CMP-031,C00545,2,20240414,desktop,4,0,0,0.0,3.84,0
INT-001007,CMP-031,C01894,2,20240414,tablet,5,1,0,0.0,4.8,0
INT-001008,CMP-031,C01576,2,20240415,mobile,4,0,0,0.0,3.84,0
INT-001009,CMP-031,C02089,2,20240415,mobile,3,0,0,0.0,2.88,0
INT-001010,CMP-031,C01452,2,20240415,mobile,4,0,0,0.0,3.84,0
INT-001011,CMP-031,C00663,2,20240415,mobile,9,0,0,0.0,8.65,0
INT-001012,CMP-031,C00313,2,20240416,mobile,1,1,0,0.0,0.96,0
INT-001013,CMP-031,C01158,2,20240416,mobile,2,0,0,0.0,1.92,0
INT-001014,CMP-031,C01925,2,20240416,mobile,2,0,0,0.0,1.92,0
INT-001015,CMP-031,C00287,2,20240417,desktop,2,0,0,0.0,1.92,0
INT-001016,CMP-031,C01239,2,20240417,desktop,4,0,0,0.0,3.84,0
INT-001017,CMP-031,C01037,2,20240418,mobile,7,0,0,0.0,6.72,0
INT-001018,CMP-031,C01319,2,20240419,mobile,4,0,0,0.0,3.84,0
INT-001019,CMP-031,C01340,2,20240419,desktop,3,1,0,0.0,2.88,0
INT-001020,CMP-031,C00534,2,20240420,mobile,4,0,0,0.0,3.84,0
INT-001021,CMP-031,C00179,2,20240420,desktop,2,0,0,0.0,1.92,0
INT-001022,CMP-031,C00802,2,20240420,mobile,4,0,0,0.0,3.84,0
INT-001023,CMP-031,C00603,2,20240421,desktop,1,0,0,0.0,0.96,0
INT-001024,CMP-031,C01934,2,20240422,mobile,3,0,0,0.0,2.88,0
INT-001025,CMP-031,C01956,2,20240422,mobile,7,1,0,0.0,6.72,0
INT-001026,CMP-031,C00826,2,20240422,mobile,3,0,0,0.0,2.88,0
INT-001027,CMP-031,C01998,2,20240423,mobile,4,0,0,0.0,3.84,0
INT-001028,CMP-031,C01406,2,20240423,mobile,3,1,0,0.0,2.88,0
INT-001029,CMP-031,C00235,2,20240423,mobile,3,0,0,0.0,2.88,0
INT-001030,CMP-031,C01418,2,20240424,mobile,2,0,0,0.0,1.92,0
INT-001031,CMP-031,C00366,2,20240424,tablet,3,0,0,0.0,2.88,0
INT-001032,CMP-031,C00711,2,20240425,mobile,4,2,2,372.3,3.84,1
INT-001033,CMP-031,C00659,2,20240426,mobile,1,0,0,0.0,0.96,0
INT-001034,CMP-031,C00905,2,20240426,desktop,3,1,0,0.0,2.88,0
INT-001035,CMP-031,C01825,2,20240426,mobile,5,0,0,0.0,4.8,0
INT-001036,CMP-031,C01587,2,20240427,tablet,3,0,0,0.0,2.88,0
INT-001037,CMP-031,C01519,2,20240428,mobile,2,0,0,0.0,1.92,0
INT-001038,CMP-031,C00775,2,20240429,desktop,5,0,0,0.0,4.8,0
INT-001039,CMP-031,C00432,2,20240501,desktop,5,2,2,467.11,4.8,1
INT-001040,CMP-031,C00730,2,20240501,mobile,5,0,0,0.0,4.8,0
INT-001041,CMP-031,C00575,2,20240502,desktop,4,0,0,0.0,3.84,0
INT-001042,CMP-031,C01525,2,20240502,mobile,6,1,1,179.34,5.76,1
INT-001043,CMP-031,C01303,2,20240502,desktop,3,0,0,0.0,2.88,0
INT-001044,CMP-031,C00269,2,20240502,desktop,3,0,0,0.0,2.88,0
INT-001045,CMP-031,C00023,2,20240503,mobile,3,0,0,0.0,2.88,0
INT-001046,CMP-031,C02060,2,20240503,mobile,5,0,0,0.0,4.8,0
INT-001047,CMP-031,C00476,2,20240504,tablet,2,0,0,0.0,1.92,0
INT-001048,CMP-031,C01207,2,20240504,mobile,3,1,0,0.0,2.88,0
INT-001049,CMP-031,C00947,2,20240505,mobile,5,1,0,0.0,4.8,0
INT-001050,CMP-031,C01175,2,20240505,tablet,6,0,0,0.0,5.76,0
INT-001051,CMP-031,C01774,2,20240505,desktop,7,2,2,353.04,6.72,1
INT-001052,CMP-031,C01677,2,20240505,desktop,2,0,0,0.0,1.92,0
INT-001053,CMP-031,C01907,2,20240506,desktop,2,0,0,0.0,1.92,0
INT-001054,CMP-031,C01963,2,20240506,desktop,3,0,0,0.0,2.88,0
INT-001055,CMP-031,C00908,2,20240506,mobile,4,0,0,0.0,3.84,0
INT-001056,CMP-031,C01726,2,20240506,mobile,3,0,0,0.0,2.88,0
INT-001057,CMP-031,C01549,2,20240506,mobile,5,0,0,0.0,4.8,0
INT-001058,CMP-110,C01865,5,20240413,mobile,5,0,0,0.0,5.88,0
INT-001059,CMP-110,C01305,5,20240413,desktop,7,0,0,0.0,8.24,0
INT-001060,CMP-110,C01086,5,20240413,mobile,8,1,1,192.89,9.41,1
INT-001061,CMP-110,C01837,5,20240415,tablet,8,0,0,0.0,9.41,0
INT-001062,CMP-110,C02083,5,20240417,mobile,4,0,0,0.0,4.71,0
INT-001063,CMP-110,C01322,5,20240418,mobile,3,0,0,0.0,3.53,0
INT-001064,CMP-110,C00082,5,20240421,mobile,5,0,0,0.0,5.88,0
INT-001065,CMP-110,C01956,5,20240424,mobile,2,0,0,0.0,2.35,0
INT-001066,CMP-110,C00625,5,20240426,desktop,4,0,0,0.0,4.71,0
INT-001067,CMP-110,C01185,5,20240429,desktop,3,0,0,0.0,3.53,0
INT-001068,CMP-110,C01491,5,20240430,mobile,12,0,0,0.0,14.12,0
INT-001069,CMP-110,C01493,5,20240501,mobile,3,0,0,0.0,3.53,0
INT-001070,CMP-110,C00465,5,20240501,desktop,8,0,0,0.0,9.41,0
INT-001071,CMP-110,C00211,5,20240502,mobile,7,0,1,300.6,8.24,1
INT-001072,CMP-110,C00423,5,20240502,mobile,6,0,0,0.0,7.06,0
INT-001073,CMP-110,C01074,5,20240503,mobile,2,0,0,0.0,2.35,0
INT-001074,CMP-110,C00901,5,20240503,desktop,5,0,0,0.0,5.88,0
INT-001075,CMP-110,C00327,5,20240504,desktop,5,0,0,0.0,5.88,0
INT-001076,CMP-110,C01898,5,20240504,mobile,5,1,0,0.0,5.88,0
INT-001077,CMP-074,C01177,1,20240424,desktop,3,0,0,0.0,9.07,0
INT-001078,CMP-074,C02138,1,20240424,desktop,4,2,0,0.0,12.09,0
INT-001079,CMP-074,C00499,1,20240424,desktop,5,0,0,0.0,15.11,0
INT-001080,CMP-074,C01205,1,20240424,mobile,4,0,0,0.0,12.09,0
INT-001081,CMP-074,C00487,1,20240425,mobile,9,1,0,0.0,27.2,0
INT-001082,CMP-074,C02176,1,20240426,desktop,3,1,0,0.0,9.07,0
INT-001083,CMP-074,C01204,1,20240427,mobile,2,1,0,0.0,6.05,0
INT-001084,CMP-074,C02188,1,20240427,tablet,6,1,0,0.0,18.14,0
INT-001085,CMP-074,C02048,1,20240428,mobile,4,1,0,0.0,12.09,0
INT-001086,CMP-074,C00656,1,20240428,mobile,7,0,0,0.0,21.16,0
INT-001087,CMP-074,C01830,1,20240428,mobile,3,0,0,0.0,9.07,0
INT-001088,CMP-074,C00484,1,20240429,mobile,6,0,0,0.0,18.14,0
INT-001089,CMP-074,C01900,1,20240429,desktop,7,0,0,0.0,21.16,0
INT-001090,CMP-074,C02199,1,20240429,desktop,4,0,0,0.0,12.09,0
INT-001091,CMP-074,C01066,1,20240429,mobile,7,0,0,0.0,21.16,0
INT-001092,CMP-074,C00108,1,20240429,mobile,2,0,0,0.0,6.05,0
INT-001093,CMP-074,C00769,1,20240430,mobile,5,1,0,0.0,15.11,0
INT-001094,CMP-074,C01071,1,20240430,mobile,5,0,0,0.0,15.11,0
INT-001095,CMP-074,C01352,1,20240501,desktop,6,0,0,0.0,18.14,0
INT-001096,CMP-074,C02139,1,20240502,mobile,5,0,0,0.0,15.11,0
INT-001097,CMP-074,C01522,1,20240502,desktop,4,0,0,0.0,12.09,0
INT-001098,CMP-074,C01657,1,20240502,desktop,2,0,0,0.0,6.05,0
INT-001099,CMP-074,C01991,1,20240502,mobile,5,1,0,0.0,15.11,0
INT-001100,CMP-074,C00048,1,20240502,mobile,6,1,1,165.45,18.14,1
INT-001101,CMP-074,C01768,1,20240502,tablet,5,1,0,0.0,15.11,0
INT-001102,CMP-074,C00149,1,20240503,mobile,4,1,0,0.0,12.09,0
INT-001103,CMP-074,C00063,1,20240503,mobile,4,0,0,0.0,12.09,0
INT-001104,CMP-074,C00986,1,20240504,mobile,4,1,0,0.0,12.09,0
INT-001105,CMP-074,C00372,1,20240504,tablet,4,0,0,0.0,12.09,0
INT-001106,CMP-074,C00784,1,20240504,mobile,5,1,0,0.0,15.11,0
INT-001107,CMP-074,C02077,1,20240504,tablet,3,0,0,0.0,9.07,0
INT-001108,CMP-074,C01328,1,20240504,tablet,4,0,0,0.0,12.09,0
INT-001109,CMP-074,C00765,1,20240504,desktop,3,0,0,0.0,9.07,0
INT-001110,CMP-074,C02107,1,20240505,mobile,10,0,0,0.0,30.23,0
INT-001111,CMP-074,C00430,1,20240505,tablet,7,0,0,0.0,21.16,0
INT-001112,CMP-074,C00719,1,20240505,desktop,7,0,0,0.0,21.16,0
INT-001113,CMP-074,C00243,1,20240506,mobile,6,1,0,0.0,18.14,0
INT-001114,CMP-074,C00582,1,20240506,mobile,5,2,1,210.24,15.11,1
INT-001115,CMP-074,C01765,1,20240506,mobile,8,1,1,380.29,24.18,1
INT-001116,CMP-074,C01659,1,20240507,mobile,4,1,0,0.0,12.09,0
INT-001117,CMP-074,C01100,1,20240508,desktop,9,0,0,0.0,27.2,0
INT-001118,CMP-074,C00979,1,20240509,mobile,3,1,0,0.0,9.07,0
INT-001119,CMP-074,C01213,1,20240509,mobile,5,1,1,205.03,15.11,1
INT-001120,CMP-074,C00297,1,20240509,desktop,6,0,0,0.0,18.14,0
INT-001121,CMP-074,C00285,1,20240509,desktop,4,0,0,0.0,12.09,0
INT-001122,CMP-074,C00385,1,20240509,mobile,8,3,0,0.0,24.18,0
INT-001123,CMP-074,C01633,1,20240510,mobile,4,0,0,0.0,12.09,0
INT-001124,CMP-074,C02179,1,20240510,mobile,6,2,0,0.0,18.14,0
INT-001125,CMP-074,C01720,1,20240510,mobile,6,1,0,0.0,18.14,0
INT-001126,CMP-074,C00351,1,20240510,desktop,4,1,0,0.0,12.09,0
INT-001127,CMP-074,C00875,1,20240510,mobile,2,0,0,0.0,6.05,0
INT-001128,CMP-074,C00629,1,20240510,desktop,7,0,0,0.0,21.16,0
INT-001129,CMP-074,C01202,1,20240511,desktop,8,1,1,213.6,24.18,1
INT-001130,CMP-074,C02154,1,20240512,desktop,6,0,0,0.0,18.14,0
INT-001131,CMP-074,C01705,1,20240512,desktop,5,1,0,0.0,15.11,0
INT-001132,CMP-074,C01634,1,20240512,desktop,4,0,0,0.0,12.09,0
INT-001133,CMP-074,C01138,1,20240513,desktop,5,0,0,0.0,15.11,0
INT-001134,CMP-074,C02061,1,20240513,desktop,5,0,0,0.0,15.11,0
INT-001135,CMP-074,C01379,1,20240513,tablet,6,1,0,0.0,18.14,0
INT-001136,CMP-074,C01602,1,20240514,desktop,4,1,0,0.0,12.09,0
INT-001137,CMP-074,C01990,1,20240514,mobile,2,0,0,0.0,6.05,0
INT-001138,CMP-074,C01845,1,20240514,desktop,5,0,0,0.0,15.11,0
INT-001139,CMP-021,C02120,1,20240503,mobile,2,0,0,0.0,5.32,0
INT-001140,CMP-021,C01439,1,20240504,mobile,3,1,0,0.0,7.98,0
INT-001141,CMP-021,C00361,1,20240504,mobile,4,1,0,0.0,10.64,0
INT-001142,CMP-021,C02174,1,20240507,desktop,7,2,0,0.0,18.62,0
INT-001143,CMP-021,C01446,1,20240507,desktop,5,1,0,0.0,13.3,0
INT-001144,CMP-021,C01290,1,20240508,desktop,7,1,1,214.54,18.62,1
INT-001145,CMP-021,C01147,1,20240509,mobile,7,0,0,0.0,18.62,0
INT-001146,CMP-021,C01759,1,20240509,desktop,11,0,0,0.0,29.26,0
INT-001147,CMP-021,C01277,1,20240510,mobile,5,0,0,0.0,13.3,0
INT-001148,CMP-021,C01405,1,20240510,desktop,3,0,0,0.0,7.98,0
INT-001149,CMP-021,C01350,1,20240511,tablet,3,0,0,0.0,7.98,0
INT-001150,CMP-021,C01520,1,20240511,mobile,5,1,0,0.0,13.3,0
INT-001151,CMP-021,C00115,1,20240513,mobile,5,0,0,0.0,13.3,0
INT-001152,CMP-021,C01450,1,20240517,tablet,7,1,0,0.0,18.62,0
INT-001153,CMP-021,C01254,1,20240517,desktop,3,1,1,275.96,7.98,1
INT-001154,CMP-021,C00486,1,20240519,desktop,2,0,0,0.0,5.32,0
INT-001155,CMP-021,C00356,1,20240521,mobile,5,1,0,0.0,13.3,0
INT-001156,CMP-021,C01276,1,20240522,mobile,6,0,0,0.0,15.96,0
INT-001157,CMP-021,C00484,1,20240523,mobile,4,0,0,0.0,10.64,0
INT-001158,CMP-072,C01469,1,20240513,mobile,4,0,0,0.0,7.59,0
INT-001159,CMP-072,C01848,1,20240513,desktop,3,0,0,0.0,5.69,0
INT-001160,CMP-072,C01450,1,20240513,mobile,4,0,0,0.0,7.59,0
INT-001161,CMP-072,C01258,1,20240514,desktop,5,2,2,469.15,9.48,1
INT-001162,CMP-072,C00266,1,20240515,mobile,6,1,1,336.36,11.38,1
INT-001163,CMP-072,C00938,1,20240515,tablet,2,0,0,0.0,3.79,0
INT-001164,CMP-072,C00998,1,20240515,desktop,5,1,1,203.02,9.48,1
INT-001165,CMP-072,C00889,1,20240515,mobile,2,0,0,0.0,3.79,0
INT-001166,CMP-072,C00231,1,20240515,mobile,2,1,0,0.0,3.79,0
INT-001167,CMP-072,C00440,1,20240516,mobile,4,0,0,0.0,7.59,0
INT-001168,CMP-072,C01261,1,20240517,mobile,3,0,0,0.0,5.69,0
INT-001169,CMP-072,C00549,1,20240517,desktop,3,0,0,0.0,5.69,0
INT-001170,CMP-072,C01806,1,20240518,mobile,5,1,1,339.28,9.48,1
INT-001171,CMP-072,C01406,1,20240518,desktop,3,1,0,0.0,5.69,0
INT-001172,CMP-072,C00778,1,20240518,mobile,3,0,0,0.0,5.69,0
INT-001173,CMP-072,C00397,1,20240519,mobile,4,1,1,295.54,7.59,1
INT-001174,CMP-072,C01765,1,20240519,mobile,4,1,0,0.0,7.59,0
INT-001175,CMP-072,C00220,1,20240519,mobile,2,0,0,0.0,3.79,0
INT-001176,CMP-072,C00221,1,20240519,tablet,1,0,0,0.0,1.9,0
INT-001177,CMP-072,C00770,1,20240520,mobile,3,1,0,0.0,5.69,0
INT-001178,CMP-072,C00836,1,20240520,desktop,3,0,0,0.0,5.69,0
INT-001179,CMP-072,C01596,1,20240520,mobile,1,0,0,0.0,1.9,0
INT-001180,CMP-072,C01202,1,20240520,desktop,6,3,2,378.37,11.38,1
INT-001181,CMP-072,C00247,1,20240520,tablet,3,0,0,0.0,5.69,0
INT-001182,CMP-072,C01952,1,20240520,mobile,2,0,0,0.0,3.79,0
INT-001183,CMP-072,C01038,1,20240520,desktop,6,0,0,0.0,11.38,0
INT-001184,CMP-072,C01634,1,20240521,mobile,1,0,0,0.0,1.9,0
INT-001185,CMP-072,C01947,1,20240522,mobile,5,1,0,0.0,9.48,0
INT-001186,CMP-072,C00413,1,20240522,mobile,3,2,0,0.0,5.69,0
INT-001187,CMP-072,C02036,1,20240522,mobile,3,2,1,159.94,5.69,1
INT-001188,CMP-072,C01393,1,20240522,desktop,3,0,0,0.0,5.69,0
INT-001189,CMP-072,C00726,1,20240523,mobile,2,0,0,0.0,3.79,0
INT-001190,CMP-072,C00957,1,20240523,desktop,3,0,0,0.0,5.69,0
INT-001191,CMP-072,C01863,1,20240523,mobile,3,0,0,0.0,5.69,0
INT-001192,CMP-072,C01233,1,20240523,mobile,1,1,1,352.92,1.9,1
INT-001193,CMP-072,C00238,1,20240525,mobile,3,0,0,0.0,5.69,0
INT-001194,CMP-072,C00964,1,20240526,mobile,1,0,0,0.0,1.9,0
INT-001195,CMP-072,C00190,1,20240526,desktop,6,0,0,0.0,11.38,0
INT-001196,CMP-072,C01358,1,20240526,desktop,2,0,0,0.0,3.79,0
INT-001197,CMP-072,C01605,1,20240526,desktop,5,2,0,0.0,9.48,0
INT-001198,CMP-072,C00635,1,20240527,tablet,4,0,0,0.0,7.59,0
INT-001199,CMP-072,C01493,1,20240527,mobile,3,0,0,0.0,5.69,0
INT-001200,CMP-072,C01420,1,20240527,desktop,3,1,0,0.0,5.69,0
INT-001201,CMP-072,C01392,1,20240528,mobile,2,0,0,0.0,3.79,0
INT-001202,CMP-072,C01608,1,20240528,mobile,2,1,0,0.0,3.79,0
INT-001203,CMP-072,C00037,1,20240528,desktop,6,3,1,146.97,11.38,1
INT-001204,CMP-072,C00537,1,20240529,mobile,4,0,0,0.0,7.59,0
INT-001205,CMP-072,C00627,1,20240529,mobile,5,0,0,0.0,9.48,0
INT-001206,CMP-072,C00419,1,20240529,mobile,5,0,0,0.0,9.48,0
INT-001207,CMP-072,C00758,1,20240529,desktop,1,0,0,0.0,1.9,0
INT-001208,CMP-072,C00800,1,20240530,mobile,2,0,0,0.0,3.79,0
INT-001209,CMP-072,C01359,1,20240530,desktop,5,1,0,0.0,9.48,0
INT-001210,CMP-072,C01526,1,20240530,mobile,1,0,0,0.0,1.9,0
INT-001211,CMP-072,C00649,1,20240530,desktop,1,0,0,0.0,1.9,0
INT-001212,CMP-040,C00002,1,20240514,tablet,6,0,0,0.0,16.94,0
INT-001213,CMP-040,C00993,1,20240514,mobile,3,1,0,0.0,8.47,0
INT-001214,CMP-040,C01437,1,20240514,tablet,8,1,0,0.0,22.59,0
INT-001215,CMP-040,C01380,1,20240515,mobile,9,1,0,0.0,25.42,0
INT-001216,CMP-040,C01829,1,20240515,mobile,10,3,0,0.0,28.24,0
INT-001217,CMP-040,C01706,1,20240517,mobile,4,0,0,0.0,11.3,0
INT-001218,CMP-040,C00681,1,20240517,mobile,7,0,0,0.0,19.77,0
INT-001219,CMP-040,C00547,1,20240518,mobile,4,0,0,0.0,11.3,0
INT-001220,CMP-040,C01133,1,20240518,mobile,6,3,0,0.0,16.94,0
INT-001221,CMP-040,C00674,1,20240518,tablet,5,0,0,0.0,14.12,0
INT-001222,CMP-040,C02155,1,20240518,desktop,3,0,0,0.0,8.47,0
INT-001223,CMP-040,C01041,1,20240519,desktop,7,0,0,0.0,19.77,0
INT-001224,CMP-040,C00677,1,20240519,tablet,4,1,1,311.89,11.3,1
INT-001225,CMP-040,C01047,1,20240520,mobile,4,1,0,0.0,11.3,0
INT-001226,CMP-040,C00963,1,20240520,desktop,4,0,0,0.0,11.3,0
INT-001227,CMP-040,C00174,1,20240520,mobile,4,0,0,0.0,11.3,0
INT-001228,CMP-040,C01938,1,20240520,mobile,4,0,0,0.0,11.3,0
INT-001229,CMP-040,C02125,1,20240520,mobile,5,0,0,0.0,14.12,0
INT-001230,CMP-040,C00550,1,20240520,desktop,3,0,0,0.0,8.47,0
INT-001231,CMP-040,C00669,1,20240520,mobile,7,1,0,0.0,19.77,0
INT-001232,CMP-040,C01179,1,20240521,desktop,6,1,0,0.0,16.94,0
INT-001233,CMP-040,C01534,1,20240522,mobile,5,0,0,0.0,14.12,0
INT-001234,CMP-040,C00140,1,20240522,desktop,5,0,0,0.0,14.12,0
INT-001235,CMP-040,C00149,1,20240522,mobile,7,1,0,0.0,19.77,0
INT-001236,CMP-040,C02077,1,20240523,tablet,4,0,0,0.0,11.3,0
INT-001237,CMP-040,C00578,1,20240523,mobile,4,1,0,0.0,11.3,0
INT-001238,CMP-040,C02049,1,20240524,desktop,4,0,0,0.0,11.3,0
INT-001239,CMP-040,C00830,1,20240524,desktop,7,0,0,0.0,19.77,0
INT-001240,CMP-040,C02090,1,20240525,desktop,4,0,0,0.0,11.3,0
INT-001241,CMP-040,C00115,1,20240526,mobile,8,5,1,170.41,22.59,1
INT-001242,CMP-040,C01909,1,20240527,tablet,6,2,1,285.56,16.94,1
INT-001243,CMP-040,C00950,1,20240528,desktop,6,0,0,0.0,16.94,0
INT-001244,CMP-040,C00434,1,20240528,mobile,5,1,0,0.0,14.12,0
INT-001245,CMP-040,C02122,1,20240528,tablet,7,0,0,0.0,19.77,0
INT-001246,CMP-040,C00865,1,20240528,desktop,3,0,0,0.0,8.47,0
INT-001247,CMP-040,C00190,1,20240529,desktop,5,0,0,0.0,14.12,0
INT-001248,CMP-040,C00369,1,20240529,mobile,4,0,0,0.0,11.3,0
INT-001249,CMP-040,C02006,1,20240602,mobile,5,0,0,0.0,14.12,0
INT-001250,CMP-040,C00833,1,20240602,mobile,10,2,0,0.0,28.24,0
INT-001251,CMP-040,C01120,1,20240602,desktop,4,1,0,0.0,11.3,0
INT-001252,CMP-051,C01931,1,20240514,desktop,3,0,0,0.0,7.12,0
INT-001253,CMP-051,C00972,1,20240514,desktop,3,0,0,0.0,7.12,0
INT-001254,CMP-051,C00323,1,20240514,mobile,6,1,0,0.0,14.24,0
INT-001255,CMP-051,C00918,1,20240515,desktop,7,2,0,0.0,16.62,0
INT-001256,CMP-051,C00123,1,20240516,mobile,5,1,1,160.26,11.87,1
INT-001257,CMP-051,C00133,1,20240516,desktop,3,0,0,0.0,7.12,0
INT-001258,CMP-051,C01631,1,20240516,mobile,3,0,0,0.0,7.12,0
INT-001259,CMP-051,C01127,1,20240517,mobile,2,0,0,0.0,4.75,0
INT-001260,CMP-051,C01134,1,20240517,mobile,5,1,1,261.11,11.87,1
INT-001261,CMP-051,C02071,1,20240517,mobile,3,1,0,0.0,7.12,0
INT-001262,CMP-051,C01959,1,20240519,mobile,4,1,0,0.0,9.49,0
INT-001263,CMP-051,C01041,1,20240520,mobile,4,1,0,0.0,9.49,0
INT-001264,CMP-051,C01505,1,20240520,desktop,5,2,0,0.0,11.87,0
INT-001265,CMP-051,C00605,1,20240521,mobile,4,0,0,0.0,9.49,0
INT-001266,CMP-051,C01970,1,20240521,desktop,3,1,1,252.76,7.12,1
INT-001267,CMP-051,C00232,1,20240521,desktop,2,1,0,0.0,4.75,0
INT-001268,CMP-051,C00771,1,20240521,mobile,5,1,1,308.88,11.87,1
INT-001269,CMP-051,C00158,1,20240522,tablet,2,0,0,0.0,4.75,0
INT-001270,CMP-051,C01612,1,20240522,mobile,5,0,0,0.0,11.87,0
INT-001271,CMP-051,C00902,1,20240522,desktop,4,1,1,143.63,9.49,1
INT-001272,CMP-051,C01496,1,20240523,desktop,3,0,0,0.0,7.12,0
INT-001273,CMP-051,C00576,1,20240523,mobile,6,2,1,298.74,14.24,1
INT-001274,CMP-051,C01928,1,20240523,mobile,5,0,0,0.0,11.87,0
INT-001275,CMP-051,C00872,1,20240523,mobile,6,0,0,0.0,14.24,0
INT-001276,CMP-051,C00767,1,20240523,mobile,2,1,0,0.0,4.75,0
INT-001277,CMP-051,C01329,1,20240524,desktop,4,1,1,225.15,9.49,1
INT-001278,CMP-051,C01184,1,20240524,mobile,3,1,0,0.0,7.12,0
INT-001279,CMP-051,C01642,1,20240524,mobile,5,1,0,0.0,11.87,0
INT-001280,CMP-051,C01561,1,20240525,mobile,1,0,0,0.0,2.37,0
INT-001281,CMP-051,C01682,1,20240525,desktop,3,0,0,0.0,7.12,0
INT-001282,CMP-051,C00402,1,20240525,mobile,8,0,0,0.0,18.99,0
INT-001283,CMP-051,C01398,1,20240525,tablet,1,0,0,0.0,2.37,0
INT-001284,CMP-051,C01598,1,20240526,mobile,1,0,0,0.0,2.37,0
INT-001285,CMP-051,C00436,1,20240526,desktop,8,1,1,134.64,18.99,1
INT-001286,CMP-051,C00739,1,20240526,mobile,3,1,0,0.0,7.12,0
INT-001287,CMP-051,C00784,1,20240527,mobile,2,0,0,0.0,4.75,0
INT-001288,CMP-051,C01157,1,20240527,desktop,5,0,0,0.0,11.87,0
INT-001289,CMP-051,C01688,1,20240527,mobile,2,0,0,0.0,4.75,0
INT-001290,CMP-051,C00787,1,20240528,mobile,4,0,0,0.0,9.49,0
INT-001291,CMP-051,C00743,1,20240528,mobile,3,1,0,0.0,7.12,0
INT-001292,CMP-051,C00678,1,20240528,mobile,4,1,1,308.81,9.49,1
INT-001293,CMP-051,C01772,1,20240528,desktop,2,1,0,0.0,4.75,0
INT-001294,CMP-051,C00020,1,20240528,desktop,6,2,2,646.68,14.24,1
INT-001295,CMP-051,C00693,1,20240529,desktop,4,1,1,225.03,9.49,1
INT-001296,CMP-051,C01714,1,20240529,mobile,3,0,0,0.0,7.12,0
INT-001297,CMP-051,C00624,1,20240529,mobile,4,1,0,0.0,9.49,0
INT-001298,CMP-051,C01676,1,20240530,mobile,6,0,0,0.0,14.24,0
INT-001299,CMP-051,C00710,1,20240530,mobile,2,0,0,0.0,4.75,0
INT-001300,CMP-051,C01288,1,20240530,mobile,4,2,0,0.0,9.49,0
INT-001301,CMP-051,C00922,1,20240530,tablet,4,0,0,0.0,9.49,0
INT-001302,CMP-051,C01524,1,20240531,mobile,3,0,0,0.0,7.12,0
INT-001303,CMP-051,C01833,1,20240531,desktop,3,0,0,0.0,7.12,0
INT-001304,CMP-009,C02109,4,20240518,mobile,14,0,0,0.0,5.34,0
INT-001305,CMP-009,C00648,4,20240518,mobile,12,2,0,0.0,4.57,0
INT-001306,CMP-009,C02095,4,20240521,mobile,11,1,1,161.78,4.19,1
INT-001307,CMP-009,C00527,4,20240522,mobile,18,0,0,0.0,6.86,0
INT-001308,CMP-009,C01766,4,20240522,desktop,12,0,0,0.0,4.57,0
INT-001309,CMP-009,C00098,4,20240522,mobile,10,0,0,0.0,3.81,0
INT-001310,CMP-009,C02190,4,20240522,desktop,10,1,0,0.0,3.81,0
INT-001311,CMP-009,C00306,4,20240523,mobile,10,0,0,0.0,3.81,0
INT-001312,CMP-009,C00560,4,20240523,tablet,10,1,0,0.0,3.81,0
INT-001313,CMP-009,C01643,4,20240523,desktop,12,0,0,0.0,4.57,0
INT-001314,CMP-009,C00854,4,20240524,mobile,11,0,0,0.0,4.19,0
INT-001315,CMP-009,C02123,4,20240524,desktop,14,1,0,0.0,5.34,0
INT-001316,CMP-009,C01983,4,20240525,mobile,12,0,0,0.0,4.57,0
INT-001317,CMP-009,C00106,4,20240525,mobile,14,0,0,0.0,5.34,0
INT-001318,CMP-009,C00818,4,20240525,mobile,9,0,0,0.0,3.43,0
INT-001319,CMP-009,C01574,4,20240525,tablet,9,1,0,0.0,3.43,0
INT-001320,CMP-009,C00770,4,20240526,desktop,9,1,0,0.0,3.43,0
INT-001321,CMP-009,C01527,4,20240526,mobile,14,0,0,0.0,5.34,0
INT-001322,CMP-009,C00010,4,20240527,mobile,17,0,0,0.0,6.48,0
INT-001323,CMP-009,C01150,4,20240528,mobile,14,0,0,0.0,5.34,0
INT-001324,CMP-009,C00677,4,20240528,tablet,10,0,0,0.0,3.81,0
INT-001325,CMP-009,C02139,4,20240528,mobile,11,0,0,0.0,4.19,0
INT-001326,CMP-009,C00490,4,20240529,mobile,20,0,0,0.0,7.62,0
INT-001327,CMP-009,C01212,4,20240530,mobile,7,0,0,0.0,2.67,0
INT-001328,CMP-009,C01187,4,20240530,mobile,14,0,0,0.0,5.34,0
INT-001329,CMP-009,C02170,4,20240531,mobile,9,0,0,0.0,3.43,0
INT-001330,CMP-009,C01139,4,20240531,mobile,13,1,0,0.0,4.96,0
INT-001331,CMP-009,C02127,4,20240531,mobile,15,1,1,107.65,5.72,1
INT-001332,CMP-018,C01918,5,20240604,mobile,8,0,0,0.0,9.41,0
INT-001333,CMP-018,C00519,5,20240604,mobile,4,0,0,0.0,4.71,0
INT-001334,CMP-018,C01592,5,20240604,tablet,7,0,0,0.0,8.24,0
INT-001335,CMP-018,C00717,5,20240605,mobile,6,0,0,0.0,7.06,0
INT-001336,CMP-018,C00554,5,20240607,tablet,9,0,0,0.0,10.59,0
INT-001337,CMP-018,C00070,5,20240607,mobile,7,0,0,0.0,8.24,0
INT-001338,CMP-018,C00210,5,20240613,mobile,8,0,0,0.0,9.41,0
INT-001339,CMP-018,C01229,5,20240613,tablet,7,0,0,0.0,8.24,0
INT-001340,CMP-018,C00662,5,20240613,mobile,9,0,1,142.77,10.59,1
INT-001341,CMP-018,C00520,5,20240613,mobile,4,0,0,0.0,4.71,0
INT-001342,CMP-018,C02194,5,20240615,desktop,6,0,0,0.0,7.06,0
INT-001343,CMP-018,C00012,5,20240616,desktop,10,0,0,0.0,11.76,0
INT-001344,CMP-018,C01331,5,20240616,mobile,2,0,0,0.0,2.35,0
INT-001345,CMP-018,C01082,5,20240618,mobile,5,0,0,0.0,5.88,0
INT-001346,CMP-018,C01786,5,20240619,desktop,5,0,0,0.0,5.88,0
INT-001347,CMP-018,C00381,5,20240619,mobile,6,0,0,0.0,7.06,0
INT-001348,CMP-018,C01870,5,20240622,mobile,7,0,0,0.0,8.24,0
INT-001349,CMP-018,C00271,5,20240626,desktop,4,0,1,181.43,4.71,1
INT-001350,CMP-018,C02154,5,20240626,mobile,5,0,0,0.0,5.88,0
INT-001351,CMP-018,C01588,5,20240627,mobile,11,0,0,0.0,12.94,0
INT-001352,CMP-018,C01310,5,20240629,tablet,6,0,0,0.0,7.06,0
INT-001353,CMP-018,C01037,5,20240629,mobile,5,0,0,0.0,5.88,0
INT-001354,CMP-018,C01177,5,20240702,desktop,8,0,0,0.0,9.41,0
INT-001355,CMP-018,C01275,5,20240702,desktop,8,0,0,0.0,9.41,0
INT-001356,CMP-018,C02190,5,20240704,desktop,10,0,0,0.0,11.76,0
INT-001357,CMP-018,C01905,5,20240706,desktop,2,0,0,0.0,2.35,0
INT-001358,CMP-018,C01505,5,20240708,desktop,8,0,0,0.0,9.41,0
INT-001359,CMP-018,C01380,5,20240709,mobile,7,0,0,0.0,8.24,0
INT-001360,CMP-018,C00355,5,20240709,desktop,4,0,0,0.0,4.71,0
INT-001361,CMP-018,C00125,5,20240712,mobile,9,0,0,0.0,10.59,0
INT-001362,CMP-018,C01387,5,20240713,mobile,8,0,0,0.0,9.41,0
INT-001363,CMP-018,C00559,5,20240715,mobile,10,0,0,0.0,11.76,0
INT-001364,CMP-018,C01253,5,20240716,tablet,6,0,0,0.0,7.06,0
INT-001365,CMP-024,C01979,3,20240607,mobile,3,0,0,0.0,2.19,0
INT-001366,CMP-024,C01108,3,20240607,mobile,1,0,0,0.0,0.73,0
INT-001367,CMP-024,C02049,3,20240608,desktop,2,0,0,0.0,1.46,0
INT-001368,CMP-024,C00726,3,20240609,mobile,5,0,0,0.0,3.65,0
INT-001369,CMP-024,C00951,3,20240609,tablet,6,0,0,0.0,4.38,0
INT-001370,CMP-024,C00267,3,20240609,mobile,3,0,0,0.0,2.19,0
INT-001371,CMP-024,C00711,3,20240613,mobile,8,0,0,0.0,5.84,0
INT-001372,CMP-024,C00077,3,20240614,mobile,5,1,0,0.0,3.65,0
INT-001373,CMP-024,C01611,3,20240617,mobile,3,0,0,0.0,2.19,0
INT-001374,CMP-024,C01017,3,20240617,desktop,3,0,0,0.0,2.19,0
INT-001375,CMP-024,C00472,3,20240618,mobile,6,0,0,0.0,4.38,0
INT-001376,CMP-024,C01547,3,20240618,desktop,4,1,0,0.0,2.92,0
INT-001377,CMP-024,C00127,3,20240621,mobile,7,0,0,0.0,5.11,0
INT-001378,CMP-024,C00764,3,20240622,desktop,3,0,0,0.0,2.19,0
INT-001379,CMP-024,C00553,3,20240622,mobile,4,0,0,0.0,2.92,0
INT-001380,CMP-024,C00869,3,20240623,tablet,7,0,0,0.0,5.11,0
INT-001381,CMP-024,C00690,3,20240626,desktop,2,0,0,0.0,1.46,0
INT-001382,CMP-024,C00615,3,20240629,mobile,3,0,0,0.0,2.19,0
INT-001383,CMP-024,C02103,3,20240701,desktop,4,0,0,0.0,2.92,0
INT-001384,CMP-024,C00899,3,20240702,mobile,4,2,0,0.0,2.92,0
INT-001385,CMP-024,C00429,3,20240704,mobile,7,0,0,0.0,5.11,0
INT-001386,CMP-024,C01268,3,20240705,mobile,6,0,0,0.0,4.38,0
INT-001387,CMP-024,C00445,3,20240708,desktop,6,0,0,0.0,4.38,0
INT-001388,CMP-024,C01872,3,20240710,mobile,6,0,0,0.0,4.38,0
INT-001389,CMP-024,C01660,3,20240711,tablet,5,0,0,0.0,3.65,0
INT-001390,CMP-024,C00020,3,20240712,desktop,1,0,0,0.0,0.73,0
INT-001391,CMP-024,C01952,3,20240712,mobile,6,0,0,0.0,4.38,0
INT-001392,CMP-024,C01206,3,20240712,desktop,7,0,0,0.0,5.11,0
INT-001393,CMP-024,C00845,3,20240713,desktop,6,1,1,211.27,4.38,1
INT-001394,CMP-024,C00807,3,20240713,desktop,9,0,0,0.0,6.57,0
INT-001395,CMP-024,C00709,3,20240714,mobile,4,0,0,0.0,2.92,0
INT-001396,CMP-024,C00769,3,20240714,mobile,4,0,0,0.0,2.92,0
INT-001397,CMP-024,C00637,3,20240714,desktop,7,2,0,0.0,5.11,0
INT-001398,CMP-024,C02003,3,20240715,tablet,6,0,0,0.0,4.38,0
INT-001399,CMP-024,C00855,3,20240715,desktop,10,1,1,139.33,7.3,1
INT-001400,CMP-024,C00098,3,20240716,mobile,5,0,0,0.0,3.65,0
INT-001401,CMP-070,C00927,5,20240623,desktop,14,0,0,0.0,19.43,0
INT-001402,CMP-070,C01590,5,20240623,mobile,18,0,1,168.63,24.98,1
INT-001403,CMP-070,C00152,5,20240623,mobile,7,0,0,0.0,9.71,0
INT-001404,CMP-070,C00454,5,20240623,desktop,8,0,1,237.82,11.1,1
INT-001405,CMP-070,C00721,5,20240623,mobile,7,0,0,0.0,9.71,0
INT-001406,CMP-070,C01219,5,20240623,mobile,10,0,0,0.0,13.88,0
INT-001407,CMP-070,C01264,5,20240623,mobile,12,0,0,0.0,16.65,0
INT-001408,CMP-070,C00730,5,20240623,mobile,6,0,0,0.0,8.33,0
INT-001409,CMP-070,C00822,5,20240623,desktop,14,0,0,0.0,19.43,0
INT-001410,CMP-070,C01523,5,20240623,desktop,7,0,0,0.0,9.71,0
INT-001411,CMP-070,C00097,5,20240623,desktop,10,0,0,0.0,13.88,0
INT-001412,CMP-070,C02150,5,20240623,mobile,5,0,0,0.0,6.94,0
INT-001413,CMP-070,C01130,5,20240623,desktop,9,0,0,0.0,12.49,0
INT-001414,CMP-070,C00754,5,20240623,mobile,13,0,1,500.01,18.04,1
INT-001415,CMP-070,C01737,5,20240623,tablet,12,0,0,0.0,16.65,0
INT-001416,CMP-070,C01694,5,20240623,tablet,13,0,0,0.0,18.04,0
INT-001417,CMP-070,C00012,5,20240623,desktop,11,1,0,0.0,15.26,0
INT-001418,CMP-070,C00498,5,20240624,desktop,11,0,1,351.01,15.26,1
INT-001419,CMP-070,C00433,5,20240624,desktop,13,0,0,0.0,18.04,0
INT-001420,CMP-070,C00295,5,20240624,mobile,9,0,0,0.0,12.49,0
INT-001421,CMP-070,C01367,5,20240624,desktop,7,0,0,0.0,9.71,0
INT-001422,CMP-070,C00375,5,20240624,mobile,7,0,0,0.0,9.71,0
INT-001423,CMP-070,C00021,5,20240624,mobile,8,0,0,0.0,11.1,0
INT-001424,CMP-070,C00327,5,20240624,desktop,14,0,0,0.0,19.43,0
INT-001425,CMP-070,C00829,5,20240624,mobile,14,0,0,0.0,19.43,0
INT-001426,CMP-070,C00832,5,20240624,tablet,17,0,0,0.0,23.59,0
INT-001427,CMP-070,C01026,5,20240624,mobile,12,0,0,0.0,16.65,0
INT-001428,CMP-070,C00936,5,20240624,mobile,12,0,0,0.0,16.65,0
INT-001429,CMP-070,C00189,5,20240624,tablet,6,0,1,252.21,8.33,1
INT-001430,CMP-070,C01862,5,20240624,mobile,8,0,0,0.0,11.1,0
INT-001431,CMP-070,C00898,5,20240624,mobile,12,0,0,0.0,16.65,0
INT-001432,CMP-070,C01738,5,20240624,desktop,14,0,0,0.0,19.43,0
INT-001433,CMP-070,C00560,5,20240624,desktop,8,0,0,0.0,11.1,0
INT-001434,CMP-070,C00824,5,20240624,mobile,11,0,0,0.0,15.26,0
INT-001435,CMP-070,C01067,5,20240624,mobile,12,0,0,0.0,16.65,0
INT-001436,CMP-070,C00301,5,20240624,desktop,8,0,0,0.0,11.1,0
INT-001437,CMP-070,C00065,5,20240624,desktop,11,0,2,587.36,15.26,1
INT-001438,CMP-070,C00485,5,20240624,mobile,9,0,0,0.0,12.49,0
INT-001439,CMP-070,C01888,5,20240625,tablet,13,0,0,0.0,18.04,0
INT-001440,CMP-070,C00129,5,20240625,mobile,8,1,0,0.0,11.1,0
INT-001441,CMP-070,C01097,5,20240625,mobile,10,0,0,0.0,13.88,0
INT-001442,CMP-070,C01647,5,20240625,desktop,12,0,0,0.0,16.65,0
INT-001443,CMP-070,C00999,5,20240625,mobile,6,0,0,0.0,8.33,0
INT-001444,CMP-070,C01115,5,20240625,desktop,10,0,0,0.0,13.88,0
INT-001445,CMP-070,C02019,5,20240625,mobile,12,0,0,0.0,16.65,0
INT-001446,CMP-070,C00279,5,20240625,mobile,16,0,0,0.0,22.2,0
INT-001447,CMP-070,C01585,5,20240625,desktop,14,0,0,0.0,19.43,0
INT-001448,CMP-070,C00186,5,20240625,mobile,7,0,0,0.0,9.71,0
INT-001449,CMP-070,C00444,5,20240625,desktop,7,0,0,0.0,9.71,0
INT-001450,CMP-070,C00841,5,20240625,tablet,10,0,0,0.0,13.88,0
INT-001451,CMP-070,C01383,5,20240625,mobile,9,0,0,0.0,12.49,0
INT-001452,CMP-070,C01008,5,20240625,desktop,13,0,0,0.0,18.04,0
INT-001453,CMP-070,C00638,5,20240625,mobile,13,0,0,0.0,18.04,0
INT-001454,CMP-070,C01438,5,20240625,mobile,8,0,0,0.0,11.1,0
INT-001455,CMP-070,C01426,5,20240625,mobile,12,0,0,0.0,16.65,0
INT-001456,CMP-070,C02065,5,20240625,mobile,6,0,0,0.0,8.33,0
INT-001457,CMP-070,C00004,5,20240625,mobile,5,0,0,0.0,6.94,0
INT-001458,CMP-070,C00757,5,20240626,tablet,10,0,0,0.0,13.88,0
INT-001459,CMP-070,C01356,5,20240626,desktop,9,0,0,0.0,12.49,0
INT-001460,CMP-070,C01805,5,20240626,mobile,12,1,1,429.53,16.65,1
INT-001461,CMP-070,C00213,5,20240626,desktop,11,0,0,0.0,15.26,0
INT-001462,CMP-070,C01273,5,20240626,desktop,14,0,0,0.0,19.43,0
INT-001463,CMP-070,C01948,5,20240626,desktop,11,1,0,0.0,15.26,0
INT-001464,CMP-070,C00747,5,20240626,mobile,15,0,0,0.0,20.81,0
INT-001465,CMP-070,C01567,5,20240626,desktop,11,0,0,0.0,15.26,0
INT-001466,CMP-070,C01713,5,20240626,mobile,3,0,0,0.0,4.16,0
INT-001467,CMP-070,C02079,5,20240626,mobile,15,0,0,0.0,20.81,0
INT-001468,CMP-070,C00741,5,20240626,desktop,7,0,0,0.0,9.71,0
INT-001469,CMP-070,C01328,5,20240626,tablet,14,0,1,209.54,19.43,1
INT-001470,CMP-070,C02141,5,20240626,desktop,8,0,0,0.0,11.1,0
INT-001471,CMP-070,C01898,5,20240626,mobile,10,0,1,284.36,13.88,1
INT-001472,CMP-070,C01059,5,20240626,mobile,15,0,0,0.0,20.81,0
INT-001473,CMP-070,C00828,5,20240626,mobile,12,0,0,0.0,16.65,0
INT-001474,CMP-070,C00434,5,20240626,mobile,12,0,0,0.0,16.65,0
INT-001475,CMP-070,C00027,5,20240626,desktop,12,0,0,0.0,16.65,0
INT-001476,CMP-070,C00771,5,20240627,mobile,10,0,0,0.0,13.88,0
INT-001477,CMP-070,C00380,5,20240627,mobile,17,0,0,0.0,23.59,0
INT-001478,CMP-070,C01945,5,20240627,mobile,6,0,0,0.0,8.33,0
INT-001479,CMP-070,C01891,5,20240627,mobile,12,0,0,0.0,16.65,0
INT-001480,CMP-070,C00411,5,20240627,mobile,17,0,0,0.0,23.59,0
INT-001481,CMP-070,C00685,5,20240627,mobile,13,0,0,0.0,18.04,0
INT-001482,CMP-070,C00362,5,20240627,desktop,7,0,0,0.0,9.71,0
INT-001483,CMP-070,C01633,5,20240627,desktop,14,0,0,0.0,19.43,0
INT-001484,CMP-070,C00849,5,20240627,desktop,11,0,0,0.0,15.26,0
INT-001485,CMP-070,C01286,5,20240627,mobile,11,0,0,0.0,15.26,0
INT-001486,CMP-070,C01616,5,20240627,desktop,9,0,0,0.0,12.49,0
INT-001487,CMP-070,C00348,5,20240627,mobile,12,0,0,0.0,16.65,0
INT-001488,CMP-070,C01275,5,20240627,desktop,13,0,0,0.0,18.04,0
INT-001489,CMP-070,C00168,5,20240627,mobile,8,0,1,267.47,11.1,1
INT-001490,CMP-070,C01889,5,20240627,mobile,15,0,0,0.0,20.81,0
INT-001491,CMP-070,C00171,5,20240627,mobile,12,0,0,0.0,16.65,0
INT-001492,CMP-070,C01233,5,20240628,mobile,14,0,0,0.0,19.43,0
INT-001493,CMP-070,C01639,5,20240628,mobile,9,0,0,0.0,12.49,0
INT-001494,CMP-070,C01306,5,20240628,desktop,10,0,0,0.0,13.88,0
INT-001495,CMP-070,C01289,5,20240628,mobile,8,0,0,0.0,11.1,0
INT-001496,CMP-070,C00479,5,20240628,desktop,7,0,0,0.0,9.71,0
INT-001497,CMP-070,C00457,5,20240628,desktop,9,0,0,0.0,12.49,0
INT-001498,CMP-070,C01423,5,20240628,mobile,9,0,0,0.0,12.49,0
INT-001499,CMP-070,C01941,5,20240628,desktop,12,0,0,0.0,16.65,0
INT-001500,CMP-070,C00668,5,20240628,tablet,13,0,0,0.0,18.04,0
INT-001501,CMP-070,C01446,5,20240628,desktop,11,0,0,0.0,15.26,0
INT-001502,CMP-070,C00983,5,20240628,desktop,9,0,0,0.0,12.49,0
INT-001503,CMP-070,C00192,5,20240628,tablet,6,0,1,231.26,8.33,1
INT-001504,CMP-070,C00705,5,20240628,mobile,7,0,0,0.0,9.71,0
INT-001505,CMP-070,C00368,5,20240628,mobile,12,0,0,0.0,16.65,0
INT-001506,CMP-070,C02044,5,20240628,mobile,7,0,0,0.0,9.71,0
INT-001507,CMP-070,C00903,5,20240628,mobile,10,0,0,0.0,13.88,0
INT-001508,CMP-070,C00548,5,20240628,mobile,19,1,0,0.0,26.36,0
INT-001509,CMP-070,C01473,5,20240628,desktop,7,0,0,0.0,9.71,0
INT-001510,CMP-070,C00216,5,20240628,mobile,10,1,1,318.14,13.88,1
INT-001511,CMP-070,C01374,5,20240628,mobile,7,0,0,0.0,9.71,0
INT-001512,CMP-070,C01955,5,20240628,desktop,7,0,0,0.0,9.71,0
INT-001513,CMP-070,C01331,5,20240628,mobile,9,0,0,0.0,12.49,0
INT-001514,CMP-070,C01661,5,20240628,mobile,14,1,0,0.0,19.43,0
INT-001515,CMP-070,C00024,5,20240628,desktop,10,1,0,0.0,13.88,0
INT-001516,CMP-070,C00801,5,20240628,mobile,9,0,0,0.0,12.49,0
INT-001517,CMP-070,C00770,5,20240628,mobile,10,0,1,210.3,13.88,1
INT-001518,CMP-070,C01484,5,20240628,desktop,13,0,0,0.0,18.04,0
INT-001519,CMP-070,C02118,5,20240628,mobile,9,0,0,0.0,12.49,0
INT-001520,CMP-070,C02050,5,20240628,mobile,8,0,0,0.0,11.1,0
INT-001521,CMP-070,C00041,5,20240628,desktop,15,0,0,0.0,20.81,0
INT-001522,CMP-070,C01295,5,20240628,mobile,10,0,0,0.0,13.88,0
INT-001523,CMP-070,C00856,5,20240628,desktop,16,0,0,0.0,22.2,0
INT-001524,CMP-070,C01583,5,20240628,tablet,12,0,2,820.04,16.65,1
INT-001525,CMP-070,C00836,5,20240628,desktop,13,0,0,0.0,18.04,0
INT-001526,CMP-070,C00121,5,20240628,mobile,13,0,0,0.0,18.04,0
INT-001527,CMP-070,C01989,5,20240628,mobile,7,0,0,0.0,9.71,0
INT-001528,CMP-070,C02170,5,20240629,desktop,7,0,0,0.0,9.71,0
INT-001529,CMP-070,C00070,5,20240629,mobile,13,0,0,0.0,18.04,0
INT-001530,CMP-070,C01326,5,20240629,desktop,9,0,1,209.6,12.49,1
INT-001531,CMP-070,C00794,5,20240629,mobile,14,0,1,307.09,19.43,1
INT-001532,CMP-070,C01269,5,20240629,tablet,14,0,0,0.0,19.43,0
INT-001533,CMP-070,C00702,5,20240629,mobile,13,0,0,0.0,18.04,0
INT-001534,CMP-070,C01108,5,20240629,tablet,14,0,0,0.0,19.43,0
INT-001535,CMP-070,C01971,5,20240629,tablet,4,0,0,0.0,5.55,0
INT-001536,CMP-070,C00994,5,20240629,desktop,14,0,0,0.0,19.43,0
INT-001537,CMP-070,C01956,5,20240629,mobile,11,0,1,312.73,15.26,1
INT-001538,CMP-070,C01386,5,20240629,desktop,12,0,0,0.0,16.65,0
INT-001539,CMP-070,C00839,5,20240629,mobile,8,0,0,0.0,11.1,0
INT-001540,CMP-070,C00044,5,20240629,desktop,7,0,0,0.0,9.71,0
INT-001541,CMP-070,C00106,5,20240629,mobile,10,0,1,467.13,13.88,1
INT-001542,CMP-070,C00742,5,20240629,mobile,13,0,0,0.0,18.04,0
INT-001543,CMP-070,C01488,5,20240629,mobile,14,0,2,847.63,19.43,1
INT-001544,CMP-070,C01160,5,20240629,mobile,13,0,0,0.0,18.04,0
INT-001545,CMP-070,C00040,5,20240629,desktop,16,1,0,0.0,22.2,0
INT-001546,CMP-070,C01795,5,20240629,desktop,11,0,0,0.0,15.26,0
INT-001547,CMP-070,C01826,5,20240629,mobile,7,0,0,0.0,9.71,0
INT-001548,CMP-070,C00197,5,20240630,mobile,8,1,0,0.0,11.1,0
INT-001549,CMP-070,C00985,5,20240630,mobile,12,0,0,0.0,16.65,0
INT-001550,CMP-070,C00786,5,20240630,mobile,8,0,1,583.23,11.1,1
INT-001551,CMP-070,C00220,5,20240630,desktop,14,0,0,0.0,19.43,0
INT-001552,CMP-070,C00135,5,20240630,mobile,13,0,0,0.0,18.04,0
INT-001553,CMP-070,C00584,5,20240630,mobile,14,0,0,0.0,19.43,0
INT-001554,CMP-070,C01631,5,20240630,mobile,11,0,1,525.77,15.26,1
INT-001555,CMP-070,C00204,5,20240630,mobile,11,0,0,0.0,15.26,0
INT-001556,CMP-070,C01931,5,20240630,desktop,10,0,0,0.0,13.88,0
INT-001557,CMP-070,C02165,5,20240630,mobile,9,0,0,0.0,12.49,0
INT-001558,CMP-070,C01657,5,20240630,desktop,11,0,0,0.0,15.26,0
INT-001559,CMP-070,C00507,5,20240630,desktop,9,0,0,0.0,12.49,0
INT-001560,CMP-070,C01646,5,20240630,mobile,9,0,1,213.7,12.49,1
INT-001561,CMP-070,C00963,5,20240630,desktop,16,0,1,517.77,22.2,1
INT-001562,CMP-070,C00887,5,20240630,desktop,6,0,0,0.0,8.33,0
INT-001563,CMP-070,C01508,5,20240630,mobile,10,0,0,0.0,13.88,0
INT-001564,CMP-070,C01924,5,20240701,mobile,14,0,0,0.0,19.43,0
INT-001565,CMP-070,C00335,5,20240701,mobile,18,0,0,0.0,24.98,0
INT-001566,CMP-070,C00923,5,20240701,mobile,21,0,1,410.05,29.14,1
INT-001567,CMP-070,C00678,5,20240701,mobile,14,0,0,0.0,19.43,0
INT-001568,CMP-070,C01478,5,20240701,desktop,9,1,0,0.0,12.49,0
INT-001569,CMP-070,C02152,5,20240701,mobile,9,0,1,319.41,12.49,1
INT-001570,CMP-070,C01838,5,20240701,mobile,11,0,0,0.0,15.26,0
INT-001571,CMP-070,C01162,5,20240701,mobile,10,0,0,0.0,13.88,0
INT-001572,CMP-070,C00210,5,20240701,mobile,13,0,0,0.0,18.04,0
INT-001573,CMP-070,C01689,5,20240701,mobile,3,0,0,0.0,4.16,0
INT-001574,CMP-070,C00497,5,20240701,mobile,4,0,0,0.0,5.55,0
INT-001575,CMP-070,C00180,5,20240701,mobile,10,0,0,0.0,13.88,0
INT-001576,CMP-070,C02016,5,20240701,desktop,8,0,0,0.0,11.1,0
INT-001577,CMP-070,C01099,5,20240701,mobile,8,0,1,259.96,11.1,1
INT-001578,CMP-070,C01288,5,20240701,mobile,11,0,0,0.0,15.26,0
INT-001579,CMP-070,C00918,5,20240701,desktop,11,1,0,0.0,15.26,0
INT-001580,CMP-070,C00034,5,20240701,desktop,10,0,0,0.0,13.88,0
INT-001581,CMP-070,C01213,5,20240701,desktop,12,0,0,0.0,16.65,0
INT-001582,CMP-070,C01014,5,20240701,mobile,15,0,0,0.0,20.81,0
INT-001583,CMP-070,C01238,5,20240701,desktop,16,0,2,745.57,22.2,1
INT-001584,CMP-070,C01519,5,20240701,mobile,10,0,1,219.5,13.88,1
INT-001585,CMP-070,C00952,5,20240702,tablet,8,0,0,0.0,11.1,0
INT-001586,CMP-070,C00939,5,20240702,desktop,12,0,0,0.0,16.65,0
INT-001587,CMP-070,C01893,5,20240702,mobile,10,0,0,0.0,13.88,0
INT-001588,CMP-070,C01258,5,20240702,desktop,4,0,2,506.4,5.55,1
INT-001589,CMP-070,C00645,5,20240702,desktop,9,0,0,0.0,12.49,0
INT-001590,CMP-070,C00480,5,20240702,mobile,9,0,0,0.0,12.49,0
INT-001591,CMP-070,C00610,5,20240702,mobile,9,0,0,0.0,12.49,0
INT-001592,CMP-070,C00997,5,20240702,mobile,11,0,0,0.0,15.26,0
INT-001593,CMP-070,C01940,5,20240702,desktop,10,0,0,0.0,13.88,0
INT-001594,CMP-070,C01570,5,20240702,desktop,11,0,0,0.0,15.26,0
INT-001595,CMP-070,C00586,5,20240702,desktop,13,0,0,0.0,18.04,0
INT-001596,CMP-070,C00367,5,20240702,mobile,12,0,0,0.0,16.65,0
INT-001597,CMP-070,C01358,5,20240702,desktop,12,0,0,0.0,16.65,0
INT-001598,CMP-070,C00916,5,20240702,desktop,10,0,1,297.51,13.88,1
INT-001599,CMP-070,C01182,5,20240702,desktop,8,0,0,0.0,11.1,0
INT-001600,CMP-070,C00068,5,20240702,desktop,6,0,0,0.0,8.33,0
INT-001601,CMP-070,C01363,5,20240702,mobile,9,1,0,0.0,12.49,0
INT-001602,CMP-070,C00176,5,20240702,mobile,13,0,0,0.0,18.04,0
INT-001603,CMP-070,C00469,5,20240702,mobile,14,0,0,0.0,19.43,0
INT-001604,CMP-070,C00116,5,20240702,tablet,14,0,0,0.0,19.43,0
INT-001605,CMP-070,C01303,5,20240702,desktop,15,0,0,0.0,20.81,0
INT-001606,CMP-070,C01777,5,20240702,desktop,11,1,1,225.51,15.26,1
INT-001607,CMP-070,C01957,5,20240702,mobile,9,1,0,0.0,12.49,0
INT-001608,CMP-070,C00640,5,20240703,mobile,17,0,1,237.37,23.59,1
INT-001609,CMP-070,C01830,5,20240703,desktop,8,0,0,0.0,11.1,0
INT-001610,CMP-070,C00163,5,20240703,mobile,6,0,0,0.0,8.33,0
INT-001611,CMP-070,C00868,5,20240703,desktop,9,0,1,158.35,12.49,1
INT-001612,CMP-070,C02088,5,20240703,tablet,13,0,0,0.0,18.04,0
INT-001613,CMP-070,C01842,5,20240703,mobile,10,0,1,298.8,13.88,1
INT-001614,CMP-070,C00800,5,20240703,desktop,17,0,0,0.0,23.59,0
INT-001615,CMP-070,C00351,5,20240703,desktop,4,0,0,0.0,5.55,0
INT-001616,CMP-070,C01414,5,20240703,desktop,14,0,0,0.0,19.43,0
INT-001617,CMP-070,C01368,5,20240703,desktop,9,0,0,0.0,12.49,0
INT-001618,CMP-070,C00283,5,20240703,mobile,16,0,0,0.0,22.2,0
INT-001619,CMP-070,C01012,5,20240703,tablet,11,0,0,0.0,15.26,0
INT-001620,CMP-070,C00332,5,20240703,tablet,10,1,0,0.0,13.88,0
INT-001621,CMP-070,C01114,5,20240703,mobile,12,0,0,0.0,16.65,0
INT-001622,CMP-070,C01562,5,20240703,mobile,9,0,0,0.0,12.49,0
INT-001623,CMP-070,C00967,5,20240703,mobile,7,0,0,0.0,9.71,0
INT-001624,CMP-070,C00970,5,20240704,mobile,4,1,0,0.0,5.55,0
INT-001625,CMP-070,C02159,5,20240704,mobile,13,1,0,0.0,18.04,0
INT-001626,CMP-070,C00665,5,20240704,mobile,7,0,0,0.0,9.71,0
INT-001627,CMP-070,C00609,5,20240704,desktop,11,0,0,0.0,15.26,0
INT-001628,CMP-070,C01031,5,20240704,tablet,10,0,0,0.0,13.88,0
INT-001629,CMP-070,C01560,5,20240704,tablet,11,1,0,0.0,15.26,0
INT-001630,CMP-070,C00421,5,20240704,mobile,8,0,0,0.0,11.1,0
INT-001631,CMP-070,C01157,5,20240704,desktop,12,0,0,0.0,16.65,0
INT-001632,CMP-070,C00890,5,20240704,mobile,8,0,0,0.0,11.1,0
INT-001633,CMP-070,C00442,5,20240704,desktop,13,0,0,0.0,18.04,0
INT-001634,CMP-070,C00155,5,20240704,desktop,14,0,2,602.31,19.43,1
INT-001635,CMP-070,C00755,5,20240704,mobile,13,1,1,239.82,18.04,1
INT-001636,CMP-070,C00182,5,20240704,desktop,8,0,0,0.0,11.1,0
INT-001637,CMP-070,C02043,5,20240704,mobile,13,0,0,0.0,18.04,0
INT-001638,CMP-070,C01065,5,20240704,desktop,11,0,0,0.0,15.26,0
INT-001639,CMP-070,C00397,5,20240704,mobile,16,0,0,0.0,22.2,0
INT-001640,CMP-070,C00559,5,20240704,mobile,12,0,0,0.0,16.65,0
INT-001641,CMP-070,C01354,5,20240704,mobile,14,0,0,0.0,19.43,0
INT-001642,CMP-070,C02014,5,20240704,tablet,8,0,0,0.0,11.1,0
INT-001643,CMP-070,C00212,5,20240704,desktop,11,0,0,0.0,15.26,0
INT-001644,CMP-070,C01872,5,20240705,mobile,11,0,0,0.0,15.26,0
INT-001645,CMP-070,C00401,5,20240705,tablet,10,0,0,0.0,13.88,0
INT-001646,CMP-070,C02031,5,20240705,mobile,8,0,0,0.0,11.1,0
INT-001647,CMP-070,C01351,5,20240705,mobile,6,1,0,0.0,8.33,0
INT-001648,CMP-070,C01976,5,20240705,mobile,12,0,1,454.86,16.65,1
INT-001649,CMP-070,C00937,5,20240705,desktop,11,2,0,0.0,15.26,0
INT-001650,CMP-070,C00854,5,20240705,mobile,14,0,0,0.0,19.43,0
INT-001651,CMP-070,C01467,5,20240705,desktop,10,0,0,0.0,13.88,0
INT-001652,CMP-070,C01409,5,20240705,desktop,5,0,0,0.0,6.94,0
INT-001653,CMP-070,C01961,5,20240705,tablet,9,1,0,0.0,12.49,0
INT-001654,CMP-070,C02166,5,20240705,mobile,16,0,1,327.53,22.2,1
INT-001655,CMP-070,C01868,5,20240705,mobile,9,0,0,0.0,12.49,0
INT-001656,CMP-070,C01483,5,20240705,desktop,10,0,0,0.0,13.88,0
INT-001657,CMP-070,C00634,5,20240705,mobile,6,0,0,0.0,8.33,0
INT-001658,CMP-070,C01653,5,20240705,mobile,6,0,0,0.0,8.33,0
INT-001659,CMP-070,C01048,5,20240705,desktop,11,0,0,0.0,15.26,0
INT-001660,CMP-070,C00855,5,20240705,mobile,9,0,0,0.0,12.49,0
INT-001661,CMP-070,C00525,5,20240705,mobile,15,0,0,0.0,20.81,0
INT-001662,CMP-070,C00242,5,20240705,mobile,11,0,1,278.31,15.26,1
INT-001663,CMP-070,C00809,5,20240706,mobile,9,0,0,0.0,12.49,0
INT-001664,CMP-070,C00456,5,20240706,mobile,11,0,0,0.0,15.26,0
INT-001665,CMP-070,C01535,5,20240706,mobile,9,0,0,0.0,12.49,0
INT-001666,CMP-070,C00345,5,20240706,desktop,14,0,0,0.0,19.43,0
INT-001667,CMP-070,C01742,5,20240706,mobile,8,0,0,0.0,11.1,0
INT-001668,CMP-070,C01262,5,20240706,mobile,10,0,0,0.0,13.88,0
INT-001669,CMP-070,C01550,5,20240706,mobile,14,0,0,0.0,19.43,0
INT-001670,CMP-070,C00011,5,20240706,mobile,12,0,0,0.0,16.65,0
INT-001671,CMP-070,C00568,5,20240706,tablet,11,0,0,0.0,15.26,0
INT-001672,CMP-070,C00416,5,20240706,desktop,12,0,1,520.95,16.65,1
INT-001673,CMP-070,C00166,5,20240706,mobile,11,0,0,0.0,15.26,0
INT-001674,CMP-070,C01186,5,20240706,mobile,17,0,0,0.0,23.59,0
INT-001675,CMP-070,C02015,5,20240706,mobile,9,0,0,0.0,12.49,0
INT-001676,CMP-070,C00188,5,20240706,desktop,11,0,0,0.0,15.26,0
INT-001677,CMP-070,C01813,5,20240706,desktop,7,0,0,0.0,9.71,0
INT-001678,CMP-070,C00980,5,20240706,desktop,13,0,0,0.0,18.04,0
INT-001679,CMP-070,C00591,5,20240706,desktop,10,0,0,0.0,13.88,0
INT-001680,CMP-070,C00233,5,20240706,mobile,12,0,0,0.0,16.65,0
INT-001681,CMP-070,C00235,5,20240706,tablet,13,0,0,0.0,18.04,0
INT-001682,CMP-070,C01966,5,20240706,desktop,10,0,0,0.0,13.88,0
INT-001683,CMP-070,C00951,5,20240706,desktop,10,0,0,0.0,13.88,0
INT-001684,CMP-070,C01217,5,20240706,mobile,13,0,0,0.0,18.04,0
INT-001685,CMP-070,C01770,5,20240706,mobile,9,0,0,0.0,12.49,0
INT-001686,CMP-070,C01236,5,20240706,mobile,11,0,0,0.0,15.26,0
INT-001687,CMP-070,C00948,5,20240707,desktop,5,0,0,0.0,6.94,0
INT-001688,CMP-070,C00093,5,20240707,mobile,13,0,1,218.21,18.04,1
INT-001689,CMP-070,C01445,5,20240707,mobile,9,0,0,0.0,12.49,0
INT-001690,CMP-070,C01265,5,20240707,desktop,12,0,0,0.0,16.65,0
INT-001691,CMP-070,C01270,5,20240707,mobile,13,0,0,0.0,18.04,0
INT-001692,CMP-070,C00930,5,20240707,mobile,11,0,0,0.0,15.26,0
INT-001693,CMP-070,C00265,5,20240707,desktop,11,0,0,0.0,15.26,0
INT-001694,CMP-070,C01928,5,20240707,mobile,14,0,1,148.03,19.43,1
INT-001695,CMP-070,C01717,5,20240707,mobile,7,0,0,0.0,9.71,0
INT-001696,CMP-070,C01832,5,20240707,mobile,12,0,0,0.0,16.65,0
INT-001697,CMP-070,C00778,5,20240707,mobile,11,0,0,0.0,15.26,0
INT-001698,CMP-070,C01309,5,20240707,mobile,10,0,0,0.0,13.88,0
INT-001699,CMP-070,C01071,5,20240707,mobile,5,0,0,0.0,6.94,0
INT-001700,CMP-070,C01299,5,20240707,mobile,10,0,0,0.0,13.88,0
INT-001701,CMP-070,C01110,5,20240707,mobile,13,0,0,0.0,18.04,0
INT-001702,CMP-070,C00079,5,20240707,desktop,9,0,0,0.0,12.49,0
INT-001703,CMP-070,C01908,5,20240707,tablet,12,0,0,0.0,16.65,0
INT-001704,CMP-070,C00472,5,20240708,mobile,9,1,0,0.0,12.49,0
INT-001705,CMP-070,C00267,5,20240708,mobile,10,0,0,0.0,13.88,0
INT-001706,CMP-070,C02068,5,20240708,mobile,7,0,0,0.0,9.71,0
INT-001707,CMP-070,C01357,5,20240708,mobile,12,0,0,0.0,16.65,0
INT-001708,CMP-070,C00533,5,20240708,desktop,11,0,0,0.0,15.26,0
INT-001709,CMP-070,C00261,5,20240708,desktop,10,0,1,157.19,13.88,1
INT-001710,CMP-070,C01654,5,20240708,desktop,17,0,0,0.0,23.59,0
INT-001711,CMP-070,C00797,5,20240708,desktop,11,0,0,0.0,15.26,0
INT-001712,CMP-070,C00341,5,20240708,tablet,10,1,1,319.82,13.88,1
INT-001713,CMP-070,C00676,5,20240708,mobile,14,0,0,0.0,19.43,0
INT-001714,CMP-070,C01947,5,20240708,desktop,8,0,0,0.0,11.1,0
INT-001715,CMP-070,C00631,5,20240708,desktop,8,0,0,0.0,11.1,0
INT-001716,CMP-070,C02012,5,20240708,mobile,11,0,0,0.0,15.26,0
INT-001717,CMP-070,C00384,5,20240708,mobile,12,0,0,0.0,16.65,0
INT-001718,CMP-070,C01018,5,20240709,desktop,14,0,1,507.52,19.43,1
INT-001719,CMP-070,C01184,5,20240709,desktop,9,0,0,0.0,12.49,0
INT-001720,CMP-070,C00772,5,20240709,desktop,5,0,0,0.0,6.94,0
INT-001721,CMP-070,C00569,5,20240709,mobile,13,0,0,0.0,18.04,0
INT-001722,CMP-070,C01818,5,20240709,mobile,14,0,0,0.0,19.43,0
INT-001723,CMP-070,C01221,5,20240709,desktop,13,0,0,0.0,18.04,0
INT-001724,CMP-070,C01327,5,20240709,mobile,9,0,0,0.0,12.49,0
INT-001725,CMP-070,C00503,5,20240709,tablet,8,0,0,0.0,11.1,0
INT-001726,CMP-070,C01970,5,20240709,desktop,12,0,0,0.0,16.65,0
INT-001727,CMP-070,C01517,5,20240709,desktop,14,0,0,0.0,19.43,0
INT-001728,CMP-070,C01210,5,20240709,desktop,13,0,2,643.79,18.04,1
INT-001729,CMP-070,C00943,5,20240709,desktop,9,0,0,0.0,12.49,0
INT-001730,CMP-070,C01276,5,20240709,mobile,12,0,0,0.0,16.65,0
INT-001731,CMP-070,C01545,5,20240709,desktop,11,0,0,0.0,15.26,0
INT-001732,CMP-070,C00897,5,20240709,mobile,15,0,0,0.0,20.81,0
INT-001733,CMP-070,C00087,5,20240709,mobile,8,0,0,0.0,11.1,0
INT-001734,CMP-070,C01843,5,20240710,mobile,5,0,0,0.0,6.94,0
INT-001735,CMP-070,C00693,5,20240710,desktop,8,0,0,0.0,11.1,0
INT-001736,CMP-070,C01155,5,20240710,mobile,12,0,0,0.0,16.65,0
INT-001737,CMP-070,C01109,5,20240710,mobile,12,0,0,0.0,16.65,0
INT-001738,CMP-070,C01013,5,20240710,desktop,8,0,0,0.0,11.1,0
INT-001739,CMP-070,C02036,5,20240710,mobile,11,1,0,0.0,15.26,0
INT-001740,CMP-070,C00298,5,20240710,desktop,9,0,0,0.0,12.49,0
INT-001741,CMP-070,C00733,5,20240710,tablet,12,0,0,0.0,16.65,0
INT-001742,CMP-070,C01604,5,20240710,desktop,6,0,0,0.0,8.33,0
INT-001743,CMP-070,C01310,5,20240710,tablet,13,0,0,0.0,18.04,0
INT-001744,CMP-070,C00426,5,20240710,mobile,11,0,0,0.0,15.26,0
INT-001745,CMP-070,C01225,5,20240710,mobile,7,0,0,0.0,9.71,0
INT-001746,CMP-070,C02162,5,20240710,tablet,13,0,0,0.0,18.04,0
INT-001747,CMP-070,C01723,5,20240710,mobile,13,0,0,0.0,18.04,0
INT-001748,CMP-070,C01652,5,20240710,mobile,10,1,0,0.0,13.88,0
INT-001749,CMP-070,C02087,5,20240710,mobile,8,0,0,0.0,11.1,0
INT-001750,CMP-070,C01743,5,20240710,mobile,6,0,0,0.0,8.33,0
INT-001751,CMP-070,C02198,5,20240710,desktop,6,1,0,0.0,8.33,0
INT-001752,CMP-070,C00035,5,20240710,mobile,19,0,0,0.0,26.36,0
INT-001753,CMP-070,C01462,5,20240710,mobile,9,0,0,0.0,12.49,0
INT-001754,CMP-070,C01460,5,20240710,desktop,10,0,0,0.0,13.88,0
INT-001755,CMP-070,C01790,5,20240710,mobile,8,0,0,0.0,11.1,0
INT-001756,CMP-070,C01406,5,20240711,mobile,16,0,0,0.0,22.2,0
INT-001757,CMP-070,C00616,5,20240711,mobile,9,0,0,0.0,12.49,0
INT-001758,CMP-070,C01332,5,20240711,desktop,13,1,1,465.23,18.04,1
INT-001759,CMP-070,C01169,5,20240711,tablet,10,0,0,0.0,13.88,0
INT-001760,CMP-070,C00608,5,20240711,desktop,7,0,0,0.0,9.71,0
INT-001761,CMP-070,C01915,5,20240711,mobile,7,0,0,0.0,9.71,0
INT-001762,CMP-070,C00751,5,20240711,mobile,10,0,0,0.0,13.88,0
INT-001763,CMP-070,C01997,5,20240711,desktop,16,0,0,0.0,22.2,0
INT-001764,CMP-070,C01774,5,20240711,tablet,10,0,0,0.0,13.88,0
INT-001765,CMP-070,C01072,5,20240711,desktop,10,0,0,0.0,13.88,0
INT-001766,CMP-070,C02069,5,20240711,mobile,9,0,0,0.0,12.49,0
INT-001767,CMP-070,C01686,5,20240711,desktop,17,0,0,0.0,23.59,0
INT-001768,CMP-070,C00016,5,20240711,desktop,11,0,1,181.23,15.26,1
INT-001769,CMP-070,C00988,5,20240711,tablet,11,0,0,0.0,15.26,0
INT-001770,CMP-070,C02000,5,20240711,desktop,12,0,0,0.0,16.65,0
INT-001771,CMP-070,C01780,5,20240711,desktop,8,0,0,0.0,11.1,0
INT-001772,CMP-070,C01198,5,20240711,mobile,8,0,0,0.0,11.1,0
INT-001773,CMP-070,C00042,5,20240711,mobile,8,0,0,0.0,11.1,0
INT-001774,CMP-070,C01216,5,20240711,mobile,12,0,0,0.0,16.65,0
INT-001775,CMP-070,C02077,5,20240711,tablet,9,0,0,0.0,12.49,0
INT-001776,CMP-070,C01192,5,20240711,desktop,8,1,0,0.0,11.1,0
INT-001777,CMP-070,C01279,5,20240711,desktop,12,0,0,0.0,16.65,0
INT-001778,CMP-070,C00787,5,20240711,mobile,5,0,0,0.0,6.94,0
INT-001779,CMP-070,C01073,5,20240712,mobile,12,0,0,0.0,16.65,0
INT-001780,CMP-070,C00962,5,20240712,mobile,12,0,0,0.0,16.65,0
INT-001781,CMP-070,C01925,5,20240712,tablet,11,0,0,0.0,15.26,0
INT-001782,CMP-070,C01954,5,20240712,mobile,16,0,0,0.0,22.2,0
INT-001783,CMP-070,C00249,5,20240712,desktop,7,0,0,0.0,9.71,0
INT-001784,CMP-070,C01000,5,20240712,desktop,8,1,0,0.0,11.1,0
INT-001785,CMP-070,C00532,5,20240712,mobile,8,0,0,0.0,11.1,0
INT-001786,CMP-070,C02062,5,20240712,mobile,11,0,0,0.0,15.26,0
INT-001787,CMP-070,C01531,5,20240712,mobile,11,0,0,0.0,15.26,0
INT-001788,CMP-070,C02045,5,20240712,desktop,8,0,0,0.0,11.1,0
INT-001789,CMP-070,C01113,5,20240712,mobile,8,0,0,0.0,11.1,0
INT-001790,CMP-070,C00966,5,20240712,desktop,12,0,0,0.0,16.65,0
INT-001791,CMP-070,C01553,5,20240712,mobile,8,0,0,0.0,11.1,0
INT-001792,CMP-070,C01668,5,20240712,desktop,7,1,1,320.42,9.71,1
INT-001793,CMP-070,C01833,5,20240712,desktop,6,0,0,0.0,8.33,0
INT-001794,CMP-070,C01196,5,20240712,mobile,6,0,0,0.0,8.33,0
INT-001795,CMP-070,C00164,5,20240712,mobile,9,0,0,0.0,12.49,0
INT-001796,CMP-070,C01751,5,20240712,mobile,11,0,0,0.0,15.26,0
INT-001797,CMP-070,C01934,5,20240712,mobile,12,0,0,0.0,16.65,0
INT-001798,CMP-070,C01037,5,20240712,mobile,9,0,0,0.0,12.49,0
INT-001799,CMP-070,C02083,5,20240712,mobile,11,0,0,0.0,15.26,0
INT-001800,CMP-070,C01767,5,20240712,tablet,10,0,0,0.0,13.88,0
INT-001801,CMP-070,C00256,5,20240712,desktop,13,0,0,0.0,18.04,0
INT-001802,CMP-070,C00527,5,20240712,desktop,9,0,0,0.0,12.49,0
INT-001803,CMP-070,C01127,5,20240712,mobile,9,0,0,0.0,12.49,0
INT-001804,CMP-070,C01290,5,20240712,desktop,9,0,0,0.0,12.49,0
INT-001805,CMP-070,C01439,5,20240712,mobile,14,0,0,0.0,19.43,0
INT-001806,CMP-070,C02029,5,20240713,desktop,8,0,1,224.95,11.1,1
INT-001807,CMP-070,C01376,5,20240713,mobile,12,0,0,0.0,16.65,0
INT-001808,CMP-070,C01614,5,20240713,tablet,9,0,0,0.0,12.49,0
INT-001809,CMP-070,C01232,5,20240713,mobile,12,0,0,0.0,16.65,0
INT-001810,CMP-070,C00115,5,20240713,mobile,13,0,0,0.0,18.04,0
INT-001811,CMP-070,C01433,5,20240713,mobile,17,0,0,0.0,23.59,0
INT-001812,CMP-070,C00398,5,20240713,desktop,10,0,0,0.0,13.88,0
INT-001813,CMP-070,C01033,5,20240713,mobile,9,0,0,0.0,12.49,0
INT-001814,CMP-070,C01119,5,20240713,mobile,10,0,0,0.0,13.88,0
INT-001815,CMP-070,C00246,5,20240713,mobile,12,0,0,0.0,16.65,0
INT-001816,CMP-070,C00817,5,20240713,mobile,7,0,0,0.0,9.71,0
INT-001817,CMP-070,C00601,5,20240713,mobile,7,0,0,0.0,9.71,0
INT-001818,CMP-070,C00542,5,20240713,mobile,14,0,0,0.0,19.43,0
INT-001819,CMP-070,C00935,5,20240713,mobile,13,0,0,0.0,18.04,0
INT-001820,CMP-070,C02081,5,20240713,mobile,9,0,0,0.0,12.49,0
INT-001821,CMP-070,C02030,5,20240713,mobile,9,0,0,0.0,12.49,0
INT-001822,CMP-070,C02158,5,20240713,desktop,12,0,0,0.0,16.65,0
INT-001823,CMP-070,C01348,5,20240713,desktop,6,0,0,0.0,8.33,0
INT-001824,CMP-070,C01869,5,20240713,mobile,10,0,0,0.0,13.88,0
INT-001825,CMP-070,C00160,5,20240713,desktop,11,0,2,537.62,15.26,1
INT-001826,CMP-070,C00330,5,20240713,desktop,5,0,0,0.0,6.94,0
INT-001827,CMP-070,C00312,5,20240713,mobile,16,1,0,0.0,22.2,0
INT-001828,CMP-070,C00096,5,20240713,mobile,9,0,0,0.0,12.49,0
INT-001829,CMP-070,C01422,5,20240713,mobile,11,0,1,401.32,15.26,1
INT-001830,CMP-070,C00403,5,20240714,mobile,3,0,0,0.0,4.16,0
INT-001831,CMP-070,C01797,5,20240714,desktop,7,0,0,0.0,9.71,0
INT-001832,CMP-070,C00933,5,20240714,mobile,20,0,0,0.0,27.75,0
INT-001833,CMP-070,C02120,5,20240714,mobile,7,0,0,0.0,9.71,0
INT-001834,CMP-070,C00143,5,20240714,desktop,18,0,0,0.0,24.98,0
INT-001835,CMP-070,C02193,5,20240714,mobile,10,0,0,0.0,13.88,0
INT-001836,CMP-070,C01396,5,20240714,mobile,11,0,1,249.57,15.26,1
INT-001837,CMP-070,C01369,5,20240714,desktop,8,0,0,0.0,11.1,0
INT-001838,CMP-070,C02096,5,20240714,mobile,13,0,0,0.0,18.04,0
INT-001839,CMP-070,C00885,5,20240714,mobile,6,0,0,0.0,8.33,0
INT-001840,CMP-070,C01992,5,20240714,tablet,7,0,0,0.0,9.71,0
INT-001841,CMP-070,C01479,5,20240714,desktop,14,0,0,0.0,19.43,0
INT-001842,CMP-070,C00459,5,20240714,mobile,9,0,0,0.0,12.49,0
INT-001843,CMP-070,C00538,5,20240714,mobile,12,0,0,0.0,16.65,0
INT-001844,CMP-070,C00202,5,20240714,mobile,8,0,0,0.0,11.1,0
INT-001845,CMP-070,C00509,5,20240714,mobile,6,0,0,0.0,8.33,0
INT-001846,CMP-070,C01084,5,20240714,mobile,7,0,0,0.0,9.71,0
INT-001847,CMP-070,C02095,5,20240714,mobile,8,0,1,516.39,11.1,1
INT-001848,CMP-070,C01189,5,20240714,desktop,9,0,0,0.0,12.49,0
INT-001849,CMP-070,C01784,5,20240714,desktop,10,0,0,0.0,13.88,0
INT-001850,CMP-032,C01801,2,20240625,mobile,5,1,0,0.0,3.47,0
INT-001851,CMP-032,C00967,2,20240625,mobile,2,0,0,0.0,1.39,0
INT-001852,CMP-032,C01408,2,20240625,mobile,8,0,0,0.0,5.54,0
INT-001853,CMP-032,C01187,2,20240625,mobile,2,0,0,0.0,1.39,0
INT-001854,CMP-032,C00525,2,20240626,desktop,5,1,1,232.31,3.47,1
INT-001855,CMP-032,C00142,2,20240626,desktop,2,1,0,0.0,1.39,0
INT-001856,CMP-032,C01025,2,20240626,mobile,3,1,1,217.12,2.08,1
INT-001857,CMP-032,C01212,2,20240626,mobile,1,0,0,0.0,0.69,0
INT-001858,CMP-032,C01502,2,20240626,mobile,5,2,0,0.0,3.47,0
INT-001859,CMP-032,C02160,2,20240626,desktop,4,1,0,0.0,2.77,0
INT-001860,CMP-032,C00339,2,20240626,mobile,5,2,0,0.0,3.47,0
INT-001861,CMP-032,C01366,2,20240626,mobile,2,0,0,0.0,1.39,0
INT-001862,CMP-032,C01793,2,20240627,desktop,1,0,0,0.0,0.69,0
INT-001863,CMP-032,C02097,2,20240627,desktop,3,0,0,0.0,2.08,0
INT-001864,CMP-032,C01695,2,20240627,desktop,4,0,0,0.0,2.77,0
INT-001865,CMP-032,C00901,2,20240627,mobile,2,0,0,0.0,1.39,0
INT-001866,CMP-032,C00903,2,20240628,mobile,1,0,0,0.0,0.69,0
INT-001867,CMP-032,C00510,2,20240628,mobile,2,1,0,0.0,1.39,0
INT-001868,CMP-032,C00992,2,20240629,desktop,3,1,0,0.0,2.08,0
INT-001869,CMP-032,C01571,2,20240629,mobile,5,0,0,0.0,3.47,0
INT-001870,CMP-032,C01099,2,20240630,mobile,3,1,0,0.0,2.08,0
INT-001871,CMP-032,C00102,2,20240701,mobile,3,2,0,0.0,2.08,0
INT-001872,CMP-032,C00390,2,20240701,tablet,1,0,0,0.0,0.69,0
INT-001873,CMP-032,C01535,2,20240701,desktop,5,0,0,0.0,3.47,0
INT-001874,CMP-032,C01893,2,20240701,mobile,4,0,0,0.0,2.77,0
INT-001875,CMP-032,C01395,2,20240701,tablet,2,0,0,0.0,1.39,0
INT-001876,CMP-032,C00642,2,20240701,mobile,2,0,0,0.0,1.39,0
INT-001877,CMP-032,C01514,2,20240702,mobile,2,1,0,0.0,1.39,0
INT-001878,CMP-032,C02170,2,20240702,desktop,2,1,0,0.0,1.39,0
INT-001879,CMP-032,C00097,2,20240702,desktop,4,1,0,0.0,2.77,0
INT-001880,CMP-032,C01028,2,20240703,tablet,1,0,0,0.0,0.69,0
INT-001881,CMP-032,C01473,2,20240703,desktop,4,1,1,304.88,2.77,1
INT-001882,CMP-032,C00560,2,20240703,desktop,2,0,0,0.0,1.39,0
INT-001883,CMP-032,C01329,2,20240703,desktop,1,0,0,0.0,0.69,0
INT-001884,CMP-107,C01220,1,20240625,desktop,1,0,0,0.0,1.74,0
INT-001885,CMP-107,C00973,1,20240626,mobile,3,1,0,0.0,5.22,0
INT-001886,CMP-107,C00121,1,20240627,mobile,4,0,0,0.0,6.96,0
INT-001887,CMP-107,C01729,1,20240628,mobile,2,0,0,0.0,3.48,0
INT-001888,CMP-107,C01059,1,20240628,mobile,2,0,0,0.0,3.48,0
INT-001889,CMP-107,C00304,1,20240702,desktop,4,2,1,302.52,6.96,1
INT-001890,CMP-107,C00598,1,20240704,mobile,4,0,0,0.0,6.96,0
INT-001891,CMP-107,C01887,1,20240706,desktop,4,0,0,0.0,6.96,0
INT-001892,CMP-107,C01790,1,20240708,mobile,2,1,0,0.0,3.48,0
INT-001893,CMP-107,C00812,1,20240709,desktop,1,0,0,0.0,1.74,0
INT-001894,CMP-107,C01107,1,20240713,mobile,4,1,1,123.43,6.96,1
INT-001895,CMP-107,C00163,1,20240713,mobile,5,0,0,0.0,8.7,0
INT-001896,CMP-107,C01210,1,20240716,desktop,4,0,0,0.0,6.96,0
INT-001897,CMP-107,C01668,1,20240718,desktop,3,1,0,0.0,5.22,0
INT-001898,CMP-107,C01149,1,20240718,desktop,5,1,0,0.0,8.7,0
INT-001899,CMP-107,C01438,1,20240721,mobile,4,1,0,0.0,6.96,0
INT-001900,CMP-107,C01631,1,20240722,mobile,5,0,0,0.0,8.7,0
INT-001901,CMP-107,C00484,1,20240723,mobile,2,0,0,0.0,3.48,0
INT-001902,CMP-107,C01784,1,20240725,desktop,3,0,0,0.0,5.22,0
INT-001903,CMP-107,C01330,1,20240729,mobile,6,0,0,0.0,10.43,0
INT-001904,CMP-107,C00967,1,20240731,mobile,1,0,0,0.0,1.74,0
INT-001905,CMP-034,C00161,1,20240701,mobile,9,1,1,292.24,23.58,1
INT-001906,CMP-034,C00323,1,20240701,mobile,6,0,0,0.0,15.72,0
INT-001907,CMP-034,C00535,1,20240701,mobile,3,0,0,0.0,7.86,0
INT-001908,CMP-034,C00726,1,20240701,mobile,6,0,0,0.0,15.72,0
INT-001909,CMP-034,C01973,1,20240701,mobile,2,1,0,0.0,5.24,0
INT-001910,CMP-034,C01911,1,20240702,mobile,5,1,1,185.73,13.1,1
INT-001911,CMP-034,C01307,1,20240702,mobile,2,1,0,0.0,5.24,0
INT-001912,CMP-034,C01300,1,20240702,desktop,3,1,0,0.0,7.86,0
INT-001913,CMP-034,C01092,1,20240703,mobile,6,0,0,0.0,15.72,0
INT-001914,CMP-034,C00864,1,20240703,desktop,8,1,0,0.0,20.96,0
INT-001915,CMP-034,C01024,1,20240703,tablet,7,1,1,192.2,18.34,1
INT-001916,CMP-034,C01310,1,20240703,tablet,5,0,0,0.0,13.1,0
INT-001917,CMP-034,C01848,1,20240704,desktop,5,3,0,0.0,13.1,0
INT-001918,CMP-034,C01638,1,20240704,desktop,3,0,0,0.0,7.86,0
INT-001919,CMP-034,C02045,1,20240704,desktop,7,1,1,248.23,18.34,1
INT-001920,CMP-034,C00634,1,20240704,mobile,2,0,0,0.0,5.24,0
INT-001921,CMP-034,C00686,1,20240704,desktop,8,0,0,0.0,20.96,0
INT-001922,CMP-034,C01407,1,20240704,mobile,2,0,0,0.0,5.24,0
INT-001923,CMP-034,C01072,1,20240705,desktop,5,0,0,0.0,13.1,0
INT-001924,CMP-034,C01478,1,20240705,desktop,4,1,1,143.78,10.48,1
INT-001925,CMP-034,C01810,1,20240706,mobile,5,1,0,0.0,13.1,0
INT-001926,CMP-034,C02180,1,20240706,desktop,4,0,0,0.0,10.48,0
INT-001927,CMP-034,C01744,1,20240706,mobile,6,2,1,155.5,15.72,1
INT-001928,CMP-034,C01826,1,20240707,mobile,8,1,0,0.0,20.96,0
INT-001929,CMP-034,C00014,1,20240707,desktop,4,1,0,0.0,10.48,0
INT-001930,CMP-034,C00826,1,20240708,mobile,5,0,0,0.0,13.1,0
INT-001931,CMP-034,C01576,1,20240709,mobile,7,1,0,0.0,18.34,0
INT-001932,CMP-034,C00898,1,20240709,mobile,4,1,0,0.0,10.48,0
INT-001933,CMP-034,C01748,1,20240709,desktop,4,0,0,0.0,10.48,0
INT-001934,CMP-034,C01922,1,20240709,tablet,1,0,0,0.0,2.62,0
INT-001935,CMP-034,C00562,1,20240709,desktop,4,2,1,136.67,10.48,1
INT-001936,CMP-034,C01134,1,20240710,mobile,5,0,0,0.0,13.1,0
INT-001937,CMP-034,C00999,1,20240710,mobile,2,0,0,0.0,5.24,0
INT-001938,CMP-034,C00394,1,20240710,mobile,2,0,0,0.0,5.24,0
INT-001939,CMP-034,C00885,1,20240710,mobile,6,1,1,304.19,15.72,1
INT-001940,CMP-034,C01097,1,20240710,mobile,4,0,0,0.0,10.48,0
INT-001941,CMP-034,C00607,1,20240710,mobile,4,0,0,0.0,10.48,0
INT-001942,CMP-034,C01232,1,20240711,mobile,5,0,0,0.0,13.1,0
INT-001943,CMP-034,C01119,1,20240711,tablet,4,0,0,0.0,10.48,0
INT-001944,CMP-034,C00800,1,20240711,mobile,6,1,0,0.0,15.72,0
INT-001945,CMP-034,C02123,1,20240711,desktop,3,0,0,0.0,7.86,0
INT-001946,CMP-034,C01389,1,20240712,mobile,5,1,1,305.88,13.1,1
INT-001947,CMP-034,C00767,1,20240712,mobile,4,0,0,0.0,10.48,0
INT-001948,CMP-034,C01236,1,20240712,mobile,1,0,0,0.0,2.62,0
INT-001949,CMP-034,C00600,1,20240712,mobile,6,0,0,0.0,15.72,0
INT-001950,CMP-034,C02096,1,20240712,mobile,6,1,0,0.0,15.72,0
INT-001951,CMP-034,C01611,1,20240713,mobile,7,0,0,0.0,18.34,0
INT-001952,CMP-034,C01317,1,20240713,mobile,4,0,0,0.0,10.48,0
INT-001953,CMP-034,C01015,1,20240713,mobile,3,1,1,414.59,7.86,1
INT-001954,CMP-034,C01446,1,20240713,desktop,4,1,0,0.0,10.48,0
INT-001955,CMP-034,C00172,1,20240713,tablet,5,0,0,0.0,13.1,0
INT-001956,CMP-034,C00414,1,20240714,mobile,5,0,0,0.0,13.1,0
INT-001957,CMP-034,C01448,1,20240714,mobile,5,1,0,0.0,13.1,0
INT-001958,CMP-034,C00332,1,20240714,desktop,5,1,1,367.82,13.1,1
INT-001959,CMP-034,C00264,1,20240714,desktop,6,0,0,0.0,15.72,0
INT-001960,CMP-034,C01705,1,20240714,mobile,1,0,0,0.0,2.62,0
INT-001961,CMP-034,C02148,1,20240714,desktop,7,1,1,230.63,18.34,1
INT-001962,CMP-034,C02064,1,20240715,mobile,5,0,0,0.0,13.1,0
INT-001963,CMP-034,C02007,1,20240715,mobile,5,1,0,0.0,13.1,0
INT-001964,CMP-034,C01380,1,20240715,desktop,8,0,0,0.0,20.96,0
INT-001965,CMP-034,C01160,1,20240716,mobile,4,0,0,0.0,10.48,0
INT-001966,CMP-034,C00717,1,20240716,mobile,4,1,0,0.0,10.48,0
INT-001967,CMP-034,C00129,1,20240716,mobile,8,0,0,0.0,20.96,0
INT-001968,CMP-034,C02030,1,20240717,desktop,4,1,1,276.48,10.48,1
INT-001969,CMP-034,C00763,1,20240717,mobile,7,2,0,0.0,18.34,0
INT-001970,CMP-034,C01343,1,20240717,mobile,7,0,0,0.0,18.34,0
INT-001971,CMP-034,C01516,1,20240717,mobile,5,0,0,0.0,13.1,0
INT-001972,CMP-034,C01445,1,20240717,mobile,7,1,1,507.68,18.34,1
INT-001973,CMP-034,C00183,1,20240717,mobile,2,1,0,0.0,5.24,0
INT-001974,CMP-034,C00222,1,20240718,mobile,8,1,0,0.0,20.96,0
INT-001975,CMP-034,C00388,1,20240718,desktop,6,0,0,0.0,15.72,0
INT-001976,CMP-034,C00411,1,20240718,mobile,5,2,2,798.17,13.1,1
INT-001977,CMP-034,C01639,1,20240718,desktop,4,0,0,0.0,10.48,0
INT-001978,CMP-034,C01112,1,20240718,tablet,2,1,0,0.0,5.24,0
INT-001979,CMP-034,C01303,1,20240718,desktop,2,0,0,0.0,5.24,0
INT-001980,CMP-034,C00190,1,20240719,desktop,6,0,0,0.0,15.72,0
INT-001981,CMP-034,C00474,1,20240719,desktop,1,1,0,0.0,2.62,0
INT-001982,CMP-034,C02024,1,20240719,mobile,1,0,0,0.0,2.62,0
INT-001983,CMP-034,C00976,1,20240719,mobile,4,0,0,0.0,10.48,0
INT-001984,CMP-034,C01625,1,20240719,mobile,4,0,0,0.0,10.48,0
INT-001985,CMP-057,C02142,1,20240706,mobile,3,1,0,0.0,5.88,0
INT-001986,CMP-057,C00656,1,20240706,mobile,4,0,0,0.0,7.84,0
INT-001987,CMP-057,C01715,1,20240706,mobile,4,0,0,0.0,7.84,0
INT-001988,CMP-057,C02120,1,20240706,mobile,3,0,0,0.0,5.88,0
INT-001989,CMP-057,C00957,1,20240707,desktop,3,0,0,0.0,5.88,0
INT-001990,CMP-057,C00834,1,20240707,desktop,4,0,0,0.0,7.84,0
INT-001991,CMP-057,C01431,1,20240707,mobile,5,2,2,655.21,9.8,1
INT-001992,CMP-057,C01675,1,20240708,desktop,2,0,0,0.0,3.92,0
INT-001993,CMP-057,C00930,1,20240708,mobile,2,0,0,0.0,3.92,0
INT-001994,CMP-057,C01754,1,20240708,desktop,6,2,0,0.0,11.76,0
INT-001995,CMP-057,C00801,1,20240708,mobile,3,0,0,0.0,5.88,0
INT-001996,CMP-057,C01306,1,20240708,desktop,7,1,0,0.0,13.73,0
INT-001997,CMP-057,C01444,1,20240708,tablet,4,1,0,0.0,7.84,0
INT-001998,CMP-057,C01215,1,20240708,desktop,8,0,0,0.0,15.69,0
INT-001999,CMP-057,C00258,1,20240708,desktop,7,0,0,0.0,13.73,0
INT-002000,CMP-057,C02045,1,20240708,desktop,5,0,0,0.0,9.8,0
INT-002001,CMP-057,C01493,1,20240709,mobile,4,0,0,0.0,7.84,0
INT-002002,CMP-057,C01072,1,20240709,mobile,2,2,0,0.0,3.92,0
INT-002003,CMP-057,C02123,1,20240709,desktop,5,0,0,0.0,9.8,0
INT-002004,CMP-057,C00587,1,20240709,mobile,4,0,0,0.0,7.84,0
INT-002005,CMP-057,C00601,1,20240710,mobile,5,0,0,0.0,9.8,0
INT-002006,CMP-057,C01802,1,20240711,mobile,5,0,0,0.0,9.8,0
INT-002007,CMP-057,C00770,1,20240711,mobile,4,0,0,0.0,7.84,0
INT-002008,CMP-057,C01871,1,20240712,desktop,5,0,0,0.0,9.8,0
INT-002009,CMP-057,C02064,1,20240712,desktop,6,0,0,0.0,11.76,0
INT-002010,CMP-057,C00934,1,20240712,desktop,6,0,0,0.0,11.76,0
INT-002011,CMP-057,C02151,1,20240712,mobile,7,0,0,0.0,13.73,0
INT-002012,CMP-057,C00979,1,20240713,mobile,5,1,0,0.0,9.8,0
INT-002013,CMP-057,C02019,1,20240714,desktop,5,1,1,218.04,9.8,1
INT-002014,CMP-057,C01133,1,20240714,mobile,4,2,0,0.0,7.84,0
INT-002015,CMP-057,C00615,1,20240714,mobile,5,0,0,0.0,9.8,0
INT-002016,CMP-057,C00678,1,20240714,mobile,3,0,0,0.0,5.88,0
INT-002017,CMP-057,C01177,1,20240715,desktop,3,0,0,0.0,5.88,0
INT-002018,CMP-057,C01266,1,20240715,mobile,2,0,0,0.0,3.92,0
INT-002019,CMP-057,C01284,1,20240715,mobile,3,0,0,0.0,5.88,0
INT-002020,CMP-053,C01223,5,20240715,mobile,31,0,0,0.0,59.77,0
INT-002021,CMP-053,C01718,5,20240723,desktop,17,0,1,203.62,32.77,1
INT-002022,CMP-053,C00161,5,20240723,mobile,20,0,0,0.0,38.56,0
INT-002023,CMP-053,C01259,5,20240724,mobile,32,2,1,519.47,61.69,1
INT-002024,CMP-053,C01840,5,20240725,desktop,20,0,1,203.98,38.56,1
INT-002025,CMP-053,C00715,5,20240728,tablet,32,1,0,0.0,61.69,0
INT-002026,CMP-053,C01027,5,20240729,mobile,34,0,0,0.0,65.55,0
INT-002027,CMP-053,C01904,5,20240731,desktop,25,1,0,0.0,48.2,0
INT-002028,CMP-053,C00192,5,20240802,mobile,18,1,0,0.0,34.7,0
INT-002029,CMP-053,C01998,5,20240803,mobile,21,0,0,0.0,40.49,0
INT-002030,CMP-053,C00006,5,20240805,mobile,14,0,0,0.0,26.99,0
INT-002031,CMP-053,C01145,5,20240806,desktop,22,0,2,699.81,42.41,1
INT-002032,CMP-053,C00791,5,20240807,desktop,21,0,0,0.0,40.49,0
INT-002033,CMP-053,C02109,5,20240807,mobile,21,1,1,191.12,40.49,1
INT-002034,CMP-053,C00010,5,20240808,mobile,20,0,0,0.0,38.56,0
INT-002035,CMP-053,C01846,5,20240808,mobile,20,0,0,0.0,38.56,0
INT-002036,CMP-053,C02068,5,20240810,mobile,21,0,0,0.0,40.49,0
INT-002037,CMP-053,C00804,5,20240812,desktop,21,0,0,0.0,40.49,0
INT-002038,CMP-053,C01842,5,20240813,desktop,26,0,0,0.0,50.13,0
INT-002039,CMP-053,C01963,5,20240814,desktop,22,0,0,0.0,42.41,0
INT-002040,CMP-053,C01932,5,20240815,mobile,22,0,0,0.0,42.41,0
INT-002041,CMP-053,C00213,5,20240816,mobile,28,0,0,0.0,53.98,0
INT-002042,CMP-053,C02099,5,20240819,desktop,24,0,0,0.0,46.27,0
INT-002043,CMP-053,C00077,5,20240819,mobile,23,0,0,0.0,44.34,0
INT-002044,CMP-061,C01591,4,20240723,mobile,7,0,0,0.0,2.64,0
INT-002045,CMP-061,C00835,4,20240723,mobile,12,0,0,0.0,4.53,0
INT-002046,CMP-061,C02103,4,20240723,desktop,9,0,0,0.0,3.4,0
INT-002047,CMP-061,C00575,4,20240723,desktop,12,0,0,0.0,4.53,0
INT-002048,CMP-061,C02159,4,20240723,desktop,15,0,0,0.0,5.66,0
INT-002049,CMP-061,C01675,4,20240723,desktop,6,0,0,0.0,2.26,0
INT-002050,CMP-061,C01803,4,20240723,mobile,8,0,0,0.0,3.02,0
INT-002051,CMP-061,C00024,4,20240724,mobile,9,0,0,0.0,3.4,0
INT-002052,CMP-061,C01818,4,20240724,mobile,11,0,0,0.0,4.15,0
INT-002053,CMP-061,C01259,4,20240724,mobile,12,0,0,0.0,4.53,0
INT-002054,CMP-061,C01250,4,20240724,mobile,11,1,0,0.0,4.15,0
INT-002055,CMP-061,C00069,4,20240724,desktop,10,0,0,0.0,3.77,0
INT-002056,CMP-061,C00960,4,20240725,desktop,13,0,0,0.0,4.91,0
INT-002057,CMP-061,C01099,4,20240725,mobile,4,0,0,0.0,1.51,0
INT-002058,CMP-061,C01560,4,20240725,desktop,6,0,0,0.0,2.26,0
INT-002059,CMP-061,C00992,4,20240725,desktop,9,0,0,0.0,3.4,0
INT-002060,CMP-061,C02070,4,20240726,mobile,8,0,0,0.0,3.02,0
INT-002061,CMP-061,C00584,4,20240726,mobile,10,0,0,0.0,3.77,0
INT-002062,CMP-061,C01656,4,20240727,mobile,17,1,0,0.0,6.42,0
INT-002063,CMP-061,C00601,4,20240727,mobile,13,0,0,0.0,4.91,0
INT-002064,CMP-061,C01196,4,20240727,mobile,14,1,0,0.0,5.28,0
INT-002065,CMP-061,C01168,4,20240727,desktop,12,1,0,0.0,4.53,0
INT-002066,CMP-061,C00610,4,20240727,mobile,12,0,0,0.0,4.53,0
INT-002067,CMP-061,C01970,4,20240727,desktop,9,0,0,0.0,3.4,0
INT-002068,CMP-061,C00233,4,20240727,mobile,15,0,0,0.0,5.66,0
INT-002069,CMP-061,C01456,4,20240728,mobile,9,0,0,0.0,3.4,0
INT-002070,CMP-061,C00763,4,20240728,mobile,10,0,0,0.0,3.77,0
INT-002071,CMP-061,C00746,4,20240728,mobile,11,0,0,0.0,4.15,0
INT-002072,CMP-061,C01312,4,20240728,mobile,7,0,0,0.0,2.64,0
INT-002073,CMP-061,C01004,4,20240728,mobile,12,0,0,0.0,4.53,0
INT-002074,CMP-061,C00642,4,20240728,mobile,10,0,0,0.0,3.77,0
INT-002075,CMP-061,C00711,4,20240729,mobile,14,0,0,0.0,5.28,0
INT-002076,CMP-061,C01238,4,20240729,mobile,17,1,1,187.91,6.42,1
INT-002077,CMP-061,C00023,4,20240729,mobile,10,0,0,0.0,3.77,0
INT-002078,CMP-061,C02068,4,20240729,mobile,7,0,0,0.0,2.64,0
INT-002079,CMP-061,C02034,4,20240730,desktop,8,0,0,0.0,3.02,0
INT-002080,CMP-061,C01158,4,20240730,mobile,13,0,0,0.0,4.91,0
INT-002081,CMP-061,C00136,4,20240730,mobile,13,0,0,0.0,4.91,0
INT-002082,CMP-061,C00414,4,20240730,mobile,7,0,0,0.0,2.64,0
INT-002083,CMP-061,C00679,4,20240731,mobile,7,0,0,0.0,2.64,0
INT-002084,CMP-061,C00970,4,20240731,mobile,10,1,0,0.0,3.77,0
INT-002085,CMP-061,C01274,4,20240731,mobile,16,1,0,0.0,6.04,0
INT-002086,CMP-061,C01913,4,20240731,mobile,4,1,0,0.0,1.51,0
INT-002087,CMP-061,C01132,4,20240731,mobile,10,1,0,0.0,3.77,0
INT-002088,CMP-061,C00450,4,20240731,mobile,9,0,0,0.0,3.4,0
INT-002089,CMP-061,C01024,4,20240731,mobile,12,0,0,0.0,4.53,0
INT-002090,CMP-061,C01744,4,20240731,desktop,8,0,0,0.0,3.02,0
INT-002091,CMP-061,C01555,4,20240801,mobile,13,0,0,0.0,4.91,0
INT-002092,CMP-061,C00141,4,20240801,mobile,10,0,0,0.0,3.77,0
INT-002093,CMP-061,C00967,4,20240801,desktop,8,0,0,0.0,3.02,0
INT-002094,CMP-061,C00042,4,20240801,mobile,6,1,0,0.0,2.26,0
INT-002095,CMP-061,C00616,4,20240801,mobile,10,0,0,0.0,3.77,0
INT-002096,CMP-061,C01594,4,20240801,mobile,7,0,0,0.0,2.64,0
INT-002097,CMP-061,C00869,4,20240801,mobile,13,0,0,0.0,4.91,0
INT-002098,CMP-061,C01527,4,20240801,desktop,8,0,0,0.0,3.02,0
INT-002099,CMP-061,C01637,4,20240801,mobile,11,0,0,0.0,4.15,0
INT-002100,CMP-061,C01880,4,20240802,desktop,7,0,0,0.0,2.64,0
INT-002101,CMP-061,C00510,4,20240802,mobile,8,0,0,0.0,3.02,0
INT-002102,CMP-061,C00428,4,20240802,tablet,14,0,0,0.0,5.28,0
INT-002103,CMP-061,C02123,4,20240802,desktop,12,0,0,0.0,4.53,0
INT-002104,CMP-061,C00816,4,20240802,mobile,10,1,0,0.0,3.77,0
INT-002105,CMP-061,C00865,4,20240802,mobile,13,0,0,0.0,4.91,0
INT-002106,CMP-061,C01105,4,20240802,mobile,14,0,0,0.0,5.28,0
INT-002107,CMP-061,C02057,4,20240802,mobile,8,0,0,0.0,3.02,0
INT-002108,CMP-061,C01292,4,20240802,mobile,12,0,0,0.0,4.53,0
INT-002109,CMP-061,C00770,4,20240802,mobile,17,0,0,0.0,6.42,0
INT-002110,CMP-093,C01535,1,20240726,mobile,4,0,0,0.0,8.07,0
INT-002111,CMP-093,C00077,1,20240726,mobile,3,0,0,0.0,6.05,0
INT-002112,CMP-093,C02198,1,20240726,desktop,5,2,1,188.04,10.08,1
INT-002113,CMP-093,C01777,1,20240726,desktop,5,3,1,154.64,10.08,1
INT-002114,CMP-093,C00318,1,20240727,mobile,4,0,0,0.0,8.07,0
INT-002115,CMP-093,C01596,1,20240727,mobile,5,2,0,0.0,10.08,0
INT-002116,CMP-093,C02081,1,20240728,mobile,5,0,0,0.0,10.08,0
INT-002117,CMP-093,C00024,1,20240728,mobile,4,0,0,0.0,8.07,0
INT-002118,CMP-093,C01865,1,20240730,mobile,3,1,1,284.27,6.05,1
INT-002119,CMP-093,C02175,1,20240731,desktop,4,0,0,0.0,8.07,0
INT-002120,CMP-093,C00476,1,20240802,tablet,4,1,1,284.25,8.07,1
INT-002121,CMP-093,C00194,1,20240803,mobile,10,1,1,266.5,20.17,1
INT-002122,CMP-093,C01925,1,20240803,mobile,4,0,0,0.0,8.07,0
INT-002123,CMP-093,C01778,1,20240803,mobile,4,0,0,0.0,8.07,0
INT-002124,CMP-093,C00848,1,20240803,mobile,3,0,0,0.0,6.05,0
INT-002125,CMP-093,C00560,1,20240805,desktop,5,1,0,0.0,10.08,0
INT-002126,CMP-093,C01731,1,20240806,mobile,2,0,0,0.0,4.03,0
INT-002127,CMP-093,C01947,1,20240807,desktop,9,1,0,0.0,18.15,0
INT-002128,CMP-093,C01858,1,20240807,mobile,2,0,0,0.0,4.03,0
INT-002129,CMP-093,C00180,1,20240808,mobile,5,1,1,316.11,10.08,1
INT-002130,CMP-093,C00865,1,20240808,mobile,3,0,0,0.0,6.05,0
INT-002131,CMP-093,C01822,1,20240809,mobile,5,0,0,0.0,10.08,0
INT-002132,CMP-093,C02169,1,20240809,desktop,3,2,0,0.0,6.05,0
INT-002133,CMP-093,C00622,1,20240810,desktop,3,0,0,0.0,6.05,0
INT-002134,CMP-093,C01915,1,20240811,mobile,4,0,0,0.0,8.07,0
INT-002135,CMP-093,C01455,1,20240811,desktop,3,0,0,0.0,6.05,0
INT-002136,CMP-093,C00726,1,20240812,mobile,3,0,0,0.0,6.05,0
INT-002137,CMP-093,C01582,1,20240812,mobile,3,1,1,205.72,6.05,1
INT-002138,CMP-093,C00456,1,20240813,mobile,2,1,0,0.0,4.03,0
INT-002139,CMP-119,C02152,2,20240803,mobile,4,0,0,0.0,3.12,0
INT-002140,CMP-119,C01886,2,20240803,mobile,3,0,0,0.0,2.34,0
INT-002141,CMP-119,C01594,2,20240804,tablet,2,0,0,0.0,1.56,0
INT-002142,CMP-119,C01680,2,20240805,mobile,8,0,0,0.0,6.24,0
INT-002143,CMP-119,C00807,2,20240805,desktop,1,0,0,0.0,0.78,0
INT-002144,CMP-119,C01080,2,20240805,mobile,5,0,0,0.0,3.9,0
INT-002145,CMP-119,C01231,2,20240805,mobile,4,0,0,0.0,3.12,0
INT-002146,CMP-119,C00753,2,20240805,mobile,2,1,0,0.0,1.56,0
INT-002147,CMP-119,C01034,2,20240805,desktop,4,0,0,0.0,3.12,0
INT-002148,CMP-119,C00946,2,20240806,desktop,4,0,0,0.0,3.12,0
INT-002149,CMP-119,C00689,2,20240806,mobile,3,0,0,0.0,2.34,0
INT-002150,CMP-119,C00241,2,20240806,desktop,2,0,0,0.0,1.56,0
INT-002151,CMP-119,C01780,2,20240808,desktop,4,0,0,0.0,3.12,0
INT-002152,CMP-119,C01493,2,20240808,mobile,6,0,0,0.0,4.68,0
INT-002153,CMP-119,C00210,2,20240808,mobile,3,0,0,0.0,2.34,0
INT-002154,CMP-119,C01219,2,20240809,desktop,3,0,0,0.0,2.34,0
INT-002155,CMP-119,C01592,2,20240809,tablet,4,0,0,0.0,3.12,0
INT-002156,CMP-119,C01792,2,20240809,mobile,1,0,0,0.0,0.78,0
INT-002157,CMP-119,C01647,2,20240810,desktop,5,0,0,0.0,3.9,0
INT-002158,CMP-119,C00314,2,20240811,mobile,3,0,0,0.0,2.34,0
INT-002159,CMP-119,C01999,2,20240813,mobile,2,0,0,0.0,1.56,0
INT-002160,CMP-119,C01695,2,20240813,desktop,3,0,0,0.0,2.34,0
INT-002161,CMP-119,C01303,2,20240814,desktop,3,0,0,0.0,2.34,0
INT-002162,CMP-119,C00018,2,20240814,mobile,4,0,0,0.0,3.12,0
INT-002163,CMP-119,C02067,2,20240816,mobile,6,0,0,0.0,4.68,0
INT-002164,CMP-119,C01087,2,20240818,desktop,7,1,1,241.29,5.46,1
INT-002165,CMP-119,C01844,2,20240819,mobile,6,0,0,0.0,4.68,0
INT-002166,CMP-119,C00399,2,20240819,mobile,3,0,0,0.0,2.34,0
INT-002167,CMP-119,C00340,2,20240820,mobile,3,0,0,0.0,2.34,0
INT-002168,CMP-119,C00793,2,20240821,desktop,4,0,0,0.0,3.12,0
INT-002169,CMP-119,C00298,2,20240821,desktop,5,0,0,0.0,3.9,0
INT-002170,CMP-119,C00850,2,20240821,mobile,4,0,0,0.0,3.12,0
INT-002171,CMP-119,C00141,2,20240821,mobile,3,0,0,0.0,2.34,0
INT-002172,CMP-119,C00116,2,20240821,mobile,5,1,0,0.0,3.9,0
INT-002173,CMP-119,C00215,2,20240821,mobile,2,0,0,0.0,1.56,0
INT-002174,CMP-119,C01750,2,20240822,desktop,6,0,0,0.0,4.68,0
INT-002175,CMP-119,C00673,2,20240823,mobile,5,2,0,0.0,3.9,0
INT-002176,CMP-119,C00851,2,20240823,mobile,2,0,0,0.0,1.56,0
INT-002177,CMP-119,C00257,2,20240825,desktop,2,0,0,0.0,1.56,0
INT-002178,CMP-119,C00370,2,20240825,mobile,2,1,0,0.0,1.56,0
INT-002179,CMP-119,C00401,2,20240826,tablet,4,2,0,0.0,3.12,0
INT-002180,CMP-119,C00840,2,20240826,mobile,3,0,0,0.0,2.34,0
INT-002181,CMP-119,C01107,2,20240826,mobile,4,0,0,0.0,3.12,0
INT-002182,CMP-119,C01714,2,20240827,mobile,4,0,0,0.0,3.12,0
INT-002183,CMP-119,C00388,2,20240828,desktop,6,1,0,0.0,4.68,0
INT-002184,CMP-119,C01496,2,20240828,desktop,1,0,0,0.0,0.78,0
INT-002185,CMP-119,C00727,2,20240828,mobile,1,0,0,0.0,0.78,0
INT-002186,CMP-119,C00578,2,20240829,mobile,2,0,0,0.0,1.56,0
INT-002187,CMP-119,C02144,2,20240829,desktop,1,1,0,0.0,0.78,0
INT-002188,CMP-119,C01282,2,20240830,desktop,4,0,0,0.0,3.12,0
INT-002189,CMP-119,C01044,2,20240831,mobile,6,0,0,0.0,4.68,0
INT-002190,CMP-119,C01598,2,20240901,mobile,2,0,0,0.0,1.56,0
INT-002191,CMP-119,C00306,2,20240902,mobile,5,0,0,0.0,3.9,0
INT-002192,CMP-119,C01895,2,20240902,mobile,2,0,0,0.0,1.56,0
INT-002193,CMP-119,C00410,2,20240902,mobile,4,1,1,182.44,3.12,1
INT-002194,CMP-119,C00185,2,20240902,mobile,9,0,0,0.0,7.02,0
INT-002195,CMP-119,C01828,2,20240903,mobile,3,0,0,0.0,2.34,0
INT-002196,CMP-119,C01146,2,20240903,mobile,1,0,0,0.0,0.78,0
INT-002197,CMP-119,C01297,2,20240903,mobile,5,1,1,301.09,3.9,1
INT-002198,CMP-119,C01637,2,20240904,mobile,3,0,0,0.0,2.34,0
INT-002199,CMP-025,C01895,4,20240812,mobile,18,1,0,0.0,8.9,0
INT-002200,CMP-025,C01106,4,20240812,desktop,16,0,0,0.0,7.91,0
INT-002201,CMP-025,C00433,4,20240813,mobile,21,0,0,0.0,10.38,0
INT-002202,CMP-025,C01027,4,20240813,mobile,22,0,0,0.0,10.87,0
INT-002203,CMP-025,C00427,4,20240813,mobile,21,0,0,0.0,10.38,0
INT-002204,CMP-025,C01062,4,20240813,desktop,21,1,0,0.0,10.38,0
INT-002205,CMP-025,C00302,4,20240813,tablet,21,1,0,0.0,10.38,0
INT-002206,CMP-025,C01308,4,20240814,mobile,17,0,0,0.0,8.4,0
INT-002207,CMP-025,C01884,4,20240814,mobile,18,0,0,0.0,8.9,0
INT-002208,CMP-025,C02045,4,20240814,desktop,18,0,0,0.0,8.9,0
INT-002209,CMP-025,C00381,4,20240814,mobile,27,0,0,0.0,13.34,0
INT-002210,CMP-025,C01566,4,20240815,mobile,17,0,0,0.0,8.4,0
INT-002211,CMP-025,C00720,4,20240817,tablet,17,0,0,0.0,8.4,0
INT-002212,CMP-025,C00482,4,20240818,desktop,20,0,0,0.0,9.88,0
INT-002213,CMP-025,C00685,4,20240818,mobile,26,0,0,0.0,12.85,0
INT-002214,CMP-025,C01164,4,20240818,mobile,16,1,0,0.0,7.91,0
INT-002215,CMP-025,C02127,4,20240819,mobile,12,0,0,0.0,5.93,0
INT-002216,CMP-025,C00422,4,20240819,mobile,18,0,0,0.0,8.9,0
INT-002217,CMP-025,C00606,4,20240821,desktop,14,0,0,0.0,6.92,0
INT-002218,CMP-025,C00202,4,20240821,mobile,19,0,0,0.0,9.39,0
INT-002219,CMP-025,C01552,4,20240822,tablet,21,0,0,0.0,10.38,0
INT-002220,CMP-025,C01279,4,20240822,mobile,19,0,0,0.0,9.39,0
INT-002221,CMP-025,C00836,4,20240822,mobile,15,0,0,0.0,7.41,0
INT-002222,CMP-025,C01675,4,20240823,desktop,15,0,0,0.0,7.41,0
INT-002223,CMP-025,C00588,4,20240824,desktop,19,0,0,0.0,9.39,0
INT-002224,CMP-025,C02080,4,20240824,desktop,24,2,0,0.0,11.86,0
INT-002225,CMP-025,C01824,4,20240825,tablet,16,0,0,0.0,7.91,0
INT-002226,CMP-025,C00866,4,20240825,desktop,16,0,0,0.0,7.91,0
INT-002227,CMP-025,C00649,4,20240826,desktop,24,0,0,0.0,11.86,0
INT-002228,CMP-025,C01880,4,20240826,mobile,22,0,0,0.0,10.87,0
INT-002229,CMP-025,C01230,4,20240827,tablet,20,0,0,0.0,9.88,0
INT-002230,CMP-025,C00564,4,20240827,desktop,18,0,0,0.0,8.9,0
INT-002231,CMP-025,C01193,4,20240829,mobile,13,1,0,0.0,6.42,0
INT-002232,CMP-025,C00698,4,20240830,desktop,20,0,0,0.0,9.88,0
INT-002233,CMP-025,C01906,4,20240830,mobile,24,0,0,0.0,11.86,0
INT-002234,CMP-025,C01653,4,20240831,mobile,17,0,0,0.0,8.4,0
INT-002235,CMP-025,C00023,4,20240831,mobile,14,0,0,0.0,6.92,0
INT-002236,CMP-025,C01214,4,20240831,mobile,19,0,0,0.0,9.39,0
INT-002237,CMP-025,C01177,4,20240831,desktop,19,0,0,0.0,9.39,0
INT-002238,CMP-025,C01691,4,20240902,mobile,25,0,0,0.0,12.35,0
INT-002239,CMP-025,C00609,4,20240903,desktop,18,1,1,119.25,8.9,1
INT-002240,CMP-025,C00813,4,20240903,mobile,26,0,0,0.0,12.85,0
INT-002241,CMP-025,C00873,4,20240903,mobile,17,0,0,0.0,8.4,0
INT-002242,CMP-025,C01128,4,20240904,desktop,17,0,0,0.0,8.4,0
INT-002243,CMP-025,C00359,4,20240905,mobile,15,0,0,0.0,7.41,0
INT-002244,CMP-025,C01654,4,20240905,mobile,18,0,0,0.0,8.9,0
INT-002245,CMP-025,C01968,4,20240909,desktop,15,0,0,0.0,7.41,0
INT-002246,CMP-025,C00451,4,20240910,mobile,29,1,0,0.0,14.33,0
INT-002247,CMP-025,C01206,4,20240911,desktop,15,0,0,0.0,7.41,0
INT-002248,CMP-025,C01636,4,20240911,mobile,16,0,0,0.0,7.91,0
INT-002249,CMP-025,C01826,4,20240913,mobile,18,0,0,0.0,8.9,0
INT-002250,CMP-025,C00634,4,20240914,mobile,10,0,0,0.0,4.94,0
INT-002251,CMP-025,C02110,4,20240915,mobile,18,0,0,0.0,8.9,0
INT-002252,CMP-025,C01905,4,20240915,desktop,17,1,0,0.0,8.4,0
INT-002253,CMP-025,C01816,4,20240915,mobile,24,2,1,133.9,11.86,1
INT-002254,CMP-115,C01301,2,20240815,desktop,3,1,0,0.0,2.17,0
INT-002255,CMP-115,C00865,2,20240815,desktop,2,0,0,0.0,1.45,0
INT-002256,CMP-115,C01780,2,20240817,mobile,2,1,0,0.0,1.45,0
INT-002257,CMP-115,C00344,2,20240819,desktop,5,0,0,0.0,3.61,0
INT-002258,CMP-115,C01498,2,20240821,mobile,2,0,0,0.0,1.45,0
INT-002259,CMP-115,C01257,2,20240821,mobile,3,0,0,0.0,2.17,0
INT-002260,CMP-115,C00843,2,20240823,desktop,2,0,0,0.0,1.45,0
INT-002261,CMP-115,C01838,2,20240824,desktop,2,1,1,245.92,1.45,1
INT-002262,CMP-115,C02127,2,20240825,desktop,5,0,0,0.0,3.61,0
INT-002263,CMP-115,C01075,2,20240827,desktop,2,0,0,0.0,1.45,0
INT-002264,CMP-115,C01953,2,20240828,mobile,5,0,0,0.0,3.61,0
INT-002265,CMP-115,C01422,2,20240828,mobile,2,1,0,0.0,1.45,0
INT-002266,CMP-115,C00615,2,20240903,mobile,3,1,1,118.35,2.17,1
INT-002267,CMP-115,C01874,2,20240903,mobile,4,1,1,186.58,2.89,1
INT-002268,CMP-115,C01847,2,20240904,mobile,3,1,1,223.94,2.17,1
INT-002269,CMP-115,C00910,2,20240905,desktop,1,0,0,0.0,0.72,0
INT-002270,CMP-115,C00426,2,20240905,mobile,2,0,0,0.0,1.45,0
INT-002271,CMP-115,C01231,2,20240906,desktop,2,0,0,0.0,1.45,0
INT-002272,CMP-115,C01915,2,20240909,mobile,5,0,0,0.0,3.61,0
INT-002273,CMP-115,C01962,2,20240911,mobile,2,0,0,0.0,1.45,0
INT-002274,CMP-115,C00638,2,20240911,mobile,4,0,0,0.0,2.89,0
INT-002275,CMP-115,C00098,2,20240913,mobile,2,1,0,0.0,1.45,0
INT-002276,CMP-115,C00818,2,20240913,mobile,1,1,0,0.0,0.72,0
INT-002277,CMP-115,C00560,2,20240916,desktop,3,0,0,0.0,2.17,0
INT-002278,CMP-115,C00601,2,20240917,mobile,5,0,0,0.0,3.61,0
INT-002279,CMP-115,C00047,2,20240919,mobile,5,0,0,0.0,3.61,0
INT-002280,CMP-115,C00784,2,20240920,mobile,5,0,0,0.0,3.61,0
INT-002281,CMP-115,C01957,2,20240920,mobile,1,0,0,0.0,0.72,0
INT-002282,CMP-048,C00713,3,20240826,desktop,7,1,0,0.0,6.03,0
INT-002283,CMP-048,C00701,3,20240826,mobile,9,0,0,0.0,7.76,0
INT-002284,CMP-048,C02036,3,20240829,mobile,9,0,0,0.0,7.76,0
INT-002285,CMP-048,C00819,3,20240830,desktop,9,0,0,0.0,7.76,0
INT-002286,CMP-048,C02076,3,20240830,desktop,11,1,0,0.0,9.48,0
INT-002287,CMP-048,C01356,3,20240831,mobile,8,1,0,0.0,6.89,0
INT-002288,CMP-048,C00095,3,20240831,mobile,5,0,0,0.0,4.31,0
INT-002289,CMP-048,C02190,3,20240831,desktop,4,0,0,0.0,3.45,0
INT-002290,CMP-048,C00250,3,20240901,tablet,6,0,0,0.0,5.17,0
INT-002291,CMP-048,C01792,3,20240901,mobile,8,0,0,0.0,6.89,0
INT-002292,CMP-048,C00937,3,20240901,mobile,8,0,0,0.0,6.89,0
INT-002293,CMP-048,C00178,3,20240904,desktop,3,0,0,0.0,2.59,0
INT-002294,CMP-048,C00803,3,20240904,mobile,5,0,0,0.0,4.31,0
INT-002295,CMP-048,C01099,3,20240904,mobile,9,0,0,0.0,7.76,0
INT-002296,CMP-048,C01668,3,20240904,desktop,7,0,0,0.0,6.03,0
INT-002297,CMP-048,C00388,3,20240905,mobile,6,0,0,0.0,5.17,0
INT-002298,CMP-048,C01346,3,20240905,mobile,10,0,0,0.0,8.62,0
INT-002299,CMP-048,C00779,3,20240907,desktop,10,1,0,0.0,8.62,0
INT-002300,CMP-048,C00168,3,20240907,mobile,3,0,0,0.0,2.59,0
INT-002301,CMP-048,C01835,3,20240907,desktop,3,0,0,0.0,2.59,0
INT-002302,CMP-048,C01553,3,20240907,mobile,7,0,0,0.0,6.03,0
INT-002303,CMP-048,C00339,3,20240907,mobile,7,0,0,0.0,6.03,0
INT-002304,CMP-048,C01658,3,20240908,desktop,6,0,0,0.0,5.17,0
INT-002305,CMP-048,C01973,3,20240908,mobile,13,2,0,0.0,11.2,0
INT-002306,CMP-048,C00474,3,20240908,desktop,7,0,0,0.0,6.03,0
INT-002307,CMP-048,C01934,3,20240909,mobile,8,0,0,0.0,6.89,0
INT-002308,CMP-048,C00391,3,20240909,mobile,8,1,0,0.0,6.89,0
INT-002309,CMP-048,C01660,3,20240909,tablet,8,0,0,0.0,6.89,0
INT-002310,CMP-048,C00811,3,20240909,mobile,6,1,0,0.0,5.17,0
INT-002311,CMP-048,C00407,3,20240910,mobile,6,0,0,0.0,5.17,0
INT-002312,CMP-048,C00436,3,20240910,desktop,6,0,0,0.0,5.17,0
INT-002313,CMP-048,C02103,3,20240911,desktop,9,1,0,0.0,7.76,0
INT-002314,CMP-048,C01238,3,20240911,desktop,9,0,0,0.0,7.76,0
INT-002315,CMP-048,C01044,3,20240911,mobile,9,1,0,0.0,7.76,0
INT-002316,CMP-048,C01967,3,20240911,mobile,6,0,0,0.0,5.17,0
INT-002317,CMP-048,C00514,3,20240912,desktop,10,1,0,0.0,8.62,0
INT-002318,CMP-048,C00353,3,20240912,mobile,8,0,0,0.0,6.89,0
INT-002319,CMP-048,C01878,3,20240912,desktop,9,0,0,0.0,7.76,0
INT-002320,CMP-048,C00127,3,20240912,mobile,15,1,0,0.0,12.93,0
INT-002321,CMP-048,C01636,3,20240913,mobile,5,0,0,0.0,4.31,0
INT-002322,CMP-048,C01986,3,20240913,mobile,6,1,0,0.0,5.17,0
INT-002323,CMP-048,C02073,3,20240913,desktop,6,0,0,0.0,5.17,0
INT-002324,CMP-048,C00823,3,20240914,mobile,5,0,0,0.0,4.31,0
INT-002325,CMP-048,C01055,3,20240915,mobile,2,0,0,0.0,1.72,0
INT-002326,CMP-048,C01260,3,20240916,mobile,8,1,0,0.0,6.89,0
INT-002327,CMP-048,C00457,3,20240916,desktop,5,0,0,0.0,4.31,0
INT-002328,CMP-048,C00854,3,20240916,mobile,5,0,0,0.0,4.31,0
INT-002329,CMP-048,C01544,3,20240917,tablet,5,0,0,0.0,4.31,0
INT-002330,CMP-048,C01596,3,20240918,desktop,11,0,0,0.0,9.48,0
INT-002331,CMP-048,C00896,3,20240918,mobile,10,0,0,0.0,8.62,0
INT-002332,CMP-048,C01555,3,20240919,mobile,7,1,0,0.0,6.03,0
INT-002333,CMP-048,C02118,3,20240919,mobile,6,1,0,0.0,5.17,0
INT-002334,CMP-048,C01084,3,20240919,desktop,7,0,0,0.0,6.03,0
INT-002335,CMP-048,C00786,3,20240920,mobile,8,2,1,301.82,6.89,1
INT-002336,CMP-048,C01202,3,20240920,desktop,12,0,0,0.0,10.34,0
INT-002337,CMP-048,C00116,3,20240920,desktop,11,0,0,0.0,9.48,0
INT-002338,CMP-048,C00242,3,20240920,mobile,4,0,0,0.0,3.45,0
INT-002339,CMP-048,C00157,3,20240920,mobile,7,0,0,0.0,6.03,0
INT-002340,CMP-048,C00129,3,20240921,mobile,14,1,0,0.0,12.07,0
INT-002341,CMP-048,C01371,3,20240921,desktop,8,2,2,349.7,6.89,1
INT-002342,CMP-048,C01915,3,20240921,mobile,8,0,0,0.0,6.89,0
INT-002343,CMP-048,C00417,3,20240922,desktop,9,0,0,0.0,7.76,0
INT-002344,CMP-048,C00482,3,20240922,desktop,8,1,0,0.0,6.89,0
INT-002345,CMP-048,C01744,3,20240923,desktop,12,1,0,0.0,10.34,0
INT-002346,CMP-048,C00164,3,20240923,desktop,6,1,1,92.21,5.17,1
INT-002347,CMP-048,C01931,3,20240923,desktop,6,0,0,0.0,5.17,0
INT-002348,CMP-048,C00161,3,20240924,mobile,9,0,0,0.0,7.76,0
INT-002349,CMP-048,C00577,3,20240924,mobile,7,1,0,0.0,6.03,0
INT-002350,CMP-048,C00379,3,20240924,desktop,7,0,0,0.0,6.03,0
INT-002351,CMP-048,C01168,3,20240925,desktop,12,1,0,0.0,10.34,0
INT-002352,CMP-048,C01150,3,20240926,desktop,9,0,0,0.0,7.76,0
INT-002353,CMP-048,C00888,3,20240926,desktop,9,1,0,0.0,7.76,0
INT-002354,CMP-048,C00284,3,20240926,desktop,9,1,0,0.0,7.76,0
INT-002355,CMP-048,C00885,3,20240927,mobile,11,0,0,0.0,9.48,0
INT-002356,CMP-048,C01199,3,20240928,mobile,8,1,0,0.0,6.89,0
INT-002357,CMP-048,C00327,3,20240928,tablet,12,0,0,0.0,10.34,0
INT-002358,CMP-048,C01277,3,20240928,mobile,7,0,0,0.0,6.03,0
INT-002359,CMP-048,C00658,3,20240928,desktop,9,1,1,132.22,7.76,1
INT-002360,CMP-048,C00519,3,20240928,mobile,8,1,0,0.0,6.89,0
INT-002361,CMP-118,C01221,2,20240827,mobile,2,0,0,0.0,1.65,0
INT-002362,CMP-118,C01047,2,20240828,mobile,4,1,1,147.55,3.31,1
INT-002363,CMP-118,C00697,2,20240829,mobile,8,2,0,0.0,6.61,0
INT-002364,CMP-118,C01019,2,20240901,desktop,2,0,0,0.0,1.65,0
INT-002365,CMP-118,C00718,2,20240902,desktop,4,0,0,0.0,3.31,0
INT-002366,CMP-118,C01234,2,20240902,desktop,2,0,0,0.0,1.65,0
INT-002367,CMP-118,C01803,2,20240903,mobile,4,0,0,0.0,3.31,0
INT-002368,CMP-118,C00955,2,20240904,desktop,3,0,0,0.0,2.48,0
INT-002369,CMP-118,C01590,2,20240905,mobile,2,0,0,0.0,1.65,0
INT-002370,CMP-118,C01275,2,20240906,desktop,3,0,0,0.0,2.48,0
INT-002371,CMP-118,C00674,2,20240906,tablet,2,0,0,0.0,1.65,0
INT-002372,CMP-118,C01535,2,20240907,mobile,2,0,0,0.0,1.65,0
INT-002373,CMP-118,C01179,2,20240908,mobile,3,1,0,0.0,2.48,0
INT-002374,CMP-118,C01795,2,20240909,desktop,5,0,0,0.0,4.13,0
INT-002375,CMP-118,C01542,2,20240909,desktop,2,1,0,0.0,1.65,0
INT-002376,CMP-118,C01006,2,20240910,desktop,1,1,1,189.5,0.83,1
INT-002377,CMP-118,C00500,2,20240910,desktop,2,0,0,0.0,1.65,0
INT-002378,CMP-118,C02050,2,20240910,mobile,2,0,0,0.0,1.65,0
INT-002379,CMP-118,C01604,2,20240915,desktop,5,1,0,0.0,4.13,0
INT-002380,CMP-118,C01553,2,20240915,mobile,1,0,0,0.0,0.83,0
INT-002381,CMP-118,C01476,2,20240915,mobile,4,1,1,230.14,3.31,1
INT-002382,CMP-118,C00381,2,20240916,mobile,3,0,0,0.0,2.48,0
INT-002383,CMP-118,C01521,2,20240916,tablet,4,0,0,0.0,3.31,0
INT-002384,CMP-118,C01588,2,20240917,mobile,3,1,0,0.0,2.48,0
INT-002385,CMP-118,C01206,2,20240917,desktop,3,0,0,0.0,2.48,0
INT-002386,CMP-118,C00833,2,20240918,mobile,3,0,0,0.0,2.48,0
INT-002387,CMP-118,C01608,2,20240919,mobile,1,0,0,0.0,0.83,0
INT-002388,CMP-118,C00988,2,20240919,tablet,2,0,0,0.0,1.65,0
INT-002389,CMP-118,C00407,2,20240920,desktop,1,0,0,0.0,0.83,0
INT-002390,CMP-118,C01277,2,20240920,mobile,4,1,0,0.0,3.31,0
INT-002391,CMP-118,C00280,2,20240921,tablet,4,0,0,0.0,3.31,0
INT-002392,CMP-118,C00632,2,20240923,mobile,4,0,0,0.0,3.31,0
INT-002393,CMP-118,C00720,2,20240923,mobile,3,0,0,0.0,2.48,0
INT-002394,CMP-118,C01151,2,20240924,mobile,5,0,0,0.0,4.13,0
INT-002395,CMP-118,C02002,2,20240926,tablet,3,0,0,0.0,2.48,0
INT-002396,CMP-118,C01368,2,20240926,desktop,2,0,0,0.0,1.65,0
INT-002397,CMP-118,C00077,2,20240929,mobile,4,1,1,100.9,3.31,1
INT-002398,CMP-118,C01563,2,20240930,desktop,3,1,0,0.0,2.48,0
INT-002399,CMP-118,C00246,2,20241001,mobile,4,1,0,0.0,3.31,0
INT-002400,CMP-118,C01734,2,20241004,mobile,2,0,0,0.0,1.65,0
INT-002401,CMP-111,C00143,4,20240907,mobile,8,0,0,0.0,3.26,0
INT-002402,CMP-111,C00184,4,20240908,tablet,7,0,0,0.0,2.85,0
INT-002403,CMP-111,C01128,4,20240908,desktop,11,0,0,0.0,4.48,0
INT-002404,CMP-111,C00445,4,20240909,desktop,14,0,0,0.0,5.7,0
INT-002405,CMP-111,C02192,4,20240909,desktop,12,0,0,0.0,4.89,0
INT-002406,CMP-111,C01721,4,20240911,mobile,11,0,0,0.0,4.48,0
INT-002407,CMP-111,C00709,4,20240911,mobile,9,0,0,0.0,3.66,0
INT-002408,CMP-111,C01597,4,20240911,mobile,11,0,0,0.0,4.48,0
INT-002409,CMP-111,C01573,4,20240912,mobile,12,0,0,0.0,4.89,0
INT-002410,CMP-111,C00537,4,20240912,mobile,11,1,1,154.19,4.48,1
INT-002411,CMP-111,C00542,4,20240912,mobile,18,1,1,79.62,7.33,1
INT-002412,CMP-111,C02185,4,20240913,mobile,6,0,0,0.0,2.44,0
INT-002413,CMP-111,C00608,4,20240914,desktop,15,0,0,0.0,6.11,0
INT-002414,CMP-111,C01207,4,20240914,desktop,11,0,0,0.0,4.48,0
INT-002415,CMP-111,C01553,4,20240914,mobile,10,0,0,0.0,4.07,0
INT-002416,CMP-111,C01106,4,20240914,mobile,12,0,0,0.0,4.89,0
INT-002417,CMP-111,C01690,4,20240914,desktop,12,1,0,0.0,4.89,0
INT-002418,CMP-111,C00391,4,20240915,desktop,10,1,1,105.81,4.07,1
INT-002419,CMP-111,C00198,4,20240915,mobile,14,0,0,0.0,5.7,0
INT-002420,CMP-111,C00792,4,20240916,desktop,9,0,0,0.0,3.66,0
INT-002421,CMP-111,C01122,4,20240917,mobile,15,0,0,0.0,6.11,0
INT-002422,CMP-111,C01638,4,20240918,tablet,15,1,1,230.97,6.11,1
INT-002423,CMP-111,C01381,4,20240918,mobile,13,0,0,0.0,5.29,0
INT-002424,CMP-111,C02017,4,20240918,desktop,6,0,0,0.0,2.44,0
INT-002425,CMP-111,C01211,4,20240919,desktop,13,0,0,0.0,5.29,0
INT-002426,CMP-111,C01743,4,20240919,mobile,16,1,0,0.0,6.51,0
INT-002427,CMP-111,C01112,4,20240920,tablet,10,0,0,0.0,4.07,0
INT-002428,CMP-111,C01832,4,20240920,mobile,11,1,0,0.0,4.48,0
INT-002429,CMP-111,C01839,4,20240920,desktop,9,0,0,0.0,3.66,0
INT-002430,CMP-111,C00602,4,20240921,mobile,9,1,0,0.0,3.66,0
INT-002431,CMP-111,C01704,4,20240921,desktop,8,0,0,0.0,3.26,0
INT-002432,CMP-111,C01160,4,20240921,mobile,12,1,1,93.11,4.89,1
INT-002433,CMP-111,C01554,4,20240922,desktop,16,0,0,0.0,6.51,0
INT-002434,CMP-111,C00142,4,20240923,mobile,12,0,0,0.0,4.89,0
INT-002435,CMP-111,C00288,4,20240923,mobile,11,0,0,0.0,4.48,0
INT-002436,CMP-111,C01907,4,20240923,desktop,10,0,0,0.0,4.07,0
INT-002437,CMP-111,C00650,4,20240923,desktop,8,0,0,0.0,3.26,0
INT-002438,CMP-111,C01547,4,20240924,desktop,6,0,0,0.0,2.44,0
INT-002439,CMP-111,C00150,4,20240925,mobile,14,0,0,0.0,5.7,0
INT-002440,CMP-111,C00619,4,20240925,desktop,11,0,0,0.0,4.48,0
INT-002441,CMP-111,C01982,4,20240926,mobile,8,0,0,0.0,3.26,0
INT-002442,CMP-111,C00020,4,20240926,desktop,12,0,0,0.0,4.89,0
INT-002443,CMP-111,C01866,4,20240926,mobile,10,0,0,0.0,4.07,0
INT-002444,CMP-111,C00697,4,20240926,mobile,12,0,0,0.0,4.89,0
INT-002445,CMP-111,C01238,4,20240926,mobile,10,0,0,0.0,4.07,0
INT-002446,CMP-111,C00486,4,20240928,desktop,11,0,0,0.0,4.48,0
INT-002447,CMP-111,C00661,4,20240929,mobile,16,0,0,0.0,6.51,0
INT-002448,CMP-111,C01993,4,20240929,mobile,10,0,0,0.0,4.07,0
INT-002449,CMP-111,C00170,4,20240929,tablet,12,1,0,0.0,4.89,0
INT-002450,CMP-111,C00501,4,20240929,mobile,15,1,0,0.0,6.11,0
INT-002451,CMP-111,C01383,4,20240930,mobile,11,1,1,96.17,4.48,1
INT-002452,CMP-111,C00504,4,20240930,mobile,5,0,0,0.0,2.04,0
INT-002453,CMP-111,C01250,4,20240930,mobile,8,0,0,0.0,3.26,0
INT-002454,CMP-111,C01449,4,20240930,mobile,8,0,0,0.0,3.26,0
INT-002455,CMP-111,C01320,4,20241001,mobile,18,0,0,0.0,7.33,0
INT-002456,CMP-088,C01418,2,20240908,mobile,6,2,0,0.0,6.62,0
INT-002457,CMP-088,C01352,2,20240908,desktop,3,1,0,0.0,3.31,0
INT-002458,CMP-088,C01935,2,20240908,desktop,4,1,0,0.0,4.41,0
INT-002459,CMP-088,C00233,2,20240908,mobile,4,0,0,0.0,4.41,0
INT-002460,CMP-088,C02000,2,20240909,desktop,5,0,0,0.0,5.52,0
INT-002461,CMP-088,C01324,2,20240909,mobile,4,1,0,0.0,4.41,0
INT-002462,CMP-088,C00713,2,20240909,mobile,6,2,0,0.0,6.62,0
INT-002463,CMP-088,C01949,2,20240909,mobile,5,1,0,0.0,5.52,0
INT-002464,CMP-088,C01538,2,20240909,mobile,7,0,0,0.0,7.72,0
INT-002465,CMP-088,C01695,2,20240909,mobile,8,2,1,181.96,8.82,1
INT-002466,CMP-088,C00136,2,20240909,mobile,5,1,1,125.68,5.52,1
INT-002467,CMP-088,C01540,2,20240909,desktop,3,2,2,314.96,3.31,1
INT-002468,CMP-088,C01657,2,20240909,desktop,7,0,0,0.0,7.72,0
INT-002469,CMP-088,C01004,2,20240910,desktop,8,0,0,0.0,8.82,0
INT-002470,CMP-088,C01812,2,20240910,mobile,5,0,0,0.0,5.52,0
INT-002471,CMP-088,C01706,2,20240910,desktop,9,0,0,0.0,9.93,0
INT-002472,CMP-088,C01251,2,20240910,mobile,6,0,0,0.0,6.62,0
INT-002473,CMP-088,C00390,2,20240910,tablet,4,0,0,0.0,4.41,0
INT-002474,CMP-088,C01745,2,20240910,mobile,3,0,0,0.0,3.31,0
INT-002475,CMP-088,C01035,2,20240910,mobile,8,0,0,0.0,8.82,0
INT-002476,CMP-088,C00915,2,20240910,mobile,5,0,0,0.0,5.52,0
INT-002477,CMP-088,C00449,2,20240911,mobile,3,0,0,0.0,3.31,0
INT-002478,CMP-088,C00663,2,20240911,mobile,2,0,0,0.0,2.21,0
INT-002479,CMP-088,C00236,2,20240911,tablet,10,1,1,196.46,11.03,1
INT-002480,CMP-088,C02139,2,20240912,mobile,9,0,0,0.0,9.93,0
INT-002481,CMP-088,C00179,2,20240913,desktop,8,0,0,0.0,8.82,0
INT-002482,CMP-088,C00472,2,20240913,mobile,7,0,0,0.0,7.72,0
INT-002483,CMP-088,C00698,2,20240913,mobile,8,0,0,0.0,8.82,0
INT-002484,CMP-088,C01783,2,20240913,desktop,9,1,0,0.0,9.93,0
INT-002485,CMP-088,C00871,2,20240913,mobile,6,0,0,0.0,6.62,0
INT-002486,CMP-088,C00546,2,20240913,tablet,6,0,0,0.0,6.62,0
INT-002487,CMP-088,C00718,2,20240914,desktop,7,0,0,0.0,7.72,0
INT-002488,CMP-088,C02018,2,20240914,desktop,3,1,0,0.0,3.31,0
INT-002489,CMP-088,C01630,2,20240914,mobile,7,1,0,0.0,7.72,0
INT-002490,CMP-088,C00615,2,20240914,mobile,5,2,1,140.2,5.52,1
INT-002491,CMP-088,C01589,2,20240914,desktop,4,0,0,0.0,4.41,0
INT-002492,CMP-088,C02053,2,20240914,mobile,2,0,0,0.0,2.21,0
INT-002493,CMP-088,C01930,2,20240914,mobile,7,1,0,0.0,7.72,0
INT-002494,CMP-088,C00075,2,20240915,desktop,3,0,0,0.0,3.31,0
INT-002495,CMP-088,C02160,2,20240915,desktop,6,0,0,0.0,6.62,0
INT-002496,CMP-088,C01819,2,20240915,mobile,5,0,0,0.0,5.52,0
INT-002497,CMP-088,C00485,2,20240916,mobile,4,0,0,0.0,4.41,0
INT-002498,CMP-088,C01496,2,20240916,mobile,2,0,0,0.0,2.21,0
INT-002499,CMP-088,C01274,2,20240916,mobile,5,0,0,0.0,5.52,0
INT-002500,CMP-088,C01003,2,20240916,mobile,4,0,0,0.0,4.41,0
INT-002501,CMP-088,C01404,2,20240916,mobile,3,1,0,0.0,3.31,0
INT-002502,CMP-088,C01560,2,20240916,tablet,3,1,0,0.0,3.31,0
INT-002503,CMP-088,C00305,2,20240917,desktop,4,0,0,0.0,4.41,0
INT-002504,CMP-088,C01062,2,20240917,desktop,4,1,0,0.0,4.41,0
INT-002505,CMP-088,C01272,2,20240917,mobile,4,0,0,0.0,4.41,0
INT-002506,CMP-088,C00682,2,20240918,desktop,6,0,0,0.0,6.62,0
INT-002507,CMP-088,C01216,2,20240918,mobile,3,0,0,0.0,3.31,0
INT-002508,CMP-088,C01416,2,20240918,mobile,1,0,0,0.0,1.1,0
INT-002509,CMP-088,C00847,2,20240918,mobile,3,0,0,0.0,3.31,0
INT-002510,CMP-088,C00458,2,20240919,mobile,6,0,0,0.0,6.62,0
INT-002511,CMP-088,C00486,2,20240919,desktop,5,0,0,0.0,5.52,0
INT-002512,CMP-088,C00712,2,20240919,desktop,8,1,0,0.0,8.82,0
INT-002513,CMP-088,C00745,2,20240919,desktop,6,2,0,0.0,6.62,0
INT-002514,CMP-088,C01927,2,20240919,mobile,4,1,1,145.16,4.41,1
INT-002515,CMP-088,C00791,2,20240919,desktop,6,0,0,0.0,6.62,0
INT-002516,CMP-088,C00341,2,20240919,mobile,4,0,0,0.0,4.41,0
INT-002517,CMP-088,C01127,2,20240920,mobile,3,1,0,0.0,3.31,0
INT-002518,CMP-088,C00909,2,20240920,desktop,3,0,0,0.0,3.31,0
INT-002519,CMP-088,C01395,2,20240921,tablet,7,0,0,0.0,7.72,0
INT-002520,CMP-088,C02007,2,20240921,mobile,6,0,0,0.0,6.62,0
INT-002521,CMP-088,C00239,2,20240921,mobile,4,1,0,0.0,4.41,0
INT-002522,CMP-088,C00438,2,20240921,mobile,5,0,0,0.0,5.52,0
INT-002523,CMP-088,C00294,2,20240921,desktop,2,0,0,0.0,2.21,0
INT-002524,CMP-088,C01746,2,20240921,mobile,6,0,0,0.0,6.62,0
INT-002525,CMP-088,C01160,2,20240922,mobile,5,1,0,0.0,5.52,0
INT-002526,CMP-088,C00918,2,20240922,desktop,3,1,1,137.76,3.31,1
INT-002527,CMP-088,C00726,2,20240922,mobile,4,0,0,0.0,4.41,0
INT-002528,CMP-088,C01210,2,20240922,desktop,8,1,1,152.22,8.82,1
INT-002529,CMP-088,C01311,2,20240922,mobile,3,0,0,0.0,3.31,0
INT-002530,CMP-088,C00964,2,20240922,mobile,3,0,0,0.0,3.31,0
INT-002531,CMP-088,C00875,2,20240923,mobile,3,0,0,0.0,3.31,0
INT-002532,CMP-088,C00794,2,20240923,mobile,8,0,0,0.0,8.82,0
INT-002533,CMP-088,C00428,2,20240923,desktop,4,0,0,0.0,4.41,0
INT-002534,CMP-088,C00898,2,20240923,mobile,1,0,0,0.0,1.1,0
INT-002535,CMP-088,C01348,2,20240923,mobile,4,0,0,0.0,4.41,0
INT-002536,CMP-088,C01523,2,20240923,desktop,5,0,0,0.0,5.52,0
INT-002537,CMP-088,C00133,2,20240923,mobile,9,1,0,0.0,9.93,0
INT-002538,CMP-088,C01037,2,20240924,mobile,3,1,0,0.0,3.31,0
INT-002539,CMP-088,C00091,2,20240924,desktop,5,0,0,0.0,5.52,0
INT-002540,CMP-088,C00046,2,20240924,mobile,5,1,0,0.0,5.52,0
INT-002541,CMP-088,C01877,2,20240924,desktop,5,0,0,0.0,5.52,0
INT-002542,CMP-088,C01273,2,20240924,desktop,4,0,0,0.0,4.41,0
INT-002543,CMP-088,C01677,2,20240924,desktop,7,0,0,0.0,7.72,0
INT-002544,CMP-088,C00291,2,20240924,desktop,6,1,0,0.0,6.62,0
INT-002545,CMP-088,C01955,2,20240924,desktop,5,1,0,0.0,5.52,0
INT-002546,CMP-088,C00799,2,20240925,mobile,9,0,0,0.0,9.93,0
INT-002547,CMP-088,C00836,2,20240925,desktop,4,0,0,0.0,4.41,0
INT-002548,CMP-088,C02171,2,20240925,mobile,4,0,0,0.0,4.41,0
INT-002549,CMP-088,C01532,2,20240925,desktop,7,1,0,0.0,7.72,0
INT-002550,CMP-088,C01995,2,20240925,mobile,8,1,0,0.0,8.82,0
INT-002551,CMP-088,C01683,2,20240925,mobile,7,0,0,0.0,7.72,0
INT-002552,CMP-088,C01536,2,20240926,tablet,6,1,0,0.0,6.62,0
INT-002553,CMP-088,C00648,2,20240926,mobile,5,0,0,0.0,5.52,0
INT-002554,CMP-088,C01033,2,20240926,mobile,2,0,0,0.0,2.21,0
INT-002555,CMP-088,C00661,2,20240926,desktop,4,0,0,0.0,4.41,0
INT-002556,CMP-088,C00946,2,20240926,desktop,4,0,0,0.0,4.41,0
INT-002557,CMP-088,C00402,2,20240926,mobile,4,0,0,0.0,4.41,0
INT-002558,CMP-088,C00774,2,20240926,mobile,5,0,0,0.0,5.52,0
INT-002559,CMP-088,C01681,2,20240926,mobile,3,0,0,0.0,3.31,0
INT-002560,CMP-088,C00803,2,20240927,mobile,7,2,1,191.06,7.72,1
INT-002561,CMP-088,C01578,2,20240927,mobile,6,0,0,0.0,6.62,0
INT-002562,CMP-088,C00503,2,20240927,tablet,4,1,1,234.35,4.41,1
INT-002563,CMP-088,C01240,2,20240927,desktop,6,3,2,262.07,6.62,1
INT-002564,CMP-088,C00384,2,20240927,mobile,3,2,0,0.0,3.31,0
INT-002565,CMP-088,C01990,2,20240927,mobile,2,1,1,174.44,2.21,1
INT-002566,CMP-059,C01347,1,20240913,mobile,2,0,0,0.0,6.42,0
INT-002567,CMP-059,C00510,1,20240919,mobile,4,1,1,243.66,12.83,1
INT-002568,CMP-059,C00287,1,20240920,mobile,1,1,1,336.71,3.21,1
INT-002569,CMP-059,C02064,1,20240921,desktop,8,3,2,677.47,25.66,1
INT-002570,CMP-059,C00633,1,20240921,mobile,4,1,0,0.0,12.83,0
INT-002571,CMP-059,C00271,1,20240921,mobile,3,0,0,0.0,9.62,0
INT-002572,CMP-059,C00534,1,20240923,mobile,4,0,0,0.0,12.83,0
INT-002573,CMP-059,C01468,1,20240926,mobile,5,0,0,0.0,16.04,0
INT-002574,CMP-059,C00341,1,20240928,mobile,6,0,0,0.0,19.25,0
INT-002575,CMP-059,C00637,1,20240928,tablet,5,0,0,0.0,16.04,0
INT-002576,CMP-059,C00392,1,20240928,mobile,3,0,0,0.0,9.62,0
INT-002577,CMP-059,C02014,1,20240929,mobile,6,1,1,271.22,19.25,1
INT-002578,CMP-059,C00580,1,20240929,tablet,7,1,1,190.72,22.45,1
INT-002579,CMP-059,C00130,1,20240930,desktop,8,1,1,343.15,25.66,1
INT-002580,CMP-059,C01540,1,20241001,desktop,5,2,2,474.37,16.04,1
INT-002581,CMP-059,C00794,1,20241002,mobile,7,1,1,251.75,22.45,1
INT-002582,CMP-059,C00268,1,20241002,desktop,5,1,1,165.09,16.04,1
INT-002583,CMP-059,C00543,1,20241006,mobile,4,0,0,0.0,12.83,0
INT-002584,CMP-059,C01678,1,20241007,mobile,7,2,2,595.09,22.45,1
INT-002585,CMP-059,C01805,1,20241009,mobile,4,1,1,244.36,12.83,1
INT-002586,CMP-059,C01108,1,20241009,mobile,3,0,0,0.0,9.62,0
INT-002587,CMP-059,C01933,1,20241009,mobile,5,1,0,0.0,16.04,0
INT-002588,CMP-047,C01180,3,20240917,mobile,6,1,0,0.0,4.79,0
INT-002589,CMP-047,C00414,3,20240918,tablet,6,0,0,0.0,4.79,0
INT-002590,CMP-047,C00527,3,20240918,mobile,9,0,0,0.0,7.19,0
INT-002591,CMP-047,C00814,3,20240918,desktop,7,0,0,0.0,5.59,0
INT-002592,CMP-047,C00772,3,20240919,tablet,6,0,0,0.0,4.79,0
INT-002593,CMP-047,C02090,3,20240919,mobile,7,0,0,0.0,5.59,0
INT-002594,CMP-047,C01563,3,20240919,desktop,8,2,0,0.0,6.39,0
INT-002595,CMP-047,C01199,3,20240920,mobile,4,0,0,0.0,3.2,0
INT-002596,CMP-047,C01944,3,20240920,mobile,7,1,0,0.0,5.59,0
INT-002597,CMP-047,C00885,3,20240920,mobile,8,0,0,0.0,6.39,0
INT-002598,CMP-047,C00622,3,20240921,desktop,2,0,0,0.0,1.6,0
INT-002599,CMP-047,C00735,3,20240921,mobile,7,0,0,0.0,5.59,0
INT-002600,CMP-047,C00459,3,20240922,mobile,3,0,0,0.0,2.4,0
INT-002601,CMP-047,C00341,3,20240922,mobile,7,1,1,174.98,5.59,1
INT-002602,CMP-047,C01833,3,20240924,desktop,5,0,0,0.0,4.0,0
INT-002603,CMP-047,C01147,3,20240924,mobile,5,1,0,0.0,4.0,0
INT-002604,CMP-047,C00348,3,20240925,mobile,8,1,0,0.0,6.39,0
INT-002605,CMP-047,C00231,3,20240926,mobile,6,0,0,0.0,4.79,0
INT-002606,CMP-047,C01184,3,20240926,desktop,6,2,1,157.01,4.79,1
INT-002607,CMP-047,C01773,3,20240926,desktop,5,0,0,0.0,4.0,0
INT-002608,CMP-047,C01514,3,20240928,mobile,5,0,0,0.0,4.0,0
INT-002609,CMP-047,C00736,3,20240928,desktop,5,0,0,0.0,4.0,0
INT-002610,CMP-047,C01620,3,20240928,mobile,4,0,0,0.0,3.2,0
INT-002611,CMP-047,C01606,3,20240928,mobile,6,0,0,0.0,4.79,0
INT-002612,CMP-047,C01423,3,20240929,mobile,7,0,0,0.0,5.59,0
INT-002613,CMP-047,C01761,3,20240929,desktop,10,1,0,0.0,7.99,0
INT-002614,CMP-047,C00057,3,20240929,mobile,3,0,0,0.0,2.4,0
INT-002615,CMP-047,C01896,3,20240929,mobile,5,0,0,0.0,4.0,0
INT-002616,CMP-047,C01889,3,20240930,mobile,5,1,0,0.0,4.0,0
INT-002617,CMP-047,C00998,3,20240930,mobile,5,0,0,0.0,4.0,0
INT-002618,CMP-047,C00677,3,20240930,tablet,7,0,0,0.0,5.59,0
INT-002619,CMP-047,C01942,3,20241001,mobile,6,0,0,0.0,4.79,0
INT-002620,CMP-047,C01001,3,20241001,desktop,6,0,0,0.0,4.79,0
INT-002621,CMP-047,C01537,3,20241001,mobile,13,0,0,0.0,10.39,0
INT-002622,CMP-047,C00200,3,20241001,tablet,2,1,0,0.0,1.6,0
INT-002623,CMP-047,C01310,3,20241002,tablet,6,0,0,0.0,4.79,0
INT-002624,CMP-047,C01183,3,20241003,mobile,4,0,0,0.0,3.2,0
INT-002625,CMP-047,C01427,3,20241003,mobile,5,2,0,0.0,4.0,0
INT-002626,CMP-047,C01974,3,20241005,mobile,8,0,0,0.0,6.39,0
INT-002627,CMP-047,C01592,3,20241005,tablet,4,0,0,0.0,3.2,0
INT-002628,CMP-047,C01342,3,20241006,tablet,7,0,0,0.0,5.59,0
INT-002629,CMP-047,C01481,3,20241006,mobile,5,0,0,0.0,4.0,0
INT-002630,CMP-047,C00571,3,20241007,mobile,7,1,0,0.0,5.59,0
INT-002631,CMP-047,C01077,3,20241007,desktop,7,1,0,0.0,5.59,0
INT-002632,CMP-047,C00667,3,20241008,desktop,7,0,0,0.0,5.59,0
INT-002633,CMP-047,C01604,3,20241008,desktop,5,0,0,0.0,4.0,0
INT-002634,CMP-047,C02070,3,20241010,mobile,6,1,0,0.0,4.79,0
INT-002635,CMP-047,C00971,3,20241010,mobile,7,0,0,0.0,5.59,0
INT-002636,CMP-047,C01562,3,20241010,tablet,8,0,0,0.0,6.39,0
INT-002637,CMP-047,C01841,3,20241010,mobile,7,0,0,0.0,5.59,0
INT-002638,CMP-047,C00155,3,20241011,mobile,5,1,0,0.0,4.0,0
INT-002639,CMP-047,C02036,3,20241011,mobile,7,0,0,0.0,5.59,0
INT-002640,CMP-047,C01123,3,20241012,mobile,6,0,0,0.0,4.79,0
INT-002641,CMP-047,C01757,3,20241012,mobile,5,0,0,0.0,4.0,0
INT-002642,CMP-047,C02165,3,20241013,tablet,7,0,0,0.0,5.59,0
INT-002643,CMP-047,C01284,3,20241015,mobile,3,0,0,0.0,2.4,0
INT-002644,CMP-047,C01535,3,20241015,mobile,9,1,1,162.1,7.19,1
INT-002645,CMP-047,C01608,3,20241016,tablet,3,0,0,0.0,2.4,0
INT-002646,CMP-047,C00512,3,20241018,mobile,5,1,0,0.0,4.0,0
INT-002647,CMP-047,C00522,3,20241018,mobile,2,0,0,0.0,1.6,0
INT-002648,CMP-047,C01368,3,20241018,desktop,5,0,0,0.0,4.0,0
INT-002649,CMP-047,C01121,3,20241019,mobile,5,0,0,0.0,4.0,0
INT-002650,CMP-047,C01971,3,20241019,tablet,5,0,0,0.0,4.0,0
INT-002651,CMP-047,C00568,3,20241019,desktop,7,1,0,0.0,5.59,0
INT-002652,CMP-047,C01743,3,20241020,mobile,3,0,0,0.0,2.4,0
INT-002653,CMP-047,C01464,3,20241020,desktop,4,0,0,0.0,3.2,0
INT-002654,CMP-047,C00840,3,20241020,mobile,4,2,0,0.0,3.2,0
INT-002655,CMP-047,C01061,3,20241021,desktop,11,0,0,0.0,8.79,0
INT-002656,CMP-047,C00251,3,20241021,mobile,5,0,0,0.0,4.0,0
INT-002657,CMP-047,C00387,3,20241021,mobile,8,0,0,0.0,6.39,0
INT-002658,CMP-029,C01684,3,20240920,desktop,9,0,0,0.0,8.37,0
INT-002659,CMP-029,C01770,3,20240920,desktop,20,1,0,0.0,18.6,0
INT-002660,CMP-029,C02001,3,20240920,mobile,7,0,0,0.0,6.51,0
INT-002661,CMP-029,C00887,3,20240920,desktop,13,1,1,137.75,12.09,1
INT-002662,CMP-029,C01837,3,20240922,desktop,16,0,0,0.0,14.88,0
INT-002663,CMP-029,C00253,3,20240923,mobile,11,0,0,0.0,10.23,0
INT-002664,CMP-029,C00733,3,20240923,tablet,12,1,0,0.0,11.16,0
INT-002665,CMP-029,C01233,3,20240924,mobile,10,0,0,0.0,9.3,0
INT-002666,CMP-029,C00804,3,20240924,desktop,8,0,0,0.0,7.44,0
INT-002667,CMP-029,C00771,3,20240925,mobile,11,0,0,0.0,10.23,0
INT-002668,CMP-029,C01667,3,20240926,mobile,9,0,0,0.0,8.37,0
INT-002669,CMP-029,C02102,3,20240927,mobile,9,0,0,0.0,8.37,0
INT-002670,CMP-029,C01594,3,20240927,mobile,11,1,0,0.0,10.23,0
INT-002671,CMP-029,C00266,3,20240928,desktop,4,0,0,0.0,3.72,0
INT-002672,CMP-029,C00002,3,20240928,desktop,8,1,1,146.99,7.44,1
INT-002673,CMP-029,C01544,3,20240929,tablet,12,0,0,0.0,11.16,0
INT-002674,CMP-029,C01449,3,20240929,mobile,10,1,0,0.0,9.3,0
INT-002675,CMP-029,C01012,3,20240930,tablet,9,1,1,195.44,8.37,1
INT-002676,CMP-029,C02106,3,20241001,mobile,9,0,0,0.0,8.37,0
INT-002677,CMP-029,C00725,3,20241001,desktop,11,0,0,0.0,10.23,0
INT-002678,CMP-029,C01709,3,20241001,desktop,9,0,0,0.0,8.37,0
INT-002679,CMP-029,C01388,3,20241003,desktop,6,0,0,0.0,5.58,0
INT-002680,CMP-029,C02060,3,20241004,mobile,7,1,0,0.0,6.51,0
INT-002681,CMP-029,C01719,3,20241004,desktop,9,0,0,0.0,8.37,0
INT-002682,CMP-029,C00056,3,20241004,mobile,7,0,0,0.0,6.51,0
INT-002683,CMP-029,C02063,3,20241005,desktop,7,0,0,0.0,6.51,0
INT-002684,CMP-029,C01248,3,20241006,mobile,10,0,0,0.0,9.3,0
INT-002685,CMP-029,C01622,3,20241007,mobile,10,0,0,0.0,9.3,0
INT-002686,CMP-029,C00484,3,20241007,desktop,12,0,0,0.0,11.16,0
INT-002687,CMP-029,C00488,3,20241007,mobile,9,1,0,0.0,8.37,0
INT-002688,CMP-029,C01257,3,20241008,desktop,6,0,0,0.0,5.58,0
INT-002689,CMP-029,C00827,3,20241008,mobile,16,2,0,0.0,14.88,0
INT-002690,CMP-029,C01454,3,20241009,desktop,9,0,0,0.0,8.37,0
INT-002691,CMP-029,C01922,3,20241010,tablet,9,1,1,201.43,8.37,1
INT-002692,CMP-029,C01621,3,20241010,desktop,10,2,0,0.0,9.3,0
INT-002693,CMP-029,C00940,3,20241012,mobile,7,2,0,0.0,6.51,0
INT-002694,CMP-029,C00347,3,20241012,desktop,8,1,1,139.0,7.44,1
INT-002695,CMP-029,C02089,3,20241012,desktop,13,0,0,0.0,12.09,0
INT-002696,CMP-029,C00704,3,20241013,mobile,6,0,0,0.0,5.58,0
INT-002697,CMP-029,C01187,3,20241013,mobile,6,0,0,0.0,5.58,0
INT-002698,CMP-029,C01731,3,20241013,mobile,9,1,1,203.7,8.37,1
INT-002699,CMP-029,C02120,3,20241015,mobile,13,1,0,0.0,12.09,0
INT-002700,CMP-029,C01375,3,20241015,mobile,10,0,0,0.0,9.3,0
INT-002701,CMP-029,C00999,3,20241015,mobile,8,0,0,0.0,7.44,0
INT-002702,CMP-029,C00017,3,20241016,desktop,7,0,0,0.0,6.51,0
INT-002703,CMP-029,C01305,3,20241016,desktop,16,0,0,0.0,14.88,0
INT-002704,CMP-029,C01682,3,20241017,mobile,15,1,1,112.83,13.95,1
INT-002705,CMP-029,C00547,3,20241018,mobile,11,1,0,0.0,10.23,0
INT-002706,CMP-029,C00601,3,20241019,mobile,10,0,0,0.0,9.3,0
INT-002707,CMP-086,C01212,1,20241006,mobile,2,0,0,0.0,3.78,0
INT-002708,CMP-086,C01527,1,20241006,mobile,2,0,0,0.0,3.78,0
INT-002709,CMP-086,C01598,1,20241006,desktop,2,0,0,0.0,3.78,0
INT-002710,CMP-086,C00754,1,20241006,mobile,2,1,1,354.08,3.78,1
INT-002711,CMP-086,C00336,1,20241007,desktop,2,0,0,0.0,3.78,0
INT-002712,CMP-086,C00388,1,20241007,desktop,2,1,1,133.43,3.78,1
INT-002713,CMP-086,C01200,1,20241007,desktop,1,0,0,0.0,1.89,0
INT-002714,CMP-086,C02062,1,20241008,mobile,1,0,0,0.0,1.89,0
INT-002715,CMP-086,C00890,1,20241009,mobile,2,1,1,282.64,3.78,1
INT-002716,CMP-086,C00292,1,20241010,mobile,2,1,0,0.0,3.78,0
INT-002717,CMP-086,C01258,1,20241010,desktop,4,1,1,245.48,7.57,1
INT-002718,CMP-086,C01279,1,20241010,mobile,1,0,0,0.0,1.89,0
INT-002719,CMP-086,C01157,1,20241010,desktop,3,1,0,0.0,5.68,0
INT-002720,CMP-086,C00916,1,20241010,desktop,5,2,2,946.86,9.46,1
INT-002721,CMP-086,C00548,1,20241011,desktop,1,0,0,0.0,1.89,0
INT-002722,CMP-086,C01443,1,20241013,mobile,1,0,0,0.0,1.89,0
INT-002723,CMP-086,C00411,1,20241013,mobile,3,0,0,0.0,5.68,0
INT-002724,CMP-086,C00755,1,20241014,mobile,4,1,1,177.51,7.57,1
INT-002725,CMP-086,C01000,1,20241015,desktop,1,0,0,0.0,1.89,0
INT-002726,CMP-086,C00879,1,20241015,tablet,4,0,0,0.0,7.57,0
INT-002727,CMP-086,C00730,1,20241016,mobile,3,0,0,0.0,5.68,0
INT-002728,CMP-086,C02097,1,20241017,desktop,4,1,1,305.43,7.57,1
INT-002729,CMP-086,C01078,1,20241018,mobile,1,0,0,0.0,1.89,0
INT-002730,CMP-086,C01269,1,20241018,tablet,3,0,0,0.0,5.68,0
INT-002731,CMP-086,C02043,1,20241018,mobile,1,1,0,0.0,1.89,0
INT-002732,CMP-086,C02180,1,20241020,tablet,3,0,0,0.0,5.68,0
INT-002733,CMP-086,C00668,1,20241021,tablet,2,0,0,0.0,3.78,0
INT-002734,CMP-086,C00193,1,20241022,desktop,2,0,0,0.0,3.78,0
INT-002735,CMP-086,C00861,1,20241022,desktop,3,0,0,0.0,5.68,0
INT-002736,CMP-086,C00803,1,20241022,mobile,4,0,0,0.0,7.57,0
INT-002737,CMP-086,C00194,1,20241023,desktop,2,1,0,0.0,3.78,0
INT-002738,CMP-086,C02173,1,20241023,tablet,1,0,0,0.0,1.89,0
INT-002739,CMP-054,C01245,1,20241007,mobile,6,1,0,0.0,12.63,0
INT-002740,CMP-054,C02153,1,20241009,mobile,2,1,0,0.0,4.21,0
INT-002741,CMP-054,C00819,1,20241009,desktop,2,1,1,365.29,4.21,1
INT-002742,CMP-054,C01464,1,20241011,desktop,3,0,0,0.0,6.32,0
INT-002743,CMP-054,C00217,1,20241012,mobile,4,1,0,0.0,8.42,0
INT-002744,CMP-054,C00321,1,20241013,mobile,5,1,0,0.0,10.53,0
INT-002745,CMP-054,C01145,1,20241014,desktop,3,0,0,0.0,6.32,0
INT-002746,CMP-054,C00616,1,20241015,mobile,3,0,0,0.0,6.32,0
INT-002747,CMP-054,C01527,1,20241016,desktop,1,1,1,183.83,2.11,1
INT-002748,CMP-054,C01489,1,20241016,desktop,4,0,0,0.0,8.42,0
INT-002749,CMP-054,C00083,1,20241016,desktop,5,0,0,0.0,10.53,0
INT-002750,CMP-054,C00560,1,20241017,mobile,2,0,0,0.0,4.21,0
INT-002751,CMP-054,C00970,1,20241019,desktop,3,0,0,0.0,6.32,0
INT-002752,CMP-054,C01501,1,20241019,mobile,3,1,1,162.8,6.32,1
INT-002753,CMP-054,C00394,1,20241019,mobile,2,0,0,0.0,4.21,0
INT-002754,CMP-054,C00753,1,20241019,mobile,3,1,0,0.0,6.32,0
INT-002755,CMP-054,C01344,1,20241022,desktop,3,0,0,0.0,6.32,0
INT-002756,CMP-054,C00741,1,20241022,mobile,2,0,0,0.0,4.21,0
INT-002757,CMP-054,C01038,1,20241023,desktop,3,2,1,280.11,6.32,1
INT-002758,CMP-054,C00849,1,20241023,desktop,2,1,1,221.36,4.21,1
INT-002759,CMP-054,C00552,1,20241023,desktop,3,0,0,0.0,6.32,0
INT-002760,CMP-054,C01354,1,20241027,mobile,2,0,0,0.0,4.21,0
INT-002761,CMP-054,C00549,1,20241027,desktop,2,0,0,0.0,4.21,0
INT-002762,CMP-054,C01581,1,20241028,mobile,4,0,0,0.0,8.42,0
INT-002763,CMP-054,C01398,1,20241029,desktop,3,0,0,0.0,6.32,0
INT-002764,CMP-054,C01198,1,20241031,mobile,3,0,0,0.0,6.32,0
INT-002765,CMP-054,C00306,1,20241031,mobile,2,0,0,0.0,4.21,0
INT-002766,CMP-054,C01284,1,20241102,mobile,2,0,0,0.0,4.21,0
INT-002767,CMP-054,C01587,1,20241102,mobile,4,0,0,0.0,8.42,0
INT-002768,CMP-054,C02054,1,20241103,mobile,2,0,0,0.0,4.21,0
INT-002769,CMP-054,C01669,1,20241104,desktop,2,0,0,0.0,4.21,0
INT-002770,CMP-054,C01091,1,20241105,mobile,5,2,1,282.23,10.53,1
INT-002771,CMP-054,C00271,1,20241106,desktop,3,0,0,0.0,6.32,0
INT-002772,CMP-054,C01394,1,20241107,mobile,5,0,0,0.0,10.53,0
INT-002773,CMP-054,C02032,1,20241109,desktop,1,0,0,0.0,2.11,0
INT-002774,CMP-054,C01257,1,20241114,desktop,1,1,1,234.43,2.11,1
INT-002775,CMP-054,C01018,1,20241114,mobile,6,0,0,0.0,12.63,0
INT-002776,CMP-054,C01058,1,20241116,mobile,3,1,1,153.5,6.32,1
INT-002777,CMP-082,C01968,3,20241019,desktop,8,0,0,0.0,7.34,0
INT-002778,CMP-082,C01452,3,20241019,mobile,4,0,0,0.0,3.67,0
INT-002779,CMP-082,C02061,3,20241019,mobile,6,0,0,0.0,5.5,0
INT-002780,CMP-082,C00599,3,20241020,desktop,6,0,0,0.0,5.5,0
INT-002781,CMP-082,C01680,3,20241020,mobile,5,1,0,0.0,4.59,0
INT-002782,CMP-082,C01234,3,20241020,desktop,6,0,0,0.0,5.5,0
INT-002783,CMP-082,C01781,3,20241020,mobile,7,0,0,0.0,6.42,0
INT-002784,CMP-082,C00720,3,20241020,tablet,8,1,0,0.0,7.34,0
INT-002785,CMP-082,C01363,3,20241021,desktop,7,0,0,0.0,6.42,0
INT-002786,CMP-082,C01447,3,20241021,mobile,5,0,0,0.0,4.59,0
INT-002787,CMP-082,C00531,3,20241021,mobile,9,3,0,0.0,8.26,0
INT-002788,CMP-082,C01547,3,20241021,desktop,6,1,0,0.0,5.5,0
INT-002789,CMP-082,C01940,3,20241022,desktop,4,0,0,0.0,3.67,0
INT-002790,CMP-082,C01747,3,20241022,mobile,5,0,0,0.0,4.59,0
INT-002791,CMP-082,C00227,3,20241022,mobile,9,1,0,0.0,8.26,0
INT-002792,CMP-082,C01893,3,20241023,mobile,2,0,0,0.0,1.83,0
INT-002793,CMP-082,C00747,3,20241023,mobile,3,0,0,0.0,2.75,0
INT-002794,CMP-082,C01829,3,20241023,mobile,8,1,0,0.0,7.34,0
INT-002795,CMP-082,C01814,3,20241024,desktop,8,0,0,0.0,7.34,0
INT-002796,CMP-082,C01575,3,20241025,desktop,8,0,0,0.0,7.34,0
INT-002797,CMP-082,C01160,3,20241025,tablet,7,2,0,0.0,6.42,0
INT-002798,CMP-082,C01668,3,20241026,desktop,7,1,1,115.0,6.42,1
INT-002799,CMP-082,C01503,3,20241026,mobile,6,1,1,129.9,5.5,1
INT-002800,CMP-082,C00806,3,20241027,mobile,3,0,0,0.0,2.75,0
INT-002801,CMP-082,C00116,3,20241027,mobile,6,0,0,0.0,5.5,0
INT-002802,CMP-082,C00250,3,20241028,tablet,5,0,0,0.0,4.59,0
INT-002803,CMP-082,C00262,3,20241028,desktop,5,0,0,0.0,4.59,0
INT-002804,CMP-082,C00276,3,20241029,desktop,7,1,0,0.0,6.42,0
INT-002805,CMP-082,C00962,3,20241029,desktop,7,1,1,96.55,6.42,1
INT-002806,CMP-082,C00817,3,20241029,mobile,5,0,0,0.0,4.59,0
INT-002807,CMP-082,C00870,3,20241031,mobile,8,2,0,0.0,7.34,0
INT-002808,CMP-082,C01927,3,20241102,mobile,4,0,0,0.0,3.67,0
INT-002809,CMP-082,C01251,3,20241102,mobile,7,0,0,0.0,6.42,0
INT-002810,CMP-082,C02066,3,20241102,mobile,4,0,0,0.0,3.67,0
INT-002811,CMP-082,C00883,3,20241102,desktop,3,0,0,0.0,2.75,0
INT-002812,CMP-082,C00722,3,20241102,mobile,6,0,0,0.0,5.5,0
INT-002813,CMP-082,C01337,3,20241102,tablet,5,0,0,0.0,4.59,0
INT-002814,CMP-082,C00504,3,20241103,mobile,5,0,0,0.0,4.59,0
INT-002815,CMP-082,C00619,3,20241103,desktop,7,0,0,0.0,6.42,0
INT-002816,CMP-082,C01123,3,20241103,desktop,3,0,0,0.0,2.75,0
INT-002817,CMP-082,C00113,3,20241104,desktop,7,0,0,0.0,6.42,0
INT-002818,CMP-082,C00098,3,20241104,mobile,6,0,0,0.0,5.5,0
INT-002819,CMP-082,C00723,3,20241104,mobile,3,0,0,0.0,2.75,0
INT-002820,CMP-082,C01110,3,20241105,mobile,3,0,0,0.0,2.75,0
INT-002821,CMP-082,C00141,3,20241105,mobile,6,0,0,0.0,5.5,0
INT-002822,CMP-082,C01065,3,20241105,mobile,2,0,0,0.0,1.83,0
INT-002823,CMP-082,C02081,3,20241105,mobile,5,1,1,215.28,4.59,1
INT-002824,CMP-082,C00908,3,20241105,mobile,12,0,0,0.0,11.01,0
INT-002825,CMP-082,C00917,3,20241105,mobile,5,2,0,0.0,4.59,0
INT-002826,CMP-082,C01455,3,20241106,desktop,8,0,0,0.0,7.34,0
INT-002827,CMP-082,C01983,3,20241106,mobile,9,1,0,0.0,8.26,0
INT-002828,CMP-082,C01710,3,20241107,mobile,3,0,0,0.0,2.75,0
INT-002829,CMP-082,C01128,3,20241107,mobile,7,0,0,0.0,6.42,0
INT-002830,CMP-082,C01113,3,20241107,mobile,1,0,0,0.0,0.92,0
INT-002831,CMP-082,C00159,3,20241109,mobile,11,1,0,0.0,10.09,0
INT-002832,CMP-082,C00498,3,20241109,desktop,5,0,0,0.0,4.59,0
INT-002833,CMP-097,C02016,1,20241019,mobile,4,0,0,0.0,9.86,0
INT-002834,CMP-097,C00477,1,20241020,mobile,3,0,0,0.0,7.4,0
INT-002835,CMP-097,C01927,1,20241022,mobile,5,0,0,0.0,12.33,0
INT-002836,CMP-097,C00337,1,20241024,desktop,6,2,1,210.62,14.79,1
INT-002837,CMP-097,C00332,1,20241025,tablet,6,0,0,0.0,14.79,0
INT-002838,CMP-097,C00157,1,20241025,tablet,6,2,0,0.0,14.79,0
INT-002839,CMP-097,C00042,1,20241026,mobile,4,0,0,0.0,9.86,0
INT-002840,CMP-097,C02106,1,20241026,mobile,7,1,1,361.61,17.26,1
INT-002841,CMP-097,C00455,1,20241027,mobile,6,1,1,254.85,14.79,1
INT-002842,CMP-097,C01924,1,20241027,mobile,3,0,0,0.0,7.4,0
INT-002843,CMP-097,C00471,1,20241027,mobile,5,1,0,0.0,12.33,0
INT-002844,CMP-097,C00226,1,20241029,mobile,5,0,0,0.0,12.33,0
INT-002845,CMP-097,C01564,1,20241029,desktop,4,0,0,0.0,9.86,0
INT-002846,CMP-097,C01311,1,20241029,mobile,5,0,0,0.0,12.33,0
INT-002847,CMP-097,C00943,1,20241030,desktop,7,1,1,222.76,17.26,1
INT-002848,CMP-097,C01497,1,20241031,mobile,6,0,0,0.0,14.79,0
INT-002849,CMP-097,C00631,1,20241101,desktop,6,0,0,0.0,14.79,0
INT-002850,CMP-097,C00012,1,20241101,mobile,8,2,0,0.0,19.73,0
INT-002851,CMP-097,C01182,1,20241102,desktop,5,0,0,0.0,12.33,0
INT-002852,CMP-097,C02064,1,20241103,mobile,4,0,0,0.0,9.86,0
INT-002853,CMP-097,C01848,1,20241104,desktop,5,0,0,0.0,12.33,0
INT-002854,CMP-097,C01668,1,20241104,desktop,8,0,0,0.0,19.73,0
INT-002855,CMP-097,C00190,1,20241105,desktop,7,0,0,0.0,17.26,0
INT-002856,CMP-097,C02156,1,20241110,mobile,3,0,0,0.0,7.4,0
INT-002857,CMP-097,C00635,1,20241111,mobile,2,0,0,0.0,4.93,0
INT-002858,CMP-097,C00533,1,20241111,desktop,5,0,0,0.0,12.33,0
INT-002859,CMP-097,C00755,1,20241112,mobile,5,0,0,0.0,12.33,0
INT-002860,CMP-097,C01176,1,20241112,desktop,4,0,0,0.0,9.86,0
INT-002861,CMP-097,C00087,1,20241114,mobile,4,1,0,0.0,9.86,0
INT-002862,CMP-097,C01883,1,20241116,mobile,3,1,0,0.0,7.4,0
INT-002863,CMP-097,C01222,1,20241116,mobile,6,2,1,93.72,14.79,1
INT-002864,CMP-097,C01433,1,20241117,mobile,4,0,0,0.0,9.86,0
INT-002865,CMP-097,C01686,1,20241117,desktop,3,0,0,0.0,7.4,0
INT-002866,CMP-097,C01010,1,20241120,mobile,4,0,0,0.0,9.86,0
INT-002867,CMP-097,C01307,1,20241122,mobile,6,1,1,209.33,14.79,1
INT-002868,CMP-097,C01072,1,20241122,tablet,6,3,2,460.08,14.79,1
INT-002869,CMP-097,C01806,1,20241122,mobile,2,0,0,0.0,4.93,0
INT-002870,CMP-097,C01570,1,20241123,desktop,5,0,0,0.0,12.33,0
INT-002871,CMP-097,C00188,1,20241123,mobile,4,0,0,0.0,9.86,0
INT-002872,CMP-097,C01467,1,20241124,desktop,4,0,0,0.0,9.86,0
INT-002873,CMP-097,C00556,1,20241126,desktop,5,1,1,180.11,12.33,1
INT-002874,CMP-097,C00949,1,20241126,mobile,5,2,0,0.0,12.33,0
INT-002875,CMP-097,C00097,1,20241127,desktop,5,0,0,0.0,12.33,0
INT-002876,CMP-097,C00094,1,20241129,mobile,7,0,0,0.0,17.26,0
INT-002877,CMP-097,C01898,1,20241130,mobile,2,0,0,0.0,4.93,0
INT-002878,CMP-014,C01406,3,20241023,mobile,12,2,1,150.43,12.67,1
INT-002879,CMP-014,C02183,3,20241023,mobile,13,1,0,0.0,13.72,0
INT-002880,CMP-014,C00043,3,20241023,mobile,15,1,0,0.0,15.83,0
INT-002881,CMP-014,C01476,3,20241023,mobile,12,0,0,0.0,12.67,0
INT-002882,CMP-014,C00071,3,20241023,desktop,16,0,0,0.0,16.89,0
INT-002883,CMP-014,C00212,3,20241023,desktop,15,0,0,0.0,15.83,0
INT-002884,CMP-014,C00211,3,20241023,mobile,12,0,0,0.0,12.67,0
INT-002885,CMP-014,C01608,3,20241024,mobile,14,1,0,0.0,14.78,0
INT-002886,CMP-014,C01454,3,20241024,desktop,20,0,0,0.0,21.11,0
INT-002887,CMP-014,C00610,3,20241024,mobile,23,0,0,0.0,24.28,0
INT-002888,CMP-014,C01117,3,20241024,desktop,17,1,0,0.0,17.95,0
INT-002889,CMP-014,C00130,3,20241024,mobile,19,2,0,0.0,20.06,0
INT-002890,CMP-014,C01023,3,20241024,tablet,16,1,0,0.0,16.89,0
INT-002891,CMP-014,C00121,3,20241024,desktop,12,0,0,0.0,12.67,0
INT-002892,CMP-014,C00223,3,20241024,mobile,15,0,0,0.0,15.83,0
INT-002893,CMP-014,C00226,3,20241025,mobile,12,0,0,0.0,12.67,0
INT-002894,CMP-014,C01997,3,20241025,desktop,10,1,0,0.0,10.56,0
INT-002895,CMP-014,C01570,3,20241025,desktop,12,0,0,0.0,12.67,0
INT-002896,CMP-014,C02118,3,20241026,tablet,13,0,0,0.0,13.72,0
INT-002897,CMP-014,C00633,3,20241027,mobile,16,1,1,131.53,16.89,1
INT-002898,CMP-014,C00400,3,20241027,mobile,16,0,0,0.0,16.89,0
INT-002899,CMP-014,C02145,3,20241027,mobile,11,0,0,0.0,11.61,0
INT-002900,CMP-014,C01423,3,20241028,desktop,12,0,0,0.0,12.67,0
INT-002901,CMP-014,C00543,3,20241028,desktop,13,0,0,0.0,13.72,0
INT-002902,CMP-014,C00898,3,20241028,tablet,19,1,0,0.0,20.06,0
INT-002903,CMP-014,C01298,3,20241028,mobile,16,0,0,0.0,16.89,0
INT-002904,CMP-014,C01770,3,20241028,mobile,18,0,0,0.0,19.0,0
INT-002905,CMP-014,C01221,3,20241028,mobile,10,1,0,0.0,10.56,0
INT-002906,CMP-014,C01694,3,20241029,desktop,12,0,0,0.0,12.67,0
INT-002907,CMP-014,C02001,3,20241029,mobile,12,0,0,0.0,12.67,0
INT-002908,CMP-014,C02021,3,20241029,mobile,14,0,0,0.0,14.78,0
INT-002909,CMP-014,C01367,3,20241030,desktop,15,2,1,105.31,15.83,1
INT-002910,CMP-014,C01890,3,20241031,mobile,10,2,2,371.35,10.56,1
INT-002911,CMP-014,C00664,3,20241031,desktop,13,0,0,0.0,13.72,0
INT-002912,CMP-014,C01670,3,20241031,mobile,13,0,0,0.0,13.72,0
INT-002913,CMP-014,C01826,3,20241031,mobile,12,0,0,0.0,12.67,0
INT-002914,CMP-014,C01153,3,20241031,mobile,11,0,0,0.0,11.61,0
INT-002915,CMP-087,C01635,3,20241110,mobile,10,0,0,0.0,8.68,0
INT-002916,CMP-087,C01212,3,20241110,mobile,8,0,0,0.0,6.94,0
INT-002917,CMP-087,C01542,3,20241110,desktop,13,0,0,0.0,11.28,0
INT-002918,CMP-087,C01911,3,20241111,mobile,5,1,1,176.24,4.34,1
INT-002919,CMP-087,C01139,3,20241113,mobile,6,0,0,0.0,5.21,0
INT-002920,CMP-087,C02045,3,20241113,mobile,6,0,0,0.0,5.21,0
INT-002921,CMP-087,C01376,3,20241114,mobile,5,0,0,0.0,4.34,0
INT-002922,CMP-087,C01529,3,20241114,mobile,4,0,0,0.0,3.47,0
INT-002923,CMP-087,C01830,3,20241115,desktop,6,0,0,0.0,5.21,0
INT-002924,CMP-087,C02184,3,20241115,mobile,7,2,0,0.0,6.08,0
INT-002925,CMP-087,C01023,3,20241115,tablet,7,1,0,0.0,6.08,0
INT-002926,CMP-087,C00539,3,20241116,mobile,9,1,0,0.0,7.81,0
INT-002927,CMP-087,C02033,3,20241116,desktop,6,0,0,0.0,5.21,0
INT-002928,CMP-087,C00807,3,20241117,desktop,5,0,0,0.0,4.34,0
INT-002929,CMP-087,C01919,3,20241117,desktop,8,0,0,0.0,6.94,0
INT-002930,CMP-087,C01262,3,20241117,mobile,9,1,0,0.0,7.81,0
INT-002931,CMP-087,C01892,3,20241118,mobile,7,2,1,110.19,6.08,1
INT-002932,CMP-087,C00160,3,20241119,desktop,7,1,0,0.0,6.08,0
INT-002933,CMP-087,C00044,3,20241119,desktop,6,0,0,0.0,5.21,0
INT-002934,CMP-087,C01111,3,20241120,desktop,8,1,0,0.0,6.94,0
INT-002935,CMP-087,C00995,3,20241122,desktop,8,0,0,0.0,6.94,0
INT-002936,CMP-087,C00773,3,20241122,mobile,4,1,1,186.94,3.47,1
INT-002937,CMP-087,C01691,3,20241122,mobile,7,0,0,0.0,6.08,0
INT-002938,CMP-087,C01950,3,20241123,mobile,5,1,0,0.0,4.34,0
INT-002939,CMP-087,C00043,3,20241123,desktop,4,2,1,146.2,3.47,1
INT-002940,CMP-087,C00060,3,20241124,mobile,6,2,0,0.0,5.21,0
INT-002941,CMP-087,C00433,3,20241125,desktop,5,0,0,0.0,4.34,0
INT-002942,CMP-087,C02175,3,20241126,desktop,9,0,0,0.0,7.81,0
INT-002943,CMP-087,C00427,3,20241126,mobile,7,1,0,0.0,6.08,0
INT-002944,CMP-087,C01747,3,20241127,mobile,5,0,0,0.0,4.34,0
INT-002945,CMP-087,C01557,3,20241128,mobile,6,0,0,0.0,5.21,0
INT-002946,CMP-087,C01710,3,20241128,mobile,6,1,0,0.0,5.21,0
INT-002947,CMP-087,C01420,3,20241128,tablet,3,1,0,0.0,2.6,0
INT-002948,CMP-087,C00124,3,20241129,tablet,6,0,0,0.0,5.21,0
INT-002949,CMP-087,C00479,3,20241130,desktop,8,0,0,0.0,6.94,0
INT-002950,CMP-087,C00500,3,20241130,mobile,7,0,0,0.0,6.08,0
INT-002951,CMP-087,C01358,3,20241201,mobile,14,0,0,0.0,12.15,0
INT-002952,CMP-087,C01195,3,20241201,mobile,8,2,0,0.0,6.94,0
INT-002953,CMP-087,C00984,3,20241201,mobile,9,1,1,115.98,7.81,1
INT-002954,CMP-087,C00920,3,20241202,tablet,7,1,0,0.0,6.08,0
INT-002955,CMP-087,C00219,3,20241202,desktop,12,0,0,0.0,10.42,0
INT-002956,CMP-058,C01842,5,20241111,tablet,13,0,1,429.28,20.55,1
INT-002957,CMP-058,C01187,5,20241113,mobile,14,0,0,0.0,22.13,0
INT-002958,CMP-058,C01692,5,20241114,tablet,14,0,0,0.0,22.13,0
INT-002959,CMP-058,C01852,5,20241114,desktop,9,0,1,273.18,14.23,1
INT-002960,CMP-058,C01629,5,20241116,tablet,19,0,0,0.0,30.04,0
INT-002961,CMP-058,C00446,5,20241116,mobile,16,0,0,0.0,25.3,0
INT-002962,CMP-058,C00998,5,20241118,mobile,6,0,0,0.0,9.49,0
INT-002963,CMP-058,C01344,5,20241119,desktop,12,0,0,0.0,18.97,0
INT-002964,CMP-058,C00885,5,20241119,mobile,9,0,1,256.7,14.23,1
INT-002965,CMP-058,C02045,5,20241121,desktop,19,1,1,317.61,30.04,1
INT-002966,CMP-058,C00031,5,20241121,desktop,17,0,0,0.0,26.88,0
INT-002967,CMP-058,C01494,5,20241122,mobile,13,0,0,0.0,20.55,0
INT-002968,CMP-058,C01956,5,20241123,mobile,7,1,2,471.6,11.07,1
INT-002969,CMP-058,C01181,5,20241124,mobile,16,0,0,0.0,25.3,0
INT-002970,CMP-058,C00584,5,20241124,mobile,15,0,0,0.0,23.71,0
INT-002971,CMP-058,C01603,5,20241125,desktop,23,0,1,239.5,36.36,1
INT-002972,CMP-058,C01936,5,20241128,tablet,8,0,0,0.0,12.65,0
INT-002973,CMP-058,C01273,5,20241129,desktop,12,0,0,0.0,18.97,0
INT-002974,CMP-058,C00225,5,20241130,mobile,20,0,0,0.0,31.62,0
INT-002975,CMP-058,C01092,5,20241201,mobile,18,0,0,0.0,28.46,0
INT-002976,CMP-058,C00812,5,20241204,desktop,12,0,0,0.0,18.97,0
INT-002977,CMP-058,C00549,5,20241204,desktop,14,1,1,207.81,22.13,1
INT-002978,CMP-058,C02030,5,20241205,desktop,12,0,1,346.68,18.97,1
INT-002979,CMP-058,C02065,5,20241207,desktop,16,0,0,0.0,25.3,0
INT-002980,CMP-058,C02079,5,20241207,mobile,11,0,0,0.0,17.39,0
INT-002981,CMP-058,C00166,5,20241209,mobile,10,0,0,0.0,15.81,0
INT-002982,CMP-058,C00348,5,20241211,mobile,9,0,0,0.0,14.23,0
INT-002983,CMP-058,C00388,5,20241211,desktop,16,0,2,682.07,25.3,1
INT-002984,CMP-058,C01217,5,20241212,mobile,13,0,0,0.0,20.55,0
INT-002985,CMP-058,C02174,5,20241214,desktop,15,0,0,0.0,23.71,0
INT-002986,CMP-058,C01289,5,20241215,mobile,11,0,0,0.0,17.39,0
INT-002987,CMP-058,C02064,5,20241216,desktop,17,0,2,704.56,26.88,1
INT-002988,CMP-058,C00898,5,20241217,mobile,18,0,1,176.1,28.46,1
INT-002989,CMP-058,C01640,5,20241218,tablet,17,0,0,0.0,26.88,0
INT-002990,CMP-058,C01958,5,20241218,desktop,10,0,0,0.0,15.81,0
INT-002991,CMP-058,C00074,5,20241220,mobile,11,0,0,0.0,17.39,0
INT-002992,CMP-058,C00261,5,20241221,mobile,16,0,0,0.0,25.3,0
INT-002993,CMP-058,C00961,5,20241223,desktop,17,0,1,318.26,26.88,1
INT-002994,CMP-108,C00604,5,20241115,desktop,9,0,0,0.0,10.85,0
INT-002995,CMP-108,C02050,5,20241116,mobile,4,0,0,0.0,4.82,0
INT-002996,CMP-108,C01699,5,20241117,mobile,11,0,0,0.0,13.27,0
INT-002997,CMP-108,C00833,5,20241118,mobile,10,1,1,256.17,12.06,1
INT-002998,CMP-108,C00426,5,20241118,mobile,10,0,0,0.0,12.06,0
INT-002999,CMP-108,C01182,5,20241119,desktop,8,0,0,0.0,9.65,0
INT-003000,CMP-108,C01730,5,20241123,mobile,8,0,0,0.0,9.65,0
INT-003001,CMP-108,C00830,5,20241125,desktop,13,0,0,0.0,15.68,0
INT-003002,CMP-108,C00021,5,20241126,mobile,2,0,0,0.0,2.41,0
INT-003003,CMP-108,C01887,5,20241126,mobile,10,0,0,0.0,12.06,0
INT-003004,CMP-108,C01487,5,20241127,desktop,7,0,0,0.0,8.44,0
INT-003005,CMP-108,C01918,5,20241128,mobile,5,0,0,0.0,6.03,0
INT-003006,CMP-108,C02198,5,20241128,desktop,6,0,0,0.0,7.24,0
INT-003007,CMP-108,C01538,5,20241130,mobile,3,0,0,0.0,3.62,0
INT-003008,CMP-108,C00356,5,20241201,mobile,10,0,0,0.0,12.06,0
INT-003009,CMP-108,C02028,5,20241201,desktop,14,1,2,565.12,16.88,1
INT-003010,CMP-108,C01711,5,20241201,mobile,10,0,0,0.0,12.06,0
INT-003011,CMP-108,C01194,5,20241203,desktop,8,0,0,0.0,9.65,0
INT-003012,CMP-108,C01428,5,20241203,mobile,8,0,0,0.0,9.65,0
INT-003013,CMP-108,C01869,5,20241205,mobile,7,0,0,0.0,8.44,0
INT-003014,CMP-108,C01795,5,20241205,desktop,9,0,0,0.0,10.85,0
INT-003015,CMP-108,C01215,5,20241207,desktop,10,0,1,602.59,12.06,1
INT-003016,CMP-108,C00064,5,20241207,desktop,14,0,0,0.0,16.88,0
INT-003017,CMP-108,C02143,5,20241207,mobile,3,0,0,0.0,3.62,0
INT-003018,CMP-056,C00698,1,20241119,mobile,4,1,0,0.0,9.44,0
INT-003019,CMP-056,C00079,1,20241122,desktop,7,1,1,232.67,16.52,1
INT-003020,CMP-056,C01695,1,20241123,desktop,7,0,0,0.0,16.52,0
INT-003021,CMP-056,C00520,1,20241124,mobile,7,0,0,0.0,16.52,0
INT-003022,CMP-056,C01963,1,20241124,desktop,9,0,0,0.0,21.24,0
INT-003023,CMP-056,C00025,1,20241125,desktop,5,1,1,341.21,11.8,1
INT-003024,CMP-056,C01221,1,20241125,mobile,1,0,0,0.0,2.36,0
INT-003025,CMP-056,C00222,1,20241125,mobile,7,0,0,0.0,16.52,0
INT-003026,CMP-056,C00821,1,20241126,mobile,1,1,1,155.97,2.36,1
INT-003027,CMP-056,C01746,1,20241126,mobile,6,2,0,0.0,14.16,0
INT-003028,CMP-056,C01852,1,20241128,mobile,3,0,0,0.0,7.08,0
INT-003029,CMP-056,C00733,1,20241201,tablet,5,0,0,0.0,11.8,0
INT-003030,CMP-056,C01816,1,20241202,mobile,2,0,0,0.0,4.72,0
INT-003031,CMP-056,C01247,1,20241202,desktop,7,3,2,854.43,16.52,1
INT-003032,CMP-056,C00277,1,20241202,desktop,1,0,0,0.0,2.36,0
INT-003033,CMP-056,C01492,1,20241203,mobile,3,1,0,0.0,7.08,0
INT-003034,CMP-056,C02100,1,20241203,desktop,5,1,0,0.0,11.8,0
INT-003035,CMP-056,C01216,1,20241204,mobile,7,1,1,209.72,16.52,1
INT-003036,CMP-056,C02083,1,20241204,desktop,4,0,0,0.0,9.44,0
INT-003037,CMP-056,C00650,1,20241206,tablet,4,1,1,173.72,9.44,1
INT-003038,CMP-056,C01049,1,20241206,mobile,1,0,0,0.0,2.36,0
INT-003039,CMP-056,C00560,1,20241207,desktop,3,1,0,0.0,7.08,0
INT-003040,CMP-056,C01641,1,20241208,mobile,2,0,0,0.0,4.72,0
INT-003041,CMP-056,C00976,1,20241208,mobile,5,2,2,533.63,11.8,1
INT-003042,CMP-056,C00454,1,20241208,mobile,2,0,0,0.0,4.72,0
INT-003043,CMP-056,C02117,1,20241210,tablet,2,1,1,174.36,4.72,1
INT-003044,CMP-056,C01945,1,20241211,mobile,9,1,0,0.0,21.24,0
INT-003045,CMP-056,C00178,1,20241211,tablet,5,0,0,0.0,11.8,0
INT-003046,CMP-056,C01255,1,20241211,mobile,4,1,1,207.12,9.44,1
INT-003047,CMP-056,C02047,1,20241212,mobile,5,0,0,0.0,11.8,0
INT-003048,CMP-056,C01525,1,20241214,mobile,2,0,0,0.0,4.72,0
INT-003049,CMP-056,C00543,1,20241215,desktop,5,0,0,0.0,11.8,0
INT-003050,CMP-056,C01856,1,20241215,tablet,2,1,0,0.0,4.72,0
INT-003051,CMP-056,C00090,1,20241217,mobile,5,0,0,0.0,11.8,0
INT-003052,CMP-056,C01619,1,20241218,mobile,7,0,0,0.0,16.52,0
INT-003053,CMP-056,C02019,1,20241219,desktop,3,1,1,409.03,7.08,1
INT-003054,CMP-056,C01190,1,20241219,mobile,3,0,0,0.0,7.08,0
INT-003055,CMP-056,C00702,1,20241220,mobile,7,0,0,0.0,16.52,0
INT-003056,CMP-056,C00428,1,20241222,tablet,3,0,0,0.0,7.08,0
INT-003057,CMP-056,C01209,1,20241223,desktop,3,0,0,0.0,7.08,0
INT-003058,CMP-056,C00788,1,20241226,mobile,5,0,0,0.0,11.8,0
INT-003059,CMP-055,C00915,2,20241130,mobile,4,0,0,0.0,2.67,0
INT-003060,CMP-055,C01847,2,20241201,mobile,2,0,0,0.0,1.33,0
INT-003061,CMP-055,C01592,2,20241202,mobile,4,0,0,0.0,2.67,0
INT-003062,CMP-055,C00819,2,20241202,tablet,3,0,0,0.0,2.0,0
INT-003063,CMP-055,C02027,2,20241204,desktop,3,1,1,111.28,2.0,1
INT-003064,CMP-055,C01085,2,20241205,desktop,1,0,0,0.0,0.67,0
INT-003065,CMP-055,C00193,2,20241211,desktop,2,1,0,0.0,1.33,0
INT-003066,CMP-055,C01500,2,20241212,mobile,3,1,0,0.0,2.0,0
INT-003067,CMP-055,C01234,2,20241213,desktop,2,0,0,0.0,1.33,0
INT-003068,CMP-055,C01634,2,20241215,mobile,2,0,0,0.0,1.33,0
INT-003069,CMP-055,C01509,2,20241216,mobile,3,0,0,0.0,2.0,0
INT-003070,CMP-055,C00981,2,20241224,mobile,6,1,0,0.0,4.0,0
INT-003071,CMP-055,C00290,2,20241224,mobile,2,0,0,0.0,1.33,0
INT-003072,CMP-055,C01062,2,20241226,desktop,1,0,0,0.0,0.67,0
INT-003073,CMP-055,C01028,2,20241227,tablet,2,1,1,223.84,1.33,1
INT-003074,CMP-055,C00611,2,20241228,desktop,1,0,0,0.0,0.67,0
INT-003075,CMP-055,C00664,2,20250101,desktop,2,0,0,0.0,1.33,0
INT-003076,CMP-055,C01545,2,20250101,desktop,2,0,0,0.0,1.33,0
INT-003077,CMP-049,C00096,2,20241206,mobile,4,0,0,0.0,3.77,0
INT-003078,CMP-049,C00922,2,20241207,tablet,5,2,0,0.0,4.72,0
INT-003079,CMP-049,C00499,2,20241207,desktop,3,1,0,0.0,2.83,0
INT-003080,CMP-049,C02139,2,20241207,mobile,5,0,0,0.0,4.72,0
INT-003081,CMP-049,C01273,2,20241207,desktop,5,0,0,0.0,4.72,0
INT-003082,CMP-049,C00770,2,20241208,mobile,3,1,0,0.0,2.83,0
INT-003083,CMP-049,C02151,2,20241211,mobile,7,0,0,0.0,6.6,0
INT-003084,CMP-049,C00019,2,20241212,mobile,10,2,1,131.16,9.43,1
INT-003085,CMP-049,C01145,2,20241214,desktop,3,0,0,0.0,2.83,0
INT-003086,CMP-049,C00081,2,20241214,desktop,9,0,0,0.0,8.49,0
INT-003087,CMP-049,C00111,2,20241215,mobile,2,0,0,0.0,1.89,0
INT-003088,CMP-049,C00342,2,20241215,desktop,5,0,0,0.0,4.72,0
INT-003089,CMP-049,C01043,2,20241215,mobile,5,0,0,0.0,4.72,0
INT-003090,CMP-049,C00800,2,20241216,mobile,8,1,0,0.0,7.55,0
INT-003091,CMP-049,C01261,2,20241216,tablet,2,0,0,0.0,1.89,0
INT-003092,CMP-049,C00834,2,20241217,desktop,3,1,0,0.0,2.83,0
INT-003093,CMP-049,C01374,2,20241217,mobile,2,0,0,0.0,1.89,0
INT-003094,CMP-049,C01932,2,20241217,mobile,5,0,0,0.0,4.72,0
INT-003095,CMP-049,C01861,2,20241217,mobile,6,0,0,0.0,5.66,0
INT-003096,CMP-049,C02128,2,20241218,mobile,8,1,0,0.0,7.55,0
INT-003097,CMP-049,C00526,2,20241218,mobile,9,1,0,0.0,8.49,0
INT-003098,CMP-049,C00868,2,20241218,desktop,3,0,0,0.0,2.83,0
INT-003099,CMP-049,C00394,2,20241220,mobile,3,0,0,0.0,2.83,0
INT-003100,CMP-049,C01006,2,20241223,desktop,5,1,1,278.39,4.72,1
INT-003101,CMP-049,C00598,2,20241225,mobile,3,0,0,0.0,2.83,0
INT-003102,CMP-049,C00410,2,20241227,mobile,3,0,0,0.0,2.83,0
INT-003103,CMP-049,C00755,2,20241227,mobile,4,0,0,0.0,3.77,0
INT-003104,CMP-049,C01067,2,20241227,mobile,4,0,0,0.0,3.77,0
INT-003105,CMP-049,C01537,2,20241227,mobile,6,1,0,0.0,5.66,0
INT-003106,CMP-049,C01026,2,20241228,mobile,2,0,0,0.0,1.89,0
INT-003107,CMP-049,C00121,2,20241229,mobile,1,0,0,0.0,0.94,0
INT-003108,CMP-049,C01801,2,20241229,tablet,2,0,0,0.0,1.89,0
INT-003109,CMP-049,C00041,2,20241229,mobile,4,0,0,0.0,3.77,0
INT-003110,CMP-049,C00538,2,20241229,mobile,6,0,0,0.0,5.66,0
INT-003111,CMP-049,C01147,2,20241229,mobile,4,0,0,0.0,3.77,0
INT-003112,CMP-030,C00937,5,20241212,mobile,17,0,0,0.0,27.99,0
INT-003113,CMP-030,C01961,5,20241212,mobile,23,0,0,0.0,37.87,0
INT-003114,CMP-030,C01872,5,20241212,mobile,24,0,1,358.72,39.51,1
INT-003115,CMP-030,C02183,5,20241212,mobile,18,0,0,0.0,29.64,0
INT-003116,CMP-030,C00093,5,20241213,mobile,13,0,1,409.82,21.4,1
INT-003117,CMP-030,C01746,5,20241214,mobile,12,0,0,0.0,19.76,0
INT-003118,CMP-030,C00025,5,20241214,desktop,25,0,1,482.69,41.16,1
INT-003119,CMP-030,C01740,5,20241217,mobile,18,0,0,0.0,29.64,0
INT-003120,CMP-030,C01476,5,20241217,mobile,22,0,1,590.99,36.22,1
INT-003121,CMP-030,C00095,5,20241218,mobile,16,0,0,0.0,26.34,0
INT-003122,CMP-030,C00736,5,20241218,desktop,14,0,0,0.0,23.05,0
INT-003123,CMP-030,C02061,5,20241218,desktop,13,0,0,0.0,21.4,0
INT-003124,CMP-030,C01558,5,20241220,mobile,20,0,0,0.0,32.93,0
INT-003125,CMP-030,C00602,5,20241221,mobile,18,0,0,0.0,29.64,0
INT-003126,CMP-030,C00220,5,20241223,mobile,15,0,0,0.0,24.7,0
INT-003127,CMP-030,C00102,5,20241223,desktop,15,1,0,0.0,24.7,0
INT-003128,CMP-030,C02102,5,20241224,mobile,20,0,0,0.0,32.93,0
INT-003129,CMP-030,C00496,5,20241224,desktop,19,0,1,285.73,31.28,1
INT-003130,CMP-030,C01066,5,20241225,mobile,10,0,0,0.0,16.46,0
INT-003131,CMP-030,C01396,5,20241226,mobile,17,0,0,0.0,27.99,0
INT-003132,CMP-030,C00136,5,20241226,mobile,25,1,0,0.0,41.16,0
INT-003133,CMP-030,C00158,5,20241226,tablet,15,0,0,0.0,24.7,0
INT-003134,CMP-030,C00200,5,20241226,tablet,26,0,1,182.9,42.81,1
INT-003135,CMP-030,C00033,5,20241228,desktop,19,0,0,0.0,31.28,0
INT-003136,CMP-030,C01931,5,20241230,mobile,15,1,0,0.0,24.7,0
INT-003137,CMP-030,C01883,5,20241230,mobile,16,0,2,744.4,26.34,1
INT-003138,CMP-030,C01202,5,20241230,desktop,18,0,1,356.31,29.64,1
INT-003139,CMP-030,C00899,5,20241231,mobile,14,0,0,0.0,23.05,0
INT-003140,CMP-030,C01524,5,20241231,mobile,18,0,0,0.0,29.64,0
INT-003141,CMP-030,C02154,5,20250101,mobile,16,0,0,0.0,26.34,0
INT-003142,CMP-030,C00614,5,20250101,mobile,27,0,0,0.0,44.45,0
INT-003143,CMP-030,C01669,5,20250101,mobile,25,0,0,0.0,41.16,0
INT-003144,CMP-030,C00318,5,20250102,mobile,17,0,0,0.0,27.99,0
INT-003145,CMP-030,C00001,5,20250102,mobile,18,0,0,0.0,29.64,0
INT-003146,CMP-030,C00168,5,20250102,mobile,19,0,0,0.0,31.28,0
INT-003147,CMP-030,C00722,5,20250103,desktop,26,1,1,396.44,42.81,1
INT-003148,CMP-030,C00267,5,20250103,mobile,15,0,0,0.0,24.7,0
INT-003149,CMP-030,C00730,5,20250104,mobile,13,0,0,0.0,21.4,0
INT-003150,CMP-030,C00840,5,20250104,mobile,17,1,0,0.0,27.99,0
INT-003151,CMP-030,C01449,5,20250106,mobile,15,0,1,241.09,24.7,1
INT-003152,CMP-030,C00587,5,20250106,mobile,17,0,0,0.0,27.99,0
INT-003153,CMP-030,C00164,5,20250106,mobile,15,0,1,189.18,24.7,1
INT-003154,CMP-030,C01842,5,20250107,tablet,18,0,0,0.0,29.64,0
INT-003155,CMP-030,C00646,5,20250108,mobile,16,0,0,0.0,26.34,0
INT-003156,CMP-030,C01323,5,20250109,mobile,13,0,0,0.0,21.4,0
INT-003157,CMP-030,C00259,5,20250109,tablet,9,1,0,0.0,14.82,0
INT-003158,CMP-030,C01984,5,20250109,desktop,20,0,0,0.0,32.93,0
INT-003159,CMP-030,C01158,5,20250110,mobile,17,0,0,0.0,27.99,0
INT-003160,CMP-030,C00170,5,20250111,mobile,16,0,0,0.0,26.34,0
INT-003161,CMP-030,C01637,5,20250111,mobile,12,0,0,0.0,19.76,0
INT-003162,CMP-030,C00188,5,20250113,desktop,15,0,0,0.0,24.7,0
INT-003163,CMP-030,C00888,5,20250115,desktop,14,0,1,262.27,23.05,1
INT-003164,CMP-008,C01947,1,20241213,desktop,5,1,1,204.55,9.91,1
INT-003165,CMP-008,C01062,1,20241213,mobile,3,1,0,0.0,5.95,0
INT-003166,CMP-008,C01393,1,20241213,tablet,3,0,0,0.0,5.95,0
INT-003167,CMP-008,C01824,1,20241213,mobile,3,1,0,0.0,5.95,0
INT-003168,CMP-008,C02075,1,20241214,mobile,6,1,0,0.0,11.9,0
INT-003169,CMP-008,C00659,1,20241214,mobile,3,0,0,0.0,5.95,0
INT-003170,CMP-008,C01401,1,20241214,desktop,2,1,1,142.0,3.97,1
INT-003171,CMP-008,C00428,1,20241215,tablet,2,0,0,0.0,3.97,0
INT-003172,CMP-008,C01459,1,20241215,desktop,3,1,0,0.0,5.95,0
INT-003173,CMP-008,C01847,1,20241215,mobile,2,0,0,0.0,3.97,0
INT-003174,CMP-008,C00613,1,20241216,mobile,2,0,0,0.0,3.97,0
INT-003175,CMP-008,C02179,1,20241219,mobile,1,0,0,0.0,1.98,0
INT-003176,CMP-008,C01646,1,20241220,mobile,2,1,0,0.0,3.97,0
INT-003177,CMP-008,C00275,1,20241222,mobile,2,0,0,0.0,3.97,0
INT-003178,CMP-008,C00750,1,20241222,mobile,1,0,0,0.0,1.98,0
INT-003179,CMP-008,C01003,1,20241223,mobile,2,0,0,0.0,3.97,0
INT-003180,CMP-008,C01675,1,20241224,mobile,3,0,0,0.0,5.95,0
INT-003181,CMP-008,C01552,1,20241224,tablet,4,0,0,0.0,7.93,0
INT-003182,CMP-008,C01955,1,20241224,desktop,2,0,0,0.0,3.97,0
INT-003183,CMP-008,C01758,1,20241224,desktop,3,1,1,144.53,5.95,1
INT-003184,CMP-008,C00188,1,20241224,desktop,4,1,1,240.98,7.93,1
INT-003185,CMP-008,C01167,1,20241226,mobile,3,0,0,0.0,5.95,0
INT-003186,CMP-008,C00403,1,20241226,mobile,5,1,1,187.59,9.91,1
INT-003187,CMP-008,C00240,1,20241227,desktop,4,1,1,209.91,7.93,1
INT-003188,CMP-008,C01355,1,20241227,desktop,3,1,0,0.0,5.95,0
INT-003189,CMP-008,C00026,1,20241228,mobile,2,0,0,0.0,3.97,0
INT-003190,CMP-008,C01379,1,20241228,tablet,1,0,0,0.0,1.98,0
INT-003191,CMP-008,C01637,1,20241228,mobile,1,0,0,0.0,1.98,0
INT-003192,CMP-008,C02116,1,20241229,mobile,4,0,0,0.0,7.93,0
INT-003193,CMP-008,C01238,1,20241230,mobile,2,0,0,0.0,3.97,0
INT-003194,CMP-008,C02038,1,20241230,mobile,3,0,0,0.0,5.95,0
INT-003195,CMP-008,C01036,1,20241231,desktop,3,1,1,280.66,5.95,1
INT-003196,CMP-008,C00306,1,20241231,mobile,3,0,0,0.0,5.95,0
INT-003197,CMP-008,C02122,1,20241231,tablet,2,0,0,0.0,3.97,0
INT-003198,CMP-008,C01013,1,20250101,desktop,1,1,1,269.11,1.98,1
INT-003199,CMP-008,C00774,1,20250101,mobile,4,0,0,0.0,7.93,0
INT-003200,CMP-008,C01856,1,20250102,mobile,5,0,0,0.0,9.91,0
INT-003201,CMP-008,C02190,1,20250102,desktop,2,0,0,0.0,3.97,0
INT-003202,CMP-008,C00910,1,20250102,mobile,5,1,0,0.0,9.91,0
INT-003203,CMP-008,C01160,1,20250102,mobile,1,1,0,0.0,1.98,0
INT-003204,CMP-008,C00285,1,20250104,desktop,1,0,0,0.0,1.98,0
INT-003205,CMP-008,C01179,1,20250104,desktop,3,1,1,143.51,5.95,1
INT-003206,CMP-064,C01558,2,20241223,tablet,1,0,0,0.0,0.85,0
INT-003207,CMP-064,C00923,2,20241223,mobile,3,0,0,0.0,2.55,0
INT-003208,CMP-064,C00984,2,20241223,mobile,3,0,0,0.0,2.55,0
INT-003209,CMP-064,C00284,2,20241224,desktop,3,0,0,0.0,2.55,0
INT-003210,CMP-064,C00019,2,20241224,mobile,5,0,0,0.0,4.26,0
INT-003211,CMP-064,C00711,2,20241225,mobile,1,0,0,0.0,0.85,0
INT-003212,CMP-064,C00733,2,20241225,desktop,5,0,0,0.0,4.26,0
INT-003213,CMP-064,C00601,2,20241225,mobile,4,1,1,188.34,3.4,1
INT-003214,CMP-064,C00877,2,20241225,desktop,7,1,1,134.54,5.96,1
INT-003215,CMP-064,C01818,2,20241225,mobile,2,0,0,0.0,1.7,0
INT-003216,CMP-064,C00225,2,20241225,mobile,4,0,0,0.0,3.4,0
INT-003217,CMP-064,C00436,2,20241226,desktop,4,0,0,0.0,3.4,0
INT-003218,CMP-064,C00789,2,20241226,mobile,3,0,0,0.0,2.55,0
INT-003219,CMP-064,C00117,2,20241226,desktop,4,0,0,0.0,3.4,0
INT-003220,CMP-064,C00263,2,20241226,desktop,3,0,0,0.0,2.55,0
INT-003221,CMP-064,C00490,2,20241226,mobile,4,2,2,413.72,3.4,1
INT-003222,CMP-064,C01016,2,20241226,desktop,6,1,0,0.0,5.11,0
INT-003223,CMP-064,C00474,2,20241226,desktop,3,0,0,0.0,2.55,0
INT-003224,CMP-064,C01123,2,20241227,mobile,3,0,0,0.0,2.55,0
INT-003225,CMP-064,C00599,2,20241228,desktop,7,0,0,0.0,5.96,0
INT-003226,CMP-064,C01396,2,20241228,mobile,5,0,0,0.0,4.26,0
INT-003227,CMP-064,C01140,2,20241228,mobile,6,2,0,0.0,5.11,0
INT-003228,CMP-064,C02199,2,20241228,desktop,2,0,0,0.0,1.7,0
INT-003229,CMP-064,C00161,2,20241228,mobile,4,2,2,362.5,3.4,1
INT-003230,CMP-064,C01922,2,20241228,tablet,3,0,0,0.0,2.55,0
INT-003231,CMP-064,C01383,2,20241228,mobile,3,0,0,0.0,2.55,0
INT-003232,CMP-064,C00011,2,20241229,mobile,3,0,0,0.0,2.55,0
INT-003233,CMP-064,C01328,2,20241229,mobile,3,0,0,0.0,2.55,0
INT-003234,CMP-064,C01177,2,20241229,desktop,5,0,0,0.0,4.26,0
INT-003235,CMP-064,C00200,2,20241229,mobile,5,1,0,0.0,4.26,0
INT-003236,CMP-064,C02166,2,20241229,mobile,3,0,0,0.0,2.55,0
INT-003237,CMP-064,C01498,2,20241229,mobile,2,0,0,0.0,1.7,0
INT-003238,CMP-064,C01602,2,20241229,mobile,4,0,0,0.0,3.4,0
INT-003239,CMP-064,C00341,2,20241230,mobile,2,0,0,0.0,1.7,0
INT-003240,CMP-064,C01116,2,20241230,mobile,5,0,0,0.0,4.26,0
INT-003241,CMP-064,C01072,2,20241230,mobile,2,0,0,0.0,1.7,0
INT-003242,CMP-064,C01247,2,20241230,mobile,1,0,0,0.0,0.85,0
INT-003243,CMP-064,C01944,2,20241231,mobile,2,0,0,0.0,1.7,0
INT-003244,CMP-064,C01812,2,20241231,desktop,4,1,0,0.0,3.4,0
INT-003245,CMP-064,C00751,2,20241231,mobile,6,1,1,201.53,5.11,1
INT-003246,CMP-064,C02083,2,20250101,mobile,7,1,0,0.0,5.96,0
INT-003247,CMP-064,C01560,2,20250101,desktop,5,0,0,0.0,4.26,0
INT-003248,CMP-064,C00785,2,20250101,mobile,7,1,0,0.0,5.96,0
INT-003249,CMP-064,C01524,2,20250101,mobile,4,0,0,0.0,3.4,0
INT-003250,CMP-064,C01618,2,20250101,mobile,3,1,0,0.0,2.55,0
INT-003251,CMP-064,C01411,2,20250101,desktop,2,0,0,0.0,1.7,0
INT-003252,CMP-064,C01994,2,20250102,mobile,4,0,0,0.0,3.4,0
INT-003253,CMP-064,C01452,2,20250102,mobile,4,1,0,0.0,3.4,0
INT-003254,CMP-064,C00163,2,20250102,mobile,1,1,0,0.0,0.85,0
INT-003255,CMP-064,C00188,2,20250102,desktop,1,0,0,0.0,0.85,0
INT-003256,CMP-064,C01553,2,20250102,mobile,4,0,0,0.0,3.4,0
INT-003257,CMP-064,C00006,2,20250102,mobile,1,0,0,0.0,0.85,0
INT-003258,CMP-109,C00673,1,20241225,desktop,7,1,0,0.0,20.4,0
INT-003259,CMP-109,C01538,1,20241225,mobile,6,1,1,126.17,17.49,1
INT-003260,CMP-109,C01229,1,20241226,tablet,11,0,0,0.0,32.06,0
INT-003261,CMP-109,C01950,1,20241227,mobile,5,0,0,0.0,14.57,0
INT-003262,CMP-109,C00087,1,20241227,desktop,5,0,0,0.0,14.57,0
INT-003263,CMP-109,C00780,1,20241228,tablet,5,1,1,229.78,14.57,1
INT-003264,CMP-109,C00947,1,20241228,mobile,9,2,0,0.0,26.23,0
INT-003265,CMP-109,C01226,1,20241229,mobile,11,0,0,0.0,32.06,0
INT-003266,CMP-109,C01954,1,20241229,mobile,4,0,0,0.0,11.66,0
INT-003267,CMP-109,C00903,1,20241230,mobile,9,1,0,0.0,26.23,0
INT-003268,CMP-109,C00052,1,20241230,desktop,12,0,0,0.0,34.98,0
INT-003269,CMP-109,C02070,1,20241230,mobile,7,0,0,0.0,20.4,0
INT-003270,CMP-109,C00861,1,20250101,desktop,3,1,0,0.0,8.74,0
INT-003271,CMP-109,C01322,1,20250101,mobile,6,1,0,0.0,17.49,0
INT-003272,CMP-109,C01763,1,20250102,mobile,9,1,0,0.0,26.23,0
INT-003273,CMP-109,C00412,1,20250102,mobile,5,0,0,0.0,14.57,0
INT-003274,CMP-109,C01684,1,20250102,desktop,6,1,0,0.0,17.49,0
INT-003275,CMP-109,C00200,1,20250102,mobile,6,2,2,492.14,17.49,1
INT-003276,CMP-109,C01212,1,20250102,mobile,5,0,0,0.0,14.57,0
INT-003277,CMP-109,C00551,1,20250103,mobile,8,2,0,0.0,23.32,0
INT-003278,CMP-109,C00968,1,20250104,desktop,4,0,0,0.0,11.66,0
INT-003279,CMP-109,C00324,1,20250104,tablet,6,1,1,234.97,17.49,1
INT-003280,CMP-109,C02126,1,20250104,mobile,7,0,0,0.0,20.4,0
INT-003281,CMP-109,C00281,1,20250104,mobile,5,0,0,0.0,14.57,0
INT-003282,CMP-109,C01546,1,20250105,mobile,7,0,0,0.0,20.4,0
INT-003283,CMP-109,C01080,1,20250105,mobile,7,0,0,0.0,20.4,0
INT-003284,CMP-109,C00001,1,20250105,desktop,8,1,0,0.0,23.32,0
INT-003285,CMP-109,C00837,1,20250105,mobile,4,0,0,0.0,11.66,0
INT-003286,CMP-109,C01643,1,20250106,mobile,3,0,0,0.0,8.74,0
INT-003287,CMP-109,C02102,1,20250106,mobile,6,1,0,0.0,17.49,0
INT-003288,CMP-109,C02145,1,20250106,mobile,5,1,0,0.0,14.57,0
INT-003289,CMP-109,C01047,1,20250106,mobile,9,0,0,0.0,26.23,0
INT-003290,CMP-109,C01902,1,20250106,desktop,7,1,1,231.68,20.4,1
INT-003291,CMP-109,C02037,1,20250107,desktop,8,0,0,0.0,23.32,0
INT-003292,CMP-109,C00530,1,20250107,mobile,6,0,0,0.0,17.49,0
INT-003293,CMP-109,C01189,1,20250107,desktop,6,0,0,0.0,17.49,0
INT-003294,CMP-109,C00769,1,20250108,mobile,5,1,0,0.0,14.57,0
INT-003295,CMP-109,C01331,1,20250108,mobile,4,1,1,262.25,11.66,1
INT-003296,CMP-109,C00116,1,20250109,desktop,4,1,0,0.0,11.66,0
INT-003297,CMP-109,C01190,1,20250110,mobile,6,1,1,175.55,17.49,1
INT-003298,CMP-109,C01413,1,20250110,mobile,7,1,0,0.0,20.4,0
INT-003299,CMP-109,C02077,1,20250111,tablet,4,1,1,181.74,11.66,1
INT-003300,CMP-109,C01445,1,20250111,mobile,1,0,0,0.0,2.91,0
INT-003301,CMP-109,C01146,1,20250111,mobile,3,2,0,0.0,8.74,0
INT-003302,CMP-109,C01400,1,20250111,desktop,6,1,0,0.0,17.49,0
INT-003303,CMP-109,C01295,1,20250112,desktop,3,0,0,0.0,8.74,0
INT-003304,CMP-109,C01997,1,20250112,desktop,11,1,0,0.0,32.06,0
INT-003305,CMP-109,C00275,1,20250112,mobile,4,0,0,0.0,11.66,0
INT-003306,CMP-109,C01660,1,20250112,tablet,4,0,0,0.0,11.66,0
INT-003307,CMP-109,C01731,1,20250113,mobile,6,0,0,0.0,17.49,0
INT-003308,CMP-109,C00632,1,20250113,mobile,3,0,0,0.0,8.74,0
INT-003309,CMP-109,C01878,1,20250113,desktop,7,1,1,142.91,20.4,1
INT-003310,CMP-109,C01676,1,20250114,mobile,7,1,1,239.94,20.4,1
INT-003311,CMP-109,C01847,1,20250114,desktop,4,0,0,0.0,11.66,0
INT-003312,CMP-109,C00449,1,20250114,mobile,6,1,0,0.0,17.49,0
INT-003313,CMP-109,C00074,1,20250115,mobile,6,0,0,0.0,17.49,0
INT-003314,CMP-109,C00736,1,20250115,desktop,6,0,0,0.0,17.49,0
INT-003315,CMP-109,C01968,1,20250116,desktop,7,2,2,382.97,20.4,1
INT-003316,CMP-109,C01760,1,20250116,desktop,4,0,0,0.0,11.66,0
INT-003317,CMP-109,C01915,1,20250116,mobile,5,1,0,0.0,14.57,0
INT-003318,CMP-109,C02045,1,20250116,desktop,5,0,0,0.0,14.57,0
INT-003319,CMP-109,C01887,1,20250116,mobile,9,1,1,207.62,26.23,1
INT-003320,CMP-109,C02078,1,20250117,mobile,7,2,0,0.0,20.4,0
INT-003321,CMP-109,C01255,1,20250117,tablet,5,1,1,240.71,14.57,1
INT-003322,CMP-109,C00686,1,20250117,desktop,9,0,0,0.0,26.23,0
INT-003323,CMP-109,C01789,1,20250119,tablet,5,1,0,0.0,14.57,0
INT-003324,CMP-109,C00659,1,20250119,mobile,6,1,0,0.0,17.49,0
INT-003325,CMP-109,C02116,1,20250120,desktop,8,2,0,0.0,23.32,0
INT-003326,CMP-109,C00809,1,20250120,mobile,8,2,1,120.04,23.32,1
INT-003327,CMP-109,C01817,1,20250120,mobile,3,0,0,0.0,8.74,0
INT-003328,CMP-109,C00379,1,20250121,mobile,7,2,1,147.86,20.4,1
INT-003329,CMP-109,C00219,1,20250121,mobile,3,1,1,115.41,8.74,1
INT-003330,CMP-109,C00851,1,20250122,desktop,4,1,1,197.99,11.66,1
INT-003331,CMP-109,C01098,1,20250122,desktop,7,0,0,0.0,20.4,0
INT-003332,CMP-075,C01536,2,20250103,tablet,2,0,0,0.0,1.47,0
INT-003333,CMP-075,C00065,2,20250103,tablet,2,0,0,0.0,1.47,0
INT-003334,CMP-075,C01646,2,20250104,mobile,3,0,0,0.0,2.21,0
INT-003335,CMP-075,C00312,2,20250105,mobile,1,0,0,0.0,0.74,0
INT-003336,CMP-075,C00832,2,20250105,desktop,1,0,0,0.0,0.74,0
INT-003337,CMP-075,C02018,2,20250106,desktop,2,0,0,0.0,1.47,0
INT-003338,CMP-075,C00315,2,20250108,mobile,3,1,0,0.0,2.21,0
INT-003339,CMP-075,C02023,2,20250108,tablet,5,0,0,0.0,3.68,0
INT-003340,CMP-075,C00998,2,20250108,mobile,2,0,0,0.0,1.47,0
INT-003341,CMP-075,C02014,2,20250109,tablet,1,0,0,0.0,0.74,0
INT-003342,CMP-075,C01286,2,20250109,mobile,2,1,1,301.26,1.47,1
INT-003343,CMP-075,C00246,2,20250110,mobile,3,0,0,0.0,2.21,0
INT-003344,CMP-075,C00142,2,20250110,mobile,1,0,0,0.0,0.74,0
INT-003345,CMP-075,C02087,2,20250111,mobile,2,0,0,0.0,1.47,0
INT-003346,CMP-075,C01976,2,20250111,mobile,1,1,0,0.0,0.74,0
INT-003347,CMP-075,C00435,2,20250111,desktop,2,1,0,0.0,1.47,0
INT-003348,CMP-075,C01639,2,20250112,mobile,2,0,0,0.0,1.47,0
INT-003349,CMP-075,C02058,2,20250112,mobile,1,0,0,0.0,0.74,0
INT-003350,CMP-075,C01285,2,20250113,desktop,1,0,0,0.0,0.74,0
INT-003351,CMP-075,C02024,2,20250113,mobile,2,1,1,205.04,1.47,1
INT-003352,CMP-075,C01545,2,20250115,mobile,1,0,0,0.0,0.74,0
INT-003353,CMP-075,C00540,2,20250116,desktop,3,1,0,0.0,2.21,0
INT-003354,CMP-075,C00534,2,20250117,mobile,3,0,0,0.0,2.21,0
INT-003355,CMP-075,C00608,2,20250117,desktop,2,0,0,0.0,1.47,0
INT-003356,CMP-075,C01348,2,20250117,mobile,2,0,0,0.0,1.47,0
INT-003357,CMP-075,C00332,2,20250117,mobile,4,0,0,0.0,2.95,0
INT-003358,CMP-075,C00937,2,20250117,mobile,2,0,0,0.0,1.47,0
INT-003359,CMP-075,C00233,2,20250117,desktop,1,0,0,0.0,0.74,0
INT-003360,CMP-075,C01395,2,20250118,tablet,3,0,0,0.0,2.21,0
INT-003361,CMP-075,C01898,2,20250118,mobile,1,0,0,0.0,0.74,0
INT-003362,CMP-075,C00017,2,20250120,desktop,3,0,0,0.0,2.21,0
INT-003363,CMP-075,C00763,2,20250120,mobile,2,0,0,0.0,1.47,0
INT-003364,CMP-075,C02166,2,20250120,mobile,1,0,0,0.0,0.74,0
INT-003365,CMP-075,C01882,2,20250121,mobile,2,1,1,192.5,1.47,1
INT-003366,CMP-075,C01030,2,20250122,mobile,1,0,0,0.0,0.74,0
INT-003367,CMP-075,C00011,2,20250123,tablet,2,0,0,0.0,1.47,0
INT-003368,CMP-075,C00754,2,20250124,mobile,2,1,1,197.03,1.47,1
INT-003369,CMP-075,C02031,2,20250124,mobile,3,1,0,0.0,2.21,0
INT-003370,CMP-075,C00751,2,20250124,mobile,5,1,1,306.57,3.68,1
INT-003371,CMP-075,C00459,2,20250126,mobile,2,0,0,0.0,1.47,0
INT-003372,CMP-075,C00318,2,20250129,mobile,3,0,0,0.0,2.21,0
INT-003373,CMP-075,C02125,2,20250129,desktop,2,0,0,0.0,1.47,0
INT-003374,CMP-075,C00928,2,20250129,mobile,2,1,0,0.0,1.47,0
INT-003375,CMP-075,C00357,2,20250130,desktop,3,0,0,0.0,2.21,0
INT-003376,CMP-075,C00715,2,20250131,mobile,1,0,0,0.0,0.74,0
INT-003377,CMP-102,C00127,4,20250104,mobile,12,0,0,0.0,4.69,0
INT-003378,CMP-102,C00165,4,20250104,mobile,10,0,0,0.0,3.91,0
INT-003379,CMP-102,C01603,4,20250104,desktop,9,0,0,0.0,3.52,0
INT-003380,CMP-102,C02163,4,20250105,desktop,13,0,0,0.0,5.08,0
INT-003381,CMP-102,C00916,4,20250105,desktop,14,0,0,0.0,5.47,0
INT-003382,CMP-102,C02095,4,20250107,mobile,21,0,0,0.0,8.21,0
INT-003383,CMP-102,C00748,4,20250107,mobile,19,0,0,0.0,7.43,0
INT-003384,CMP-102,C00616,4,20250108,mobile,12,0,0,0.0,4.69,0
INT-003385,CMP-102,C01831,4,20250108,mobile,13,0,0,0.0,5.08,0
INT-003386,CMP-102,C00778,4,20250108,mobile,13,0,0,0.0,5.08,0
INT-003387,CMP-102,C00652,4,20250108,desktop,15,0,0,0.0,5.87,0
INT-003388,CMP-102,C00011,4,20250108,mobile,11,0,0,0.0,4.3,0
INT-003389,CMP-102,C01292,4,20250108,mobile,11,1,0,0.0,4.3,0
INT-003390,CMP-102,C00556,4,20250109,mobile,9,0,0,0.0,3.52,0
INT-003391,CMP-102,C01024,4,20250109,desktop,11,1,1,116.78,4.3,1
INT-003392,CMP-102,C01613,4,20250110,desktop,12,0,0,0.0,4.69,0
INT-003393,CMP-102,C01351,4,20250110,mobile,9,0,0,0.0,3.52,0
INT-003394,CMP-102,C00572,4,20250110,mobile,17,0,0,0.0,6.65,0
INT-003395,CMP-102,C01656,4,20250112,mobile,5,0,0,0.0,1.96,0
INT-003396,CMP-102,C00428,4,20250112,tablet,12,1,0,0.0,4.69,0
INT-003397,CMP-102,C02032,4,20250112,desktop,14,0,0,0.0,5.47,0
INT-003398,CMP-102,C01914,4,20250112,mobile,11,0,0,0.0,4.3,0
INT-003399,CMP-102,C00439,4,20250112,mobile,23,0,0,0.0,8.99,0
INT-003400,CMP-102,C01589,4,20250112,desktop,12,0,0,0.0,4.69,0
INT-003401,CMP-102,C00312,4,20250112,mobile,22,0,0,0.0,8.6,0
INT-003402,CMP-102,C00741,4,20250112,mobile,11,0,0,0.0,4.3,0
INT-003403,CMP-102,C00303,4,20250112,mobile,17,1,0,0.0,6.65,0
INT-003404,CMP-073,C00643,1,20250105,desktop,6,0,0,0.0,14.54,0
INT-003405,CMP-073,C00730,1,20250105,mobile,6,1,0,0.0,14.54,0
INT-003406,CMP-073,C00388,1,20250105,desktop,7,0,0,0.0,16.96,0
INT-003407,CMP-073,C00972,1,20250105,desktop,4,2,0,0.0,9.69,0
INT-003408,CMP-073,C01225,1,20250106,mobile,4,0,0,0.0,9.69,0
INT-003409,CMP-073,C01133,1,20250106,mobile,2,0,0,0.0,4.85,0
INT-003410,CMP-073,C00532,1,20250106,mobile,5,1,0,0.0,12.12,0
INT-003411,CMP-073,C00774,1,20250106,mobile,8,0,0,0.0,19.39,0
INT-003412,CMP-073,C01260,1,20250107,mobile,5,0,0,0.0,12.12,0
INT-003413,CMP-073,C00781,1,20250108,desktop,2,0,0,0.0,4.85,0
INT-003414,CMP-073,C00994,1,20250108,desktop,5,1,0,0.0,12.12,0
INT-003415,CMP-073,C01777,1,20250108,desktop,9,3,0,0.0,21.81,0
INT-003416,CMP-073,C01050,1,20250109,desktop,7,1,0,0.0,16.96,0
INT-003417,CMP-073,C00449,1,20250109,mobile,6,0,0,0.0,14.54,0
INT-003418,CMP-073,C00184,1,20250110,mobile,4,0,0,0.0,9.69,0
INT-003419,CMP-073,C01004,1,20250110,mobile,6,0,0,0.0,14.54,0
INT-003420,CMP-073,C00130,1,20250110,desktop,3,0,0,0.0,7.27,0
INT-003421,CMP-073,C00735,1,20250110,mobile,10,3,0,0.0,24.23,0
INT-003422,CMP-073,C00329,1,20250111,desktop,6,0,0,0.0,14.54,0
INT-003423,CMP-073,C02175,1,20250111,desktop,6,0,0,0.0,14.54,0
INT-003424,CMP-073,C01486,1,20250112,mobile,4,0,0,0.0,9.69,0
INT-003425,CMP-073,C00779,1,20250112,desktop,4,1,0,0.0,9.69,0
INT-003426,CMP-073,C01235,1,20250112,mobile,2,0,0,0.0,4.85,0
INT-003427,CMP-073,C02110,1,20250112,mobile,4,0,0,0.0,9.69,0
INT-003428,CMP-073,C02193,1,20250113,mobile,4,0,0,0.0,9.69,0
INT-003429,CMP-073,C00398,1,20250113,mobile,2,1,0,0.0,4.85,0
INT-003430,CMP-073,C00783,1,20250114,desktop,6,2,0,0.0,14.54,0
INT-003431,CMP-073,C00099,1,20250115,mobile,5,0,0,0.0,12.12,0
INT-003432,CMP-073,C01019,1,20250115,desktop,6,1,1,235.6,14.54,1
INT-003433,CMP-073,C01628,1,20250116,desktop,2,0,0,0.0,4.85,0
INT-003434,CMP-073,C01229,1,20250118,tablet,4,0,0,0.0,9.69,0
INT-003435,CMP-073,C00454,1,20250118,mobile,2,0,0,0.0,4.85,0
INT-003436,CMP-073,C01222,1,20250118,mobile,3,0,0,0.0,7.27,0
INT-003437,CMP-073,C00951,1,20250119,tablet,3,0,0,0.0,7.27,0
INT-003438,CMP-073,C00710,1,20250119,desktop,3,1,1,258.11,7.27,1
INT-003439,CMP-073,C01483,1,20250119,desktop,4,2,0,0.0,9.69,0
INT-003440,CMP-073,C00559,1,20250120,mobile,4,0,0,0.0,9.69,0
INT-003441,CMP-073,C01086,1,20250121,mobile,2,0,0,0.0,4.85,0
INT-003442,CMP-073,C01987,1,20250121,desktop,5,0,0,0.0,12.12,0
INT-003443,CMP-073,C01484,1,20250122,desktop,2,0,0,0.0,4.85,0
INT-003444,CMP-073,C01157,1,20250124,desktop,4,1,0,0.0,9.69,0
INT-003445,CMP-073,C00073,1,20250125,tablet,4,1,0,0.0,9.69,0
INT-003446,CMP-073,C01782,1,20250125,mobile,3,1,0,0.0,7.27,0
INT-003447,CMP-073,C00732,1,20250126,mobile,2,0,0,0.0,4.85,0
INT-003448,CMP-073,C00790,1,20250126,desktop,10,0,0,0.0,24.23,0
INT-003449,CMP-073,C01055,1,20250126,mobile,6,0,0,0.0,14.54,0
INT-003450,CMP-073,C01963,1,20250127,desktop,3,0,0,0.0,7.27,0
INT-003451,CMP-073,C01201,1,20250127,mobile,6,1,0,0.0,14.54,0
INT-003452,CMP-073,C01993,1,20250127,mobile,3,0,0,0.0,7.27,0
INT-003453,CMP-073,C01475,1,20250128,tablet,5,2,1,335.6,12.12,1
INT-003454,CMP-073,C00012,1,20250129,desktop,5,0,0,0.0,12.12,0
INT-003455,CMP-073,C00935,1,20250129,mobile,6,0,0,0.0,14.54,0
INT-003456,CMP-073,C00141,1,20250130,mobile,6,1,0,0.0,14.54,0
INT-003457,CMP-073,C00910,1,20250131,desktop,4,0,0,0.0,9.69,0
INT-003458,CMP-073,C01354,1,20250131,mobile,8,0,0,0.0,19.39,0
INT-003459,CMP-073,C01920,1,20250201,desktop,5,1,1,181.51,12.12,1
INT-003460,CMP-073,C01338,1,20250201,tablet,5,1,0,0.0,12.12,0
INT-003461,CMP-073,C01812,1,20250201,desktop,8,1,1,207.22,19.39,1
INT-003462,CMP-073,C01166,1,20250202,mobile,6,1,0,0.0,14.54,0
INT-003463,CMP-073,C01179,1,20250203,desktop,2,0,0,0.0,4.85,0
INT-003464,CMP-073,C00639,1,20250203,mobile,4,1,0,0.0,9.69,0
INT-003465,CMP-073,C00432,1,20250203,mobile,6,1,1,299.39,14.54,1
INT-003466,CMP-106,C01046,2,20250106,desktop,3,0,0,0.0,1.86,0
INT-003467,CMP-106,C01903,2,20250107,mobile,5,1,0,0.0,3.1,0
INT-003468,CMP-106,C01339,2,20250107,desktop,4,0,0,0.0,2.48,0
INT-003469,CMP-106,C01152,2,20250108,desktop,3,0,0,0.0,1.86,0
INT-003470,CMP-106,C00050,2,20250109,mobile,1,0,0,0.0,0.62,0
INT-003471,CMP-106,C00742,2,20250109,mobile,2,0,0,0.0,1.24,0
INT-003472,CMP-106,C00011,2,20250109,mobile,2,0,0,0.0,1.24,0
INT-003473,CMP-106,C00863,2,20250110,mobile,2,0,0,0.0,1.24,0
INT-003474,CMP-106,C02170,2,20250110,mobile,1,0,0,0.0,0.62,0
INT-003475,CMP-106,C00756,2,20250111,tablet,3,0,0,0.0,1.86,0
INT-003476,CMP-106,C02163,2,20250112,desktop,2,0,0,0.0,1.24,0
INT-003477,CMP-106,C00086,2,20250112,tablet,4,0,0,0.0,2.48,0
INT-003478,CMP-106,C00624,2,20250113,mobile,5,0,0,0.0,3.1,0
INT-003479,CMP-106,C01561,2,20250113,desktop,3,0,0,0.0,1.86,0
INT-003480,CMP-106,C00859,2,20250115,desktop,2,1,0,0.0,1.24,0
INT-003481,CMP-106,C00899,2,20250115,mobile,2,0,0,0.0,1.24,0
INT-003482,CMP-106,C01416,2,20250116,mobile,2,0,0,0.0,1.24,0
INT-003483,CMP-106,C00502,2,20250116,desktop,2,1,1,178.32,1.24,1
INT-003484,CMP-106,C00174,2,20250116,mobile,5,0,0,0.0,3.1,0
INT-003485,CMP-106,C01829,2,20250116,mobile,3,0,0,0.0,1.86,0
INT-003486,CMP-106,C01613,2,20250117,desktop,1,0,0,0.0,0.62,0
INT-003487,CMP-106,C01517,2,20250117,desktop,3,0,0,0.0,1.86,0
INT-003488,CMP-106,C00670,2,20250117,mobile,3,1,0,0.0,1.86,0
INT-003489,CMP-106,C00527,2,20250118,mobile,2,0,0,0.0,1.24,0
INT-003490,CMP-106,C00042,2,20250118,mobile,2,0,0,0.0,1.24,0
INT-003491,CMP-106,C00024,2,20250118,mobile,2,1,1,227.75,1.24,1
INT-003492,CMP-106,C02069,2,20250119,mobile,1,0,0,0.0,0.62,0
INT-003493,CMP-106,C01548,2,20250120,mobile,1,0,0,0.0,0.62,0
INT-003494,CMP-106,C01864,2,20250120,tablet,4,0,0,0.0,2.48,0
INT-003495,CMP-106,C00825,2,20250121,mobile,2,0,0,0.0,1.24,0
INT-003496,CMP-106,C02034,2,20250121,desktop,2,0,0,0.0,1.24,0
INT-003497,CMP-106,C00815,2,20250123,tablet,3,0,0,0.0,1.86,0
INT-003498,CMP-106,C02125,2,20250123,desktop,1,0,0,0.0,0.62,0
INT-003499,CMP-106,C01922,2,20250123,desktop,1,0,0,0.0,0.62,0
INT-003500,CMP-106,C01570,2,20250124,desktop,3,0,0,0.0,1.86,0
INT-003501,CMP-106,C02007,2,20250124,mobile,2,2,1,106.09,1.24,1
INT-003502,CMP-106,C01036,2,20250124,desktop,4,0,0,0.0,2.48,0
INT-003503,CMP-106,C00439,2,20250125,mobile,4,1,0,0.0,2.48,0
INT-003504,CMP-106,C02118,2,20250126,tablet,1,1,0,0.0,0.62,0
INT-003505,CMP-106,C01713,2,20250127,tablet,3,0,0,0.0,1.86,0
INT-003506,CMP-106,C01334,2,20250129,tablet,2,1,0,0.0,1.24,0
INT-003507,CMP-106,C00002,2,20250129,tablet,2,0,0,0.0,1.24,0
INT-003508,CMP-106,C01771,2,20250129,mobile,2,0,0,0.0,1.24,0
INT-003509,CMP-106,C02188,2,20250129,desktop,3,0,0,0.0,1.86,0
INT-003510,CMP-106,C00897,2,20250130,desktop,3,1,1,174.92,1.86,1
INT-003511,CMP-016,C01332,5,20250126,desktop,10,0,1,289.81,13.59,1
INT-003512,CMP-016,C02080,5,20250126,mobile,12,0,0,0.0,16.31,0
INT-003513,CMP-016,C01858,5,20250126,mobile,10,0,0,0.0,13.59,0
INT-003514,CMP-016,C01920,5,20250126,desktop,10,0,0,0.0,13.59,0
INT-003515,CMP-016,C00411,5,20250126,mobile,14,0,0,0.0,19.02,0
INT-003516,CMP-016,C00200,5,20250126,tablet,7,0,0,0.0,9.51,0
INT-003517,CMP-016,C00095,5,20250126,mobile,13,0,0,0.0,17.67,0
INT-003518,CMP-016,C02102,5,20250126,mobile,13,0,0,0.0,17.67,0
INT-003519,CMP-016,C01660,5,20250127,tablet,16,0,1,656.11,21.74,1
INT-003520,CMP-016,C01744,5,20250127,desktop,7,0,0,0.0,9.51,0
INT-003521,CMP-016,C01612,5,20250127,mobile,14,0,0,0.0,19.02,0
INT-003522,CMP-016,C00819,5,20250128,desktop,10,0,1,321.21,13.59,1
INT-003523,CMP-016,C02061,5,20250128,desktop,7,0,0,0.0,9.51,0
INT-003524,CMP-016,C00885,5,20250128,mobile,11,0,0,0.0,14.95,0
INT-003525,CMP-016,C01911,5,20250128,desktop,13,0,1,242.89,17.67,1
INT-003526,CMP-016,C01944,5,20250128,mobile,9,0,0,0.0,12.23,0
INT-003527,CMP-016,C00541,5,20250129,mobile,8,0,0,0.0,10.87,0
INT-003528,CMP-016,C01172,5,20250129,mobile,13,0,0,0.0,17.67,0
INT-003529,CMP-016,C01004,5,20250129,desktop,12,0,0,0.0,16.31,0
INT-003530,CMP-016,C00905,5,20250130,desktop,13,0,0,0.0,17.67,0
INT-003531,CMP-016,C00295,5,20250130,mobile,11,0,0,0.0,14.95,0
INT-003532,CMP-016,C01889,5,20250131,mobile,11,0,1,499.44,14.95,1
INT-003533,CMP-016,C00726,5,20250131,mobile,8,0,0,0.0,10.87,0
INT-003534,CMP-016,C01187,5,20250201,mobile,7,0,0,0.0,9.51,0
INT-003535,CMP-016,C01958,5,20250201,mobile,9,0,1,239.79,12.23,1
INT-003536,CMP-016,C01616,5,20250202,tablet,9,0,0,0.0,12.23,0
INT-003537,CMP-016,C00751,5,20250202,mobile,15,0,0,0.0,20.38,0
INT-003538,CMP-016,C00086,5,20250202,tablet,15,0,2,1089.57,20.38,1
INT-003539,CMP-016,C02188,5,20250202,desktop,6,0,0,0.0,8.15,0
INT-003540,CMP-016,C01977,5,20250203,desktop,12,0,1,208.67,16.31,1
INT-003541,CMP-016,C00976,5,20250203,desktop,5,0,0,0.0,6.79,0
INT-003542,CMP-016,C00775,5,20250204,desktop,19,0,1,169.16,25.82,1
INT-003543,CMP-016,C00955,5,20250204,desktop,15,0,1,181.79,20.38,1
INT-003544,CMP-016,C00741,5,20250204,desktop,19,0,1,460.42,25.82,1
INT-003545,CMP-016,C00511,5,20250204,mobile,11,0,0,0.0,14.95,0
INT-003546,CMP-016,C00549,5,20250204,desktop,15,0,1,252.54,20.38,1
INT-003547,CMP-016,C00648,5,20250206,mobile,16,0,0,0.0,21.74,0
INT-003548,CMP-016,C01663,5,20250206,mobile,17,0,0,0.0,23.1,0
INT-003549,CMP-016,C01657,5,20250206,desktop,8,0,0,0.0,10.87,0
INT-003550,CMP-016,C00721,5,20250207,mobile,12,0,0,0.0,16.31,0
INT-003551,CMP-016,C02152,5,20250208,mobile,11,0,0,0.0,14.95,0
INT-003552,CMP-016,C01318,5,20250208,desktop,7,0,0,0.0,9.51,0
INT-003553,CMP-016,C01525,5,20250209,mobile,6,0,0,0.0,8.15,0
INT-003554,CMP-016,C00653,5,20250209,desktop,8,0,0,0.0,10.87,0
INT-003555,CMP-016,C01132,5,20250209,mobile,5,0,0,0.0,6.79,0
INT-003556,CMP-016,C02099,5,20250210,desktop,13,0,0,0.0,17.67,0
INT-003557,CMP-016,C01312,5,20250210,mobile,10,0,0,0.0,13.59,0
INT-003558,CMP-016,C01555,5,20250210,mobile,18,0,0,0.0,24.46,0
INT-003559,CMP-016,C02089,5,20250210,desktop,11,0,1,328.88,14.95,1
INT-003560,CMP-016,C01565,5,20250211,mobile,10,0,0,0.0,13.59,0
INT-003561,CMP-016,C01239,5,20250211,desktop,13,0,1,181.7,17.67,1
INT-003562,CMP-112,C01406,4,20250206,desktop,13,0,0,0.0,5.2,0
INT-003563,CMP-112,C00417,4,20250207,mobile,11,0,0,0.0,4.4,0
INT-003564,CMP-112,C01088,4,20250208,mobile,12,2,0,0.0,4.8,0
INT-003565,CMP-112,C00684,4,20250209,mobile,13,0,0,0.0,5.2,0
INT-003566,CMP-112,C01446,4,20250210,tablet,10,0,0,0.0,4.0,0
INT-003567,CMP-112,C01006,4,20250210,desktop,10,0,0,0.0,4.0,0
INT-003568,CMP-112,C00057,4,20250210,mobile,12,0,0,0.0,4.8,0
INT-003569,CMP-112,C01774,4,20250212,tablet,17,1,0,0.0,6.8,0
INT-003570,CMP-112,C01941,4,20250215,mobile,15,0,0,0.0,6.0,0
INT-003571,CMP-112,C01819,4,20250218,mobile,11,0,0,0.0,4.4,0
INT-003572,CMP-112,C01760,4,20250220,desktop,8,0,0,0.0,3.2,0
INT-003573,CMP-112,C02073,4,20250220,desktop,18,0,0,0.0,7.2,0
INT-003574,CMP-112,C01231,4,20250221,mobile,15,0,0,0.0,6.0,0
INT-003575,CMP-112,C00313,4,20250221,mobile,6,0,0,0.0,2.4,0
INT-003576,CMP-112,C01058,4,20250221,mobile,9,0,0,0.0,3.6,0
INT-003577,CMP-112,C00889,4,20250221,mobile,17,0,0,0.0,6.8,0
INT-003578,CMP-112,C01960,4,20250223,mobile,11,0,0,0.0,4.4,0
INT-003579,CMP-112,C01896,4,20250223,mobile,12,0,0,0.0,4.8,0
INT-003580,CMP-112,C00543,4,20250225,mobile,18,0,0,0.0,7.2,0
INT-003581,CMP-112,C00552,4,20250225,mobile,17,2,0,0.0,6.8,0
INT-003582,CMP-112,C01773,4,20250225,desktop,15,0,0,0.0,6.0,0
INT-003583,CMP-112,C01048,4,20250226,desktop,19,0,0,0.0,7.6,0
INT-003584,CMP-112,C00411,4,20250227,mobile,8,0,0,0.0,3.2,0
INT-003585,CMP-112,C01681,4,20250302,mobile,13,0,0,0.0,5.2,0
INT-003586,CMP-112,C01586,4,20250303,mobile,13,0,0,0.0,5.2,0
INT-003587,CMP-112,C00617,4,20250303,mobile,13,2,0,0.0,5.2,0
INT-003588,CMP-112,C00029,4,20250305,mobile,12,0,0,0.0,4.8,0
INT-003589,CMP-112,C00522,4,20250305,mobile,17,0,0,0.0,6.8,0
INT-003590,CMP-112,C02079,4,20250307,mobile,18,1,0,0.0,7.2,0
INT-003591,CMP-112,C02052,4,20250308,mobile,18,0,0,0.0,7.2,0
INT-003592,CMP-112,C01952,4,20250309,desktop,15,0,0,0.0,6.0,0
INT-003593,CMP-112,C01598,4,20250310,mobile,16,0,0,0.0,6.4,0
INT-003594,CMP-112,C00330,4,20250311,mobile,17,1,0,0.0,6.8,0
INT-003595,CMP-112,C00527,4,20250311,mobile,11,0,0,0.0,4.4,0
INT-003596,CMP-112,C00026,4,20250313,mobile,7,0,0,0.0,2.8,0
INT-003597,CMP-112,C01906,4,20250313,mobile,19,1,0,0.0,7.6,0
INT-003598,CMP-112,C00689,4,20250314,mobile,14,0,0,0.0,5.6,0
INT-003599,CMP-090,C00751,3,20250204,mobile,9,0,0,0.0,7.1,0
INT-003600,CMP-090,C01854,3,20250205,desktop,6,0,0,0.0,4.73,0
INT-003601,CMP-090,C01254,3,20250205,mobile,4,0,0,0.0,3.15,0
INT-003602,CMP-090,C01733,3,20250206,mobile,4,0,0,0.0,3.15,0
INT-003603,CMP-090,C01146,3,20250206,desktop,5,1,0,0.0,3.94,0
INT-003604,CMP-090,C00442,3,20250207,mobile,1,0,0,0.0,0.79,0
INT-003605,CMP-090,C01025,3,20250207,mobile,5,0,0,0.0,3.94,0
INT-003606,CMP-090,C02176,3,20250208,desktop,12,0,0,0.0,9.46,0
INT-003607,CMP-090,C00771,3,20250208,mobile,7,0,0,0.0,5.52,0
INT-003608,CMP-090,C00616,3,20250208,mobile,8,1,0,0.0,6.31,0
INT-003609,CMP-090,C01274,3,20250209,mobile,6,0,0,0.0,4.73,0
INT-003610,CMP-090,C00354,3,20250209,mobile,7,0,0,0.0,5.52,0
INT-003611,CMP-090,C00937,3,20250210,mobile,8,1,0,0.0,6.31,0
INT-003612,CMP-090,C01473,3,20250210,desktop,7,0,0,0.0,5.52,0
INT-003613,CMP-090,C00185,3,20250211,mobile,6,0,0,0.0,4.73,0
INT-003614,CMP-090,C00589,3,20250212,desktop,4,1,0,0.0,3.15,0
INT-003615,CMP-090,C00853,3,20250213,mobile,10,0,0,0.0,7.89,0
INT-003616,CMP-090,C01980,3,20250213,desktop,15,0,0,0.0,11.83,0
INT-003617,CMP-090,C00966,3,20250213,desktop,6,0,0,0.0,4.73,0
INT-003618,CMP-090,C00119,3,20250215,desktop,13,0,0,0.0,10.25,0
INT-003619,CMP-090,C01247,3,20250215,desktop,8,0,0,0.0,6.31,0
INT-003620,CMP-090,C00593,3,20250216,desktop,5,0,0,0.0,3.94,0
INT-003621,CMP-090,C01778,3,20250217,mobile,8,1,0,0.0,6.31,0
INT-003622,CMP-090,C01407,3,20250217,mobile,1,0,0,0.0,0.79,0
INT-003623,CMP-090,C00982,3,20250219,desktop,1,0,0,0.0,0.79,0
INT-003624,CMP-090,C00187,3,20250220,mobile,8,1,0,0.0,6.31,0
INT-003625,CMP-090,C01614,3,20250220,desktop,4,0,0,0.0,3.15,0
INT-003626,CMP-090,C00715,3,20250221,mobile,4,0,0,0.0,3.15,0
INT-003627,CMP-090,C01672,3,20250222,desktop,2,0,0,0.0,1.58,0
INT-003628,CMP-090,C01810,3,20250223,mobile,8,1,0,0.0,6.31,0
INT-003629,CMP-090,C01748,3,20250224,desktop,8,0,0,0.0,6.31,0
INT-003630,CMP-090,C01711,3,20250224,mobile,5,0,0,0.0,3.94,0
INT-003631,CMP-090,C01901,3,20250225,desktop,8,1,0,0.0,6.31,0
INT-003632,CMP-090,C01481,3,20250225,desktop,4,0,0,0.0,3.15,0
INT-003633,CMP-090,C00265,3,20250227,mobile,5,0,0,0.0,3.94,0
INT-003634,CMP-090,C02076,3,20250227,tablet,7,0,0,0.0,5.52,0
INT-003635,CMP-090,C01277,3,20250228,mobile,4,2,1,97.78,3.15,1
INT-003636,CMP-090,C01558,3,20250228,mobile,4,0,0,0.0,3.15,0
INT-003637,CMP-090,C01973,3,20250228,mobile,6,0,0,0.0,4.73,0
INT-003638,CMP-090,C00242,3,20250301,desktop,7,0,0,0.0,5.52,0
INT-003639,CMP-090,C01380,3,20250301,mobile,5,1,1,93.72,3.94,1
INT-003640,CMP-090,C01085,3,20250302,desktop,5,1,0,0.0,3.94,0
INT-003641,CMP-090,C01173,3,20250302,mobile,5,1,0,0.0,3.94,0
INT-003642,CMP-090,C01236,3,20250302,mobile,4,1,0,0.0,3.15,0
INT-003643,CMP-090,C00570,3,20250302,mobile,6,1,0,0.0,4.73,0
INT-003644,CMP-090,C01750,3,20250303,desktop,9,0,0,0.0,7.1,0
INT-003645,CMP-090,C01518,3,20250304,tablet,6,0,0,0.0,4.73,0
INT-003646,CMP-090,C01258,3,20250305,mobile,8,0,0,0.0,6.31,0
INT-003647,CMP-090,C01002,3,20250305,mobile,6,0,0,0.0,4.73,0
INT-003648,CMP-090,C01680,3,20250305,mobile,11,1,0,0.0,8.68,0
INT-003649,CMP-090,C00832,3,20250306,desktop,5,0,0,0.0,3.94,0
INT-003650,CMP-090,C01756,3,20250306,mobile,4,0,0,0.0,3.15,0
INT-003651,CMP-090,C00666,3,20250306,mobile,2,0,0,0.0,1.58,0
INT-003652,CMP-090,C00834,3,20250306,mobile,7,0,0,0.0,5.52,0
INT-003653,CMP-090,C00275,3,20250307,mobile,6,0,0,0.0,4.73,0
INT-003654,CMP-090,C00583,3,20250307,mobile,4,1,0,0.0,3.15,0
INT-003655,CMP-090,C01430,3,20250308,tablet,4,0,0,0.0,3.15,0
INT-003656,CMP-090,C00400,3,20250308,mobile,8,0,0,0.0,6.31,0
INT-003657,CMP-068,C01744,1,20250205,desktop,4,0,0,0.0,8.89,0
INT-003658,CMP-068,C00008,1,20250205,tablet,2,0,0,0.0,4.44,0
INT-003659,CMP-068,C00898,1,20250207,mobile,6,0,0,0.0,13.33,0
INT-003660,CMP-068,C00432,1,20250207,desktop,2,0,0,0.0,4.44,0
INT-003661,CMP-068,C00700,1,20250208,mobile,2,0,0,0.0,4.44,0
INT-003662,CMP-068,C00238,1,20250209,mobile,6,1,1,308.95,13.33,1
INT-003663,CMP-068,C01667,1,20250210,desktop,1,0,0,0.0,2.22,0
INT-003664,CMP-068,C01358,1,20250212,desktop,4,1,1,216.83,8.89,1
INT-003665,CMP-068,C00945,1,20250212,mobile,1,0,0,0.0,2.22,0
INT-003666,CMP-068,C00249,1,20250214,desktop,2,0,0,0.0,4.44,0
INT-003667,CMP-068,C01437,1,20250215,tablet,3,0,0,0.0,6.67,0
INT-003668,CMP-068,C01396,1,20250215,mobile,2,0,0,0.0,4.44,0
INT-003669,CMP-068,C00558,1,20250216,mobile,2,0,0,0.0,4.44,0
INT-003670,CMP-068,C00970,1,20250217,desktop,5,1,1,253.01,11.11,1
INT-003671,CMP-068,C00849,1,20250220,desktop,5,1,0,0.0,11.11,0
INT-003672,CMP-068,C00877,1,20250221,desktop,1,0,0,0.0,2.22,0
INT-003673,CMP-068,C00098,1,20250221,mobile,1,0,0,0.0,2.22,0
INT-003674,CMP-068,C02160,1,20250222,desktop,2,1,1,183.22,4.44,1
INT-003675,CMP-068,C00535,1,20250222,mobile,3,2,0,0.0,6.67,0
INT-003676,CMP-068,C01024,1,20250222,mobile,3,0,0,0.0,6.67,0
INT-003677,CMP-068,C02089,1,20250222,desktop,6,1,0,0.0,13.33,0
INT-003678,CMP-068,C00916,1,20250225,desktop,5,0,0,0.0,11.11,0
INT-003679,CMP-068,C01388,1,20250226,mobile,5,1,0,0.0,11.11,0
INT-003680,CMP-068,C01044,1,20250227,mobile,3,0,0,0.0,6.67,0
INT-003681,CMP-068,C00119,1,20250227,desktop,3,0,0,0.0,6.67,0
INT-003682,CMP-068,C00545,1,20250227,desktop,2,0,0,0.0,4.44,0
INT-003683,CMP-068,C01571,1,20250227,mobile,3,0,0,0.0,6.67,0
INT-003684,CMP-068,C01292,1,20250227,mobile,3,0,0,0.0,6.67,0
INT-003685,CMP-068,C00295,1,20250228,mobile,2,1,0,0.0,4.44,0
INT-003686,CMP-068,C00504,1,20250301,desktop,4,0,0,0.0,8.89,0
INT-003687,CMP-068,C02021,1,20250303,mobile,3,1,1,176.31,6.67,1
INT-003688,CMP-068,C00741,1,20250304,mobile,6,0,0,0.0,13.33,0
INT-003689,CMP-068,C01348,1,20250304,mobile,4,0,0,0.0,8.89,0
INT-003690,CMP-068,C01810,1,20250304,mobile,2,1,1,333.72,4.44,1
INT-003691,CMP-068,C01163,1,20250304,desktop,2,1,1,201.96,4.44,1
INT-003692,CMP-068,C00332,1,20250306,tablet,4,0,0,0.0,8.89,0
INT-003693,CMP-068,C00011,1,20250307,mobile,2,0,0,0.0,4.44,0
INT-003694,CMP-068,C00998,1,20250307,mobile,1,0,0,0.0,2.22,0
INT-003695,CMP-068,C00634,1,20250307,mobile,3,0,0,0.0,6.67,0
INT-003696,CMP-068,C01804,1,20250308,tablet,3,1,0,0.0,6.67,0
INT-003697,CMP-068,C01883,1,20250308,mobile,3,1,0,0.0,6.67,0
INT-003698,CMP-065,C00174,1,20250214,mobile,3,0,0,0.0,6.72,0
INT-003699,CMP-065,C00819,1,20250214,mobile,5,2,1,297.83,11.2,1
INT-003700,CMP-065,C02127,1,20250214,mobile,4,1,0,0.0,8.96,0
INT-003701,CMP-065,C01582,1,20250215,mobile,6,0,0,0.0,13.44,0
INT-003702,CMP-065,C01074,1,20250215,mobile,4,1,1,293.28,8.96,1
INT-003703,CMP-065,C01307,1,20250215,mobile,4,0,0,0.0,8.96,0
INT-003704,CMP-065,C01289,1,20250216,mobile,5,2,1,99.07,11.2,1
INT-003705,CMP-065,C01958,1,20250216,desktop,4,2,0,0.0,8.96,0
INT-003706,CMP-065,C01436,1,20250216,desktop,6,1,0,0.0,13.44,0
INT-003707,CMP-065,C01326,1,20250217,desktop,3,0,0,0.0,6.72,0
INT-003708,CMP-065,C00397,1,20250217,mobile,4,1,1,423.06,8.96,1
INT-003709,CMP-065,C00959,1,20250217,mobile,2,0,0,0.0,4.48,0
INT-003710,CMP-065,C00345,1,20250218,desktop,3,1,1,261.22,6.72,1
INT-003711,CMP-065,C00794,1,20250218,mobile,3,0,0,0.0,6.72,0
INT-003712,CMP-065,C00852,1,20250218,desktop,2,1,0,0.0,4.48,0
INT-003713,CMP-065,C00636,1,20250218,mobile,3,1,0,0.0,6.72,0
INT-003714,CMP-065,C00983,1,20250219,desktop,3,0,0,0.0,6.72,0
INT-003715,CMP-065,C00038,1,20250219,desktop,5,2,2,482.17,11.2,1
INT-003716,CMP-065,C01236,1,20250219,mobile,1,0,0,0.0,2.24,0
INT-003717,CMP-065,C00400,1,20250220,mobile,5,0,0,0.0,11.2,0
INT-003718,CMP-065,C00126,1,20250220,mobile,2,1,0,0.0,4.48,0
INT-003719,CMP-065,C01369,1,20250220,desktop,3,0,0,0.0,6.72,0
INT-003720,CMP-065,C00734,1,20250221,mobile,3,1,0,0.0,6.72,0
INT-003721,CMP-065,C01044,1,20250221,mobile,3,0,0,0.0,6.72,0
INT-003722,CMP-065,C01440,1,20250221,mobile,6,1,0,0.0,13.44,0
INT-003723,CMP-065,C00358,1,20250221,mobile,5,1,0,0.0,11.2,0
INT-003724,CMP-065,C00465,1,20250222,mobile,6,1,0,0.0,13.44,0
INT-003725,CMP-065,C00645,1,20250222,mobile,4,0,0,0.0,8.96,0
INT-003726,CMP-065,C01693,1,20250223,mobile,2,0,0,0.0,4.48,0
INT-003727,CMP-065,C01971,1,20250223,tablet,4,0,0,0.0,8.96,0
INT-003728,CMP-065,C00138,1,20250223,desktop,5,2,1,233.26,11.2,1
INT-003729,CMP-065,C01621,1,20250223,mobile,1,0,0,0.0,2.24,0
INT-003730,CMP-065,C00525,1,20250223,mobile,4,1,0,0.0,8.96,0
INT-003731,CMP-065,C00153,1,20250223,desktop,1,0,0,0.0,2.24,0
INT-003732,CMP-065,C01831,1,20250224,mobile,2,0,0,0.0,4.48,0
INT-003733,CMP-065,C00713,1,20250224,desktop,8,1,1,275.33,17.93,1
INT-003734,CMP-065,C01721,1,20250224,mobile,4,1,0,0.0,8.96,0
INT-003735,CMP-065,C02156,1,20250224,desktop,4,1,0,0.0,8.96,0
INT-003736,CMP-065,C01359,1,20250225,mobile,3,0,0,0.0,6.72,0
INT-003737,CMP-065,C00099,1,20250225,mobile,3,1,0,0.0,6.72,0
INT-003738,CMP-065,C02174,1,20250225,desktop,5,0,0,0.0,11.2,0
INT-003739,CMP-065,C01407,1,20250225,mobile,4,0,0,0.0,8.96,0
INT-003740,CMP-065,C01480,1,20250225,mobile,2,0,0,0.0,4.48,0
INT-003741,CMP-065,C01434,1,20250225,mobile,2,0,0,0.0,4.48,0
INT-003742,CMP-065,C01658,1,20250225,mobile,3,0,0,0.0,6.72,0
INT-003743,CMP-065,C00602,1,20250225,mobile,1,0,0,0.0,2.24,0
INT-003744,CMP-065,C01323,1,20250226,mobile,2,0,0,0.0,4.48,0
INT-003745,CMP-065,C01412,1,20250226,mobile,5,2,0,0.0,11.2,0
INT-003746,CMP-065,C00272,1,20250227,desktop,2,0,0,0.0,4.48,0
INT-003747,CMP-065,C01423,1,20250227,mobile,5,0,0,0.0,11.2,0
INT-003748,CMP-065,C00673,1,20250227,mobile,8,2,1,243.49,17.93,1
INT-003749,CMP-065,C00977,1,20250227,tablet,1,0,0,0.0,2.24,0
INT-003750,CMP-065,C01748,1,20250228,desktop,4,0,0,0.0,8.96,0
INT-003751,CMP-065,C00674,1,20250301,desktop,4,2,1,97.9,8.96,1
INT-003752,CMP-065,C01671,1,20250301,mobile,4,1,1,219.85,8.96,1
INT-003753,CMP-065,C00609,1,20250301,mobile,5,0,0,0.0,11.2,0
INT-003754,CMP-065,C02135,1,20250302,desktop,3,1,0,0.0,6.72,0
INT-003755,CMP-065,C00282,1,20250302,mobile,5,2,1,137.66,11.2,1
INT-003756,CMP-065,C01150,1,20250302,mobile,4,0,0,0.0,8.96,0
INT-003757,CMP-065,C00692,1,20250302,mobile,3,0,0,0.0,6.72,0
INT-003758,CMP-065,C00588,1,20250302,desktop,3,1,0,0.0,6.72,0
INT-003759,CMP-065,C00008,1,20250303,tablet,2,0,0,0.0,4.48,0
INT-003760,CMP-065,C02010,1,20250303,mobile,10,0,0,0.0,22.41,0
INT-003761,CMP-065,C01511,1,20250303,mobile,3,1,0,0.0,6.72,0
INT-003762,CMP-065,C00095,1,20250304,mobile,4,1,1,404.79,8.96,1
INT-003763,CMP-065,C00850,1,20250304,mobile,3,1,0,0.0,6.72,0
INT-003764,CMP-065,C01164,1,20250304,mobile,4,1,0,0.0,8.96,0
INT-003765,CMP-065,C02116,1,20250304,desktop,1,1,0,0.0,2.24,0
INT-003766,CMP-065,C01612,1,20250305,mobile,4,1,1,126.71,8.96,1
INT-003767,CMP-065,C00426,1,20250305,mobile,3,1,0,0.0,6.72,0
INT-003768,CMP-065,C00075,1,20250305,mobile,3,0,0,0.0,6.72,0
INT-003769,CMP-065,C00510,1,20250305,mobile,4,0,0,0.0,8.96,0
INT-003770,CMP-065,C01000,1,20250305,desktop,2,0,0,0.0,4.48,0
INT-003771,CMP-065,C00882,1,20250305,mobile,3,1,0,0.0,6.72,0
INT-003772,CMP-065,C01714,1,20250306,mobile,2,0,0,0.0,4.48,0
INT-003773,CMP-065,C00842,1,20250306,tablet,3,0,0,0.0,6.72,0
INT-003774,CMP-065,C01352,1,20250306,desktop,3,0,0,0.0,6.72,0
INT-003775,CMP-065,C01010,1,20250306,mobile,2,0,0,0.0,4.48,0
INT-003776,CMP-065,C01741,1,20250306,desktop,2,1,0,0.0,4.48,0
INT-003777,CMP-065,C01015,1,20250306,mobile,6,0,0,0.0,13.44,0
INT-003778,CMP-065,C01002,1,20250306,mobile,6,0,0,0.0,13.44,0
INT-003779,CMP-065,C00870,1,20250306,mobile,2,1,0,0.0,4.48,0
INT-003780,CMP-065,C00865,1,20250306,desktop,4,2,2,638.23,8.96,1
INT-003781,CMP-101,C01856,3,20250217,desktop,2,0,0,0.0,1.46,0
INT-003782,CMP-101,C00707,3,20250217,desktop,9,2,0,0.0,6.59,0
INT-003783,CMP-101,C00823,3,20250217,mobile,6,1,1,216.85,4.39,1
INT-003784,CMP-101,C01049,3,20250217,mobile,2,0,0,0.0,1.46,0
INT-003785,CMP-101,C00773,3,20250217,mobile,5,0,0,0.0,3.66,0
INT-003786,CMP-101,C01255,3,20250217,tablet,7,1,0,0.0,5.12,0
INT-003787,CMP-101,C01138,3,20250217,mobile,4,0,0,0.0,2.93,0
INT-003788,CMP-101,C00670,3,20250217,mobile,7,2,0,0.0,5.12,0
INT-003789,CMP-101,C00795,3,20250217,mobile,2,0,0,0.0,1.46,0
INT-003790,CMP-101,C01265,3,20250217,desktop,2,0,0,0.0,1.46,0
INT-003791,CMP-101,C01402,3,20250217,desktop,7,0,0,0.0,5.12,0
INT-003792,CMP-101,C01189,3,20250218,desktop,6,0,0,0.0,4.39,0
INT-003793,CMP-101,C01746,3,20250218,mobile,5,0,0,0.0,3.66,0
INT-003794,CMP-101,C00075,3,20250218,mobile,10,0,0,0.0,7.32,0
INT-003795,CMP-101,C02005,3,20250218,mobile,5,0,0,0.0,3.66,0
INT-003796,CMP-101,C00152,3,20250218,desktop,10,1,1,233.93,7.32,1
INT-003797,CMP-101,C00035,3,20250219,mobile,7,0,0,0.0,5.12,0
INT-003798,CMP-101,C00238,3,20250219,mobile,7,0,0,0.0,5.12,0
INT-003799,CMP-101,C00402,3,20250219,mobile,6,0,0,0.0,4.39,0
INT-003800,CMP-101,C01737,3,20250219,tablet,9,1,0,0.0,6.59,0
INT-003801,CMP-101,C01646,3,20250219,desktop,4,0,0,0.0,2.93,0
INT-003802,CMP-101,C00095,3,20250220,mobile,7,0,0,0.0,5.12,0
INT-003803,CMP-101,C01545,3,20250220,desktop,5,0,0,0.0,3.66,0
INT-003804,CMP-101,C00327,3,20250220,desktop,6,0,0,0.0,4.39,0
INT-003805,CMP-101,C00052,3,20250220,desktop,8,1,0,0.0,5.86,0
INT-003806,CMP-101,C01302,3,20250220,desktop,3,1,0,0.0,2.2,0
INT-003807,CMP-101,C01900,3,20250221,desktop,4,1,1,163.94,2.93,1
INT-003808,CMP-101,C00330,3,20250221,desktop,6,1,1,124.27,4.39,1
INT-003809,CMP-101,C00175,3,20250221,mobile,4,1,0,0.0,2.93,0
INT-003810,CMP-101,C01476,3,20250221,mobile,4,0,0,0.0,2.93,0
INT-003811,CMP-101,C00648,3,20250221,mobile,5,0,0,0.0,3.66,0
INT-003812,CMP-101,C00414,3,20250221,mobile,7,2,1,121.73,5.12,1
INT-003813,CMP-101,C00898,3,20250221,mobile,7,0,0,0.0,5.12,0
INT-003814,CMP-101,C01105,3,20250221,mobile,6,1,0,0.0,4.39,0
INT-003815,CMP-101,C00226,3,20250221,mobile,9,0,0,0.0,6.59,0
INT-003816,CMP-101,C00390,3,20250221,tablet,5,1,0,0.0,3.66,0
INT-003817,CMP-101,C02175,3,20250221,desktop,5,0,0,0.0,3.66,0
INT-003818,CMP-101,C00341,3,20250221,mobile,6,0,0,0.0,4.39,0
INT-003819,CMP-101,C00549,3,20250222,desktop,6,0,0,0.0,4.39,0
INT-003820,CMP-101,C01367,3,20250222,desktop,10,2,0,0.0,7.32,0
INT-003821,CMP-101,C01108,3,20250222,mobile,5,1,0,0.0,3.66,0
INT-003822,CMP-101,C01912,3,20250222,mobile,6,0,0,0.0,4.39,0
INT-003823,CMP-101,C01337,3,20250222,tablet,5,1,0,0.0,3.66,0
INT-003824,CMP-101,C01822,3,20250222,desktop,4,1,0,0.0,2.93,0
INT-003825,CMP-101,C01092,3,20250222,mobile,6,1,0,0.0,4.39,0
INT-003826,CMP-101,C01695,3,20250223,desktop,7,0,0,0.0,5.12,0
INT-003827,CMP-101,C00378,3,20250223,mobile,4,0,0,0.0,2.93,0
INT-003828,CMP-101,C00476,3,20250223,tablet,10,1,0,0.0,7.32,0
INT-003829,CMP-101,C00609,3,20250223,desktop,7,0,0,0.0,5.12,0
INT-003830,CMP-101,C01920,3,20250223,desktop,4,1,1,165.81,2.93,1
INT-003831,CMP-101,C00170,3,20250224,tablet,5,1,0,0.0,3.66,0
INT-003832,CMP-101,C01252,3,20250224,desktop,6,0,0,0.0,4.39,0
INT-003833,CMP-101,C00324,3,20250224,tablet,4,1,1,176.35,2.93,1
INT-003834,CMP-101,C01097,3,20250224,tablet,2,0,0,0.0,1.46,0
INT-003835,CMP-101,C00247,3,20250224,desktop,6,1,0,0.0,4.39,0
INT-003836,CMP-101,C00178,3,20250225,desktop,4,0,0,0.0,2.93,0
INT-003837,CMP-101,C00454,3,20250225,mobile,7,0,0,0.0,5.12,0
INT-003838,CMP-101,C01902,3,20250225,mobile,2,0,0,0.0,1.46,0
INT-003839,CMP-101,C01335,3,20250226,desktop,3,0,0,0.0,2.2,0
INT-003840,CMP-101,C01305,3,20250226,desktop,9,0,0,0.0,6.59,0
INT-003841,CMP-101,C01191,3,20250226,desktop,5,0,0,0.0,3.66,0
INT-003842,CMP-101,C01271,3,20250226,desktop,8,2,0,0.0,5.86,0
INT-003843,CMP-101,C01227,3,20250226,desktop,14,2,0,0.0,10.25,0
INT-003844,CMP-101,C01363,3,20250226,desktop,5,1,1,113.69,3.66,1
INT-003845,CMP-101,C02158,3,20250226,desktop,2,1,0,0.0,1.46,0
INT-003846,CMP-101,C00020,3,20250227,mobile,8,0,0,0.0,5.86,0
INT-003847,CMP-101,C00043,3,20250227,desktop,3,0,0,0.0,2.2,0
INT-003848,CMP-101,C01185,3,20250227,desktop,6,1,0,0.0,4.39,0
INT-003849,CMP-101,C01270,3,20250227,mobile,3,0,0,0.0,2.2,0
INT-003850,CMP-101,C01130,3,20250227,desktop,10,1,0,0.0,7.32,0
INT-003851,CMP-101,C00011,3,20250227,mobile,4,0,0,0.0,2.93,0
INT-003852,CMP-101,C00138,3,20250227,tablet,6,0,0,0.0,4.39,0
INT-003853,CMP-101,C01465,3,20250227,mobile,4,0,0,0.0,2.93,0
INT-003854,CMP-101,C00493,3,20250227,desktop,6,0,0,0.0,4.39,0
INT-003855,CMP-101,C00753,3,20250227,mobile,7,0,0,0.0,5.12,0
INT-003856,CMP-101,C00602,3,20250228,mobile,6,0,0,0.0,4.39,0
INT-003857,CMP-101,C00436,3,20250228,desktop,7,1,0,0.0,5.12,0
INT-003858,CMP-101,C00645,3,20250228,desktop,5,0,0,0.0,3.66,0
INT-003859,CMP-101,C01851,3,20250228,mobile,6,0,0,0.0,4.39,0
INT-003860,CMP-101,C00488,3,20250228,desktop,6,0,0,0.0,4.39,0
INT-003861,CMP-101,C00287,3,20250228,desktop,3,0,0,0.0,2.2,0
INT-003862,CMP-101,C01550,3,20250228,mobile,4,0,0,0.0,2.93,0
INT-003863,CMP-101,C02196,3,20250228,mobile,4,1,0,0.0,2.93,0
INT-003864,CMP-101,C01660,3,20250301,desktop,8,0,0,0.0,5.86,0
INT-003865,CMP-101,C00841,3,20250301,tablet,3,0,0,0.0,2.2,0
INT-003866,CMP-101,C01441,3,20250301,mobile,3,0,0,0.0,2.2,0
INT-003867,CMP-101,C00450,3,20250301,mobile,2,0,0,0.0,1.46,0
INT-003868,CMP-101,C01699,3,20250301,mobile,4,2,0,0.0,2.93,0
INT-003869,CMP-101,C00865,3,20250301,desktop,3,0,0,0.0,2.2,0
INT-003870,CMP-101,C01661,3,20250302,desktop,5,0,0,0.0,3.66,0
INT-003871,CMP-101,C01279,3,20250302,mobile,5,0,0,0.0,3.66,0
INT-003872,CMP-101,C00531,3,20250302,mobile,7,0,0,0.0,5.12,0
INT-003873,CMP-101,C01581,3,20250302,mobile,4,0,0,0.0,2.93,0
INT-003874,CMP-101,C00628,3,20250302,desktop,3,0,0,0.0,2.2,0
INT-003875,CMP-101,C01393,3,20250302,desktop,6,0,0,0.0,4.39,0
INT-003876,CMP-101,C01991,3,20250302,mobile,7,0,0,0.0,5.12,0
INT-003877,CMP-101,C00999,3,20250302,mobile,4,1,0,0.0,2.93,0
INT-003878,CMP-101,C01611,3,20250302,mobile,11,1,0,0.0,8.05,0
INT-003879,CMP-101,C01927,3,20250302,mobile,4,0,0,0.0,2.93,0
INT-003880,CMP-101,C01959,3,20250303,mobile,5,1,0,0.0,3.66,0
INT-003881,CMP-101,C01713,3,20250303,mobile,6,0,0,0.0,4.39,0
INT-003882,CMP-101,C00202,3,20250303,mobile,8,0,0,0.0,5.86,0
INT-003883,CMP-101,C01504,3,20250303,desktop,5,0,0,0.0,3.66,0
INT-003884,CMP-101,C02023,3,20250304,tablet,4,1,1,302.73,2.93,1
INT-003885,CMP-101,C00106,3,20250304,mobile,5,1,1,175.85,3.66,1
INT-003886,CMP-101,C01468,3,20250304,mobile,8,0,0,0.0,5.86,0
INT-003887,CMP-101,C01239,3,20250304,desktop,4,1,0,0.0,2.93,0
INT-003888,CMP-101,C02192,3,20250304,mobile,4,1,0,0.0,2.93,0
INT-003889,CMP-003,C01348,3,20250309,mobile,9,0,0,0.0,8.01,0
INT-003890,CMP-003,C01443,3,20250309,mobile,14,0,0,0.0,12.47,0
INT-003891,CMP-003,C01374,3,20250311,mobile,10,0,0,0.0,8.9,0
INT-003892,CMP-003,C01438,3,20250313,mobile,6,1,0,0.0,5.34,0
INT-003893,CMP-003,C00350,3,20250313,mobile,11,0,0,0.0,9.79,0
INT-003894,CMP-003,C00753,3,20250313,mobile,6,1,0,0.0,5.34,0
INT-003895,CMP-003,C02074,3,20250315,mobile,13,1,0,0.0,11.58,0
INT-003896,CMP-003,C00367,3,20250315,mobile,7,0,0,0.0,6.23,0
INT-003897,CMP-003,C00015,3,20250315,mobile,13,1,0,0.0,11.58,0
INT-003898,CMP-003,C00574,3,20250316,mobile,4,0,0,0.0,3.56,0
INT-003899,CMP-003,C02046,3,20250318,mobile,11,0,0,0.0,9.79,0
INT-003900,CMP-003,C01101,3,20250318,mobile,7,0,0,0.0,6.23,0
INT-003901,CMP-003,C01805,3,20250319,mobile,13,2,1,256.43,11.58,1
INT-003902,CMP-003,C02110,3,20250320,mobile,9,0,0,0.0,8.01,0
INT-003903,CMP-003,C01623,3,20250321,tablet,11,0,0,0.0,9.79,0
INT-003904,CMP-003,C01822,3,20250322,desktop,15,1,0,0.0,13.36,0
INT-003905,CMP-003,C01741,3,20250322,mobile,12,0,0,0.0,10.68,0
INT-003906,CMP-003,C00428,3,20250322,tablet,8,1,0,0.0,7.12,0
INT-003907,CMP-003,C00998,3,20250323,mobile,6,1,1,192.98,5.34,1
INT-003908,CMP-003,C02010,3,20250325,desktop,5,1,0,0.0,4.45,0
INT-003909,CMP-003,C01081,3,20250325,desktop,13,1,0,0.0,11.58,0
INT-003910,CMP-003,C01995,3,20250325,mobile,6,0,0,0.0,5.34,0
INT-003911,CMP-003,C00198,3,20250325,desktop,10,0,0,0.0,8.9,0
INT-003912,CMP-003,C00880,3,20250326,mobile,12,1,0,0.0,10.68,0
INT-003913,CMP-003,C02045,3,20250326,desktop,14,1,0,0.0,12.47,0
INT-003914,CMP-003,C00182,3,20250326,desktop,9,2,1,230.23,8.01,1
INT-003915,CMP-003,C01010,3,20250326,mobile,12,0,0,0.0,10.68,0
INT-003916,CMP-003,C01658,3,20250327,desktop,8,1,0,0.0,7.12,0
INT-003917,CMP-003,C00437,3,20250329,desktop,9,1,0,0.0,8.01,0
INT-003918,CMP-003,C00398,3,20250330,mobile,9,0,0,0.0,8.01,0
INT-003919,CMP-028,C00257,2,20250312,desktop,1,0,0,0.0,0.73,0
INT-003920,CMP-028,C00037,2,20250312,tablet,1,0,0,0.0,0.73,0
INT-003921,CMP-028,C01870,2,20250313,mobile,2,1,0,0.0,1.46,0
INT-003922,CMP-028,C02045,2,20250313,mobile,2,0,0,0.0,1.46,0
INT-003923,CMP-028,C01004,2,20250313,mobile,1,0,0,0.0,0.73,0
INT-003924,CMP-028,C01925,2,20250313,tablet,1,0,0,0.0,0.73,0
INT-003925,CMP-028,C01445,2,20250314,mobile,2,0,0,0.0,1.46,0
INT-003926,CMP-028,C01475,2,20250314,tablet,7,1,1,186.54,5.1,1
INT-003927,CMP-028,C00848,2,20250315,mobile,3,0,0,0.0,2.19,0
INT-003928,CMP-028,C01760,2,20250316,desktop,4,0,0,0.0,2.92,0
INT-003929,CMP-028,C00494,2,20250317,mobile,4,0,0,0.0,2.92,0
INT-003930,CMP-028,C01073,2,20250318,mobile,2,0,0,0.0,1.46,0
INT-003931,CMP-028,C01747,2,20250321,mobile,3,0,0,0.0,2.19,0
INT-003932,CMP-028,C00591,2,20250321,mobile,3,0,0,0.0,2.19,0
INT-003933,CMP-028,C00392,2,20250321,mobile,1,0,0,0.0,0.73,0
INT-003934,CMP-028,C01099,2,20250321,mobile,2,0,0,0.0,1.46,0
INT-003935,CMP-028,C00390,2,20250323,tablet,2,0,0,0.0,1.46,0
INT-003936,CMP-028,C01330,2,20250324,mobile,1,0,0,0.0,0.73,0
INT-003937,CMP-028,C00841,2,20250324,desktop,4,1,1,281.84,2.92,1
INT-003938,CMP-028,C00957,2,20250325,desktop,2,0,0,0.0,1.46,0
INT-003939,CMP-028,C01327,2,20250326,tablet,1,0,0,0.0,0.73,0
INT-003940,CMP-028,C01119,2,20250326,tablet,4,0,0,0.0,2.92,0
INT-003941,CMP-028,C00097,2,20250331,desktop,3,0,0,0.0,2.19,0
INT-003942,CMP-028,C00689,2,20250331,mobile,4,0,0,0.0,2.92,0
INT-003943,CMP-028,C00369,2,20250401,mobile,3,0,0,0.0,2.19,0
INT-003944,CMP-028,C01694,2,20250403,mobile,3,1,1,209.23,2.19,1
INT-003945,CMP-028,C01657,2,20250404,desktop,5,0,0,0.0,3.65,0
INT-003946,CMP-028,C01098,2,20250405,desktop,4,0,0,0.0,2.92,0
INT-003947,CMP-028,C01341,2,20250405,mobile,6,0,0,0.0,4.38,0
INT-003948,CMP-028,C01106,2,20250406,desktop,3,0,0,0.0,2.19,0
INT-003949,CMP-028,C01187,2,20250406,mobile,1,0,0,0.0,0.73,0
INT-003950,CMP-028,C01505,2,20250408,desktop,2,0,0,0.0,1.46,0
INT-003951,CMP-028,C01450,2,20250409,mobile,4,0,0,0.0,2.92,0
INT-003952,CMP-028,C00234,2,20250409,desktop,5,1,1,143.04,3.65,1
INT-003953,CMP-099,C02097,3,20250315,desktop,7,0,0,0.0,5.83,0
INT-003954,CMP-099,C00879,3,20250319,mobile,2,0,0,0.0,1.67,0
INT-003955,CMP-099,C02171,3,20250319,mobile,5,0,0,0.0,4.17,0
INT-003956,CMP-099,C01352,3,20250321,desktop,11,0,0,0.0,9.17,0
INT-003957,CMP-099,C00217,3,20250324,mobile,6,0,0,0.0,5.0,0
INT-003958,CMP-099,C00741,3,20250325,mobile,3,0,0,0.0,2.5,0
INT-003959,CMP-099,C00622,3,20250327,desktop,6,0,0,0.0,5.0,0
INT-003960,CMP-099,C01829,3,20250329,mobile,6,0,0,0.0,5.0,0
INT-003961,CMP-099,C02081,3,20250329,mobile,7,0,0,0.0,5.83,0
INT-003962,CMP-099,C00070,3,20250329,mobile,5,0,0,0.0,4.17,0
INT-003963,CMP-099,C00158,3,20250331,tablet,2,0,0,0.0,1.67,0
INT-003964,CMP-099,C00301,3,20250401,mobile,8,0,0,0.0,6.67,0
INT-003965,CMP-099,C02184,3,20250402,mobile,2,0,0,0.0,1.67,0
INT-003966,CMP-099,C01516,3,20250402,desktop,5,0,0,0.0,4.17,0
INT-003967,CMP-099,C00238,3,20250402,mobile,10,0,0,0.0,8.33,0
INT-003968,CMP-099,C01442,3,20250403,mobile,5,0,0,0.0,4.17,0
INT-003969,CMP-099,C01682,3,20250403,mobile,6,1,0,0.0,5.0,0
INT-003970,CMP-099,C01574,3,20250403,tablet,6,0,0,0.0,5.0,0
INT-003971,CMP-099,C01617,3,20250403,desktop,7,0,0,0.0,5.83,0
INT-003972,CMP-099,C02062,3,20250403,mobile,8,0,0,0.0,6.67,0
INT-003973,CMP-099,C00017,3,20250404,desktop,8,0,0,0.0,6.67,0
INT-003974,CMP-099,C00861,3,20250405,desktop,7,0,0,0.0,5.83,0
INT-003975,CMP-099,C00213,3,20250405,tablet,7,1,0,0.0,5.83,0
INT-003976,CMP-099,C01804,3,20250405,tablet,4,0,0,0.0,3.33,0
INT-003977,CMP-099,C01258,3,20250408,mobile,9,1,0,0.0,7.5,0
INT-003978,CMP-099,C01341,3,20250409,mobile,6,1,0,0.0,5.0,0
INT-003979,CMP-099,C00047,3,20250410,mobile,7,0,0,0.0,5.83,0
INT-003980,CMP-099,C00392,3,20250410,mobile,6,0,0,0.0,5.0,0
INT-003981,CMP-099,C00836,3,20250412,desktop,1,0,0,0.0,0.83,0
INT-003982,CMP-099,C01210,3,20250414,desktop,5,0,0,0.0,4.17,0
INT-003983,CMP-099,C02014,3,20250414,mobile,8,0,0,0.0,6.67,0
INT-003984,CMP-099,C02160,3,20250414,mobile,5,0,0,0.0,4.17,0
INT-003985,CMP-099,C01307,3,20250415,mobile,7,0,0,0.0,5.83,0
INT-003986,CMP-099,C01398,3,20250416,tablet,4,0,0,0.0,3.33,0
INT-003987,CMP-099,C01945,3,20250416,mobile,4,1,0,0.0,3.33,0
INT-003988,CMP-099,C01608,3,20250416,desktop,8,0,0,0.0,6.67,0
INT-003989,CMP-099,C00880,3,20250417,mobile,6,0,0,0.0,5.0,0
INT-003990,CMP-099,C01078,3,20250419,desktop,9,0,0,0.0,7.5,0
INT-003991,CMP-099,C00398,3,20250419,mobile,7,0,0,0.0,5.83,0
INT-003992,CMP-099,C02019,3,20250419,desktop,7,0,0,0.0,5.83,0
INT-003993,CMP-099,C01800,3,20250420,desktop,6,1,0,0.0,5.0,0
INT-003994,CMP-099,C00229,3,20250420,desktop,11,0,0,0.0,9.17,0
INT-003995,CMP-099,C01522,3,20250420,desktop,5,1,0,0.0,4.17,0
INT-003996,CMP-038,C01013,1,20250318,desktop,3,1,0,0.0,10.07,0
INT-003997,CMP-038,C02103,1,20250318,desktop,2,1,0,0.0,6.71,0
INT-003998,CMP-038,C00581,1,20250321,mobile,2,0,0,0.0,6.71,0
INT-003999,CMP-038,C00683,1,20250322,mobile,4,0,0,0.0,13.43,0
INT-004000,CMP-038,C00184,1,20250322,tablet,5,1,1,229.59,16.78,1
INT-004001,CMP-038,C01187,1,20250324,mobile,6,0,0,0.0,20.14,0
INT-004002,CMP-038,C01886,1,20250325,mobile,5,0,0,0.0,16.78,0
INT-004003,CMP-038,C00214,1,20250326,mobile,7,1,0,0.0,23.5,0
INT-004004,CMP-038,C01282,1,20250327,mobile,7,1,0,0.0,23.5,0
INT-004005,CMP-038,C01572,1,20250327,desktop,2,0,0,0.0,6.71,0
INT-004006,CMP-038,C00467,1,20250328,mobile,3,0,0,0.0,10.07,0
INT-004007,CMP-038,C00740,1,20250328,mobile,2,1,0,0.0,6.71,0
INT-004008,CMP-038,C01444,1,20250328,tablet,4,0,0,0.0,13.43,0
INT-004009,CMP-038,C01500,1,20250328,mobile,4,1,0,0.0,13.43,0
INT-004010,CMP-038,C00976,1,20250329,mobile,8,0,0,0.0,26.85,0
INT-004011,CMP-038,C01071,1,20250329,mobile,4,1,0,0.0,13.43,0
INT-004012,CMP-038,C00965,1,20250330,mobile,3,1,0,0.0,10.07,0
INT-004013,CMP-038,C01975,1,20250331,mobile,7,0,0,0.0,23.5,0
INT-004014,CMP-038,C00583,1,20250401,mobile,7,0,0,0.0,23.5,0
INT-004015,CMP-038,C00724,1,20250402,desktop,4,0,0,0.0,13.43,0
INT-004016,CMP-038,C01576,1,20250402,mobile,1,0,0,0.0,3.36,0
INT-004017,CMP-038,C01230,1,20250403,mobile,4,0,0,0.0,13.43,0
INT-004018,CMP-038,C00115,1,20250405,mobile,6,1,0,0.0,20.14,0
INT-004019,CMP-038,C01152,1,20250407,desktop,3,0,0,0.0,10.07,0
INT-004020,CMP-038,C01296,1,20250407,mobile,4,1,0,0.0,13.43,0
INT-004021,CMP-038,C00084,1,20250408,desktop,5,1,0,0.0,16.78,0
INT-004022,CMP-038,C01161,1,20250408,mobile,5,0,0,0.0,16.78,0
INT-004023,CMP-038,C01338,1,20250409,tablet,2,0,0,0.0,6.71,0
INT-004024,CMP-038,C02118,1,20250409,tablet,2,0,0,0.0,6.71,0
INT-004025,CMP-038,C00628,1,20250410,desktop,3,0,0,0.0,10.07,0
INT-004026,CMP-038,C00090,1,20250411,mobile,4,0,0,0.0,13.43,0
INT-004027,CMP-038,C01545,1,20250411,desktop,4,0,0,0.0,13.43,0
INT-004028,CMP-038,C00303,1,20250411,desktop,4,1,0,0.0,13.43,0
INT-004029,CMP-038,C01249,1,20250412,tablet,7,0,0,0.0,23.5,0
INT-004030,CMP-036,C02200,1,20250320,tablet,6,2,0,0.0,14.79,0
INT-004031,CMP-036,C01410,1,20250321,desktop,5,0,0,0.0,12.33,0
INT-004032,CMP-036,C01073,1,20250322,mobile,3,0,0,0.0,7.4,0
INT-004033,CMP-036,C01152,1,20250323,desktop,3,1,1,482.22,7.4,1
INT-004034,CMP-036,C00343,1,20250324,desktop,4,0,0,0.0,9.86,0
INT-004035,CMP-036,C00157,1,20250324,mobile,4,0,0,0.0,9.86,0
INT-004036,CMP-036,C00316,1,20250324,mobile,2,0,0,0.0,4.93,0
INT-004037,CMP-036,C01407,1,20250325,mobile,4,2,0,0.0,9.86,0
INT-004038,CMP-036,C00423,1,20250327,mobile,2,1,0,0.0,4.93,0
INT-004039,CMP-036,C01590,1,20250327,mobile,3,0,0,0.0,7.4,0
INT-004040,CMP-036,C00388,1,20250327,desktop,2,0,0,0.0,4.93,0
INT-004041,CMP-036,C00596,1,20250327,tablet,4,1,0,0.0,9.86,0
INT-004042,CMP-036,C02114,1,20250328,desktop,2,0,0,0.0,4.93,0
INT-004043,CMP-036,C01614,1,20250329,tablet,2,1,0,0.0,4.93,0
INT-004044,CMP-036,C01711,1,20250330,mobile,5,2,1,189.59,12.33,1
INT-004045,CMP-036,C00459,1,20250331,mobile,3,1,0,0.0,7.4,0
INT-004046,CMP-036,C01163,1,20250331,desktop,3,1,0,0.0,7.4,0
INT-004047,CMP-036,C00342,1,20250331,mobile,5,1,0,0.0,12.33,0
INT-004048,CMP-036,C00983,1,20250401,desktop,3,1,0,0.0,7.4,0
INT-004049,CMP-036,C00635,1,20250403,tablet,2,0,0,0.0,4.93,0
INT-004050,CMP-036,C00574,1,20250403,mobile,2,0,0,0.0,4.93,0
INT-004051,CMP-036,C00735,1,20250405,mobile,3,0,0,0.0,7.4,0
INT-004052,CMP-036,C02125,1,20250406,desktop,3,1,1,279.29,7.4,1
INT-004053,CMP-036,C00609,1,20250406,desktop,1,1,0,0.0,2.47,0
INT-004054,CMP-036,C00415,1,20250407,mobile,3,0,0,0.0,7.4,0
INT-004055,CMP-036,C01729,1,20250408,mobile,7,0,0,0.0,17.26,0
INT-004056,CMP-036,C00570,1,20250408,mobile,1,0,0,0.0,2.47,0
INT-004057,CMP-036,C00919,1,20250409,desktop,3,1,0,0.0,7.4,0
INT-004058,CMP-036,C01145,1,20250409,desktop,6,1,0,0.0,14.79,0
INT-004059,CMP-036,C00672,1,20250410,mobile,4,0,0,0.0,9.86,0
INT-004060,CMP-036,C00173,1,20250410,mobile,3,1,1,225.68,7.4,1
INT-004061,CMP-036,C00219,1,20250411,mobile,6,1,1,244.51,14.79,1
INT-004062,CMP-036,C02006,1,20250411,mobile,2,1,0,0.0,4.93,0
INT-004063,CMP-036,C01325,1,20250412,desktop,3,2,1,155.93,7.4,1
INT-004064,CMP-036,C01879,1,20250412,desktop,1,0,0,0.0,2.47,0
INT-004065,CMP-036,C01274,1,20250414,mobile,3,1,0,0.0,7.4,0
INT-004066,CMP-036,C00910,1,20250415,desktop,7,2,0,0.0,17.26,0
INT-004067,CMP-036,C00624,1,20250416,mobile,3,0,0,0.0,7.4,0
INT-004068,CMP-036,C00824,1,20250417,mobile,2,0,0,0.0,4.93,0
INT-004069,CMP-036,C01434,1,20250421,mobile,3,2,1,197.74,7.4,1
INT-004070,CMP-036,C01841,1,20250421,desktop,2,0,0,0.0,4.93,0
INT-004071,CMP-036,C00026,1,20250422,mobile,4,0,0,0.0,9.86,0
INT-004072,CMP-036,C01643,1,20250422,mobile,2,1,0,0.0,4.93,0
INT-004073,CMP-036,C01515,1,20250423,desktop,3,0,0,0.0,7.4,0
INT-004074,CMP-036,C02120,1,20250423,mobile,2,0,0,0.0,4.93,0
INT-004075,CMP-012,C00757,2,20250406,tablet,6,0,0,0.0,4.91,0
INT-004076,CMP-012,C00150,2,20250406,mobile,1,0,0,0.0,0.82,0
INT-004077,CMP-012,C01205,2,20250406,mobile,3,0,0,0.0,2.46,0
INT-004078,CMP-012,C00637,2,20250407,desktop,4,1,1,167.73,3.27,1
INT-004079,CMP-012,C01665,2,20250407,mobile,1,0,0,0.0,0.82,0
INT-004080,CMP-012,C00485,2,20250407,mobile,6,0,0,0.0,4.91,0
INT-004081,CMP-012,C00538,2,20250407,mobile,7,0,0,0.0,5.73,0
INT-004082,CMP-012,C00021,2,20250408,mobile,2,0,0,0.0,1.64,0
INT-004083,CMP-012,C01538,2,20250408,mobile,1,0,0,0.0,0.82,0
INT-004084,CMP-012,C00811,2,20250409,desktop,4,1,1,104.16,3.27,1
INT-004085,CMP-012,C01227,2,20250409,desktop,7,1,1,258.81,5.73,1
INT-004086,CMP-012,C01809,2,20250409,desktop,2,0,0,0.0,1.64,0
INT-004087,CMP-012,C00943,2,20250409,desktop,2,0,0,0.0,1.64,0
INT-004088,CMP-012,C01271,2,20250410,desktop,7,0,0,0.0,5.73,0
INT-004089,CMP-012,C01111,2,20250410,mobile,3,0,0,0.0,2.46,0
INT-004090,CMP-012,C00583,2,20250411,mobile,3,0,0,0.0,2.46,0
INT-004091,CMP-012,C00233,2,20250411,mobile,2,0,0,0.0,1.64,0
INT-004092,CMP-012,C02050,2,20250412,mobile,2,1,1,140.49,1.64,1
INT-004093,CMP-012,C01108,2,20250412,mobile,3,0,0,0.0,2.46,0
INT-004094,CMP-012,C02032,2,20250412,desktop,1,0,0,0.0,0.82,0
INT-004095,CMP-012,C01367,2,20250412,mobile,6,0,0,0.0,4.91,0
INT-004096,CMP-012,C00390,2,20250412,tablet,4,1,0,0.0,3.27,0
INT-004097,CMP-012,C02058,2,20250413,mobile,5,1,1,170.55,4.09,1
INT-004098,CMP-012,C01306,2,20250413,desktop,1,0,0,0.0,0.82,0
INT-004099,CMP-012,C02129,2,20250413,desktop,4,0,0,0.0,3.27,0
INT-004100,CMP-012,C01129,2,20250413,mobile,3,0,0,0.0,2.46,0
INT-004101,CMP-012,C02159,2,20250413,desktop,3,0,0,0.0,2.46,0
INT-004102,CMP-012,C01575,2,20250413,mobile,4,0,0,0.0,3.27,0
INT-004103,CMP-012,C02166,2,20250414,mobile,4,2,0,0.0,3.27,0
INT-004104,CMP-012,C01100,2,20250414,desktop,3,1,0,0.0,2.46,0
INT-004105,CMP-012,C02034,2,20250414,desktop,3,0,0,0.0,2.46,0
INT-004106,CMP-012,C00606,2,20250414,mobile,5,0,0,0.0,4.09,0
INT-004107,CMP-012,C00979,2,20250415,mobile,4,0,0,0.0,3.27,0
INT-004108,CMP-012,C01581,2,20250415,mobile,6,1,0,0.0,4.91,0
INT-004109,CMP-012,C00029,2,20250415,mobile,3,0,0,0.0,2.46,0
INT-004110,CMP-012,C01153,2,20250415,mobile,3,0,0,0.0,2.46,0
INT-004111,CMP-012,C01326,2,20250415,desktop,3,1,1,349.74,2.46,1
INT-004112,CMP-012,C01893,2,20250415,mobile,2,0,0,0.0,1.64,0
INT-004113,CMP-012,C00901,2,20250415,desktop,2,0,0,0.0,1.64,0
INT-004114,CMP-012,C02089,2,20250416,desktop,3,0,0,0.0,2.46,0
INT-004115,CMP-012,C01549,2,20250417,mobile,2,0,0,0.0,1.64,0
INT-004116,CMP-012,C01660,2,20250417,desktop,5,0,0,0.0,4.09,0
INT-004117,CMP-012,C02176,2,20250417,desktop,8,1,0,0.0,6.55,0
INT-004118,CMP-012,C02172,2,20250417,mobile,1,0,0,0.0,0.82,0
INT-004119,CMP-012,C01475,2,20250417,tablet,4,0,0,0.0,3.27,0
INT-004120,CMP-012,C01912,2,20250418,mobile,6,0,0,0.0,4.91,0
INT-004121,CMP-012,C00509,2,20250419,mobile,5,0,0,0.0,4.09,0
INT-004122,CMP-012,C00835,2,20250419,mobile,2,0,0,0.0,1.64,0
INT-004123,CMP-012,C02081,2,20250419,mobile,4,1,0,0.0,3.27,0
INT-004124,CMP-012,C00601,2,20250419,mobile,4,0,0,0.0,3.27,0
INT-004125,CMP-012,C01363,2,20250420,desktop,4,0,0,0.0,3.27,0
INT-004126,CMP-012,C00182,2,20250421,mobile,5,0,0,0.0,4.09,0
INT-004127,CMP-012,C02097,2,20250422,desktop,4,0,0,0.0,3.27,0
INT-004128,CMP-012,C00264,2,20250422,desktop,4,1,0,0.0,3.27,0
INT-004129,CMP-012,C01389,2,20250423,mobile,4,1,0,0.0,3.27,0
INT-004130,CMP-012,C02175,2,20250423,desktop,3,1,1,198.19,2.46,1
INT-004131,CMP-012,C01950,2,20250423,mobile,2,0,0,0.0,1.64,0
INT-004132,CMP-012,C01788,2,20250425,desktop,5,0,0,0.0,4.09,0
INT-004133,CMP-012,C00820,2,20250425,desktop,2,0,0,0.0,1.64,0
INT-004134,CMP-012,C01883,2,20250425,mobile,5,0,0,0.0,4.09,0
INT-004135,CMP-012,C01347,2,20250425,mobile,2,1,1,174.07,1.64,1
INT-004136,CMP-012,C00219,2,20250425,desktop,3,0,0,0.0,2.46,0
INT-004137,CMP-012,C01729,2,20250426,mobile,6,1,0,0.0,4.91,0
INT-004138,CMP-012,C01900,2,20250426,desktop,4,0,0,0.0,3.27,0
INT-004139,CMP-012,C01767,2,20250427,tablet,3,1,0,0.0,2.46,0
INT-004140,CMP-012,C00445,2,20250427,desktop,4,0,0,0.0,3.27,0
INT-004141,CMP-012,C01818,2,20250428,mobile,5,0,0,0.0,4.09,0
INT-004142,CMP-012,C01002,2,20250501,mobile,1,0,0,0.0,0.82,0
INT-004143,CMP-012,C01694,2,20250501,mobile,3,0,0,0.0,2.46,0
INT-004144,CMP-012,C01438,2,20250501,desktop,3,0,0,0.0,2.46,0
INT-004145,CMP-012,C01804,2,20250501,tablet,2,0,0,0.0,1.64,0
INT-004146,CMP-012,C00667,2,20250501,desktop,3,1,0,0.0,2.46,0
INT-004147,CMP-012,C01765,2,20250502,mobile,1,0,0,0.0,0.82,0
INT-004148,CMP-012,C00907,2,20250502,mobile,3,0,0,0.0,2.46,0
INT-004149,CMP-012,C01300,2,20250502,desktop,6,0,0,0.0,4.91,0
INT-004150,CMP-012,C00402,2,20250503,mobile,5,0,0,0.0,4.09,0
INT-004151,CMP-012,C00042,2,20250503,mobile,2,0,0,0.0,1.64,0
INT-004152,CMP-012,C01838,2,20250503,mobile,5,0,0,0.0,4.09,0
INT-004153,CMP-012,C01597,2,20250504,mobile,3,0,0,0.0,2.46,0
INT-004154,CMP-100,C00777,4,20250409,tablet,10,0,0,0.0,4.4,0
INT-004155,CMP-100,C00129,4,20250409,mobile,15,0,0,0.0,6.6,0
INT-004156,CMP-100,C00095,4,20250409,mobile,19,0,0,0.0,8.36,0
INT-004157,CMP-100,C00035,4,20250410,mobile,13,1,0,0.0,5.72,0
INT-004158,CMP-100,C00060,4,20250410,desktop,15,0,0,0.0,6.6,0
INT-004159,CMP-100,C01744,4,20250411,desktop,14,1,0,0.0,6.16,0
INT-004160,CMP-100,C01210,4,20250412,mobile,5,0,0,0.0,2.2,0
INT-004161,CMP-100,C01421,4,20250412,desktop,13,0,0,0.0,5.72,0
INT-004162,CMP-100,C00722,4,20250413,desktop,13,1,1,108.17,5.72,1
INT-004163,CMP-100,C01104,4,20250413,desktop,10,0,0,0.0,4.4,0
INT-004164,CMP-100,C00030,4,20250414,mobile,14,1,0,0.0,6.16,0
INT-004165,CMP-100,C00401,4,20250414,tablet,7,0,0,0.0,3.08,0
INT-004166,CMP-100,C00993,4,20250417,mobile,17,0,0,0.0,7.48,0
INT-004167,CMP-100,C02083,4,20250418,desktop,25,0,0,0.0,11.0,0
INT-004168,CMP-100,C02110,4,20250419,mobile,15,0,0,0.0,6.6,0
INT-004169,CMP-100,C00701,4,20250420,mobile,8,0,0,0.0,3.52,0
INT-004170,CMP-100,C02041,4,20250420,mobile,14,1,1,118.16,6.16,1
INT-004171,CMP-100,C00889,4,20250420,mobile,17,0,0,0.0,7.48,0
INT-004172,CMP-100,C01752,4,20250421,mobile,11,0,0,0.0,4.84,0
INT-004173,CMP-100,C02122,4,20250423,tablet,12,1,0,0.0,5.28,0
INT-004174,CMP-100,C00317,4,20250424,mobile,8,1,0,0.0,3.52,0
INT-004175,CMP-100,C00842,4,20250424,tablet,12,0,0,0.0,5.28,0
INT-004176,CMP-100,C02093,4,20250426,mobile,9,1,0,0.0,3.96,0
INT-004177,CMP-100,C01626,4,20250428,mobile,8,0,0,0.0,3.52,0
INT-004178,CMP-100,C00711,4,20250429,mobile,12,1,1,171.86,5.28,1
INT-004179,CMP-100,C01057,4,20250430,mobile,14,0,0,0.0,6.16,0
INT-004180,CMP-100,C02143,4,20250502,mobile,7,0,0,0.0,3.08,0
INT-004181,CMP-100,C00997,4,20250503,mobile,8,0,0,0.0,3.52,0
INT-004182,CMP-100,C01352,4,20250503,desktop,10,0,0,0.0,4.4,0
INT-004183,CMP-100,C02081,4,20250504,mobile,16,0,0,0.0,7.04,0
INT-004184,CMP-100,C01672,4,20250505,mobile,16,0,0,0.0,7.04,0
INT-004185,CMP-100,C00216,4,20250506,mobile,12,0,0,0.0,5.28,0
INT-004186,CMP-100,C01772,4,20250506,mobile,12,0,0,0.0,5.28,0
INT-004187,CMP-100,C01269,4,20250507,desktop,16,0,0,0.0,7.04,0
INT-004188,CMP-100,C01898,4,20250508,tablet,11,0,0,0.0,4.84,0
INT-004189,CMP-100,C01905,4,20250508,desktop,10,0,0,0.0,4.4,0
INT-004190,CMP-100,C02129,4,20250509,desktop,13,0,0,0.0,5.72,0
INT-004191,CMP-100,C00385,4,20250509,mobile,14,0,0,0.0,6.16,0
INT-004192,CMP-100,C02155,4,20250511,mobile,9,0,0,0.0,3.96,0
INT-004193,CMP-100,C01680,4,20250511,mobile,20,1,0,0.0,8.8,0
INT-004194,CMP-100,C02043,4,20250511,mobile,10,0,0,0.0,4.4,0
INT-004195,CMP-100,C01122,4,20250512,mobile,21,1,1,127.37,9.24,1
INT-004196,CMP-100,C02031,4,20250512,mobile,13,0,0,0.0,5.72,0
INT-004197,CMP-100,C01254,4,20250513,desktop,16,0,0,0.0,7.04,0
INT-004198,CMP-100,C00642,4,20250514,mobile,9,0,0,0.0,3.96,0
INT-004199,CMP-100,C00152,4,20250514,desktop,11,0,0,0.0,4.84,0
INT-004200,CMP-100,C01991,4,20250514,mobile,18,0,0,0.0,7.92,0
INT-004201,CMP-100,C00641,4,20250515,mobile,15,0,0,0.0,6.6,0
INT-004202,CMP-100,C01272,4,20250515,mobile,15,0,0,0.0,6.6,0
INT-004203,CMP-100,C02196,4,20250515,desktop,12,0,0,0.0,5.28,0
INT-004204,CMP-100,C01331,4,20250516,mobile,17,0,0,0.0,7.48,0
INT-004205,CMP-100,C00820,4,20250516,desktop,9,1,0,0.0,3.96,0
INT-004206,CMP-100,C00271,4,20250516,desktop,12,0,0,0.0,5.28,0
INT-004207,CMP-100,C01746,4,20250517,mobile,14,0,0,0.0,6.16,0
INT-004208,CMP-100,C02061,4,20250517,desktop,14,2,0,0.0,6.16,0
INT-004209,CMP-100,C01354,4,20250518,desktop,19,0,0,0.0,8.36,0
INT-004210,CMP-100,C00944,4,20250518,mobile,9,0,0,0.0,3.96,0
INT-004211,CMP-100,C00447,4,20250518,mobile,12,0,0,0.0,5.28,0
INT-004212,CMP-019,C00394,1,20250422,mobile,6,1,1,392.87,16.95,1
INT-004213,CMP-019,C00563,1,20250422,desktop,5,1,0,0.0,14.12,0
INT-004214,CMP-019,C01927,1,20250422,mobile,7,0,0,0.0,19.77,0
INT-004215,CMP-019,C00054,1,20250422,desktop,4,0,0,0.0,11.3,0
INT-004216,CMP-019,C01115,1,20250422,desktop,5,0,0,0.0,14.12,0
INT-004217,CMP-019,C01030,1,20250422,tablet,8,1,0,0.0,22.6,0
INT-004218,CMP-019,C00018,1,20250423,mobile,6,0,0,0.0,16.95,0
INT-004219,CMP-019,C00981,1,20250424,mobile,7,0,0,0.0,19.77,0
INT-004220,CMP-019,C00266,1,20250425,desktop,11,0,0,0.0,31.07,0
INT-004221,CMP-019,C00025,1,20250425,desktop,8,1,0,0.0,22.6,0
INT-004222,CMP-019,C00003,1,20250425,desktop,7,1,1,131.68,19.77,1
INT-004223,CMP-019,C00677,1,20250425,tablet,6,0,0,0.0,16.95,0
INT-004224,CMP-019,C01653,1,20250425,mobile,6,0,0,0.0,16.95,0
INT-004225,CMP-019,C02165,1,20250425,tablet,8,0,0,0.0,22.6,0
INT-004226,CMP-019,C01626,1,20250426,mobile,5,1,0,0.0,14.12,0
INT-004227,CMP-019,C00306,1,20250426,mobile,6,0,0,0.0,16.95,0
INT-004228,CMP-019,C02009,1,20250426,mobile,4,0,0,0.0,11.3,0
INT-004229,CMP-019,C00791,1,20250426,desktop,12,3,2,573.62,33.9,1
INT-004230,CMP-019,C01560,1,20250426,desktop,10,2,2,503.53,28.25,1
INT-004231,CMP-019,C01607,1,20250426,desktop,8,1,0,0.0,22.6,0
INT-004232,CMP-019,C00392,1,20250427,mobile,10,1,0,0.0,28.25,0
INT-004233,CMP-019,C00964,1,20250427,desktop,5,1,1,324.01,14.12,1
INT-004234,CMP-019,C00635,1,20250427,desktop,4,0,0,0.0,11.3,0
INT-004235,CMP-019,C01789,1,20250427,tablet,10,1,0,0.0,28.25,0
INT-004236,CMP-019,C00625,1,20250427,desktop,14,3,1,208.49,39.55,1
INT-004237,CMP-019,C00721,1,20250428,mobile,7,1,1,88.85,19.77,1
INT-004238,CMP-019,C02064,1,20250428,desktop,5,1,1,377.05,14.12,1
INT-004239,CMP-019,C02087,1,20250428,mobile,3,0,0,0.0,8.47,0
INT-004240,CMP-019,C01074,1,20250428,mobile,5,1,0,0.0,14.12,0
INT-004241,CMP-019,C01227,1,20250428,desktop,9,3,2,873.37,25.42,1
INT-004242,CMP-019,C01697,1,20250428,mobile,7,0,0,0.0,19.77,0
INT-004243,CMP-019,C01570,1,20250429,desktop,8,0,0,0.0,22.6,0
INT-004244,CMP-019,C01749,1,20250429,mobile,7,1,0,0.0,19.77,0
INT-004245,CMP-019,C00742,1,20250429,mobile,3,1,0,0.0,8.47,0
INT-004246,CMP-019,C00256,1,20250429,desktop,6,0,0,0.0,16.95,0
INT-004247,CMP-019,C01589,1,20250430,desktop,5,1,1,353.18,14.12,1
INT-004248,CMP-019,C01972,1,20250430,desktop,7,0,0,0.0,19.77,0
INT-004249,CMP-019,C00161,1,20250501,mobile,1,0,0,0.0,2.82,0
INT-004250,CMP-019,C01315,1,20250501,mobile,6,0,0,0.0,16.95,0
INT-004251,CMP-019,C00434,1,20250501,mobile,4,1,0,0.0,11.3,0
INT-004252,CMP-019,C01097,1,20250501,mobile,3,0,0,0.0,8.47,0
INT-004253,CMP-019,C00448,1,20250501,mobile,1,0,0,0.0,2.82,0
INT-004254,CMP-019,C01673,1,20250501,mobile,6,0,0,0.0,16.95,0
INT-004255,CMP-019,C00210,1,20250501,mobile,6,1,0,0.0,16.95,0
INT-004256,CMP-019,C01753,1,20250502,desktop,5,0,0,0.0,14.12,0
INT-004257,CMP-019,C01139,1,20250502,mobile,5,0,0,0.0,14.12,0
INT-004258,CMP-019,C01270,1,20250502,mobile,7,0,0,0.0,19.77,0
INT-004259,CMP-019,C02081,1,20250502,mobile,8,4,1,285.44,22.6,1
INT-004260,CMP-019,C01123,1,20250502,mobile,6,1,1,433.94,16.95,1
INT-004261,CMP-019,C01259,1,20250502,mobile,9,1,1,302.45,25.42,1
INT-004262,CMP-019,C01267,1,20250503,desktop,8,1,0,0.0,22.6,0
INT-004263,CMP-019,C01273,1,20250503,desktop,9,3,1,105.39,25.42,1
INT-004264,CMP-019,C02151,1,20250503,mobile,5,0,0,0.0,14.12,0
INT-004265,CMP-019,C01184,1,20250504,mobile,4,0,0,0.0,11.3,0
INT-004266,CMP-019,C00559,1,20250504,mobile,2,1,0,0.0,5.65,0
INT-004267,CMP-019,C00260,1,20250504,mobile,3,1,0,0.0,8.47,0
INT-004268,CMP-019,C01657,1,20250504,mobile,7,0,0,0.0,19.77,0
INT-004269,CMP-019,C01540,1,20250504,desktop,2,0,0,0.0,5.65,0
INT-004270,CMP-019,C01764,1,20250504,mobile,7,1,1,158.36,19.77,1
INT-004271,CMP-019,C01215,1,20250504,desktop,6,0,0,0.0,16.95,0
INT-004272,CMP-019,C01719,1,20250504,mobile,5,0,0,0.0,14.12,0
INT-004273,CMP-019,C01411,1,20250505,desktop,6,0,0,0.0,16.95,0
INT-004274,CMP-019,C01624,1,20250505,desktop,5,1,0,0.0,14.12,0
INT-004275,CMP-019,C01815,1,20250505,desktop,5,1,1,153.83,14.12,1
INT-004276,CMP-019,C00702,1,20250505,mobile,4,1,0,0.0,11.3,0
INT-004277,CMP-019,C00841,1,20250506,mobile,7,0,0,0.0,19.77,0
INT-004278,CMP-019,C00442,1,20250506,mobile,7,3,1,146.6,19.77,1
INT-004279,CMP-019,C00195,1,20250506,desktop,5,0,0,0.0,14.12,0
INT-004280,CMP-019,C01644,1,20250506,mobile,6,0,0,0.0,16.95,0
INT-004281,CMP-019,C01699,1,20250506,mobile,6,0,0,0.0,16.95,0
INT-004282,CMP-019,C02106,1,20250506,mobile,5,1,1,444.23,14.12,1
INT-004283,CMP-019,C01099,1,20250506,desktop,6,0,0,0.0,16.95,0
INT-004284,CMP-019,C01006,1,20250506,desktop,5,1,1,338.61,14.12,1
INT-004285,CMP-019,C02083,1,20250506,mobile,3,0,0,0.0,8.47,0
INT-004286,CMP-019,C01731,1,20250506,mobile,5,1,1,180.39,14.12,1
INT-004287,CMP-019,C00146,1,20250507,desktop,4,1,0,0.0,11.3,0
INT-004288,CMP-019,C01204,1,20250507,mobile,5,1,0,0.0,14.12,0
INT-004289,CMP-019,C00174,1,20250507,mobile,4,0,0,0.0,11.3,0
INT-004290,CMP-019,C01643,1,20250507,mobile,3,0,0,0.0,8.47,0
INT-004291,CMP-019,C01837,1,20250507,mobile,7,0,0,0.0,19.77,0
INT-004292,CMP-019,C00216,1,20250507,mobile,7,0,0,0.0,19.77,0
INT-004293,CMP-019,C00736,1,20250507,desktop,4,0,0,0.0,11.3,0
INT-004294,CMP-019,C00327,1,20250508,desktop,7,1,1,205.51,19.77,1
INT-004295,CMP-019,C01576,1,20250508,mobile,5,0,0,0.0,14.12,0
INT-004296,CMP-019,C01327,1,20250508,desktop,8,2,2,407.73,22.6,1
INT-004297,CMP-019,C00467,1,20250508,mobile,6,0,0,0.0,16.95,0
INT-004298,CMP-019,C01941,1,20250508,mobile,5,0,0,0.0,14.12,0
INT-004299,CMP-019,C00348,1,20250509,desktop,4,1,1,168.76,11.3,1
INT-004300,CMP-019,C00168,1,20250509,mobile,9,1,0,0.0,25.42,0
INT-004301,CMP-019,C00764,1,20250509,desktop,3,1,1,372.73,8.47,1
INT-004302,CMP-019,C00828,1,20250509,desktop,5,0,0,0.0,14.12,0
INT-004303,CMP-019,C00937,1,20250509,mobile,4,0,0,0.0,11.3,0
INT-004304,CMP-019,C01180,1,20250510,mobile,7,1,0,0.0,19.77,0
INT-004305,CMP-019,C00922,1,20250510,tablet,4,1,0,0.0,11.3,0
INT-004306,CMP-019,C00411,1,20250510,mobile,1,1,0,0.0,2.82,0
INT-004307,CMP-019,C02071,1,20250510,mobile,6,0,0,0.0,16.95,0
INT-004308,CMP-019,C01990,1,20250510,mobile,5,1,0,0.0,14.12,0
INT-004309,CMP-019,C01376,1,20250510,mobile,3,0,0,0.0,8.47,0
INT-004310,CMP-019,C00587,1,20250511,mobile,6,0,0,0.0,16.95,0
INT-004311,CMP-019,C01639,1,20250511,mobile,5,0,0,0.0,14.12,0
INT-004312,CMP-019,C00771,1,20250511,mobile,9,2,0,0.0,25.42,0
INT-004313,CMP-019,C01337,1,20250511,tablet,4,1,0,0.0,11.3,0
INT-004314,CMP-019,C00178,1,20250511,desktop,8,1,0,0.0,22.6,0
INT-004315,CMP-019,C01870,1,20250511,mobile,4,0,0,0.0,11.3,0
INT-004316,CMP-019,C00152,1,20250512,desktop,4,0,0,0.0,11.3,0
INT-004317,CMP-019,C01328,1,20250512,tablet,4,0,0,0.0,11.3,0
INT-004318,CMP-019,C00396,1,20250512,tablet,3,0,0,0.0,8.47,0
INT-004319,CMP-019,C01956,1,20250512,mobile,5,1,1,197.1,14.12,1
INT-004320,CMP-019,C00086,1,20250512,tablet,8,1,1,290.86,22.6,1
INT-004321,CMP-019,C00863,1,20250512,mobile,7,1,0,0.0,19.77,0
INT-004322,CMP-019,C01788,1,20250512,desktop,4,0,0,0.0,11.3,0
INT-004323,CMP-019,C01129,1,20250513,desktop,3,0,0,0.0,8.47,0
INT-004324,CMP-019,C01516,1,20250513,desktop,7,1,0,0.0,19.77,0
INT-004325,CMP-019,C00136,1,20250513,mobile,5,1,1,269.39,14.12,1
INT-004326,CMP-019,C01072,1,20250513,desktop,6,2,0,0.0,16.95,0
INT-004327,CMP-063,C01315,1,20250423,mobile,5,1,0,0.0,12.68,0
INT-004328,CMP-063,C02186,1,20250423,mobile,5,1,0,0.0,12.68,0
INT-004329,CMP-063,C01443,1,20250423,mobile,5,0,0,0.0,12.68,0
INT-004330,CMP-063,C00732,1,20250423,mobile,3,1,0,0.0,7.61,0
INT-004331,CMP-063,C00532,1,20250423,mobile,9,3,0,0.0,22.82,0
INT-004332,CMP-063,C01838,1,20250423,mobile,5,0,0,0.0,12.68,0
INT-004333,CMP-063,C00070,1,20250423,mobile,4,1,0,0.0,10.14,0
INT-004334,CMP-063,C00020,1,20250424,desktop,5,1,1,255.59,12.68,1
INT-004335,CMP-063,C01089,1,20250424,mobile,4,0,0,0.0,10.14,0
INT-004336,CMP-063,C02126,1,20250424,mobile,4,0,0,0.0,10.14,0
INT-004337,CMP-063,C01469,1,20250424,mobile,2,1,0,0.0,5.07,0
INT-004338,CMP-063,C01360,1,20250424,desktop,4,1,0,0.0,10.14,0
INT-004339,CMP-063,C00938,1,20250425,tablet,4,1,0,0.0,10.14,0
INT-004340,CMP-063,C01231,1,20250425,mobile,4,0,0,0.0,10.14,0
INT-004341,CMP-063,C00172,1,20250425,mobile,6,0,0,0.0,15.21,0
INT-004342,CMP-063,C01324,1,20250425,mobile,8,1,0,0.0,20.29,0
INT-004343,CMP-063,C00891,1,20250425,tablet,5,0,0,0.0,12.68,0
INT-004344,CMP-063,C02099,1,20250425,desktop,6,2,0,0.0,15.21,0
INT-004345,CMP-063,C00236,1,20250426,desktop,7,2,0,0.0,17.75,0
INT-004346,CMP-063,C00576,1,20250426,mobile,4,1,0,0.0,10.14,0
INT-004347,CMP-063,C00918,1,20250426,desktop,6,1,1,122.36,15.21,1
INT-004348,CMP-063,C00292,1,20250426,mobile,10,1,0,0.0,25.36,0
INT-004349,CMP-063,C00258,1,20250426,desktop,6,1,0,0.0,15.21,0
INT-004350,CMP-063,C01326,1,20250426,mobile,3,0,0,0.0,7.61,0
INT-004351,CMP-063,C00293,1,20250426,tablet,5,0,0,0.0,12.68,0
INT-004352,CMP-063,C01079,1,20250426,desktop,4,0,0,0.0,10.14,0
INT-004353,CMP-063,C00486,1,20250427,mobile,4,1,0,0.0,10.14,0
INT-004354,CMP-063,C00705,1,20250427,mobile,3,1,0,0.0,7.61,0
INT-004355,CMP-063,C00893,1,20250427,mobile,3,0,0,0.0,7.61,0
INT-004356,CMP-063,C01364,1,20250427,desktop,7,1,0,0.0,17.75,0
INT-004357,CMP-063,C00468,1,20250427,desktop,5,1,0,0.0,12.68,0
INT-004358,CMP-063,C00331,1,20250427,tablet,7,1,0,0.0,17.75,0
INT-004359,CMP-063,C00753,1,20250427,mobile,5,1,0,0.0,12.68,0
INT-004360,CMP-063,C00086,1,20250427,tablet,6,1,1,268.58,15.21,1
INT-004361,CMP-063,C01670,1,20250427,mobile,6,1,0,0.0,15.21,0
INT-004362,CMP-063,C01929,1,20250427,desktop,6,0,0,0.0,15.21,0
INT-004363,CMP-063,C01725,1,20250427,desktop,4,0,0,0.0,10.14,0
INT-004364,CMP-063,C01275,1,20250428,desktop,2,1,0,0.0,5.07,0
INT-004365,CMP-063,C01556,1,20250428,mobile,7,0,0,0.0,17.75,0
INT-004366,CMP-063,C00539,1,20250428,mobile,6,0,0,0.0,15.21,0
INT-004367,CMP-063,C02160,1,20250428,desktop,4,0,0,0.0,10.14,0
INT-004368,CMP-063,C00347,1,20250428,desktop,6,1,0,0.0,15.21,0
INT-004369,CMP-063,C00248,1,20250428,mobile,6,1,0,0.0,15.21,0
INT-004370,CMP-063,C01204,1,20250428,mobile,7,0,0,0.0,17.75,0
INT-004371,CMP-063,C00288,1,20250428,mobile,2,0,0,0.0,5.07,0
INT-004372,CMP-063,C00383,1,20250429,mobile,6,2,0,0.0,15.21,0
INT-004373,CMP-063,C02108,1,20250430,mobile,5,1,0,0.0,12.68,0
INT-004374,CMP-063,C00776,1,20250430,mobile,6,0,0,0.0,15.21,0
INT-004375,CMP-063,C00207,1,20250430,mobile,10,2,0,0.0,25.36,0
INT-004376,CMP-063,C01313,1,20250430,desktop,5,4,0,0.0,12.68,0
INT-004377,CMP-063,C00387,1,20250430,mobile,11,2,0,0.0,27.89,0
INT-004378,CMP-063,C01345,1,20250430,mobile,5,0,0,0.0,12.68,0
INT-004379,CMP-063,C01288,1,20250430,mobile,6,1,0,0.0,15.21,0
INT-004380,CMP-063,C00341,1,20250430,mobile,5,0,0,0.0,12.68,0
INT-004381,CMP-063,C00595,1,20250430,mobile,4,1,0,0.0,10.14,0
INT-004382,CMP-063,C00442,1,20250430,desktop,6,0,0,0.0,15.21,0
INT-004383,CMP-063,C00856,1,20250430,desktop,3,1,0,0.0,7.61,0
INT-004384,CMP-063,C00600,1,20250501,desktop,3,1,1,258.05,7.61,1
INT-004385,CMP-063,C01497,1,20250501,mobile,7,1,0,0.0,17.75,0
INT-004386,CMP-063,C01498,1,20250501,mobile,5,2,1,315.07,12.68,1
INT-004387,CMP-063,C01683,1,20250501,mobile,8,2,0,0.0,20.29,0
INT-004388,CMP-063,C01698,1,20250501,mobile,4,0,0,0.0,10.14,0
INT-004389,CMP-063,C01165,1,20250501,mobile,4,2,0,0.0,10.14,0
INT-004390,CMP-063,C01073,1,20250501,mobile,7,0,0,0.0,17.75,0
INT-004391,CMP-063,C00737,1,20250501,mobile,6,0,0,0.0,15.21,0
INT-004392,CMP-063,C00822,1,20250501,desktop,5,0,0,0.0,12.68,0
INT-004393,CMP-063,C01396,1,20250502,mobile,10,1,0,0.0,25.36,0
INT-004394,CMP-063,C00813,1,20250502,mobile,2,1,0,0.0,5.07,0
INT-004395,CMP-063,C01398,1,20250502,tablet,3,0,0,0.0,7.61,0
INT-004396,CMP-063,C00952,1,20250502,tablet,8,2,0,0.0,20.29,0
INT-004397,CMP-063,C01157,1,20250502,desktop,6,1,0,0.0,15.21,0
INT-004398,CMP-063,C01548,1,20250502,mobile,9,2,2,493.21,22.82,1
INT-004399,CMP-063,C02086,1,20250502,desktop,3,1,1,127.16,7.61,1
INT-004400,CMP-063,C00183,1,20250502,mobile,5,1,0,0.0,12.68,0
INT-004401,CMP-063,C00800,1,20250502,mobile,5,1,0,0.0,12.68,0
INT-004402,CMP-063,C01661,1,20250503,desktop,5,1,1,147.28,12.68,1
INT-004403,CMP-063,C01409,1,20250503,desktop,6,1,1,149.84,15.21,1
INT-004404,CMP-063,C00126,1,20250503,mobile,4,1,0,0.0,10.14,0
INT-004405,CMP-063,C00839,1,20250503,mobile,7,0,0,0.0,17.75,0
INT-004406,CMP-063,C00311,1,20250503,mobile,4,0,0,0.0,10.14,0
INT-004407,CMP-063,C01065,1,20250503,mobile,6,1,0,0.0,15.21,0
INT-004408,CMP-063,C01518,1,20250504,desktop,4,1,0,0.0,10.14,0
INT-004409,CMP-063,C00781,1,20250504,mobile,1,0,0,0.0,2.54,0
INT-004410,CMP-063,C00343,1,20250504,desktop,4,1,1,230.68,10.14,1
INT-004411,CMP-063,C00496,1,20250504,desktop,7,0,0,0.0,17.75,0
INT-004412,CMP-063,C01019,1,20250505,desktop,6,1,0,0.0,15.21,0
INT-004413,CMP-063,C00136,1,20250505,mobile,3,0,0,0.0,7.61,0
INT-004414,CMP-063,C01053,1,20250505,mobile,5,1,0,0.0,12.68,0
INT-004415,CMP-063,C01858,1,20250505,mobile,6,0,0,0.0,15.21,0
INT-004416,CMP-063,C00212,1,20250505,desktop,5,0,0,0.0,12.68,0
INT-004417,CMP-063,C01619,1,20250505,desktop,6,1,0,0.0,15.21,0
INT-004418,CMP-063,C01407,1,20250506,mobile,10,2,1,163.4,25.36,1
INT-004419,CMP-063,C00057,1,20250506,mobile,2,0,0,0.0,5.07,0
INT-004420,CMP-063,C01247,1,20250506,desktop,7,0,0,0.0,17.75,0
INT-004421,CMP-063,C01055,1,20250506,mobile,7,0,0,0.0,17.75,0
INT-004422,CMP-063,C01211,1,20250506,desktop,5,0,0,0.0,12.68,0
INT-004423,CMP-063,C01669,1,20250506,mobile,4,1,1,110.91,10.14,1
INT-004424,CMP-063,C01803,1,20250506,mobile,6,0,0,0.0,15.21,0
INT-004425,CMP-063,C00052,1,20250507,desktop,4,0,0,0.0,10.14,0
INT-004426,CMP-063,C01657,1,20250507,mobile,4,0,0,0.0,10.14,0
INT-004427,CMP-063,C00453,1,20250507,desktop,7,1,0,0.0,17.75,0
INT-004428,CMP-063,C01202,1,20250507,desktop,9,0,0,0.0,22.82,0
INT-004429,CMP-063,C00118,1,20250507,mobile,3,0,0,0.0,7.61,0
INT-004430,CMP-063,C00917,1,20250507,mobile,6,0,0,0.0,15.21,0
INT-004431,CMP-063,C00877,1,20250507,desktop,4,0,0,0.0,10.14,0
INT-004432,CMP-063,C01391,1,20250507,mobile,3,0,0,0.0,7.61,0
INT-004433,CMP-063,C01597,1,20250507,tablet,5,1,0,0.0,12.68,0
INT-004434,CMP-063,C01457,1,20250507,mobile,5,1,0,0.0,12.68,0
INT-004435,CMP-063,C00128,1,20250507,mobile,5,0,0,0.0,12.68,0
INT-004436,CMP-063,C00851,1,20250508,mobile,11,3,0,0.0,27.89,0
INT-004437,CMP-063,C01343,1,20250508,desktop,6,0,0,0.0,15.21,0
INT-004438,CMP-063,C00024,1,20250508,mobile,3,2,2,629.02,7.61,1
INT-004439,CMP-063,C01639,1,20250508,mobile,5,0,0,0.0,12.68,0
INT-004440,CMP-063,C00967,1,20250508,mobile,7,1,0,0.0,17.75,0
INT-004441,CMP-063,C00029,1,20250508,mobile,5,0,0,0.0,12.68,0
INT-004442,CMP-063,C01475,1,20250508,tablet,9,1,1,302.54,22.82,1
INT-004443,CMP-063,C02125,1,20250508,desktop,4,1,1,169.18,10.14,1
INT-004444,CMP-063,C00855,1,20250508,mobile,5,0,0,0.0,12.68,0
INT-004445,CMP-017,C00587,1,20250425,mobile,3,0,0,0.0,7.06,0
INT-004446,CMP-017,C00201,1,20250425,tablet,2,0,0,0.0,4.71,0
INT-004447,CMP-017,C01489,1,20250425,desktop,3,1,1,175.82,7.06,1
INT-004448,CMP-017,C00541,1,20250425,mobile,3,0,0,0.0,7.06,0
INT-004449,CMP-017,C02120,1,20250426,mobile,5,0,0,0.0,11.76,0
INT-004450,CMP-017,C00434,1,20250426,mobile,4,0,0,0.0,9.41,0
INT-004451,CMP-017,C01268,1,20250427,mobile,2,1,0,0.0,4.71,0
INT-004452,CMP-017,C01764,1,20250427,mobile,1,0,0,0.0,2.35,0
INT-004453,CMP-017,C00912,1,20250427,mobile,3,0,0,0.0,7.06,0
INT-004454,CMP-017,C01647,1,20250428,desktop,3,0,0,0.0,7.06,0
INT-004455,CMP-017,C00257,1,20250428,desktop,5,1,0,0.0,11.76,0
INT-004456,CMP-017,C00240,1,20250428,desktop,2,0,0,0.0,4.71,0
INT-004457,CMP-017,C01234,1,20250428,desktop,5,2,1,241.02,11.76,1
INT-004458,CMP-017,C00749,1,20250428,mobile,4,0,0,0.0,9.41,0
INT-004459,CMP-017,C01181,1,20250428,tablet,2,0,0,0.0,4.71,0
INT-004460,CMP-017,C00825,1,20250429,mobile,2,0,0,0.0,4.71,0
INT-004461,CMP-017,C01317,1,20250430,mobile,2,0,0,0.0,4.71,0
INT-004462,CMP-017,C02197,1,20250430,desktop,1,0,0,0.0,2.35,0
INT-004463,CMP-017,C00467,1,20250501,mobile,4,0,0,0.0,9.41,0
INT-004464,CMP-017,C02195,1,20250502,mobile,6,1,0,0.0,14.12,0
INT-004465,CMP-017,C00767,1,20250502,mobile,1,0,0,0.0,2.35,0
INT-004466,CMP-017,C01721,1,20250502,mobile,3,0,0,0.0,7.06,0
INT-004467,CMP-017,C00416,1,20250502,desktop,3,0,0,0.0,7.06,0
INT-004468,CMP-017,C01157,1,20250503,desktop,6,0,0,0.0,14.12,0
INT-004469,CMP-017,C02094,1,20250503,desktop,1,0,0,0.0,2.35,0
INT-004470,CMP-017,C01337,1,20250503,desktop,4,0,0,0.0,9.41,0
INT-004471,CMP-017,C00412,1,20250504,desktop,2,0,0,0.0,4.71,0
INT-004472,CMP-017,C02097,1,20250504,desktop,3,0,0,0.0,7.06,0
INT-004473,CMP-017,C00881,1,20250504,mobile,4,1,1,177.57,9.41,1
INT-004474,CMP-017,C00832,1,20250504,desktop,3,0,0,0.0,7.06,0
INT-004475,CMP-017,C01743,1,20250505,mobile,5,1,0,0.0,11.76,0
INT-004476,CMP-017,C00886,1,20250505,tablet,5,0,0,0.0,11.76,0
INT-004477,CMP-071,C00520,1,20250505,mobile,4,1,0,0.0,9.33,0
INT-004478,CMP-071,C02114,1,20250505,mobile,6,1,0,0.0,14.0,0
INT-004479,CMP-071,C01780,1,20250505,desktop,5,0,0,0.0,11.67,0
INT-004480,CMP-071,C01116,1,20250505,mobile,2,0,0,0.0,4.67,0
INT-004481,CMP-071,C01822,1,20250505,desktop,3,0,0,0.0,7.0,0
INT-004482,CMP-071,C00871,1,20250505,desktop,1,0,0,0.0,2.33,0
INT-004483,CMP-071,C00645,1,20250505,desktop,3,0,0,0.0,7.0,0
INT-004484,CMP-071,C01749,1,20250505,tablet,4,0,0,0.0,9.33,0
INT-004485,CMP-071,C01318,1,20250505,desktop,4,0,0,0.0,9.33,0
INT-004486,CMP-071,C00828,1,20250505,mobile,3,1,0,0.0,7.0,0
INT-004487,CMP-071,C02140,1,20250506,desktop,6,0,0,0.0,14.0,0
INT-004488,CMP-071,C01273,1,20250506,desktop,6,1,1,137.51,14.0,1
INT-004489,CMP-071,C00393,1,20250506,desktop,2,0,0,0.0,4.67,0
INT-004490,CMP-071,C01631,1,20250506,mobile,4,0,0,0.0,9.33,0
INT-004491,CMP-071,C00583,1,20250506,mobile,3,0,0,0.0,7.0,0
INT-004492,CMP-071,C00541,1,20250506,mobile,1,0,0,0.0,2.33,0
INT-004493,CMP-071,C01382,1,20250506,mobile,7,2,0,0.0,16.33,0
INT-004494,CMP-071,C00060,1,20250506,mobile,6,0,0,0.0,14.0,0
INT-004495,CMP-071,C01994,1,20250507,mobile,6,1,0,0.0,14.0,0
INT-004496,CMP-071,C00662,1,20250507,mobile,4,0,0,0.0,9.33,0
INT-004497,CMP-071,C01742,1,20250507,mobile,7,0,0,0.0,16.33,0
INT-004498,CMP-071,C01390,1,20250507,desktop,1,0,0,0.0,2.33,0
INT-004499,CMP-071,C01961,1,20250507,mobile,2,0,0,0.0,4.67,0
INT-004500,CMP-071,C00931,1,20250507,mobile,2,0,0,0.0,4.67,0
INT-004501,CMP-071,C01355,1,20250507,desktop,2,0,0,0.0,4.67,0
INT-004502,CMP-071,C01753,1,20250507,desktop,7,1,0,0.0,16.33,0
INT-004503,CMP-071,C00026,1,20250507,mobile,6,1,0,0.0,14.0,0
INT-004504,CMP-071,C00882,1,20250508,mobile,5,0,0,0.0,11.67,0
INT-004505,CMP-071,C01301,1,20250508,desktop,5,0,0,0.0,11.67,0
INT-004506,CMP-071,C01396,1,20250508,mobile,2,1,0,0.0,4.67,0
INT-004507,CMP-071,C00700,1,20250508,mobile,6,3,2,470.4,14.0,1
INT-004508,CMP-071,C01586,1,20250508,mobile,2,0,0,0.0,4.67,0
INT-004509,CMP-071,C00893,1,20250508,desktop,3,0,0,0.0,7.0,0
INT-004510,CMP-071,C00018,1,20250508,mobile,3,0,0,0.0,7.0,0
INT-004511,CMP-071,C02014,1,20250508,tablet,2,0,0,0.0,4.67,0
INT-004512,CMP-071,C02086,1,20250508,mobile,10,1,0,0.0,23.33,0
INT-004513,CMP-071,C01379,1,20250509,desktop,1,1,1,172.55,2.33,1
INT-004514,CMP-071,C01883,1,20250509,mobile,5,0,0,0.0,11.67,0
INT-004515,CMP-071,C01265,1,20250509,desktop,3,0,0,0.0,7.0,0
INT-004516,CMP-071,C01075,1,20250509,desktop,5,0,0,0.0,11.67,0
INT-004517,CMP-071,C01866,1,20250509,mobile,3,1,0,0.0,7.0,0
INT-004518,CMP-071,C00842,1,20250509,desktop,5,1,0,0.0,11.67,0
INT-004519,CMP-071,C00537,1,20250509,mobile,3,0,0,0.0,7.0,0
INT-004520,CMP-071,C01825,1,20250509,mobile,6,0,0,0.0,14.0,0
INT-004521,CMP-071,C01656,1,20250510,mobile,3,0,0,0.0,7.0,0
INT-004522,CMP-071,C00518,1,20250510,mobile,6,0,0,0.0,14.0,0
INT-004523,CMP-071,C00923,1,20250510,mobile,3,0,0,0.0,7.0,0
INT-004524,CMP-071,C00891,1,20250510,tablet,4,0,0,0.0,9.33,0
INT-004525,CMP-071,C00064,1,20250510,desktop,5,0,0,0.0,11.67,0
INT-004526,CMP-071,C01106,1,20250510,desktop,3,0,0,0.0,7.0,0
INT-004527,CMP-071,C01135,1,20250510,mobile,9,1,0,0.0,21.0,0
INT-004528,CMP-071,C01348,1,20250510,mobile,5,2,0,0.0,11.67,0
INT-004529,CMP-071,C00953,1,20250510,mobile,5,0,0,0.0,11.67,0
INT-004530,CMP-071,C01350,1,20250510,tablet,6,0,0,0.0,14.0,0
INT-004531,CMP-071,C01433,1,20250510,mobile,4,0,0,0.0,9.33,0
INT-004532,CMP-071,C02060,1,20250511,mobile,5,0,0,0.0,11.67,0
INT-004533,CMP-071,C00366,1,20250511,tablet,6,0,0,0.0,14.0,0
INT-004534,CMP-071,C01118,1,20250511,mobile,4,0,0,0.0,9.33,0
INT-004535,CMP-071,C01782,1,20250511,mobile,6,2,0,0.0,14.0,0
INT-004536,CMP-071,C00870,1,20250511,mobile,5,1,0,0.0,11.67,0
INT-004537,CMP-071,C01860,1,20250511,desktop,5,0,0,0.0,11.67,0
INT-004538,CMP-071,C00888,1,20250511,desktop,6,1,1,143.48,14.0,1
INT-004539,CMP-071,C01858,1,20250511,mobile,6,2,1,176.67,14.0,1
INT-004540,CMP-071,C00718,1,20250512,desktop,5,1,0,0.0,11.67,0
INT-004541,CMP-071,C00880,1,20250512,mobile,5,0,0,0.0,11.67,0
INT-004542,CMP-071,C01226,1,20250512,mobile,4,1,1,312.63,9.33,1
INT-004543,CMP-071,C00726,1,20250512,mobile,4,2,1,302.64,9.33,1
INT-004544,CMP-071,C01267,1,20250512,desktop,8,1,0,0.0,18.67,0
INT-004545,CMP-071,C01718,1,20250512,tablet,6,1,0,0.0,14.0,0
INT-004546,CMP-071,C00420,1,20250512,tablet,5,1,0,0.0,11.67,0
INT-004547,CMP-071,C00435,1,20250512,mobile,3,1,0,0.0,7.0,0
INT-004548,CMP-071,C02125,1,20250512,desktop,4,0,0,0.0,9.33,0
INT-004549,CMP-071,C00084,1,20250513,desktop,3,1,0,0.0,7.0,0
INT-004550,CMP-071,C01770,1,20250513,mobile,4,0,0,0.0,9.33,0
INT-004551,CMP-071,C00804,1,20250513,mobile,6,1,1,251.54,14.0,1
INT-004552,CMP-071,C00656,1,20250513,mobile,4,2,0,0.0,9.33,0
INT-004553,CMP-071,C00346,1,20250513,desktop,5,1,1,312.52,11.67,1
INT-004554,CMP-071,C00489,1,20250513,mobile,5,2,0,0.0,11.67,0
INT-004555,CMP-071,C01246,1,20250514,desktop,4,1,1,307.39,9.33,1
INT-004556,CMP-071,C00847,1,20250514,mobile,3,0,0,0.0,7.0,0
INT-004557,CMP-071,C01060,1,20250514,tablet,4,0,0,0.0,9.33,0
INT-004558,CMP-071,C01937,1,20250514,mobile,6,0,0,0.0,14.0,0
INT-004559,CMP-071,C00991,1,20250514,mobile,4,2,0,0.0,9.33,0
INT-004560,CMP-071,C02116,1,20250514,mobile,3,1,0,0.0,7.0,0
INT-004561,CMP-071,C00437,1,20250514,desktop,6,0,0,0.0,14.0,0
INT-004562,CMP-071,C00761,1,20250514,desktop,5,0,0,0.0,11.67,0
INT-004563,CMP-071,C01510,1,20250514,mobile,2,0,0,0.0,4.67,0
INT-004564,CMP-071,C00455,1,20250514,mobile,5,0,0,0.0,11.67,0
INT-004565,CMP-071,C00492,1,20250514,desktop,4,0,0,0.0,9.33,0
INT-004566,CMP-071,C01585,1,20250514,desktop,1,0,0,0.0,2.33,0
INT-004567,CMP-041,C00229,2,20250507,desktop,2,1,0,0.0,1.57,0
INT-004568,CMP-041,C00289,2,20250507,mobile,4,0,0,0.0,3.14,0
INT-004569,CMP-041,C01700,2,20250508,mobile,4,0,0,0.0,3.14,0
INT-004570,CMP-041,C01245,2,20250508,mobile,4,0,0,0.0,3.14,0
INT-004571,CMP-041,C01316,2,20250509,desktop,3,0,0,0.0,2.36,0
INT-004572,CMP-041,C00998,2,20250509,mobile,2,0,0,0.0,1.57,0
INT-004573,CMP-041,C02152,2,20250510,mobile,5,0,0,0.0,3.93,0
INT-004574,CMP-041,C02003,2,20250511,desktop,3,1,0,0.0,2.36,0
INT-004575,CMP-041,C00514,2,20250512,desktop,1,0,0,0.0,0.79,0
INT-004576,CMP-041,C01564,2,20250512,desktop,2,1,0,0.0,1.57,0
INT-004577,CMP-041,C00328,2,20250512,mobile,4,1,1,299.4,3.14,1
INT-004578,CMP-041,C00452,2,20250512,mobile,1,1,0,0.0,0.79,0
INT-004579,CMP-041,C00917,2,20250514,mobile,2,1,0,0.0,1.57,0
INT-004580,CMP-041,C00042,2,20250514,desktop,3,0,0,0.0,2.36,0
INT-004581,CMP-041,C00225,2,20250515,mobile,4,0,0,0.0,3.14,0
INT-004582,CMP-041,C00288,2,20250515,mobile,2,0,0,0.0,1.57,0
INT-004583,CMP-041,C01491,2,20250515,mobile,5,0,0,0.0,3.93,0
INT-004584,CMP-041,C01420,2,20250516,tablet,3,0,0,0.0,2.36,0
INT-004585,CMP-041,C01089,2,20250516,mobile,2,0,0,0.0,1.57,0
INT-004586,CMP-041,C01529,2,20250517,mobile,3,0,0,0.0,2.36,0
INT-004587,CMP-041,C01313,2,20250517,desktop,3,0,0,0.0,2.36,0
INT-004588,CMP-041,C00587,2,20250517,mobile,5,0,0,0.0,3.93,0
INT-004589,CMP-041,C00594,2,20250517,desktop,5,0,0,0.0,3.93,0
INT-004590,CMP-041,C00687,2,20250518,desktop,4,0,0,0.0,3.14,0
INT-004591,CMP-041,C01862,2,20250518,mobile,5,1,1,314.2,3.93,1
INT-004592,CMP-041,C01548,2,20250518,mobile,2,0,0,0.0,1.57,0
INT-004593,CMP-041,C00048,2,20250519,mobile,1,1,0,0.0,0.79,0
INT-004594,CMP-041,C00512,2,20250520,desktop,3,0,0,0.0,2.36,0
INT-004595,CMP-041,C00393,2,20250520,mobile,2,0,0,0.0,1.57,0
INT-004596,CMP-041,C00579,2,20250521,mobile,2,1,0,0.0,1.57,0
INT-004597,CMP-041,C00808,2,20250521,desktop,5,0,0,0.0,3.93,0
INT-004598,CMP-041,C00387,2,20250522,mobile,3,0,0,0.0,2.36,0
INT-004599,CMP-041,C00006,2,20250522,mobile,1,0,0,0.0,0.79,0
INT-004600,CMP-041,C00614,2,20250522,mobile,4,0,0,0.0,3.14,0
INT-004601,CMP-041,C01423,2,20250522,tablet,3,0,0,0.0,2.36,0
INT-004602,CMP-041,C00079,2,20250523,desktop,3,1,1,136.16,2.36,1
INT-004603,CMP-041,C00051,2,20250523,mobile,2,0,0,0.0,1.57,0
INT-004604,CMP-041,C02173,2,20250523,desktop,3,0,0,0.0,2.36,0
INT-004605,CMP-041,C01471,2,20250524,desktop,5,0,0,0.0,3.93,0
INT-004606,CMP-041,C01265,2,20250525,mobile,3,0,0,0.0,2.36,0
INT-004607,CMP-041,C01894,2,20250525,tablet,2,0,0,0.0,1.57,0
INT-004608,CMP-041,C01633,2,20250525,mobile,2,0,0,0.0,1.57,0
INT-004609,CMP-041,C00780,2,20250525,tablet,2,0,0,0.0,1.57,0
INT-004610,CMP-041,C01367,2,20250526,desktop,6,1,1,173.24,4.71,1
INT-004611,CMP-041,C01660,2,20250526,tablet,3,0,0,0.0,2.36,0
INT-004612,CMP-041,C02021,2,20250527,mobile,4,1,0,0.0,3.14,0
INT-004613,CMP-041,C01464,2,20250528,desktop,1,0,0,0.0,0.79,0
INT-004614,CMP-041,C01382,2,20250530,mobile,2,0,0,0.0,1.57,0
INT-004615,CMP-041,C00020,2,20250531,mobile,3,1,1,150.67,2.36,1
INT-004616,CMP-041,C01683,2,20250604,mobile,1,0,0,0.0,0.79,0
INT-004617,CMP-041,C01608,2,20250605,mobile,3,0,0,0.0,2.36,0
INT-004618,CMP-041,C00330,2,20250605,mobile,4,0,0,0.0,3.14,0
INT-004619,CMP-041,C00662,2,20250605,desktop,4,0,0,0.0,3.14,0
INT-004620,CMP-041,C00793,2,20250606,tablet,3,0,0,0.0,2.36,0
INT-004621,CMP-041,C01536,2,20250607,desktop,5,0,0,0.0,3.93,0
INT-004622,CMP-041,C00463,2,20250607,desktop,4,0,0,0.0,3.14,0
INT-004623,CMP-041,C00684,2,20250608,desktop,3,0,0,0.0,2.36,0
INT-004624,CMP-041,C00683,2,20250609,mobile,3,0,0,0.0,2.36,0
INT-004625,CMP-041,C01424,2,20250612,mobile,6,2,0,0.0,4.71,0
INT-004626,CMP-041,C00732,2,20250612,mobile,4,0,0,0.0,3.14,0
INT-004627,CMP-041,C02158,2,20250612,mobile,3,0,0,0.0,2.36,0
INT-004628,CMP-120,C01479,5,20250508,desktop,6,0,1,443.02,6.91,1
INT-004629,CMP-120,C00624,5,20250508,mobile,12,0,0,0.0,13.83,0
INT-004630,CMP-120,C00793,5,20250510,desktop,3,0,0,0.0,3.46,0
INT-004631,CMP-120,C02097,5,20250511,desktop,6,0,1,602.28,6.91,1
INT-004632,CMP-120,C01198,5,20250513,mobile,3,0,0,0.0,3.46,0
INT-004633,CMP-120,C00396,5,20250514,mobile,11,0,0,0.0,12.67,0
INT-004634,CMP-120,C01389,5,20250516,mobile,8,0,0,0.0,9.22,0
INT-004635,CMP-120,C02144,5,20250516,desktop,10,0,0,0.0,11.52,0
INT-004636,CMP-120,C00772,5,20250517,mobile,5,0,0,0.0,5.76,0
INT-004637,CMP-120,C02030,5,20250517,desktop,5,0,1,412.92,5.76,1
INT-004638,CMP-120,C01215,5,20250520,desktop,6,0,0,0.0,6.91,0
INT-004639,CMP-120,C00787,5,20250520,mobile,4,0,0,0.0,4.61,0
INT-004640,CMP-120,C02054,5,20250521,mobile,10,0,0,0.0,11.52,0
INT-004641,CMP-120,C01085,5,20250524,desktop,5,0,0,0.0,5.76,0
INT-004642,CMP-120,C01729,5,20250524,mobile,8,0,0,0.0,9.22,0
INT-004643,CMP-120,C01516,5,20250524,desktop,7,0,0,0.0,8.07,0
INT-004644,CMP-120,C00184,5,20250527,tablet,6,0,0,0.0,6.91,0
INT-004645,CMP-120,C00736,5,20250528,desktop,7,0,0,0.0,8.07,0
INT-004646,CMP-120,C00205,5,20250528,mobile,4,0,0,0.0,4.61,0
INT-004647,CMP-120,C01975,5,20250528,mobile,5,0,0,0.0,5.76,0
INT-004648,CMP-120,C01013,5,20250529,desktop,5,0,0,0.0,5.76,0
INT-004649,CMP-120,C01408,5,20250601,mobile,5,0,0,0.0,5.76,0
INT-004650,CMP-120,C01110,5,20250601,mobile,4,0,0,0.0,4.61,0
INT-004651,CMP-120,C00973,5,20250601,mobile,7,0,1,185.82,8.07,1
INT-004652,CMP-120,C01376,5,20250601,mobile,1,0,0,0.0,1.15,0
INT-004653,CMP-120,C01374,5,20250602,mobile,10,0,0,0.0,11.52,0
INT-004654,CMP-120,C00816,5,20250603,mobile,6,0,0,0.0,6.91,0
INT-004655,CMP-120,C01548,5,20250604,mobile,3,0,0,0.0,3.46,0
INT-004656,CMP-120,C01051,5,20250604,mobile,6,0,0,0.0,6.91,0
INT-004657,CMP-120,C00098,5,20250608,mobile,6,0,1,256.85,6.91,1
INT-004658,CMP-120,C00083,5,20250608,tablet,6,0,0,0.0,6.91,0
INT-004659,CMP-120,C01221,5,20250609,mobile,9,0,0,0.0,10.37,0
INT-004660,CMP-120,C01431,5,20250609,mobile,5,0,0,0.0,5.76,0
INT-004661,CMP-120,C01677,5,20250610,desktop,5,0,0,0.0,5.76,0
INT-004662,CMP-120,C00789,5,20250610,mobile,4,0,0,0.0,4.61,0
INT-004663,CMP-120,C02111,5,20250612,desktop,4,0,0,0.0,4.61,0
INT-004664,CMP-120,C01238,5,20250613,mobile,4,0,0,0.0,4.61,0
INT-004665,CMP-120,C01365,5,20250613,mobile,3,0,0,0.0,3.46,0
INT-004666,CMP-120,C02019,5,20250614,mobile,7,0,0,0.0,8.07,0
INT-004667,CMP-120,C00527,5,20250615,mobile,7,0,0,0.0,8.07,0
INT-004668,CMP-120,C01963,5,20250615,desktop,5,0,0,0.0,5.76,0
INT-004669,CMP-013,C01965,3,20250511,mobile,5,0,0,0.0,4.13,0
INT-004670,CMP-013,C00550,3,20250511,desktop,11,0,0,0.0,9.09,0
INT-004671,CMP-013,C02092,3,20250511,desktop,5,0,0,0.0,4.13,0
INT-004672,CMP-013,C00424,3,20250512,desktop,12,2,0,0.0,9.91,0
INT-004673,CMP-013,C00619,3,20250512,desktop,6,0,0,0.0,4.96,0
INT-004674,CMP-013,C00541,3,20250512,mobile,10,1,0,0.0,8.26,0
INT-004675,CMP-013,C01123,3,20250512,desktop,9,1,0,0.0,7.44,0
INT-004676,CMP-013,C00006,3,20250512,mobile,8,0,0,0.0,6.61,0
INT-004677,CMP-013,C01312,3,20250512,mobile,11,1,0,0.0,9.09,0
INT-004678,CMP-013,C01540,3,20250513,desktop,10,1,1,102.06,8.26,1
INT-004679,CMP-013,C01520,3,20250513,mobile,3,0,0,0.0,2.48,0
INT-004680,CMP-013,C00622,3,20250513,mobile,7,0,0,0.0,5.78,0
INT-004681,CMP-013,C01253,3,20250513,tablet,7,0,0,0.0,5.78,0
INT-004682,CMP-013,C00570,3,20250513,mobile,5,1,0,0.0,4.13,0
INT-004683,CMP-013,C01959,3,20250514,mobile,2,0,0,0.0,1.65,0
INT-004684,CMP-013,C00625,3,20250514,desktop,7,0,0,0.0,5.78,0
INT-004685,CMP-013,C01543,3,20250514,desktop,9,2,0,0.0,7.44,0
INT-004686,CMP-013,C00328,3,20250514,mobile,5,0,0,0.0,4.13,0
INT-004687,CMP-013,C00780,3,20250514,tablet,9,1,1,192.29,7.44,1
INT-004688,CMP-013,C02105,3,20250515,mobile,7,0,0,0.0,5.78,0
INT-004689,CMP-013,C00885,3,20250515,mobile,5,0,0,0.0,4.13,0
INT-004690,CMP-013,C01061,3,20250515,mobile,8,1,0,0.0,6.61,0
INT-004691,CMP-013,C01379,3,20250515,tablet,5,1,0,0.0,4.13,0
INT-004692,CMP-013,C02067,3,20250515,mobile,8,0,0,0.0,6.61,0
INT-004693,CMP-013,C00715,3,20250516,mobile,10,0,0,0.0,8.26,0
INT-004694,CMP-013,C01190,3,20250516,mobile,5,0,0,0.0,4.13,0
INT-004695,CMP-013,C01879,3,20250516,desktop,9,0,0,0.0,7.44,0
INT-004696,CMP-013,C01177,3,20250516,desktop,9,0,0,0.0,7.44,0
INT-004697,CMP-013,C00134,3,20250516,mobile,11,1,0,0.0,9.09,0
INT-004698,CMP-013,C01483,3,20250516,desktop,7,0,0,0.0,5.78,0
INT-004699,CMP-013,C00808,3,20250517,desktop,5,0,0,0.0,4.13,0
INT-004700,CMP-013,C00133,3,20250517,desktop,5,1,0,0.0,4.13,0
INT-004701,CMP-013,C01616,3,20250517,tablet,15,1,0,0.0,12.39,0
INT-004702,CMP-013,C01845,3,20250517,desktop,13,0,0,0.0,10.74,0
INT-004703,CMP-013,C00084,3,20250517,mobile,9,0,0,0.0,7.44,0
INT-004704,CMP-013,C00416,3,20250517,desktop,9,0,0,0.0,7.44,0
INT-004705,CMP-013,C00817,3,20250517,mobile,7,0,0,0.0,5.78,0
INT-004706,CMP-013,C00213,3,20250517,mobile,5,0,0,0.0,4.13,0
INT-004707,CMP-013,C00891,3,20250517,tablet,6,0,0,0.0,4.96,0
INT-004708,CMP-013,C01718,3,20250518,desktop,7,0,0,0.0,5.78,0
INT-004709,CMP-013,C01148,3,20250518,desktop,14,0,0,0.0,11.57,0
INT-004710,CMP-013,C00631,3,20250518,desktop,7,2,0,0.0,5.78,0
INT-004711,CMP-013,C00242,3,20250518,mobile,8,1,0,0.0,6.61,0
INT-004712,CMP-013,C00705,3,20250518,mobile,6,0,0,0.0,4.96,0
INT-004713,CMP-013,C01897,3,20250518,desktop,4,0,0,0.0,3.3,0
INT-004714,CMP-013,C00015,3,20250518,mobile,6,1,0,0.0,4.96,0
INT-004715,CMP-069,C00472,3,20250511,desktop,4,0,0,0.0,2.54,0
INT-004716,CMP-069,C02112,3,20250511,mobile,8,0,0,0.0,5.07,0
INT-004717,CMP-069,C01664,3,20250511,mobile,10,0,0,0.0,6.34,0
INT-004718,CMP-069,C01829,3,20250512,mobile,6,1,0,0.0,3.8,0
INT-004719,CMP-069,C02094,3,20250512,desktop,5,0,0,0.0,3.17,0
INT-004720,CMP-069,C01896,3,20250513,mobile,5,0,0,0.0,3.17,0
INT-004721,CMP-069,C01594,3,20250515,mobile,3,0,0,0.0,1.9,0
INT-004722,CMP-069,C00007,3,20250516,desktop,4,0,0,0.0,2.54,0
INT-004723,CMP-069,C01040,3,20250516,mobile,3,0,0,0.0,1.9,0
INT-004724,CMP-069,C00875,3,20250516,mobile,6,1,0,0.0,3.8,0
INT-004725,CMP-069,C00106,3,20250516,mobile,3,0,0,0.0,1.9,0
INT-004726,CMP-069,C01034,3,20250516,desktop,7,1,0,0.0,4.44,0
INT-004727,CMP-069,C01948,3,20250516,desktop,8,1,0,0.0,5.07,0
INT-004728,CMP-069,C01882,3,20250518,desktop,2,0,0,0.0,1.27,0
INT-004729,CMP-069,C00431,3,20250518,desktop,8,0,0,0.0,5.07,0
INT-004730,CMP-069,C00219,3,20250520,desktop,7,0,0,0.0,4.44,0
INT-004731,CMP-069,C00963,3,20250521,desktop,3,0,0,0.0,1.9,0
INT-004732,CMP-069,C01058,3,20250522,mobile,6,0,0,0.0,3.8,0
INT-004733,CMP-069,C01319,3,20250522,mobile,6,0,0,0.0,3.8,0
INT-004734,CMP-069,C00227,3,20250523,mobile,3,0,0,0.0,1.9,0
INT-004735,CMP-069,C00919,3,20250524,mobile,5,1,0,0.0,3.17,0
INT-004736,CMP-069,C01173,3,20250525,mobile,4,0,0,0.0,2.54,0
INT-004737,CMP-069,C00547,3,20250525,mobile,3,0,0,0.0,1.9,0
INT-004738,CMP-069,C01493,3,20250525,mobile,6,1,0,0.0,3.8,0
INT-004739,CMP-069,C02110,3,20250525,mobile,6,1,0,0.0,3.8,0
INT-004740,CMP-069,C01421,3,20250526,mobile,4,0,0,0.0,2.54,0
INT-004741,CMP-069,C02026,3,20250526,desktop,6,0,0,0.0,3.8,0
INT-004742,CMP-069,C00518,3,20250526,mobile,4,0,0,0.0,2.54,0
INT-004743,CMP-069,C01635,3,20250527,mobile,5,0,0,0.0,3.17,0
INT-004744,CMP-069,C01073,3,20250527,mobile,7,1,1,234.36,4.44,1
INT-004745,CMP-069,C02017,3,20250527,mobile,8,0,0,0.0,5.07,0
INT-004746,CMP-069,C00468,3,20250528,desktop,4,0,0,0.0,2.54,0
INT-004747,CMP-069,C01971,3,20250528,tablet,2,0,0,0.0,1.27,0
INT-004748,CMP-069,C01640,3,20250529,mobile,6,1,0,0.0,3.8,0
INT-004749,CMP-069,C01592,3,20250529,mobile,4,0,0,0.0,2.54,0
INT-004750,CMP-069,C01542,3,20250529,desktop,6,0,0,0.0,3.8,0
INT-004751,CMP-069,C01396,3,20250531,mobile,6,0,0,0.0,3.8,0
INT-004752,CMP-069,C00356,3,20250531,mobile,10,0,0,0.0,6.34,0
INT-004753,CMP-069,C01295,3,20250601,desktop,4,1,0,0.0,2.54,0
INT-004754,CMP-069,C01125,3,20250601,desktop,8,1,1,186.09,5.07,1
INT-004755,CMP-069,C01747,3,20250602,mobile,7,0,0,0.0,4.44,0
INT-004756,CMP-069,C01151,3,20250602,mobile,6,0,0,0.0,3.8,0
INT-004757,CMP-069,C01464,3,20250602,desktop,4,0,0,0.0,2.54,0
INT-004758,CMP-069,C00046,3,20250603,mobile,5,1,1,122.01,3.17,1
INT-004759,CMP-069,C00473,3,20250603,desktop,2,0,0,0.0,1.27,0
INT-004760,CMP-069,C02198,3,20250604,desktop,7,0,0,0.0,4.44,0
INT-004761,CMP-069,C01975,3,20250604,mobile,4,0,0,0.0,2.54,0
INT-004762,CMP-069,C01891,3,20250604,mobile,6,0,0,0.0,3.8,0
INT-004763,CMP-069,C01201,3,20250605,mobile,4,0,0,0.0,2.54,0
INT-004764,CMP-069,C00600,3,20250605,tablet,7,0,0,0.0,4.44,0
INT-004765,CMP-069,C00898,3,20250605,mobile,3,0,0,0.0,1.9,0
INT-004766,CMP-069,C01472,3,20250605,mobile,4,1,0,0.0,2.54,0
INT-004767,CMP-069,C00198,3,20250606,desktop,6,0,0,0.0,3.8,0
INT-004768,CMP-069,C01775,3,20250606,desktop,6,0,0,0.0,3.8,0
INT-004769,CMP-069,C00813,3,20250606,mobile,9,0,0,0.0,5.71,0
INT-004770,CMP-069,C00985,3,20250606,mobile,7,1,0,0.0,4.44,0
INT-004771,CMP-069,C00770,3,20250607,mobile,3,1,0,0.0,1.9,0
INT-004772,CMP-069,C00641,3,20250608,desktop,2,0,0,0.0,1.27,0
INT-004773,CMP-069,C00095,3,20250609,mobile,4,0,0,0.0,2.54,0
INT-004774,CMP-069,C00354,3,20250610,desktop,5,0,0,0.0,3.17,0
INT-004775,CMP-069,C00944,3,20250610,mobile,2,0,0,0.0,1.27,0
INT-004776,CMP-069,C00645,3,20250611,desktop,3,0,0,0.0,1.9,0
INT-004777,CMP-069,C00317,3,20250612,mobile,4,0,0,0.0,2.54,0
INT-004778,CMP-069,C01963,3,20250612,desktop,6,0,0,0.0,3.8,0
INT-004779,CMP-069,C01947,3,20250612,desktop,6,0,0,0.0,3.8,0
INT-004780,CMP-069,C00786,3,20250613,mobile,6,0,0,0.0,3.8,0
INT-004781,CMP-069,C02062,3,20250613,mobile,4,0,0,0.0,2.54,0
INT-004782,CMP-104,C01604,1,20250612,desktop,2,0,0,0.0,3.49,0
INT-004783,CMP-104,C01760,1,20250613,desktop,5,1,1,200.82,8.73,1
INT-004784,CMP-104,C01367,1,20250613,desktop,3,0,0,0.0,5.24,0
INT-004785,CMP-104,C01024,1,20250614,mobile,1,0,0,0.0,1.75,0
INT-004786,CMP-104,C01097,1,20250615,mobile,3,1,1,228.43,5.24,1
INT-004787,CMP-104,C01344,1,20250616,desktop,5,0,0,0.0,8.73,0
INT-004788,CMP-104,C00779,1,20250616,desktop,3,0,0,0.0,5.24,0
INT-004789,CMP-104,C01159,1,20250617,tablet,4,1,0,0.0,6.98,0
INT-004790,CMP-104,C00549,1,20250620,mobile,4,1,0,0.0,6.98,0
INT-004791,CMP-104,C02152,1,20250621,desktop,5,1,1,482.2,8.73,1
INT-004792,CMP-104,C00439,1,20250621,mobile,3,0,0,0.0,5.24,0
INT-004793,CMP-104,C01189,1,20250629,desktop,6,0,0,0.0,10.48,0
INT-004794,CMP-104,C01823,1,20250629,mobile,1,1,0,0.0,1.75,0
INT-004795,CMP-104,C01744,1,20250629,desktop,2,0,0,0.0,3.49,0
INT-004796,CMP-104,C02115,1,20250630,mobile,2,0,0,0.0,3.49,0
INT-004797,CMP-104,C01153,1,20250630,mobile,2,0,0,0.0,3.49,0
INT-004798,CMP-104,C02150,1,20250701,mobile,3,0,0,0.0,5.24,0
INT-004799,CMP-104,C01020,1,20250702,desktop,3,0,0,0.0,5.24,0
INT-004800,CMP-104,C01363,1,20250703,desktop,3,1,1,210.54,5.24,1
INT-004801,CMP-104,C01774,1,20250705,tablet,3,0,0,0.0,5.24,0
INT-004802,CMP-085,C00341,3,20250613,mobile,7,0,0,0.0,6.03,0
INT-004803,CMP-085,C00141,3,20250614,mobile,10,1,0,0.0,8.62,0
INT-004804,CMP-085,C01250,3,20250614,mobile,4,0,0,0.0,3.45,0
INT-004805,CMP-085,C00146,3,20250614,mobile,7,1,0,0.0,6.03,0
INT-004806,CMP-085,C01607,3,20250614,desktop,8,0,0,0.0,6.9,0
INT-004807,CMP-085,C01465,3,20250616,mobile,7,0,0,0.0,6.03,0
INT-004808,CMP-085,C01641,3,20250616,desktop,6,0,0,0.0,5.17,0
INT-004809,CMP-085,C01975,3,20250617,mobile,5,0,0,0.0,4.31,0
INT-004810,CMP-085,C00672,3,20250618,mobile,6,0,0,0.0,5.17,0
INT-004811,CMP-085,C02165,3,20250618,tablet,8,0,0,0.0,6.9,0
INT-004812,CMP-085,C01770,3,20250622,mobile,6,0,0,0.0,5.17,0
INT-004813,CMP-085,C00755,3,20250622,mobile,5,0,0,0.0,4.31,0
INT-004814,CMP-085,C00138,3,20250623,desktop,8,0,0,0.0,6.9,0
INT-004815,CMP-085,C00751,3,20250623,mobile,6,0,0,0.0,5.17,0
INT-004816,CMP-085,C01242,3,20250625,desktop,5,0,0,0.0,4.31,0
INT-004817,CMP-085,C01328,3,20250626,mobile,5,0,0,0.0,4.31,0
INT-004818,CMP-085,C00467,3,20250626,mobile,4,0,0,0.0,3.45,0
INT-004819,CMP-085,C01817,3,20250627,mobile,5,0,0,0.0,4.31,0
INT-004820,CMP-085,C00560,3,20250628,tablet,10,0,0,0.0,8.62,0
INT-004821,CMP-085,C00645,3,20250629,mobile,4,0,0,0.0,3.45,0
INT-004822,CMP-085,C00081,3,20250629,mobile,8,0,0,0.0,6.9,0
INT-004823,CMP-085,C00970,3,20250701,desktop,7,0,0,0.0,6.03,0
INT-004824,CMP-085,C01890,3,20250702,mobile,10,0,0,0.0,8.62,0
INT-004825,CMP-085,C00323,3,20250703,mobile,9,0,0,0.0,7.76,0
INT-004826,CMP-085,C00893,3,20250704,desktop,8,0,0,0.0,6.9,0
INT-004827,CMP-085,C02000,3,20250705,desktop,7,0,0,0.0,6.03,0
INT-004828,CMP-085,C01286,3,20250706,mobile,3,0,0,0.0,2.59,0
INT-004829,CMP-085,C00688,3,20250707,mobile,5,0,0,0.0,4.31,0
INT-004830,CMP-085,C01407,3,20250708,mobile,8,0,0,0.0,6.9,0
INT-004831,CMP-085,C00459,3,20250709,mobile,4,0,0,0.0,3.45,0
INT-004832,CMP-085,C00111,3,20250710,mobile,3,0,0,0.0,2.59,0
INT-004833,CMP-085,C00121,3,20250711,mobile,5,1,0,0.0,4.31,0
INT-004834,CMP-085,C01924,3,20250712,mobile,8,0,0,0.0,6.9,0
INT-004835,CMP-085,C02139,3,20250713,mobile,4,1,0,0.0,3.45,0
INT-004836,CMP-085,C01831,3,20250715,mobile,11,0,0,0.0,9.48,0
INT-004837,CMP-085,C01330,3,20250715,mobile,4,0,0,0.0,3.45,0
INT-004838,CMP-085,C00303,3,20250715,desktop,2,0,0,0.0,1.72,0
INT-004839,CMP-011,C00124,4,20250613,mobile,17,0,0,0.0,7.98,0
INT-004840,CMP-011,C01794,4,20250613,mobile,16,0,0,0.0,7.51,0
INT-004841,CMP-011,C01496,4,20250613,mobile,22,0,0,0.0,10.33,0
INT-004842,CMP-011,C01162,4,20250613,desktop,12,0,0,0.0,5.63,0
INT-004843,CMP-011,C01654,4,20250614,mobile,25,0,0,0.0,11.74,0
INT-004844,CMP-011,C00302,4,20250614,tablet,22,0,0,0.0,10.33,0
INT-004845,CMP-011,C01720,4,20250614,mobile,16,0,0,0.0,7.51,0
INT-004846,CMP-011,C01881,4,20250614,desktop,12,0,0,0.0,5.63,0
INT-004847,CMP-011,C01408,4,20250615,mobile,22,0,0,0.0,10.33,0
INT-004848,CMP-011,C00569,4,20250616,mobile,15,0,0,0.0,7.04,0
INT-004849,CMP-011,C00625,4,20250616,desktop,21,0,0,0.0,9.86,0
INT-004850,CMP-011,C00502,4,20250617,desktop,20,0,0,0.0,9.39,0
INT-004851,CMP-011,C01936,4,20250618,mobile,13,1,0,0.0,6.1,0
INT-004852,CMP-011,C00105,4,20250618,mobile,17,0,0,0.0,7.98,0
INT-004853,CMP-011,C00776,4,20250618,mobile,18,0,0,0.0,8.45,0
INT-004854,CMP-011,C00042,4,20250618,desktop,25,0,0,0.0,11.74,0
INT-004855,CMP-011,C00683,4,20250619,mobile,20,0,0,0.0,9.39,0
INT-004856,CMP-011,C01252,4,20250619,desktop,21,0,0,0.0,9.86,0
INT-004857,CMP-011,C01119,4,20250620,mobile,21,0,0,0.0,9.86,0
INT-004858,CMP-011,C01865,4,20250620,mobile,15,0,0,0.0,7.04,0
INT-004859,CMP-011,C01950,4,20250620,mobile,21,0,0,0.0,9.86,0
INT-004860,CMP-011,C00830,4,20250620,desktop,19,0,0,0.0,8.92,0
INT-004861,CMP-011,C00717,4,20250620,mobile,15,0,0,0.0,7.04,0
INT-004862,CMP-011,C01093,4,20250621,desktop,20,0,0,0.0,9.39,0
INT-004863,CMP-011,C00425,4,20250621,mobile,16,0,0,0.0,7.51,0
INT-004864,CMP-011,C00396,4,20250621,tablet,15,0,0,0.0,7.04,0
INT-004865,CMP-011,C01102,4,20250621,mobile,10,0,0,0.0,4.69,0
INT-004866,CMP-011,C00946,4,20250621,desktop,23,0,0,0.0,10.8,0
INT-004867,CMP-011,C01874,4,20250621,mobile,20,0,0,0.0,9.39,0
INT-004868,CMP-011,C00136,4,20250621,mobile,20,0,0,0.0,9.39,0
INT-004869,CMP-011,C00516,4,20250622,mobile,16,0,0,0.0,7.51,0
INT-004870,CMP-011,C01637,4,20250622,mobile,20,1,0,0.0,9.39,0
INT-004871,CMP-011,C00256,4,20250622,desktop,21,0,0,0.0,9.86,0
INT-004872,CMP-011,C00620,4,20250622,mobile,20,0,0,0.0,9.39,0
INT-004873,CMP-011,C02067,4,20250623,mobile,16,0,0,0.0,7.51,0
INT-004874,CMP-011,C01438,4,20250623,desktop,15,1,0,0.0,7.04,0
INT-004875,CMP-011,C00937,4,20250623,mobile,20,1,0,0.0,9.39,0
INT-004876,CMP-011,C01049,4,20250623,mobile,16,0,0,0.0,7.51,0
INT-004877,CMP-011,C00885,4,20250623,mobile,20,0,0,0.0,9.39,0
INT-004878,CMP-011,C00301,4,20250624,desktop,13,0,0,0.0,6.1,0
INT-004879,CMP-011,C01835,4,20250624,mobile,19,0,0,0.0,8.92,0
INT-004880,CMP-011,C01595,4,20250624,tablet,20,0,0,0.0,9.39,0
INT-004881,CMP-011,C00410,4,20250624,mobile,11,0,0,0.0,5.16,0
INT-004882,CMP-011,C01853,4,20250625,mobile,20,0,0,0.0,9.39,0
INT-004883,CMP-011,C01829,4,20250625,mobile,17,1,0,0.0,7.98,0
INT-004884,CMP-011,C01880,4,20250625,mobile,14,0,0,0.0,6.57,0
INT-004885,CMP-011,C00486,4,20250625,desktop,16,0,0,0.0,7.51,0
INT-004886,CMP-011,C01064,4,20250625,mobile,11,0,0,0.0,5.16,0
INT-004887,CMP-011,C01156,4,20250626,mobile,17,0,0,0.0,7.98,0
INT-004888,CMP-011,C01646,4,20250626,mobile,25,0,0,0.0,11.74,0
INT-004889,CMP-011,C02042,4,20250626,mobile,13,0,0,0.0,6.1,0
INT-004890,CMP-011,C00093,4,20250626,mobile,22,0,0,0.0,10.33,0
INT-004891,CMP-011,C01836,4,20250626,desktop,21,1,0,0.0,9.86,0
INT-004892,CMP-011,C00009,4,20250626,desktop,12,0,0,0.0,5.63,0
INT-004893,CMP-011,C01322,4,20250627,mobile,16,0,0,0.0,7.51,0
INT-004894,CMP-011,C00976,4,20250627,mobile,16,0,0,0.0,7.51,0
INT-004895,CMP-011,C01403,4,20250627,desktop,23,0,0,0.0,10.8,0
INT-004896,CMP-011,C01270,4,20250627,mobile,26,1,0,0.0,12.21,0
INT-004897,CMP-011,C01211,4,20250627,mobile,20,1,0,0.0,9.39,0
INT-004898,CMP-020,C01231,1,20250620,mobile,5,1,0,0.0,11.03,0
INT-004899,CMP-020,C01547,1,20250620,desktop,5,0,0,0.0,11.03,0
INT-004900,CMP-020,C00900,1,20250620,mobile,1,0,0,0.0,2.21,0
INT-004901,CMP-020,C01168,1,20250621,desktop,4,0,0,0.0,8.82,0
INT-004902,CMP-020,C00282,1,20250621,desktop,2,0,0,0.0,4.41,0
INT-004903,CMP-020,C01232,1,20250622,mobile,4,0,0,0.0,8.82,0
INT-004904,CMP-020,C01573,1,20250622,mobile,3,0,0,0.0,6.62,0
INT-004905,CMP-020,C00502,1,20250622,desktop,3,0,0,0.0,6.62,0
INT-004906,CMP-020,C00555,1,20250622,desktop,5,0,0,0.0,11.03,0
INT-004907,CMP-020,C00533,1,20250624,desktop,8,1,0,0.0,17.65,0
INT-004908,CMP-020,C00117,1,20250625,desktop,3,0,0,0.0,6.62,0
INT-004909,CMP-020,C00916,1,20250625,desktop,5,0,0,0.0,11.03,0
INT-004910,CMP-020,C00257,1,20250625,desktop,2,0,0,0.0,4.41,0
INT-004911,CMP-020,C00135,1,20250625,desktop,3,0,0,0.0,6.62,0
INT-004912,CMP-020,C01023,1,20250625,desktop,5,0,0,0.0,11.03,0
INT-004913,CMP-020,C01949,1,20250626,mobile,4,0,0,0.0,8.82,0
INT-004914,CMP-020,C01318,1,20250626,desktop,4,0,0,0.0,8.82,0
INT-004915,CMP-020,C00607,1,20250626,mobile,2,0,0,0.0,4.41,0
INT-004916,CMP-116,C02183,2,20250620,mobile,2,0,0,0.0,1.69,0
INT-004917,CMP-116,C02016,2,20250620,desktop,1,0,0,0.0,0.85,0
INT-004918,CMP-116,C02082,2,20250622,mobile,3,0,0,0.0,2.54,0
INT-004919,CMP-116,C01827,2,20250622,desktop,5,0,0,0.0,4.23,0
INT-004920,CMP-116,C00480,2,20250622,mobile,4,0,0,0.0,3.38,0
INT-004921,CMP-116,C01206,2,20250623,mobile,4,1,1,231.11,3.38,1
INT-004922,CMP-116,C00979,2,20250625,mobile,6,1,0,0.0,5.07,0
INT-004923,CMP-116,C00380,2,20250626,desktop,2,0,0,0.0,1.69,0
INT-004924,CMP-116,C01998,2,20250628,mobile,2,0,0,0.0,1.69,0
INT-004925,CMP-116,C01863,2,20250629,desktop,4,1,0,0.0,3.38,0
INT-004926,CMP-116,C00614,2,20250629,mobile,3,0,0,0.0,2.54,0
INT-004927,CMP-116,C00987,2,20250629,mobile,4,0,0,0.0,3.38,0
INT-004928,CMP-116,C01765,2,20250630,mobile,5,0,0,0.0,4.23,0
INT-004929,CMP-116,C01890,2,20250701,mobile,6,0,0,0.0,5.07,0
INT-004930,CMP-116,C00297,2,20250702,desktop,3,0,0,0.0,2.54,0
INT-004931,CMP-116,C00055,2,20250703,mobile,4,0,0,0.0,3.38,0
INT-004932,CMP-116,C00563,2,20250704,desktop,2,0,0,0.0,1.69,0
INT-004933,CMP-116,C00868,2,20250706,desktop,3,0,0,0.0,2.54,0
INT-004934,CMP-116,C00388,2,20250706,desktop,3,0,0,0.0,2.54,0
INT-004935,CMP-116,C00762,2,20250708,desktop,3,0,0,0.0,2.54,0
INT-004936,CMP-116,C01412,2,20250709,mobile,4,0,0,0.0,3.38,0
INT-004937,CMP-116,C01304,2,20250709,desktop,7,0,0,0.0,5.92,0
INT-004938,CMP-116,C00502,2,20250711,desktop,3,2,2,611.12,2.54,1
INT-004939,CMP-116,C00971,2,20250712,mobile,2,1,0,0.0,1.69,0
INT-004940,CMP-116,C01062,2,20250714,desktop,6,0,0,0.0,5.07,0
INT-004941,CMP-116,C01857,2,20250714,mobile,4,0,0,0.0,3.38,0
INT-004942,CMP-116,C00714,2,20250717,mobile,6,0,0,0.0,5.07,0
INT-004943,CMP-116,C01850,2,20250718,desktop,7,0,0,0.0,5.92,0
INT-004944,CMP-116,C01389,2,20250719,mobile,3,0,0,0.0,2.54,0
INT-004945,CMP-116,C00786,2,20250720,mobile,6,1,0,0.0,5.07,0
INT-004946,CMP-116,C02056,2,20250720,mobile,3,0,0,0.0,2.54,0
INT-004947,CMP-116,C01171,2,20250721,desktop,5,0,0,0.0,4.23,0
INT-004948,CMP-116,C02126,2,20250721,mobile,3,1,0,0.0,2.54,0
INT-004949,CMP-116,C01937,2,20250722,mobile,6,0,0,0.0,5.07,0
INT-004950,CMP-116,C00729,2,20250722,mobile,3,0,0,0.0,2.54,0
INT-004951,CMP-116,C01782,2,20250723,mobile,5,1,0,0.0,4.23,0
INT-004952,CMP-067,C00406,3,20250701,mobile,14,0,0,0.0,9.43,0
INT-004953,CMP-067,C00567,3,20250702,desktop,4,0,0,0.0,2.69,0
INT-004954,CMP-067,C00477,3,20250703,mobile,2,0,0,0.0,1.35,0
INT-004955,CMP-067,C00584,3,20250703,mobile,7,1,0,0.0,4.72,0
INT-004956,CMP-067,C00847,3,20250703,mobile,8,1,0,0.0,5.39,0
INT-004957,CMP-067,C01927,3,20250704,mobile,4,1,0,0.0,2.69,0
INT-004958,CMP-067,C00994,3,20250704,desktop,4,0,0,0.0,2.69,0
INT-004959,CMP-067,C00598,3,20250705,mobile,6,0,0,0.0,4.04,0
INT-004960,CMP-067,C00423,3,20250706,mobile,5,2,0,0.0,3.37,0
INT-004961,CMP-067,C00099,3,20250706,mobile,3,0,0,0.0,2.02,0
INT-004962,CMP-067,C01256,3,20250706,mobile,7,0,0,0.0,4.72,0
INT-004963,CMP-067,C00780,3,20250706,tablet,2,1,0,0.0,1.35,0
INT-004964,CMP-067,C01173,3,20250706,mobile,8,0,0,0.0,5.39,0
INT-004965,CMP-067,C01721,3,20250707,mobile,6,1,0,0.0,4.04,0
INT-004966,CMP-067,C01352,3,20250707,mobile,2,1,0,0.0,1.35,0
INT-004967,CMP-067,C00799,3,20250707,mobile,8,0,0,0.0,5.39,0
INT-004968,CMP-067,C00582,3,20250708,mobile,4,1,0,0.0,2.69,0
INT-004969,CMP-067,C01952,3,20250708,mobile,10,1,0,0.0,6.74,0
INT-004970,CMP-067,C00049,3,20250709,desktop,4,0,0,0.0,2.69,0
INT-004971,CMP-067,C01874,3,20250709,mobile,8,0,0,0.0,5.39,0
INT-004972,CMP-067,C00489,3,20250709,desktop,4,1,0,0.0,2.69,0
INT-004973,CMP-067,C00988,3,20250710,tablet,3,0,0,0.0,2.02,0
INT-004974,CMP-067,C01711,3,20250710,mobile,4,0,0,0.0,2.69,0
INT-004975,CMP-067,C01225,3,20250710,mobile,5,0,0,0.0,3.37,0
INT-004976,CMP-067,C01855,3,20250710,desktop,10,1,0,0.0,6.74,0
INT-004977,CMP-067,C00804,3,20250710,desktop,4,0,0,0.0,2.69,0
INT-004978,CMP-067,C01972,3,20250712,desktop,4,1,0,0.0,2.69,0
INT-004979,CMP-067,C00688,3,20250712,mobile,2,0,0,0.0,1.35,0
INT-004980,CMP-067,C02146,3,20250712,mobile,5,0,0,0.0,3.37,0
INT-004981,CMP-067,C00344,3,20250713,mobile,7,0,0,0.0,4.72,0
INT-004982,CMP-067,C00304,3,20250714,desktop,8,0,0,0.0,5.39,0
INT-004983,CMP-067,C01071,3,20250714,mobile,2,0,0,0.0,1.35,0
INT-004984,CMP-067,C00041,3,20250715,mobile,5,0,0,0.0,3.37,0
INT-004985,CMP-067,C00523,3,20250715,desktop,4,0,0,0.0,2.69,0
INT-004986,CMP-067,C00398,3,20250716,mobile,4,0,0,0.0,2.69,0
INT-004987,CMP-067,C00672,3,20250716,mobile,2,0,0,0.0,1.35,0
INT-004988,CMP-067,C01008,3,20250718,desktop,4,0,0,0.0,2.69,0
INT-004989,CMP-098,C01749,3,20250703,tablet,7,0,0,0.0,5.18,0
INT-004990,CMP-098,C01666,3,20250703,mobile,6,0,0,0.0,4.44,0
INT-004991,CMP-098,C02166,3,20250704,mobile,5,0,0,0.0,3.7,0
INT-004992,CMP-098,C00629,3,20250705,desktop,9,0,0,0.0,6.65,0
INT-004993,CMP-098,C00719,3,20250706,desktop,7,1,0,0.0,5.18,0
INT-004994,CMP-098,C01480,3,20250706,mobile,6,1,0,0.0,4.44,0
INT-004995,CMP-098,C00240,3,20250707,desktop,5,0,0,0.0,3.7,0
INT-004996,CMP-098,C01333,3,20250707,mobile,6,0,0,0.0,4.44,0
INT-004997,CMP-098,C01819,3,20250707,mobile,4,0,0,0.0,2.96,0
INT-004998,CMP-098,C00639,3,20250708,mobile,9,0,0,0.0,6.65,0
INT-004999,CMP-098,C01538,3,20250708,mobile,6,0,0,0.0,4.44,0
INT-005000,CMP-098,C00161,3,20250710,mobile,9,0,0,0.0,6.65,0
INT-005001,CMP-098,C00734,3,20250710,mobile,5,0,0,0.0,3.7,0
INT-005002,CMP-098,C00954,3,20250711,tablet,6,1,0,0.0,4.44,0
INT-005003,CMP-098,C01984,3,20250714,desktop,7,0,0,0.0,5.18,0
INT-005004,CMP-098,C01425,3,20250716,mobile,7,0,0,0.0,5.18,0
INT-005005,CMP-098,C00971,3,20250716,mobile,5,0,0,0.0,3.7,0
INT-005006,CMP-098,C00518,3,20250717,mobile,3,1,1,125.72,2.22,1
INT-005007,CMP-098,C00523,3,20250719,desktop,9,1,0,0.0,6.65,0
INT-005008,CMP-098,C01846,3,20250719,mobile,5,0,0,0.0,3.7,0
INT-005009,CMP-098,C02072,3,20250719,mobile,5,0,0,0.0,3.7,0
INT-005010,CMP-098,C01877,3,20250721,desktop,5,1,0,0.0,3.7,0
INT-005011,CMP-098,C01305,3,20250723,desktop,7,0,0,0.0,5.18,0
INT-005012,CMP-098,C01893,3,20250723,mobile,6,1,0,0.0,4.44,0
INT-005013,CMP-098,C01285,3,20250726,desktop,1,0,0,0.0,0.74,0
INT-005014,CMP-098,C01796,3,20250726,mobile,7,0,0,0.0,5.18,0
INT-005015,CMP-098,C00386,3,20250727,mobile,6,1,0,0.0,4.44,0
INT-005016,CMP-098,C01712,3,20250728,desktop,6,0,0,0.0,4.44,0
INT-005017,CMP-098,C00103,3,20250729,desktop,7,1,0,0.0,5.18,0
INT-005018,CMP-098,C00229,3,20250729,desktop,5,0,0,0.0,3.7,0
INT-005019,CMP-098,C01980,3,20250729,mobile,4,0,0,0.0,2.96,0
INT-005020,CMP-098,C01120,3,20250731,desktop,7,0,0,0.0,5.18,0
INT-005021,CMP-098,C01599,3,20250731,mobile,5,0,0,0.0,3.7,0
INT-005022,CMP-098,C02022,3,20250804,mobile,9,1,0,0.0,6.65,0
INT-005023,CMP-098,C01117,3,20250804,desktop,8,1,0,0.0,5.92,0
INT-005024,CMP-098,C01901,3,20250805,desktop,9,0,0,0.0,6.65,0
INT-005025,CMP-098,C01121,3,20250805,mobile,5,0,0,0.0,3.7,0
INT-005026,CMP-098,C01608,3,20250805,mobile,6,0,0,0.0,4.44,0
INT-005027,CMP-098,C02137,3,20250806,desktop,10,0,0,0.0,7.39,0
INT-005028,CMP-098,C00877,3,20250806,desktop,5,0,0,0.0,3.7,0
INT-005029,CMP-098,C01972,3,20250807,mobile,7,0,0,0.0,5.18,0
INT-005030,CMP-098,C01026,3,20250807,mobile,6,1,0,0.0,4.44,0
INT-005031,CMP-098,C02142,3,20250808,desktop,6,1,1,152.36,4.44,1
INT-005032,CMP-098,C00507,3,20250809,desktop,8,1,0,0.0,5.92,0
INT-005033,CMP-098,C00233,3,20250809,mobile,4,0,0,0.0,2.96,0
INT-005034,CMP-098,C01809,3,20250811,desktop,4,0,0,0.0,2.96,0
INT-005035,CMP-117,C00891,4,20250705,tablet,11,0,0,0.0,4.44,0
INT-005036,CMP-117,C00903,4,20250705,mobile,8,2,0,0.0,3.23,0
INT-005037,CMP-117,C01893,4,20250705,mobile,18,1,0,0.0,7.26,0
INT-005038,CMP-117,C01982,4,20250705,mobile,10,0,0,0.0,4.03,0
INT-005039,CMP-117,C01011,4,20250705,mobile,14,1,0,0.0,5.65,0
INT-005040,CMP-117,C01235,4,20250705,mobile,11,0,0,0.0,4.44,0
INT-005041,CMP-117,C02188,4,20250705,desktop,14,0,0,0.0,5.65,0
INT-005042,CMP-117,C00612,4,20250705,desktop,7,0,0,0.0,2.82,0
INT-005043,CMP-117,C01759,4,20250705,desktop,11,0,0,0.0,4.44,0
INT-005044,CMP-117,C00217,4,20250706,mobile,11,0,0,0.0,4.44,0
INT-005045,CMP-117,C00323,4,20250706,mobile,12,0,0,0.0,4.84,0
INT-005046,CMP-117,C00532,4,20250706,mobile,15,1,0,0.0,6.05,0
INT-005047,CMP-117,C01890,4,20250706,mobile,14,1,0,0.0,5.65,0
INT-005048,CMP-117,C00152,4,20250706,desktop,14,0,0,0.0,5.65,0
INT-005049,CMP-117,C01933,4,20250706,mobile,13,0,0,0.0,5.24,0
INT-005050,CMP-117,C01410,4,20250706,desktop,10,0,0,0.0,4.03,0
INT-005051,CMP-117,C01852,4,20250706,tablet,18,1,0,0.0,7.26,0
INT-005052,CMP-117,C00076,4,20250706,mobile,6,0,0,0.0,2.42,0
INT-005053,CMP-117,C00289,4,20250707,mobile,11,0,0,0.0,4.44,0
INT-005054,CMP-117,C01633,4,20250707,mobile,16,0,0,0.0,6.45,0
INT-005055,CMP-117,C01553,4,20250707,mobile,17,0,0,0.0,6.86,0
INT-005056,CMP-117,C01975,4,20250707,mobile,13,0,0,0.0,5.24,0
INT-005057,CMP-117,C00795,4,20250707,tablet,10,1,1,130.73,4.03,1
INT-005058,CMP-117,C01442,4,20250707,mobile,19,0,0,0.0,7.66,0
INT-005059,CMP-117,C00561,4,20250708,mobile,15,0,0,0.0,6.05,0
INT-005060,CMP-117,C02113,4,20250708,mobile,18,0,0,0.0,7.26,0
INT-005061,CMP-117,C00870,4,20250708,mobile,16,0,0,0.0,6.45,0
INT-005062,CMP-117,C00034,4,20250708,desktop,15,1,0,0.0,6.05,0
INT-005063,CMP-117,C00086,4,20250708,tablet,10,0,0,0.0,4.03,0
INT-005064,CMP-117,C02011,4,20250709,mobile,13,0,0,0.0,5.24,0
INT-005065,CMP-117,C01145,4,20250709,desktop,12,0,0,0.0,4.84,0
INT-005066,CMP-117,C00592,4,20250709,mobile,11,0,0,0.0,4.44,0
INT-005067,CMP-117,C01644,4,20250709,mobile,18,0,0,0.0,7.26,0
INT-005068,CMP-117,C01749,4,20250709,mobile,14,2,0,0.0,5.65,0
INT-005069,CMP-117,C01135,4,20250710,mobile,7,0,0,0.0,2.82,0
INT-005070,CMP-117,C00534,4,20250710,mobile,14,0,0,0.0,5.65,0
INT-005071,CMP-117,C00070,4,20250710,mobile,14,1,0,0.0,5.65,0
INT-005072,CMP-117,C01875,4,20250711,mobile,9,0,0,0.0,3.63,0
INT-005073,CMP-117,C00355,4,20250711,desktop,16,0,0,0.0,6.45,0
INT-005074,CMP-117,C01180,4,20250711,mobile,9,1,0,0.0,3.63,0
INT-005075,CMP-117,C01815,4,20250711,mobile,8,0,0,0.0,3.23,0
INT-005076,CMP-117,C01921,4,20250711,desktop,16,1,0,0.0,6.45,0
INT-005077,CMP-117,C01018,4,20250711,mobile,14,0,0,0.0,5.65,0
INT-005078,CMP-117,C00428,4,20250711,tablet,13,0,0,0.0,5.24,0
INT-005079,CMP-117,C01487,4,20250711,mobile,11,0,0,0.0,4.44,0
INT-005080,CMP-117,C02086,4,20250711,mobile,15,0,0,0.0,6.05,0
INT-005081,CMP-117,C01321,4,20250711,mobile,10,1,0,0.0,4.03,0
INT-005082,CMP-117,C00733,4,20250712,tablet,12,1,0,0.0,4.84,0
INT-005083,CMP-117,C01102,4,20250712,mobile,13,0,0,0.0,5.24,0
INT-005084,CMP-117,C01585,4,20250712,desktop,16,0,0,0.0,6.45,0
INT-005085,CMP-117,C01152,4,20250713,desktop,11,0,0,0.0,4.44,0
INT-005086,CMP-117,C01617,4,20250713,tablet,13,0,0,0.0,5.24,0
INT-005087,CMP-117,C00683,4,20250713,mobile,11,0,0,0.0,4.44,0
INT-005088,CMP-117,C02009,4,20250713,mobile,15,0,0,0.0,6.05,0
INT-005089,CMP-117,C01126,4,20250714,mobile,13,0,0,0.0,5.24,0
INT-005090,CMP-117,C00750,4,20250714,mobile,18,0,0,0.0,7.26,0
INT-005091,CMP-117,C01046,4,20250714,desktop,8,0,0,0.0,3.23,0
INT-005092,CMP-117,C00341,4,20250714,mobile,17,1,1,231.4,6.86,1
INT-005093,CMP-117,C00089,4,20250714,desktop,9,0,0,0.0,3.63,0
INT-005094,CMP-117,C00491,4,20250714,mobile,11,0,0,0.0,4.44,0
INT-005095,CMP-117,C00653,4,20250715,desktop,15,0,0,0.0,6.05,0
INT-005096,CMP-117,C01928,4,20250715,tablet,8,1,0,0.0,3.23,0
INT-005097,CMP-117,C01879,4,20250715,desktop,20,1,0,0.0,8.07,0
INT-005098,CMP-117,C00920,4,20250715,tablet,15,0,0,0.0,6.05,0
INT-005099,CMP-117,C00488,4,20250715,mobile,17,1,0,0.0,6.86,0
INT-005100,CMP-005,C00306,1,20250711,mobile,3,0,0,0.0,6.35,0
INT-005101,CMP-005,C00633,1,20250713,mobile,3,1,0,0.0,6.35,0
INT-005102,CMP-005,C01161,1,20250714,mobile,2,1,1,256.21,4.23,1
INT-005103,CMP-005,C00871,1,20250716,mobile,3,1,1,260.68,6.35,1
INT-005104,CMP-005,C00910,1,20250716,mobile,3,0,0,0.0,6.35,0
INT-005105,CMP-005,C00598,1,20250717,mobile,3,0,0,0.0,6.35,0
INT-005106,CMP-005,C01107,1,20250717,mobile,1,0,0,0.0,2.12,0
INT-005107,CMP-005,C01103,1,20250717,mobile,4,0,0,0.0,8.46,0
INT-005108,CMP-005,C01885,1,20250717,desktop,4,0,0,0.0,8.46,0
INT-005109,CMP-005,C01795,1,20250718,desktop,2,1,1,228.85,4.23,1
INT-005110,CMP-005,C01188,1,20250718,desktop,2,0,0,0.0,4.23,0
INT-005111,CMP-005,C02142,1,20250719,desktop,4,1,1,177.92,8.46,1
INT-005112,CMP-005,C00278,1,20250720,desktop,3,0,0,0.0,6.35,0
INT-005113,CMP-005,C02183,1,20250721,mobile,4,0,0,0.0,8.46,0
INT-005114,CMP-005,C00614,1,20250721,mobile,3,1,0,0.0,6.35,0
INT-005115,CMP-005,C02003,1,20250723,tablet,2,0,0,0.0,4.23,0
INT-005116,CMP-005,C00091,1,20250723,desktop,4,0,0,0.0,8.46,0
INT-005117,CMP-005,C01299,1,20250723,tablet,2,0,0,0.0,4.23,0
INT-005118,CMP-010,C01200,1,20250715,desktop,6,0,0,0.0,15.0,0
INT-005119,CMP-010,C00203,1,20250715,desktop,5,0,0,0.0,12.5,0
INT-005120,CMP-010,C00556,1,20250715,mobile,3,0,0,0.0,7.5,0
INT-005121,CMP-010,C01956,1,20250717,mobile,8,0,0,0.0,20.0,0
INT-005122,CMP-010,C02175,1,20250717,desktop,4,0,0,0.0,10.0,0
INT-005123,CMP-010,C00327,1,20250717,desktop,3,0,0,0.0,7.5,0
INT-005124,CMP-010,C02022,1,20250718,tablet,10,1,0,0.0,25.0,0
INT-005125,CMP-010,C02170,1,20250719,mobile,7,0,0,0.0,17.5,0
INT-005126,CMP-010,C01397,1,20250719,desktop,9,1,0,0.0,22.5,0
INT-005127,CMP-010,C00565,1,20250720,desktop,3,0,0,0.0,7.5,0
INT-005128,CMP-010,C00330,1,20250720,desktop,3,0,0,0.0,7.5,0
INT-005129,CMP-010,C01301,1,20250721,mobile,4,2,2,595.52,10.0,1
INT-005130,CMP-010,C00325,1,20250721,mobile,6,0,0,0.0,15.0,0
INT-005131,CMP-010,C01768,1,20250721,desktop,6,0,0,0.0,15.0,0
INT-005132,CMP-010,C02044,1,20250722,mobile,4,0,0,0.0,10.0,0
INT-005133,CMP-010,C00503,1,20250722,tablet,5,0,0,0.0,12.5,0
INT-005134,CMP-010,C00392,1,20250722,mobile,10,2,1,302.52,25.0,1
INT-005135,CMP-010,C00755,1,20250723,mobile,6,0,0,0.0,15.0,0
INT-005136,CMP-010,C00042,1,20250723,mobile,7,1,1,219.07,17.5,1
INT-005137,CMP-010,C00589,1,20250723,mobile,6,1,0,0.0,15.0,0
INT-005138,CMP-010,C00829,1,20250724,mobile,5,1,0,0.0,12.5,0
INT-005139,CMP-010,C00713,1,20250724,desktop,8,1,0,0.0,20.0,0
INT-005140,CMP-060,C00508,2,20250803,mobile,2,1,1,322.07,1.25,1
INT-005141,CMP-060,C01997,2,20250803,desktop,2,1,1,251.06,1.25,1
INT-005142,CMP-060,C01073,2,20250803,mobile,4,0,0,0.0,2.5,0
INT-005143,CMP-060,C00811,2,20250803,mobile,5,0,0,0.0,3.12,0
INT-005144,CMP-060,C01204,2,20250803,mobile,1,0,0,0.0,0.62,0
INT-005145,CMP-060,C00052,2,20250803,desktop,4,0,0,0.0,2.5,0
INT-005146,CMP-060,C00268,2,20250803,desktop,2,0,0,0.0,1.25,0
INT-005147,CMP-060,C02126,2,20250803,mobile,3,0,0,0.0,1.88,0
INT-005148,CMP-060,C02183,2,20250803,mobile,4,0,0,0.0,2.5,0
INT-005149,CMP-060,C00419,2,20250803,mobile,2,0,0,0.0,1.25,0
INT-005150,CMP-060,C01453,2,20250804,desktop,3,0,0,0.0,1.88,0
INT-005151,CMP-060,C01452,2,20250804,mobile,2,0,0,0.0,1.25,0
INT-005152,CMP-060,C00935,2,20250804,mobile,6,0,0,0.0,3.75,0
INT-005153,CMP-060,C01292,2,20250804,mobile,2,0,0,0.0,1.25,0
INT-005154,CMP-060,C02154,2,20250804,mobile,1,0,0,0.0,0.62,0
INT-005155,CMP-060,C00560,2,20250805,desktop,2,0,0,0.0,1.25,0
INT-005156,CMP-060,C01600,2,20250805,mobile,2,1,0,0.0,1.25,0
INT-005157,CMP-060,C00260,2,20250805,mobile,1,0,0,0.0,0.62,0
INT-005158,CMP-060,C01443,2,20250805,mobile,1,1,0,0.0,0.62,0
INT-005159,CMP-060,C01290,2,20250805,desktop,1,0,0,0.0,0.62,0
INT-005160,CMP-060,C00348,2,20250805,mobile,1,0,0,0.0,0.62,0
INT-005161,CMP-060,C01257,2,20250805,mobile,1,0,0,0.0,0.62,0
INT-005162,CMP-060,C00639,2,20250806,desktop,2,0,0,0.0,1.25,0
INT-005163,CMP-060,C00625,2,20250806,mobile,1,0,0,0.0,0.62,0
INT-005164,CMP-060,C01052,2,20250806,mobile,3,0,0,0.0,1.88,0
INT-005165,CMP-060,C01222,2,20250806,mobile,2,1,0,0.0,1.25,0
INT-005166,CMP-060,C01961,2,20250806,desktop,1,0,0,0.0,0.62,0
INT-005167,CMP-060,C00490,2,20250806,mobile,1,1,1,245.66,0.62,1
INT-005168,CMP-060,C00954,2,20250806,mobile,3,0,0,0.0,1.88,0
INT-005169,CMP-060,C00868,2,20250807,desktop,2,0,0,0.0,1.25,0
INT-005170,CMP-060,C02087,2,20250807,mobile,1,0,0,0.0,0.62,0
INT-005171,CMP-060,C02044,2,20250807,mobile,1,0,0,0.0,0.62,0
INT-005172,CMP-060,C00890,2,20250807,mobile,2,0,0,0.0,1.25,0
INT-005173,CMP-060,C00914,2,20250807,desktop,2,1,0,0.0,1.25,0
INT-005174,CMP-060,C01499,2,20250807,desktop,3,0,0,0.0,1.88,0
INT-005175,CMP-060,C00757,2,20250807,tablet,2,1,0,0.0,1.25,0
INT-005176,CMP-060,C00861,2,20250807,desktop,2,0,0,0.0,1.25,0
INT-005177,CMP-060,C00998,2,20250807,mobile,1,0,0,0.0,0.62,0
INT-005178,CMP-060,C00786,2,20250807,mobile,2,1,0,0.0,1.25,0
INT-005179,CMP-060,C01992,2,20250808,desktop,4,1,0,0.0,2.5,0
INT-005180,CMP-060,C01896,2,20250808,mobile,2,1,0,0.0,1.25,0
INT-005181,CMP-060,C00969,2,20250808,desktop,2,1,0,0.0,1.25,0
INT-005182,CMP-060,C02030,2,20250809,desktop,2,0,0,0.0,1.25,0
INT-005183,CMP-060,C00265,2,20250809,desktop,1,0,0,0.0,0.62,0
INT-005184,CMP-060,C00011,2,20250809,mobile,3,1,1,231.4,1.88,1
INT-005185,CMP-060,C00397,2,20250809,mobile,3,1,1,157.54,1.88,1
INT-005186,CMP-060,C02077,2,20250809,tablet,3,0,0,0.0,1.88,0
INT-005187,CMP-060,C00382,2,20250810,mobile,1,1,0,0.0,0.62,0
INT-005188,CMP-060,C01561,2,20250810,mobile,3,0,0,0.0,1.88,0
INT-005189,CMP-060,C00623,2,20250810,mobile,4,1,1,255.6,2.5,1
INT-005190,CMP-060,C00465,2,20250810,desktop,2,0,0,0.0,1.25,0
INT-005191,CMP-060,C01505,2,20250810,desktop,2,0,0,0.0,1.25,0
INT-005192,CMP-060,C00063,2,20250811,mobile,5,0,0,0.0,3.12,0
INT-005193,CMP-060,C01847,2,20250811,mobile,1,0,0,0.0,0.62,0
INT-005194,CMP-060,C00133,2,20250811,mobile,3,1,0,0.0,1.88,0
INT-005195,CMP-060,C00793,2,20250811,desktop,3,0,0,0.0,1.88,0
INT-005196,CMP-060,C00457,2,20250811,desktop,2,1,0,0.0,1.25,0
INT-005197,CMP-060,C01465,2,20250811,mobile,4,2,2,463.97,2.5,1
INT-005198,CMP-060,C01956,2,20250811,mobile,1,0,0,0.0,0.62,0
INT-005199,CMP-060,C00780,2,20250811,tablet,1,0,0,0.0,0.62,0
INT-005200,CMP-060,C00552,2,20250811,mobile,3,1,0,0.0,1.88,0
INT-005201,CMP-060,C00495,2,20250811,desktop,4,0,0,0.0,2.5,0
INT-005202,CMP-060,C00898,2,20250811,mobile,2,0,0,0.0,1.25,0
INT-005203,CMP-060,C01694,2,20250811,mobile,3,0,0,0.0,1.88,0
INT-005204,CMP-060,C00315,2,20250812,mobile,3,0,0,0.0,1.88,0
INT-005205,CMP-060,C02165,2,20250812,tablet,1,0,0,0.0,0.62,0
INT-005206,CMP-060,C00678,2,20250812,mobile,2,0,0,0.0,1.25,0
INT-005207,CMP-060,C01239,2,20250812,desktop,2,0,0,0.0,1.25,0
INT-005208,CMP-060,C01279,2,20250812,mobile,3,1,0,0.0,1.88,0
INT-005209,CMP-060,C00097,2,20250812,desktop,2,0,0,0.0,1.25,0
INT-005210,CMP-114,C02194,3,20250805,desktop,14,0,0,0.0,15.78,0
INT-005211,CMP-114,C01421,3,20250805,mobile,13,0,0,0.0,14.66,0
INT-005212,CMP-114,C00392,3,20250808,mobile,13,0,0,0.0,14.66,0
INT-005213,CMP-114,C01268,3,20250808,mobile,12,0,0,0.0,13.53,0
INT-005214,CMP-114,C00109,3,20250809,mobile,9,1,0,0.0,10.15,0
INT-005215,CMP-114,C01267,3,20250809,desktop,11,1,0,0.0,12.4,0
INT-005216,CMP-114,C01190,3,20250809,mobile,19,0,0,0.0,21.42,0
INT-005217,CMP-114,C02079,3,20250810,mobile,12,0,0,0.0,13.53,0
INT-005218,CMP-114,C01307,3,20250812,mobile,15,0,0,0.0,16.91,0
INT-005219,CMP-114,C01858,3,20250812,mobile,11,0,0,0.0,12.4,0
INT-005220,CMP-114,C01254,3,20250812,desktop,13,0,0,0.0,14.66,0
INT-005221,CMP-114,C02093,3,20250813,mobile,12,1,0,0.0,13.53,0
INT-005222,CMP-114,C01143,3,20250813,mobile,10,0,0,0.0,11.27,0
INT-005223,CMP-114,C00347,3,20250814,desktop,12,0,0,0.0,13.53,0
INT-005224,CMP-114,C00903,3,20250815,mobile,8,0,0,0.0,9.02,0
INT-005225,CMP-114,C00764,3,20250817,desktop,20,0,0,0.0,22.55,0
INT-005226,CMP-114,C00745,3,20250817,desktop,6,0,0,0.0,6.76,0
INT-005227,CMP-114,C02017,3,20250817,desktop,11,0,0,0.0,12.4,0
INT-005228,CMP-114,C01175,3,20250818,tablet,11,2,0,0.0,12.4,0
INT-005229,CMP-114,C01497,3,20250821,mobile,11,0,0,0.0,12.4,0
INT-005230,CMP-114,C01296,3,20250821,mobile,16,1,0,0.0,18.04,0
INT-005231,CMP-114,C00243,3,20250821,mobile,16,2,0,0.0,18.04,0
INT-005232,CMP-114,C00505,3,20250822,desktop,11,0,0,0.0,12.4,0
INT-005233,CMP-114,C00882,3,20250822,tablet,13,1,0,0.0,14.66,0
INT-005234,CMP-114,C01437,3,20250822,tablet,17,1,0,0.0,19.17,0
INT-005235,CMP-114,C00645,3,20250823,mobile,7,1,0,0.0,7.89,0
INT-005236,CMP-114,C01574,3,20250824,tablet,10,1,0,0.0,11.27,0
INT-005237,CMP-114,C01948,3,20250824,desktop,13,0,0,0.0,14.66,0
INT-005238,CMP-114,C01242,3,20250824,desktop,14,1,0,0.0,15.78,0
INT-005239,CMP-114,C01309,3,20250825,mobile,15,0,0,0.0,16.91,0
INT-005240,CMP-114,C01150,3,20250825,mobile,11,0,0,0.0,12.4,0
INT-005241,CMP-114,C00182,3,20250826,desktop,8,0,0,0.0,9.02,0
INT-005242,CMP-114,C00172,3,20250826,tablet,14,2,0,0.0,15.78,0
INT-005243,CMP-046,C01793,3,20250811,mobile,7,1,0,0.0,5.69,0
INT-005244,CMP-046,C00016,3,20250811,desktop,10,1,0,0.0,8.12,0
INT-005245,CMP-046,C00994,3,20250811,desktop,7,0,0,0.0,5.69,0
INT-005246,CMP-046,C01871,3,20250811,desktop,5,2,0,0.0,4.06,0
INT-005247,CMP-046,C01778,3,20250811,mobile,8,0,0,0.0,6.5,0
INT-005248,CMP-046,C02066,3,20250811,mobile,11,0,0,0.0,8.94,0
INT-005249,CMP-046,C00177,3,20250812,mobile,5,0,0,0.0,4.06,0
INT-005250,CMP-046,C01123,3,20250813,desktop,8,0,0,0.0,6.5,0
INT-005251,CMP-046,C02159,3,20250813,tablet,8,0,0,0.0,6.5,0
INT-005252,CMP-046,C01697,3,20250813,desktop,7,0,0,0.0,5.69,0
INT-005253,CMP-046,C00998,3,20250814,mobile,8,0,0,0.0,6.5,0
INT-005254,CMP-046,C02037,3,20250814,desktop,9,1,0,0.0,7.31,0
INT-005255,CMP-046,C01495,3,20250814,desktop,5,0,0,0.0,4.06,0
INT-005256,CMP-046,C00699,3,20250814,mobile,11,0,0,0.0,8.94,0
INT-005257,CMP-046,C01640,3,20250814,desktop,9,0,0,0.0,7.31,0
INT-005258,CMP-046,C01767,3,20250815,tablet,9,1,0,0.0,7.31,0
INT-005259,CMP-046,C00724,3,20250815,desktop,4,0,0,0.0,3.25,0
INT-005260,CMP-046,C01580,3,20250815,desktop,11,0,0,0.0,8.94,0
INT-005261,CMP-046,C00377,3,20250815,tablet,6,0,0,0.0,4.87,0
INT-005262,CMP-046,C00057,3,20250815,mobile,4,1,0,0.0,3.25,0
INT-005263,CMP-046,C00396,3,20250815,tablet,8,1,0,0.0,6.5,0
INT-005264,CMP-046,C00121,3,20250815,mobile,6,0,0,0.0,4.87,0
INT-005265,CMP-046,C00266,3,20250816,desktop,6,0,0,0.0,4.87,0
INT-005266,CMP-046,C00784,3,20250816,mobile,8,0,0,0.0,6.5,0
INT-005267,CMP-046,C01188,3,20250816,desktop,9,1,0,0.0,7.31,0
INT-005268,CMP-046,C00424,3,20250816,mobile,12,1,0,0.0,9.75,0
INT-005269,CMP-046,C00270,3,20250816,desktop,8,0,0,0.0,6.5,0
INT-005270,CMP-046,C00224,3,20250817,mobile,9,0,0,0.0,7.31,0
INT-005271,CMP-046,C00414,3,20250817,mobile,5,1,0,0.0,4.06,0
INT-005272,CMP-046,C00814,3,20250817,desktop,12,0,0,0.0,9.75,0
INT-005273,CMP-046,C02117,3,20250817,mobile,7,2,0,0.0,5.69,0
INT-005274,CMP-046,C01410,3,20250818,desktop,11,1,0,0.0,8.94,0
INT-005275,CMP-046,C01769,3,20250818,desktop,12,0,0,0.0,9.75,0
INT-005276,CMP-046,C01542,3,20250818,mobile,9,0,0,0.0,7.31,0
INT-005277,CMP-046,C01688,3,20250818,mobile,13,0,0,0.0,10.56,0
INT-005278,CMP-046,C01659,3,20250819,mobile,9,3,0,0.0,7.31,0
INT-005279,CMP-046,C01214,3,20250819,desktop,8,1,0,0.0,6.5,0
INT-005280,CMP-046,C00770,3,20250819,mobile,9,1,0,0.0,7.31,0
INT-005281,CMP-046,C01623,3,20250819,mobile,7,0,0,0.0,5.69,0
INT-005282,CMP-046,C01807,3,20250820,tablet,8,0,0,0.0,6.5,0
INT-005283,CMP-046,C00124,3,20250820,tablet,6,0,0,0.0,4.87,0
INT-005284,CMP-046,C00131,3,20250820,mobile,8,0,0,0.0,6.5,0
INT-005285,CMP-046,C00106,3,20250821,mobile,6,1,0,0.0,4.87,0
INT-005286,CMP-046,C01252,3,20250821,desktop,8,1,0,0.0,6.5,0
INT-005287,CMP-046,C00827,3,20250821,mobile,6,0,0,0.0,4.87,0
INT-005288,CMP-046,C02107,3,20250821,mobile,6,1,0,0.0,4.87,0
INT-005289,CMP-046,C01201,3,20250821,mobile,4,1,1,139.84,3.25,1
INT-005290,CMP-046,C00863,3,20250821,desktop,6,0,0,0.0,4.87,0
INT-005291,CMP-046,C02167,3,20250821,desktop,8,0,0,0.0,6.5,0
INT-005292,CMP-046,C02039,3,20250822,mobile,8,0,0,0.0,6.5,0
INT-005293,CMP-046,C00252,3,20250822,mobile,3,0,0,0.0,2.44,0
INT-005294,CMP-046,C01174,3,20250822,tablet,7,0,0,0.0,5.69,0
INT-005295,CMP-046,C00405,3,20250822,mobile,6,1,0,0.0,4.87,0
INT-005296,CMP-046,C01860,3,20250822,desktop,7,1,0,0.0,5.69,0
INT-005297,CMP-046,C01121,3,20250823,mobile,11,1,0,0.0,8.94,0
INT-005298,CMP-046,C00811,3,20250823,mobile,5,0,0,0.0,4.06,0
INT-005299,CMP-046,C01673,3,20250823,mobile,11,1,0,0.0,8.94,0
INT-005300,CMP-046,C01865,3,20250823,mobile,9,1,0,0.0,7.31,0
INT-005301,CMP-046,C00219,3,20250823,desktop,11,3,1,126.14,8.94,1
INT-005302,CMP-046,C00348,3,20250823,mobile,4,0,0,0.0,3.25,0
INT-005303,CMP-046,C01455,3,20250823,tablet,4,0,0,0.0,3.25,0
INT-005304,CMP-046,C00615,3,20250823,desktop,10,0,0,0.0,8.12,0
INT-005305,CMP-046,C01832,3,20250823,mobile,11,0,0,0.0,8.94,0
INT-005306,CMP-046,C01425,3,20250824,mobile,4,0,0,0.0,3.25,0
INT-005307,CMP-046,C01229,3,20250824,desktop,8,1,0,0.0,6.5,0
INT-005308,CMP-046,C01358,3,20250824,mobile,7,1,0,0.0,5.69,0
INT-005309,CMP-046,C00891,3,20250824,tablet,13,0,0,0.0,10.56,0
INT-005310,CMP-046,C01551,3,20250824,desktop,5,0,0,0.0,4.06,0
INT-005311,CMP-046,C01132,3,20250824,mobile,11,1,0,0.0,8.94,0
INT-005312,CMP-046,C01013,3,20250825,desktop,9,1,1,137.86,7.31,1
INT-005313,CMP-046,C00186,3,20250825,mobile,4,0,0,0.0,3.25,0
INT-005314,CMP-015,C00454,1,20250814,mobile,3,0,0,0.0,5.9,0
INT-005315,CMP-015,C00432,1,20250817,desktop,3,0,0,0.0,5.9,0
INT-005316,CMP-015,C02068,1,20250819,mobile,7,0,0,0.0,13.77,0
INT-005317,CMP-015,C00389,1,20250820,desktop,2,0,0,0.0,3.93,0
INT-005318,CMP-015,C02063,1,20250821,desktop,3,0,0,0.0,5.9,0
INT-005319,CMP-015,C00916,1,20250824,desktop,5,0,0,0.0,9.84,0
INT-005320,CMP-015,C01202,1,20250825,desktop,3,1,1,154.38,5.9,1
INT-005321,CMP-015,C01889,1,20250904,mobile,1,0,0,0.0,1.97,0
INT-005322,CMP-015,C01759,1,20250907,desktop,6,2,0,0.0,11.8,0
INT-005323,CMP-015,C01934,1,20250907,mobile,4,1,0,0.0,7.87,0
INT-005324,CMP-015,C01469,1,20250909,mobile,3,0,0,0.0,5.9,0
INT-005325,CMP-015,C00011,1,20250911,mobile,4,1,1,283.69,7.87,1
INT-005326,CMP-015,C00410,1,20250912,mobile,3,0,0,0.0,5.9,0
INT-005327,CMP-015,C01350,1,20250912,mobile,3,1,0,0.0,5.9,0
INT-005328,CMP-015,C01545,1,20250924,desktop,7,2,1,271.7,13.77,1
INT-005329,CMP-015,C02021,1,20250925,mobile,4,0,0,0.0,7.87,0
INT-005330,CMP-042,C00241,4,20250822,desktop,5,0,0,0.0,2.08,0
INT-005331,CMP-042,C00366,4,20250822,desktop,8,0,0,0.0,3.32,0
INT-005332,CMP-042,C00233,4,20250822,mobile,10,0,0,0.0,4.15,0
INT-005333,CMP-042,C01845,4,20250823,desktop,9,0,0,0.0,3.74,0
INT-005334,CMP-042,C00367,4,20250825,mobile,10,0,0,0.0,4.15,0
INT-005335,CMP-042,C01394,4,20250825,mobile,9,1,0,0.0,3.74,0
INT-005336,CMP-042,C00183,4,20250825,desktop,9,0,0,0.0,3.74,0
INT-005337,CMP-042,C01343,4,20250826,mobile,9,0,0,0.0,3.74,0
INT-005338,CMP-042,C01184,4,20250826,desktop,13,0,0,0.0,5.4,0
INT-005339,CMP-042,C01655,4,20250826,desktop,6,0,0,0.0,2.49,0
INT-005340,CMP-042,C01908,4,20250826,desktop,7,0,0,0.0,2.91,0
INT-005341,CMP-042,C01134,4,20250826,mobile,11,0,0,0.0,4.57,0
INT-005342,CMP-042,C01555,4,20250827,mobile,12,0,0,0.0,4.98,0
INT-005343,CMP-042,C00726,4,20250828,mobile,10,0,0,0.0,4.15,0
INT-005344,CMP-042,C01053,4,20250829,mobile,9,0,0,0.0,3.74,0
INT-005345,CMP-042,C01257,4,20250901,desktop,4,0,0,0.0,1.66,0
INT-005346,CMP-042,C00833,4,20250901,mobile,13,0,0,0.0,5.4,0
INT-005347,CMP-042,C01625,4,20250901,mobile,12,0,0,0.0,4.98,0
INT-005348,CMP-042,C00217,4,20250902,desktop,9,0,0,0.0,3.74,0
INT-005349,CMP-042,C01728,4,20250902,desktop,12,0,0,0.0,4.98,0
INT-005350,CMP-042,C00151,4,20250903,mobile,10,1,0,0.0,4.15,0
INT-005351,CMP-042,C00701,4,20250905,mobile,9,0,0,0.0,3.74,0
INT-005352,CMP-042,C00544,4,20250907,mobile,6,0,0,0.0,2.49,0
INT-005353,CMP-042,C00447,4,20250908,mobile,5,0,0,0.0,2.08,0
INT-005354,CMP-042,C01584,4,20250909,desktop,4,0,0,0.0,1.66,0
INT-005355,CMP-042,C00778,4,20250909,mobile,12,0,0,0.0,4.98,0
INT-005356,CMP-042,C01381,4,20250909,desktop,11,0,0,0.0,4.57,0
INT-005357,CMP-042,C00712,4,20250910,desktop,12,1,0,0.0,4.98,0
INT-005358,CMP-042,C00855,4,20250911,mobile,9,0,0,0.0,3.74,0
INT-005359,CMP-026,C01047,3,20250906,mobile,12,1,0,0.0,11.04,0
INT-005360,CMP-026,C00260,3,20250906,mobile,5,0,0,0.0,4.6,0
INT-005361,CMP-026,C00126,3,20250906,mobile,9,0,0,0.0,8.28,0
INT-005362,CMP-026,C00651,3,20250907,tablet,7,0,0,0.0,6.44,0
INT-005363,CMP-026,C00001,3,20250907,mobile,10,0,0,0.0,9.2,0
INT-005364,CMP-026,C00571,3,20250907,mobile,3,0,0,0.0,2.76,0
INT-005365,CMP-026,C00967,3,20250907,mobile,8,0,0,0.0,7.36,0
INT-005366,CMP-026,C00966,3,20250908,desktop,10,0,0,0.0,9.2,0
INT-005367,CMP-026,C00134,3,20250908,mobile,12,1,1,154.24,11.04,1
INT-005368,CMP-026,C01573,3,20250909,mobile,9,1,0,0.0,8.28,0
INT-005369,CMP-026,C00456,3,20250909,desktop,6,0,0,0.0,5.52,0
INT-005370,CMP-026,C00550,3,20250909,desktop,13,1,0,0.0,11.96,0
INT-005371,CMP-026,C01524,3,20250909,mobile,6,0,0,0.0,5.52,0
INT-005372,CMP-026,C00688,3,20250910,mobile,14,1,0,0.0,12.88,0
INT-005373,CMP-026,C02170,3,20250910,desktop,8,0,0,0.0,7.36,0
INT-005374,CMP-026,C01622,3,20250910,mobile,11,1,0,0.0,10.12,0
INT-005375,CMP-026,C00958,3,20250911,mobile,10,3,0,0.0,9.2,0
INT-005376,CMP-026,C01193,3,20250912,mobile,7,0,0,0.0,6.44,0
INT-005377,CMP-026,C01209,3,20250912,desktop,5,0,0,0.0,4.6,0
INT-005378,CMP-026,C00311,3,20250912,mobile,6,0,0,0.0,5.52,0
INT-005379,CMP-026,C01008,3,20250913,desktop,11,1,0,0.0,10.12,0
INT-005380,CMP-026,C00105,3,20250913,mobile,11,0,0,0.0,10.12,0
INT-005381,CMP-026,C01039,3,20250914,desktop,9,2,0,0.0,8.28,0
INT-005382,CMP-026,C01468,3,20250914,mobile,10,1,1,140.33,9.2,1
INT-005383,CMP-026,C00076,3,20250914,mobile,8,2,0,0.0,7.36,0
INT-005384,CMP-026,C00339,3,20250915,mobile,6,1,0,0.0,5.52,0
INT-005385,CMP-026,C00902,3,20250916,desktop,9,1,0,0.0,8.28,0
INT-005386,CMP-026,C00118,3,20250916,mobile,12,1,0,0.0,11.04,0
INT-005387,CMP-026,C02182,3,20250917,mobile,10,0,0,0.0,9.2,0
INT-005388,CMP-026,C00097,3,20250917,desktop,14,1,0,0.0,12.88,0
INT-005389,CMP-026,C01401,3,20250918,mobile,7,0,0,0.0,6.44,0
INT-005390,CMP-026,C02187,3,20250918,mobile,10,0,0,0.0,9.2,0
INT-005391,CMP-026,C01317,3,20250918,mobile,18,0,0,0.0,16.56,0
INT-005392,CMP-026,C00042,3,20250919,mobile,10,0,0,0.0,9.2,0
INT-005393,CMP-026,C00104,3,20250919,desktop,12,0,0,0.0,11.04,0
INT-005394,CMP-026,C01579,3,20250920,tablet,8,1,0,0.0,7.36,0
INT-005395,CMP-026,C00810,3,20250920,mobile,8,2,1,166.63,7.36,1
INT-005396,CMP-026,C00996,3,20250920,tablet,12,1,0,0.0,11.04,0
INT-005397,CMP-026,C02166,3,20250922,mobile,11,0,0,0.0,10.12,0
INT-005398,CMP-026,C01303,3,20250922,desktop,5,0,0,0.0,4.6,0
INT-005399,CMP-026,C02112,3,20250922,mobile,6,0,0,0.0,5.52,0
INT-005400,CMP-026,C01431,3,20250923,mobile,12,2,1,159.71,11.04,1
INT-005401,CMP-026,C00278,3,20250923,desktop,9,0,0,0.0,8.28,0
INT-005402,CMP-026,C00879,3,20250924,mobile,9,0,0,0.0,8.28,0
INT-005403,CMP-026,C01974,3,20250924,desktop,7,0,0,0.0,6.44,0
INT-005404,CMP-026,C01073,3,20250925,mobile,11,0,0,0.0,10.12,0
INT-005405,CMP-026,C01158,3,20250925,desktop,5,0,0,0.0,4.6,0
INT-005406,CMP-026,C00065,3,20250925,desktop,11,1,0,0.0,10.12,0
INT-005407,CMP-026,C01181,3,20250926,tablet,3,0,0,0.0,2.76,0
INT-005408,CMP-026,C01837,3,20250926,tablet,10,2,0,0.0,9.2,0
INT-005409,CMP-026,C00871,3,20250927,mobile,8,0,0,0.0,7.36,0
INT-005410,CMP-026,C00455,3,20250927,mobile,9,0,0,0.0,8.28,0
INT-005411,CMP-026,C01768,3,20250927,desktop,11,0,0,0.0,10.12,0
INT-005412,CMP-026,C00428,3,20250927,tablet,16,1,0,0.0,14.72,0
INT-005413,CMP-026,C01032,3,20250927,desktop,12,0,0,0.0,11.04,0
INT-005414,CMP-004,C01609,1,20250908,desktop,2,0,0,0.0,3.56,0
INT-005415,CMP-004,C00942,1,20250908,desktop,2,0,0,0.0,3.56,0
INT-005416,CMP-004,C00493,1,20250908,mobile,1,0,0,0.0,1.78,0
INT-005417,CMP-004,C01744,1,20250909,mobile,6,2,0,0.0,10.67,0
INT-005418,CMP-004,C01219,1,20250909,desktop,3,0,0,0.0,5.33,0
INT-005419,CMP-004,C02044,1,20250910,mobile,6,1,0,0.0,10.67,0
INT-005420,CMP-004,C00301,1,20250911,desktop,2,0,0,0.0,3.56,0
INT-005421,CMP-004,C00239,1,20250911,desktop,2,0,0,0.0,3.56,0
INT-005422,CMP-004,C01444,1,20250911,tablet,1,1,1,162.27,1.78,1
INT-005423,CMP-004,C01252,1,20250912,desktop,3,1,1,295.08,5.33,1
INT-005424,CMP-004,C00110,1,20250912,mobile,4,1,0,0.0,7.11,0
INT-005425,CMP-004,C00456,1,20250912,mobile,4,0,0,0.0,7.11,0
INT-005426,CMP-004,C01436,1,20250912,desktop,3,0,0,0.0,5.33,0
INT-005427,CMP-004,C00299,1,20250912,desktop,2,2,0,0.0,3.56,0
INT-005428,CMP-004,C00973,1,20250913,mobile,7,1,0,0.0,12.44,0
INT-005429,CMP-004,C01054,1,20250913,desktop,2,1,0,0.0,3.56,0
INT-005430,CMP-004,C01991,1,20250913,mobile,4,0,0,0.0,7.11,0
INT-005431,CMP-004,C01658,1,20250914,desktop,2,1,0,0.0,3.56,0
INT-005432,CMP-004,C01169,1,20250914,tablet,3,0,0,0.0,5.33,0
INT-005433,CMP-004,C00804,1,20250914,desktop,2,1,1,268.75,3.56,1
INT-005434,CMP-004,C00678,1,20250914,mobile,3,1,1,274.89,5.33,1
INT-005435,CMP-004,C00876,1,20250914,mobile,4,0,0,0.0,7.11,0
INT-005436,CMP-004,C01034,1,20250914,desktop,4,1,0,0.0,7.11,0
INT-005437,CMP-004,C00905,1,20250914,desktop,2,0,0,0.0,3.56,0
INT-005438,CMP-004,C01854,1,20250914,desktop,2,1,0,0.0,3.56,0
INT-005439,CMP-004,C00598,1,20250915,mobile,5,0,0,0.0,8.89,0
INT-005440,CMP-004,C00834,1,20250915,desktop,3,1,1,232.01,5.33,1
INT-005441,CMP-004,C00490,1,20250915,mobile,3,1,1,205.47,5.33,1
INT-005442,CMP-004,C00695,1,20250916,mobile,2,1,1,222.33,3.56,1
INT-005443,CMP-004,C02000,1,20250917,desktop,5,0,0,0.0,8.89,0
INT-005444,CMP-004,C00347,1,20250918,desktop,4,1,0,0.0,7.11,0
INT-005445,CMP-004,C00153,1,20250918,mobile,2,0,0,0.0,3.56,0
INT-005446,CMP-004,C01826,1,20250919,mobile,3,0,0,0.0,5.33,0
INT-005447,CMP-004,C01667,1,20250919,desktop,4,0,0,0.0,7.11,0
INT-005448,CMP-004,C02078,1,20250920,mobile,2,0,0,0.0,3.56,0
INT-005449,CMP-004,C00306,1,20250920,mobile,2,1,0,0.0,3.56,0
INT-005450,CMP-004,C00176,1,20250920,mobile,5,1,0,0.0,8.89,0
INT-005451,CMP-004,C01839,1,20250921,desktop,4,0,0,0.0,7.11,0
INT-005452,CMP-004,C00032,1,20250922,desktop,1,0,0,0.0,1.78,0
INT-005453,CMP-004,C00112,1,20250922,desktop,2,0,0,0.0,3.56,0
INT-005454,CMP-004,C00827,1,20250922,mobile,3,1,1,335.04,5.33,1
INT-005455,CMP-004,C00280,1,20250923,tablet,2,0,0,0.0,3.56,0
INT-005456,CMP-004,C01014,1,20250923,tablet,4,0,0,0.0,7.11,0
INT-005457,CMP-004,C01254,1,20250923,tablet,2,0,0,0.0,3.56,0
INT-005458,CMP-004,C01786,1,20250923,desktop,2,0,0,0.0,3.56,0
INT-005459,CMP-004,C01630,1,20250923,tablet,3,1,0,0.0,5.33,0
INT-005460,CMP-004,C01439,1,20250923,mobile,3,0,0,0.0,5.33,0
INT-005461,CMP-004,C02173,1,20250924,desktop,3,2,2,468.21,5.33,1
INT-005462,CMP-004,C00466,1,20250924,desktop,5,0,0,0.0,8.89,0
INT-005463,CMP-004,C00199,1,20250924,mobile,1,1,1,230.46,1.78,1
INT-005464,CMP-004,C02183,1,20250925,mobile,2,0,0,0.0,3.56,0
INT-005465,CMP-004,C00509,1,20250926,mobile,5,0,0,0.0,8.89,0
INT-005466,CMP-004,C02187,1,20250926,desktop,2,1,0,0.0,3.56,0
INT-005467,CMP-004,C00335,1,20250926,mobile,4,0,0,0.0,7.11,0
INT-005468,CMP-004,C01342,1,20250926,tablet,4,0,0,0.0,7.11,0
INT-005469,CMP-004,C00674,1,20250928,tablet,2,0,0,0.0,3.56,0
INT-005470,CMP-004,C01701,1,20250928,desktop,3,0,0,0.0,5.33,0
INT-005471,CMP-004,C00702,1,20250928,mobile,1,0,0,0.0,1.78,0
INT-005472,CMP-004,C01262,1,20250928,mobile,2,1,0,0.0,3.56,0
INT-005473,CMP-004,C01570,1,20250928,desktop,2,0,0,0.0,3.56,0
INT-005474,CMP-004,C02127,1,20250928,mobile,2,0,0,0.0,3.56,0
INT-005475,CMP-035,C00150,3,20250914,mobile,6,1,1,129.62,4.73,1
INT-005476,CMP-035,C01625,3,20250914,mobile,3,1,0,0.0,2.36,0
INT-005477,CMP-035,C01325,3,20250915,desktop,6,0,0,0.0,4.73,0
INT-005478,CMP-035,C01779,3,20250919,tablet,4,0,0,0.0,3.15,0
INT-005479,CMP-035,C00877,3,20250921,desktop,3,0,0,0.0,2.36,0
INT-005480,CMP-035,C02106,3,20250921,mobile,8,0,0,0.0,6.3,0
INT-005481,CMP-035,C00330,3,20250921,desktop,8,1,0,0.0,6.3,0
INT-005482,CMP-035,C00584,3,20250922,mobile,7,0,0,0.0,5.51,0
INT-005483,CMP-035,C02101,3,20250922,desktop,7,0,0,0.0,5.51,0
INT-005484,CMP-035,C00629,3,20250922,desktop,3,0,0,0.0,2.36,0
INT-005485,CMP-035,C01498,3,20250923,tablet,6,0,0,0.0,4.73,0
INT-005486,CMP-035,C00841,3,20250924,tablet,5,1,0,0.0,3.94,0
INT-005487,CMP-035,C00403,3,20250924,mobile,10,1,1,94.21,7.88,1
INT-005488,CMP-035,C01108,3,20250925,mobile,6,1,1,158.27,4.73,1
INT-005489,CMP-035,C01201,3,20250925,mobile,7,0,0,0.0,5.51,0
INT-005490,CMP-035,C01977,3,20250926,desktop,7,1,0,0.0,5.51,0
INT-005491,CMP-035,C01598,3,20250927,mobile,6,0,0,0.0,4.73,0
INT-005492,CMP-035,C01453,3,20250927,desktop,4,1,0,0.0,3.15,0
INT-005493,CMP-035,C00404,3,20250928,mobile,8,0,0,0.0,6.3,0
INT-005494,CMP-035,C00362,3,20250929,tablet,8,1,1,148.48,6.3,1
INT-005495,CMP-035,C00937,3,20250929,mobile,8,0,0,0.0,6.3,0
INT-005496,CMP-035,C01658,3,20250930,desktop,3,0,0,0.0,2.36,0
INT-005497,CMP-035,C00958,3,20251001,mobile,9,2,0,0.0,7.09,0
INT-005498,CMP-035,C00411,3,20251001,mobile,9,0,0,0.0,7.09,0
INT-005499,CMP-035,C01004,3,20251001,mobile,5,0,0,0.0,3.94,0
INT-005500,CMP-035,C01952,3,20251003,mobile,7,1,0,0.0,5.51,0
INT-005501,CMP-035,C00090,3,20251004,tablet,5,0,0,0.0,3.94,0
INT-005502,CMP-035,C00560,3,20251005,tablet,10,1,0,0.0,7.88,0
INT-005503,CMP-035,C00315,3,20251005,desktop,5,0,0,0.0,3.94,0
INT-005504,CMP-035,C01317,3,20251006,mobile,9,1,0,0.0,7.09,0
INT-005505,CMP-035,C00525,3,20251008,mobile,7,0,0,0.0,5.51,0
INT-005506,CMP-035,C01119,3,20251010,tablet,2,0,0,0.0,1.58,0
INT-005507,CMP-035,C00161,3,20251011,tablet,8,0,0,0.0,6.3,0
INT-005508,CMP-035,C01073,3,20251011,mobile,5,0,0,0.0,3.94,0
INT-005509,CMP-035,C01961,3,20251012,mobile,4,0,0,0.0,3.15,0
INT-005510,CMP-035,C01751,3,20251012,mobile,2,0,0,0.0,1.58,0
INT-005511,CMP-035,C01603,3,20251012,mobile,3,0,0,0.0,2.36,0
INT-005512,CMP-035,C01775,3,20251013,mobile,10,0,0,0.0,7.88,0
INT-005513,CMP-035,C02068,3,20251016,mobile,3,0,0,0.0,2.36,0
INT-005514,CMP-035,C00115,3,20251016,mobile,4,0,0,0.0,3.15,0
INT-005515,CMP-035,C00561,3,20251018,mobile,8,0,0,0.0,6.3,0
INT-005516,CMP-035,C01187,3,20251018,mobile,6,0,0,0.0,4.73,0
INT-005517,CMP-035,C00283,3,20251018,mobile,4,0,0,0.0,3.15,0
INT-005518,CMP-035,C01177,3,20251018,desktop,3,0,0,0.0,2.36,0
INT-005519,CMP-035,C00776,3,20251018,mobile,5,0,0,0.0,3.94,0
INT-005520,CMP-035,C01597,3,20251019,mobile,10,0,0,0.0,7.88,0
INT-005521,CMP-035,C00543,3,20251019,mobile,7,0,0,0.0,5.51,0
INT-005522,CMP-035,C02069,3,20251021,mobile,5,3,1,249.38,3.94,1
INT-005523,CMP-035,C01422,3,20251021,mobile,4,0,0,0.0,3.15,0
INT-005524,CMP-076,C01284,2,20250919,mobile,2,0,0,0.0,1.57,0
INT-005525,CMP-076,C01600,2,20250919,mobile,3,0,0,0.0,2.35,0
INT-005526,CMP-076,C01210,2,20250919,desktop,2,0,0,0.0,1.57,0
INT-005527,CMP-076,C00103,2,20250920,desktop,6,1,1,195.64,4.71,1
INT-005528,CMP-076,C00583,2,20250920,mobile,1,0,0,0.0,0.78,0
INT-005529,CMP-076,C01483,2,20250920,desktop,2,0,0,0.0,1.57,0
INT-005530,CMP-076,C00961,2,20250920,desktop,4,1,0,0.0,3.14,0
INT-005531,CMP-076,C00997,2,20250921,mobile,3,0,0,0.0,2.35,0
INT-005532,CMP-076,C00546,2,20250923,mobile,8,0,0,0.0,6.27,0
INT-005533,CMP-076,C01080,2,20250923,mobile,3,1,0,0.0,2.35,0
INT-005534,CMP-076,C01452,2,20250923,mobile,3,0,0,0.0,2.35,0
INT-005535,CMP-076,C00521,2,20250924,desktop,2,0,0,0.0,1.57,0
INT-005536,CMP-076,C00151,2,20250924,mobile,3,0,0,0.0,2.35,0
INT-005537,CMP-076,C01090,2,20250925,mobile,1,0,0,0.0,0.78,0
INT-005538,CMP-076,C00678,2,20250925,desktop,2,0,0,0.0,1.57,0
INT-005539,CMP-076,C01413,2,20250927,mobile,4,1,0,0.0,3.14,0
INT-005540,CMP-076,C00684,2,20250928,desktop,3,1,0,0.0,2.35,0
INT-005541,CMP-076,C01196,2,20250929,mobile,5,0,0,0.0,3.92,0
INT-005542,CMP-076,C00837,2,20250929,mobile,2,0,0,0.0,1.57,0
INT-005543,CMP-076,C00647,2,20250929,desktop,3,0,0,0.0,2.35,0
INT-005544,CMP-076,C00669,2,20250930,mobile,2,0,0,0.0,1.57,0
INT-005545,CMP-076,C00633,2,20251001,desktop,1,0,0,0.0,0.78,0
INT-005546,CMP-076,C01571,2,20251001,mobile,5,1,0,0.0,3.92,0
INT-005547,CMP-076,C00965,2,20251001,mobile,1,1,0,0.0,0.78,0
INT-005548,CMP-076,C00556,2,20251002,mobile,4,0,0,0.0,3.14,0
INT-005549,CMP-076,C02192,2,20251002,mobile,4,0,0,0.0,3.14,0
INT-005550,CMP-076,C00670,2,20251002,mobile,2,0,0,0.0,1.57,0
INT-005551,CMP-076,C00270,2,20251002,desktop,2,0,0,0.0,1.57,0
INT-005552,CMP-076,C01430,2,20251002,mobile,3,0,0,0.0,2.35,0
INT-005553,CMP-076,C01002,2,20251004,mobile,3,0,0,0.0,2.35,0
INT-005554,CMP-076,C00064,2,20251005,mobile,3,0,0,0.0,2.35,0
INT-005555,CMP-076,C01349,2,20251005,mobile,2,0,0,0.0,1.57,0
INT-005556,CMP-076,C00671,2,20251006,desktop,2,0,0,0.0,1.57,0
INT-005557,CMP-076,C00444,2,20251006,desktop,3,0,0,0.0,2.35,0
INT-005558,CMP-076,C02151,2,20251008,mobile,3,0,0,0.0,2.35,0
INT-005559,CMP-076,C02003,2,20251008,tablet,2,0,0,0.0,1.57,0
INT-005560,CMP-076,C02075,2,20251008,mobile,2,1,0,0.0,1.57,0
INT-005561,CMP-076,C01843,2,20251008,mobile,1,0,0,0.0,0.78,0
INT-005562,CMP-076,C00300,2,20251009,desktop,2,0,0,0.0,1.57,0
INT-005563,CMP-076,C01618,2,20251009,mobile,1,0,0,0.0,0.78,0
INT-005564,CMP-076,C01782,2,20251010,desktop,1,0,0,0.0,0.78,0
INT-005565,CMP-076,C01306,2,20251011,desktop,3,0,0,0.0,2.35,0
INT-005566,CMP-076,C01411,2,20251011,desktop,3,0,0,0.0,2.35,0
INT-005567,CMP-076,C00163,2,20251012,mobile,2,0,0,0.0,1.57,0
INT-005568,CMP-076,C02155,2,20251012,desktop,2,0,0,0.0,1.57,0
INT-005569,CMP-076,C01115,2,20251013,desktop,3,0,0,0.0,2.35,0
INT-005570,CMP-076,C01070,2,20251013,mobile,5,0,0,0.0,3.92,0
INT-005571,CMP-076,C01157,2,20251013,desktop,2,0,0,0.0,1.57,0
INT-005572,CMP-076,C00797,2,20251013,desktop,1,0,0,0.0,0.78,0
INT-005573,CMP-076,C00575,2,20251015,desktop,4,0,0,0.0,3.14,0
INT-005574,CMP-076,C02113,2,20251016,mobile,2,0,0,0.0,1.57,0
INT-005575,CMP-076,C00699,2,20251017,mobile,3,1,0,0.0,2.35,0
INT-005576,CMP-076,C00727,2,20251017,mobile,2,0,0,0.0,1.57,0
INT-005577,CMP-076,C01662,2,20251018,mobile,2,0,0,0.0,1.57,0
INT-005578,CMP-076,C00372,2,20251021,tablet,2,1,0,0.0,1.57,0
INT-005579,CMP-076,C01093,2,20251021,desktop,4,0,0,0.0,3.14,0
INT-005580,CMP-076,C00119,2,20251021,desktop,2,0,0,0.0,1.57,0
INT-005581,CMP-076,C00822,2,20251021,desktop,6,0,0,0.0,4.71,0
INT-005582,CMP-076,C00434,2,20251021,tablet,4,0,0,0.0,3.14,0
INT-005583,CMP-076,C02011,2,20251022,mobile,4,1,0,0.0,3.14,0
INT-005584,CMP-076,C01397,2,20251022,desktop,5,0,0,0.0,3.92,0
INT-005585,CMP-076,C01669,2,20251022,mobile,2,0,0,0.0,1.57,0
INT-005586,CMP-076,C00129,2,20251022,mobile,3,0,0,0.0,2.35,0
INT-005587,CMP-076,C00507,2,20251022,desktop,2,0,0,0.0,1.57,0
INT-005588,CMP-076,C02141,2,20251022,mobile,5,0,0,0.0,3.92,0
INT-005589,CMP-076,C00688,2,20251024,mobile,5,1,0,0.0,3.92,0
INT-005590,CMP-076,C01585,2,20251025,desktop,1,0,0,0.0,0.78,0
INT-005591,CMP-076,C01558,2,20251025,mobile,2,0,0,0.0,1.57,0
INT-005592,CMP-076,C02112,2,20251026,mobile,3,0,0,0.0,2.35,0
INT-005593,CMP-076,C01000,2,20251026,desktop,3,0,0,0.0,2.35,0
INT-005594,CMP-076,C00026,2,20251026,mobile,3,0,0,0.0,2.35,0
INT-005595,CMP-076,C01719,2,20251026,desktop,3,0,0,0.0,2.35,0
INT-005596,CMP-079,C00287,1,20250925,desktop,2,2,1,212.67,3.56,1
INT-005597,CMP-079,C00997,1,20250925,mobile,2,0,0,0.0,3.56,0
INT-005598,CMP-079,C00607,1,20250925,mobile,2,0,0,0.0,3.56,0
INT-005599,CMP-079,C01582,1,20250925,mobile,3,1,0,0.0,5.33,0
INT-005600,CMP-079,C01760,1,20250925,desktop,1,1,1,233.29,1.78,1
INT-005601,CMP-079,C01924,1,20250925,mobile,5,0,0,0.0,8.89,0
INT-005602,CMP-079,C00176,1,20250925,mobile,6,0,0,0.0,10.67,0
INT-005603,CMP-079,C02045,1,20250926,desktop,2,0,0,0.0,3.56,0
INT-005604,CMP-079,C01545,1,20250926,desktop,2,0,0,0.0,3.56,0
INT-005605,CMP-079,C00390,1,20250926,tablet,1,0,0,0.0,1.78,0
INT-005606,CMP-079,C01097,1,20250926,mobile,3,0,0,0.0,5.33,0
INT-005607,CMP-079,C01450,1,20250926,tablet,3,1,0,0.0,5.33,0
INT-005608,CMP-079,C02081,1,20250926,mobile,4,0,0,0.0,7.11,0
INT-005609,CMP-079,C01437,1,20250926,mobile,3,0,0,0.0,5.33,0
INT-005610,CMP-079,C00841,1,20250927,mobile,2,0,0,0.0,3.56,0
INT-005611,CMP-079,C01943,1,20250927,desktop,4,0,0,0.0,7.11,0
INT-005612,CMP-079,C01663,1,20250927,desktop,2,1,1,236.98,3.56,1
INT-005613,CMP-079,C00237,1,20250927,mobile,3,0,0,0.0,5.33,0
INT-005614,CMP-079,C01784,1,20250927,mobile,2,1,1,215.43,3.56,1
INT-005615,CMP-079,C01337,1,20250927,desktop,2,0,0,0.0,3.56,0
INT-005616,CMP-079,C00312,1,20250927,mobile,2,0,0,0.0,3.56,0
INT-005617,CMP-079,C01695,1,20250927,desktop,3,0,0,0.0,5.33,0
INT-005618,CMP-079,C00342,1,20250928,mobile,4,0,0,0.0,7.11,0
INT-005619,CMP-079,C00184,1,20250928,tablet,3,0,0,0.0,5.33,0
INT-005620,CMP-079,C01574,1,20250928,tablet,3,1,0,0.0,5.33,0
INT-005621,CMP-079,C00819,1,20250928,desktop,4,0,0,0.0,7.11,0
INT-005622,CMP-079,C01904,1,20250928,desktop,4,1,1,263.12,7.11,1
INT-005623,CMP-079,C00352,1,20250929,desktop,2,1,1,259.61,3.56,1
INT-005624,CMP-079,C02170,1,20250930,desktop,4,2,2,695.56,7.11,1
INT-005625,CMP-079,C02003,1,20250930,tablet,3,0,0,0.0,5.33,0
INT-005626,CMP-079,C01660,1,20250930,tablet,2,0,0,0.0,3.56,0
INT-005627,CMP-079,C00231,1,20250930,mobile,1,0,0,0.0,1.78,0
INT-005628,CMP-079,C00733,1,20250930,tablet,4,1,1,279.13,7.11,1
INT-005629,CMP-079,C00509,1,20250930,mobile,1,0,0,0.0,1.78,0
INT-005630,CMP-079,C00700,1,20251001,desktop,2,0,0,0.0,3.56,0
INT-005631,CMP-079,C01902,1,20251001,desktop,6,0,0,0.0,10.67,0
INT-005632,CMP-079,C01118,1,20251001,mobile,4,1,1,275.41,7.11,1
INT-005633,CMP-079,C00835,1,20251001,mobile,1,0,0,0.0,1.78,0
INT-005634,CMP-079,C01402,1,20251001,desktop,3,3,2,247.93,5.33,1
INT-005635,CMP-079,C00428,1,20251001,mobile,5,2,1,428.78,8.89,1
INT-005636,CMP-079,C00097,1,20251001,desktop,3,1,1,311.61,5.33,1
INT-005637,CMP-079,C01634,1,20251002,mobile,1,1,1,284.67,1.78,1
INT-005638,CMP-079,C01363,1,20251002,mobile,4,0,0,0.0,7.11,0
INT-005639,CMP-079,C01113,1,20251002,mobile,2,0,0,0.0,3.56,0
INT-005640,CMP-079,C01452,1,20251002,tablet,1,0,0,0.0,1.78,0
INT-005641,CMP-079,C01814,1,20251002,desktop,4,0,0,0.0,7.11,0
INT-005642,CMP-079,C02015,1,20251002,mobile,2,0,0,0.0,3.56,0
INT-005643,CMP-079,C00880,1,20251002,desktop,4,0,0,0.0,7.11,0
INT-005644,CMP-079,C00079,1,20251002,desktop,4,0,0,0.0,7.11,0
INT-005645,CMP-079,C00246,1,20251002,mobile,3,0,0,0.0,5.33,0
INT-005646,CMP-079,C01598,1,20251003,mobile,3,0,0,0.0,5.33,0
INT-005647,CMP-079,C01422,1,20251003,mobile,5,0,0,0.0,8.89,0
INT-005648,CMP-079,C01936,1,20251003,desktop,4,0,0,0.0,7.11,0
INT-005649,CMP-079,C02172,1,20251003,mobile,4,1,1,265.95,7.11,1
INT-005650,CMP-079,C00467,1,20251003,mobile,2,1,1,181.41,3.56,1
INT-005651,CMP-079,C00634,1,20251003,desktop,3,0,0,0.0,5.33,0
INT-005652,CMP-079,C01044,1,20251004,mobile,2,0,0,0.0,3.56,0
INT-005653,CMP-079,C01305,1,20251004,mobile,6,3,1,197.25,10.67,1
INT-005654,CMP-079,C00764,1,20251004,desktop,2,1,0,0.0,3.56,0
INT-005655,CMP-079,C00992,1,20251004,desktop,2,1,1,239.03,3.56,1
INT-005656,CMP-079,C02097,1,20251004,desktop,1,0,0,0.0,1.78,0
INT-005657,CMP-079,C00887,1,20251004,mobile,3,0,0,0.0,5.33,0
INT-005658,CMP-037,C00016,4,20251006,desktop,11,0,0,0.0,4.69,0
INT-005659,CMP-037,C01651,4,20251006,desktop,17,0,0,0.0,7.24,0
INT-005660,CMP-037,C00543,4,20251006,mobile,6,0,0,0.0,2.56,0
INT-005661,CMP-037,C01496,4,20251006,desktop,15,0,0,0.0,6.39,0
INT-005662,CMP-037,C01563,4,20251006,desktop,11,0,0,0.0,4.69,0
INT-005663,CMP-037,C00464,4,20251007,mobile,9,1,0,0.0,3.83,0
INT-005664,CMP-037,C01238,4,20251007,desktop,11,1,0,0.0,4.69,0
INT-005665,CMP-037,C01824,4,20251007,mobile,12,0,0,0.0,5.11,0
INT-005666,CMP-037,C01342,4,20251008,tablet,10,0,0,0.0,4.26,0
INT-005667,CMP-037,C00932,4,20251008,desktop,3,0,0,0.0,1.28,0
INT-005668,CMP-037,C00689,4,20251008,mobile,10,0,0,0.0,4.26,0
INT-005669,CMP-037,C01550,4,20251009,mobile,15,0,0,0.0,6.39,0
INT-005670,CMP-037,C02144,4,20251009,desktop,10,0,0,0.0,4.26,0
INT-005671,CMP-037,C01121,4,20251010,tablet,11,0,0,0.0,4.69,0
INT-005672,CMP-037,C00632,4,20251010,desktop,22,0,0,0.0,9.37,0
INT-005673,CMP-037,C00594,4,20251010,mobile,20,0,0,0.0,8.52,0
INT-005674,CMP-037,C02095,4,20251010,desktop,15,0,0,0.0,6.39,0
INT-005675,CMP-037,C00896,4,20251011,mobile,8,0,0,0.0,3.41,0
INT-005676,CMP-037,C00492,4,20251011,desktop,7,1,0,0.0,2.98,0
INT-005677,CMP-037,C01096,4,20251012,desktop,17,0,0,0.0,7.24,0
INT-005678,CMP-037,C01099,4,20251012,desktop,15,1,1,165.71,6.39,1
INT-005679,CMP-037,C01734,4,20251012,mobile,8,0,0,0.0,3.41,0
INT-005680,CMP-037,C01224,4,20251012,desktop,12,0,0,0.0,5.11,0
INT-005681,CMP-037,C00247,4,20251012,tablet,13,0,0,0.0,5.54,0
INT-005682,CMP-037,C00195,4,20251013,tablet,16,1,0,0.0,6.82,0
INT-005683,CMP-037,C00044,4,20251014,desktop,9,0,0,0.0,3.83,0
INT-005684,CMP-037,C01408,4,20251014,mobile,15,0,0,0.0,6.39,0
INT-005685,CMP-037,C02111,4,20251015,mobile,11,0,0,0.0,4.69,0
INT-005686,CMP-037,C00610,4,20251015,mobile,13,0,0,0.0,5.54,0
INT-005687,CMP-037,C01293,4,20251015,desktop,15,0,0,0.0,6.39,0
INT-005688,CMP-037,C00516,4,20251015,mobile,9,0,0,0.0,3.83,0
INT-005689,CMP-037,C01955,4,20251015,desktop,11,0,0,0.0,4.69,0
INT-005690,CMP-037,C00480,4,20251017,mobile,10,0,0,0.0,4.26,0
INT-005691,CMP-037,C00104,4,20251017,desktop,14,0,0,0.0,5.96,0
INT-005692,CMP-037,C01878,4,20251017,desktop,12,2,0,0.0,5.11,0
INT-005693,CMP-037,C00755,4,20251017,mobile,9,0,0,0.0,3.83,0
INT-005694,CMP-037,C01871,4,20251018,tablet,11,1,0,0.0,4.69,0
INT-005695,CMP-037,C00560,4,20251019,desktop,4,0,0,0.0,1.7,0
INT-005696,CMP-037,C00387,4,20251020,mobile,7,0,0,0.0,2.98,0
INT-005697,CMP-037,C01094,4,20251020,tablet,15,0,0,0.0,6.39,0
INT-005698,CMP-037,C01203,4,20251020,desktop,12,0,0,0.0,5.11,0
INT-005699,CMP-037,C00786,4,20251020,mobile,12,1,0,0.0,5.11,0
INT-005700,CMP-039,C01603,1,20251008,desktop,8,0,0,0.0,24.65,0
INT-005701,CMP-039,C01993,1,20251008,desktop,10,0,0,0.0,30.81,0
INT-005702,CMP-039,C00619,1,20251009,desktop,8,1,0,0.0,24.65,0
INT-005703,CMP-039,C00314,1,20251009,mobile,3,0,0,0.0,9.24,0
INT-005704,CMP-039,C01109,1,20251009,mobile,7,0,0,0.0,21.57,0
INT-005705,CMP-039,C00275,1,20251010,mobile,6,0,0,0.0,18.48,0
INT-005706,CMP-039,C00296,1,20251011,mobile,5,0,0,0.0,15.4,0
INT-005707,CMP-039,C00879,1,20251013,mobile,5,0,0,0.0,15.4,0
INT-005708,CMP-039,C01270,1,20251013,mobile,8,2,1,250.82,24.65,1
INT-005709,CMP-039,C01260,1,20251015,mobile,4,1,0,0.0,12.32,0
INT-005710,CMP-039,C00530,1,20251015,mobile,6,1,0,0.0,18.48,0
INT-005711,CMP-039,C00012,1,20251015,tablet,13,3,0,0.0,40.05,0
INT-005712,CMP-039,C00681,1,20251017,mobile,6,1,0,0.0,18.48,0
INT-005713,CMP-039,C00172,1,20251018,tablet,6,0,0,0.0,18.48,0
INT-005714,CMP-039,C00722,1,20251020,desktop,4,0,0,0.0,12.32,0
INT-005715,CMP-039,C01240,1,20251020,mobile,12,1,0,0.0,36.97,0
INT-005716,CMP-039,C00665,1,20251021,mobile,7,2,0,0.0,21.57,0
INT-005717,CMP-039,C01946,1,20251021,desktop,7,0,0,0.0,21.57,0
INT-005718,CMP-039,C00217,1,20251022,mobile,8,0,0,0.0,24.65,0
INT-005719,CMP-039,C01452,1,20251025,mobile,7,1,1,156.12,21.57,1
INT-005720,CMP-039,C01865,1,20251031,mobile,4,0,0,0.0,12.32,0
INT-005721,CMP-039,C00731,1,20251103,mobile,11,2,2,379.12,33.89,1
INT-005722,CMP-039,C00206,1,20251103,mobile,9,3,1,184.78,27.73,1
INT-005723,CMP-039,C01304,1,20251104,mobile,6,1,1,309.7,18.48,1
INT-005724,CMP-039,C00565,1,20251106,desktop,7,2,0,0.0,21.57,0
INT-005725,CMP-039,C02016,1,20251107,desktop,5,1,0,0.0,15.4,0
INT-005726,CMP-039,C01385,1,20251107,mobile,7,0,0,0.0,21.57,0
INT-005727,CMP-039,C00133,1,20251109,desktop,9,1,1,119.76,27.73,1
INT-005728,CMP-083,C01037,3,20251021,mobile,6,0,0,0.0,4.93,0
INT-005729,CMP-083,C01913,3,20251021,mobile,9,0,0,0.0,7.39,0
INT-005730,CMP-083,C02127,3,20251021,mobile,8,0,0,0.0,6.57,0
INT-005731,CMP-083,C01807,3,20251022,mobile,5,0,0,0.0,4.1,0
INT-005732,CMP-083,C01326,3,20251022,desktop,5,0,0,0.0,4.1,0
INT-005733,CMP-083,C01546,3,20251023,mobile,6,0,0,0.0,4.93,0
INT-005734,CMP-083,C01004,3,20251023,mobile,4,1,0,0.0,3.28,0
INT-005735,CMP-083,C00246,3,20251023,mobile,7,0,0,0.0,5.75,0
INT-005736,CMP-083,C01906,3,20251024,desktop,2,0,0,0.0,1.64,0
INT-005737,CMP-083,C00542,3,20251024,mobile,6,1,0,0.0,4.93,0
INT-005738,CMP-083,C01258,3,20251024,desktop,4,0,0,0.0,3.28,0
INT-005739,CMP-083,C00990,3,20251024,mobile,6,0,0,0.0,4.93,0
INT-005740,CMP-083,C02109,3,20251025,mobile,7,0,0,0.0,5.75,0
INT-005741,CMP-083,C01087,3,20251025,desktop,9,2,0,0.0,7.39,0
INT-005742,CMP-083,C01848,3,20251026,mobile,10,0,0,0.0,8.21,0
INT-005743,CMP-083,C02183,3,20251026,mobile,10,0,0,0.0,8.21,0
INT-005744,CMP-083,C00752,3,20251026,mobile,4,0,0,0.0,3.28,0
INT-005745,CMP-083,C00819,3,20251026,desktop,6,0,0,0.0,4.93,0
INT-005746,CMP-083,C00503,3,20251027,tablet,9,0,0,0.0,7.39,0
INT-005747,CMP-083,C00993,3,20251028,mobile,7,1,0,0.0,5.75,0
INT-005748,CMP-083,C00729,3,20251028,mobile,4,0,0,0.0,3.28,0
INT-005749,CMP-083,C01212,3,20251029,mobile,5,0,0,0.0,4.1,0
INT-005750,CMP-083,C00584,3,20251029,mobile,8,1,0,0.0,6.57,0
INT-005751,CMP-083,C00773,3,20251029,mobile,6,0,0,0.0,4.93,0
INT-005752,CMP-083,C00768,3,20251029,mobile,5,1,1,97.23,4.1,1
INT-005753,CMP-083,C00957,3,20251029,mobile,11,0,0,0.0,9.03,0
INT-005754,CMP-083,C01230,3,20251031,desktop,4,1,0,0.0,3.28,0
INT-005755,CMP-083,C02068,3,20251031,desktop,7,0,0,0.0,5.75,0
INT-005756,CMP-083,C01449,3,20251101,mobile,5,0,0,0.0,4.1,0
INT-005757,CMP-083,C01401,3,20251101,mobile,2,0,0,0.0,1.64,0
INT-005758,CMP-083,C01555,3,20251102,mobile,6,0,0,0.0,4.93,0
INT-005759,CMP-083,C00181,3,20251102,mobile,4,0,0,0.0,3.28,0
INT-005760,CMP-083,C00815,3,20251102,tablet,10,2,1,148.03,8.21,1
INT-005761,CMP-083,C00316,3,20251102,mobile,6,0,0,0.0,4.93,0
INT-005762,CMP-083,C01112,3,20251103,tablet,8,0,0,0.0,6.57,0
INT-005763,CMP-083,C00193,3,20251104,desktop,4,1,0,0.0,3.28,0
INT-005764,CMP-083,C01362,3,20251104,desktop,11,0,0,0.0,9.03,0
INT-005765,CMP-083,C00937,3,20251104,mobile,4,0,0,0.0,3.28,0
INT-005766,CMP-083,C01892,3,20251104,mobile,9,0,0,0.0,7.39,0
INT-005767,CMP-083,C01370,3,20251105,desktop,7,0,0,0.0,5.75,0
INT-005768,CMP-083,C00192,3,20251105,tablet,7,0,0,0.0,5.75,0
INT-005769,CMP-083,C01216,3,20251107,mobile,10,0,0,0.0,8.21,0
INT-005770,CMP-083,C01980,3,20251107,desktop,8,1,0,0.0,6.57,0
INT-005771,CMP-083,C00528,3,20251107,tablet,14,0,0,0.0,11.49,0
INT-005772,CMP-083,C00608,3,20251107,desktop,3,0,0,0.0,2.46,0
INT-005773,CMP-083,C00570,3,20251108,desktop,5,0,0,0.0,4.1,0
INT-005774,CMP-083,C00631,3,20251108,desktop,6,1,0,0.0,4.93,0
INT-005775,CMP-083,C00185,3,20251108,mobile,7,0,0,0.0,5.75,0
INT-005776,CMP-083,C01570,3,20251109,mobile,6,0,0,0.0,4.93,0
INT-005777,CMP-083,C01525,3,20251109,mobile,5,0,0,0.0,4.1,0
INT-005778,CMP-083,C00122,3,20251110,mobile,7,0,0,0.0,5.75,0
INT-005779,CMP-083,C00885,3,20251110,mobile,9,1,0,0.0,7.39,0
INT-005780,CMP-083,C01944,3,20251111,mobile,10,0,0,0.0,8.21,0
INT-005781,CMP-083,C00748,3,20251111,mobile,5,0,0,0.0,4.1,0
INT-005782,CMP-083,C01076,3,20251111,mobile,7,0,0,0.0,5.75,0
INT-005783,CMP-083,C00366,3,20251111,tablet,4,0,0,0.0,3.28,0
INT-005784,CMP-083,C00673,3,20251112,mobile,4,0,0,0.0,3.28,0
INT-005785,CMP-083,C00211,3,20251112,mobile,4,0,0,0.0,3.28,0
INT-005786,CMP-083,C00064,3,20251113,desktop,10,0,0,0.0,8.21,0
INT-005787,CMP-083,C00234,3,20251113,desktop,11,0,0,0.0,9.03,0
INT-005788,CMP-083,C00563,3,20251114,mobile,9,1,1,265.49,7.39,1
INT-005789,CMP-083,C01573,3,20251114,mobile,8,1,0,0.0,6.57,0
INT-005790,CMP-083,C00155,3,20251114,desktop,4,1,0,0.0,3.28,0
INT-005791,CMP-083,C00393,3,20251115,mobile,8,0,0,0.0,6.57,0
INT-005792,CMP-083,C01084,3,20251115,mobile,9,0,0,0.0,7.39,0
INT-005793,CMP-083,C00106,3,20251116,desktop,12,3,2,569.01,9.85,1
INT-005794,CMP-083,C00319,3,20251116,desktop,4,0,0,0.0,3.28,0
INT-005795,CMP-083,C00626,3,20251117,desktop,6,1,0,0.0,4.93,0
INT-005796,CMP-083,C00834,3,20251117,desktop,5,0,0,0.0,4.1,0
INT-005797,CMP-083,C00328,3,20251118,mobile,8,2,1,259.99,6.57,1
INT-005798,CMP-083,C00896,3,20251118,mobile,4,1,0,0.0,3.28,0
INT-005799,CMP-083,C02011,3,20251120,mobile,11,2,1,154.09,9.03,1
INT-005800,CMP-083,C00121,3,20251121,mobile,8,0,0,0.0,6.57,0
INT-005801,CMP-083,C01774,3,20251121,tablet,9,0,0,0.0,7.39,0
INT-005802,CMP-083,C01843,3,20251121,mobile,7,0,0,0.0,5.75,0
INT-005803,CMP-083,C00507,3,20251122,desktop,5,0,0,0.0,4.1,0
INT-005804,CMP-083,C01295,3,20251122,desktop,2,0,0,0.0,1.64,0
INT-005805,CMP-083,C01693,3,20251122,desktop,7,0,0,0.0,5.75,0
INT-005806,CMP-083,C00210,3,20251122,mobile,8,0,0,0.0,6.57,0
INT-005807,CMP-083,C01073,3,20251122,mobile,4,0,0,0.0,3.28,0
INT-005808,CMP-084,C00540,2,20251024,desktop,7,1,0,0.0,7.06,0
INT-005809,CMP-084,C00277,2,20251025,mobile,5,0,0,0.0,5.04,0
INT-005810,CMP-084,C01652,2,20251025,mobile,10,1,0,0.0,10.08,0
INT-005811,CMP-084,C00032,2,20251026,desktop,4,0,0,0.0,4.03,0
INT-005812,CMP-084,C00368,2,20251026,mobile,4,1,1,225.86,4.03,1
INT-005813,CMP-084,C01925,2,20251026,tablet,5,0,0,0.0,5.04,0
INT-005814,CMP-084,C00786,2,20251027,mobile,6,1,0,0.0,6.05,0
INT-005815,CMP-084,C01006,2,20251027,desktop,5,1,1,213.42,5.04,1
INT-005816,CMP-084,C01544,2,20251028,tablet,5,1,0,0.0,5.04,0
INT-005817,CMP-084,C00098,2,20251030,mobile,4,0,0,0.0,4.03,0
INT-005818,CMP-084,C00257,2,20251031,mobile,5,0,0,0.0,5.04,0
INT-005819,CMP-084,C00866,2,20251031,mobile,2,1,0,0.0,2.02,0
INT-005820,CMP-084,C00821,2,20251101,mobile,4,0,0,0.0,4.03,0
INT-005821,CMP-084,C00793,2,20251102,desktop,6,1,1,242.26,6.05,1
INT-005822,CMP-084,C00579,2,20251103,mobile,7,1,1,187.44,7.06,1
INT-005823,CMP-084,C01831,2,20251104,mobile,2,0,0,0.0,2.02,0
INT-005824,CMP-084,C01581,2,20251105,mobile,10,1,1,97.0,10.08,1
INT-005825,CMP-084,C01370,2,20251105,desktop,6,1,0,0.0,6.05,0
INT-005826,CMP-084,C00316,2,20251108,mobile,4,0,0,0.0,4.03,0
INT-005827,CMP-084,C00875,2,20251108,mobile,7,0,0,0.0,7.06,0
INT-005828,CMP-084,C00467,2,20251109,desktop,1,0,0,0.0,1.01,0
INT-005829,CMP-084,C00580,2,20251110,tablet,7,2,1,319.47,7.06,1
INT-005830,CMP-084,C00923,2,20251110,mobile,4,0,0,0.0,4.03,0
INT-005831,CMP-084,C01452,2,20251110,desktop,7,0,0,0.0,7.06,0
INT-005832,CMP-084,C01393,2,20251111,desktop,2,1,1,211.15,2.02,1
INT-005833,CMP-084,C01218,2,20251112,mobile,5,0,0,0.0,5.04,0
INT-005834,CMP-084,C00251,2,20251115,mobile,8,1,0,0.0,8.07,0
INT-005835,CMP-084,C00549,2,20251116,desktop,4,0,0,0.0,4.03,0
INT-005836,CMP-084,C00185,2,20251116,mobile,5,2,1,147.52,5.04,1
INT-005837,CMP-084,C01991,2,20251116,mobile,4,0,0,0.0,4.03,0
INT-005838,CMP-084,C02091,2,20251116,mobile,6,0,0,0.0,6.05,0
INT-005839,CMP-084,C00670,2,20251118,desktop,9,0,0,0.0,9.08,0
INT-005840,CMP-084,C01998,2,20251121,mobile,3,0,0,0.0,3.03,0
INT-005841,CMP-084,C01215,2,20251122,desktop,7,0,0,0.0,7.06,0
INT-005842,CMP-084,C01042,2,20251123,mobile,7,0,0,0.0,7.06,0
INT-005843,CMP-084,C01714,2,20251123,mobile,3,0,0,0.0,3.03,0
INT-005844,CMP-084,C00116,2,20251123,desktop,6,0,0,0.0,6.05,0
INT-005845,CMP-084,C01317,2,20251123,mobile,7,0,0,0.0,7.06,0
INT-005846,CMP-084,C02150,2,20251125,mobile,7,1,1,166.73,7.06,1
INT-005847,CMP-084,C01279,2,20251125,mobile,5,1,1,243.12,5.04,1
INT-005848,CMP-084,C00815,2,20251126,tablet,3,0,0,0.0,3.03,0
INT-005849,CMP-084,C00121,2,20251127,mobile,3,1,1,107.58,3.03,1
INT-005850,CMP-084,C00997,2,20251127,mobile,4,0,0,0.0,4.03,0
INT-005851,CMP-084,C00602,2,20251127,mobile,5,2,0,0.0,5.04,0
INT-005852,CMP-084,C01280,2,20251128,desktop,5,0,0,0.0,5.04,0
INT-005853,CMP-084,C01950,2,20251129,mobile,3,0,0,0.0,3.03,0
INT-005854,CMP-103,C00200,4,20251025,tablet,14,1,0,0.0,6.29,0
INT-005855,CMP-103,C01180,4,20251027,mobile,14,0,0,0.0,6.29,0
INT-005856,CMP-103,C00613,4,20251027,mobile,14,0,0,0.0,6.29,0
INT-005857,CMP-103,C01285,4,20251027,desktop,15,0,0,0.0,6.74,0
INT-005858,CMP-103,C00270,4,20251027,mobile,19,0,0,0.0,8.54,0
INT-005859,CMP-103,C02002,4,20251027,tablet,17,0,0,0.0,7.64,0
INT-005860,CMP-103,C01540,4,20251027,desktop,21,1,1,124.86,9.44,1
INT-005861,CMP-103,C02045,4,20251030,desktop,13,0,0,0.0,5.84,0
INT-005862,CMP-103,C00835,4,20251030,mobile,14,0,0,0.0,6.29,0
INT-005863,CMP-103,C02166,4,20251031,mobile,14,3,0,0.0,6.29,0
INT-005864,CMP-103,C01027,4,20251101,mobile,17,0,0,0.0,7.64,0
INT-005865,CMP-103,C01078,4,20251105,mobile,13,0,0,0.0,5.84,0
INT-005866,CMP-103,C02066,4,20251106,mobile,14,0,0,0.0,6.29,0
INT-005867,CMP-103,C00900,4,20251107,mobile,11,1,0,0.0,4.95,0
INT-005868,CMP-103,C01480,4,20251107,tablet,19,0,0,0.0,8.54,0
INT-005869,CMP-103,C01796,4,20251107,mobile,13,0,0,0.0,5.84,0
INT-005870,CMP-103,C00267,4,20251108,mobile,14,1,0,0.0,6.29,0
INT-005871,CMP-103,C01926,4,20251108,mobile,17,0,0,0.0,7.64,0
INT-005872,CMP-103,C01000,4,20251108,desktop,12,0,0,0.0,5.39,0
INT-005873,CMP-103,C00343,4,20251109,desktop,12,0,0,0.0,5.39,0
INT-005874,CMP-103,C01875,4,20251110,mobile,12,1,0,0.0,5.39,0
INT-005875,CMP-103,C00024,4,20251110,mobile,14,0,0,0.0,6.29,0
INT-005876,CMP-103,C00242,4,20251111,desktop,15,0,0,0.0,6.74,0
INT-005877,CMP-103,C00015,4,20251111,mobile,16,1,0,0.0,7.19,0
INT-005878,CMP-103,C01693,4,20251111,desktop,15,0,0,0.0,6.74,0
INT-005879,CMP-103,C01627,4,20251112,mobile,15,0,0,0.0,6.74,0
INT-005880,CMP-103,C00304,4,20251112,tablet,22,0,0,0.0,9.89,0
INT-005881,CMP-103,C01233,4,20251113,mobile,10,0,0,0.0,4.5,0
INT-005882,CMP-103,C00552,4,20251114,mobile,18,0,0,0.0,8.09,0
INT-005883,CMP-103,C00966,4,20251115,desktop,14,0,0,0.0,6.29,0
INT-005884,CMP-103,C02054,4,20251115,mobile,14,0,0,0.0,6.29,0
INT-005885,CMP-103,C02117,4,20251115,mobile,12,1,0,0.0,5.39,0
INT-005886,CMP-103,C00995,4,20251115,desktop,19,0,0,0.0,8.54,0
INT-005887,CMP-103,C00787,4,20251115,desktop,17,0,0,0.0,7.64,0
INT-005888,CMP-103,C00653,4,20251115,desktop,11,0,0,0.0,4.95,0
INT-005889,CMP-103,C02138,4,20251118,desktop,10,1,1,92.54,4.5,1
INT-005890,CMP-103,C01804,4,20251119,tablet,9,0,0,0.0,4.05,0
INT-005891,CMP-103,C00614,4,20251120,mobile,16,0,0,0.0,7.19,0
INT-005892,CMP-103,C01131,4,20251120,mobile,13,1,0,0.0,5.84,0
INT-005893,CMP-103,C01171,4,20251120,mobile,14,0,0,0.0,6.29,0
INT-005894,CMP-103,C00861,4,20251122,desktop,10,0,0,0.0,4.5,0
INT-005895,CMP-103,C00258,4,20251123,mobile,17,0,0,0.0,7.64,0
INT-005896,CMP-103,C00724,4,20251124,desktop,18,0,0,0.0,8.09,0
INT-005897,CMP-103,C00361,4,20251125,mobile,16,0,0,0.0,7.19,0
INT-005898,CMP-103,C01533,4,20251126,mobile,14,1,0,0.0,6.29,0
INT-005899,CMP-103,C02085,4,20251127,mobile,18,0,0,0.0,8.09,0
INT-005900,CMP-103,C01311,4,20251128,mobile,18,0,0,0.0,8.09,0
INT-005901,CMP-103,C02007,4,20251129,mobile,19,0,0,0.0,8.54,0
INT-005902,CMP-103,C00262,4,20251129,desktop,11,1,1,80.97,4.95,1
INT-005903,CMP-103,C02048,4,20251130,mobile,12,0,0,0.0,5.39,0
INT-005904,CMP-103,C01456,4,20251130,desktop,20,0,0,0.0,8.99,0
INT-005905,CMP-103,C00507,4,20251130,desktop,17,0,0,0.0,7.64,0
INT-005906,CMP-103,C00140,4,20251201,desktop,12,0,0,0.0,5.39,0
INT-005907,CMP-103,C02056,4,20251201,mobile,18,0,0,0.0,8.09,0
INT-005908,CMP-103,C01929,4,20251201,desktop,20,0,0,0.0,8.99,0
INT-005909,CMP-001,C01099,1,20251105,mobile,3,2,1,274.25,7.25,1
INT-005910,CMP-001,C01396,1,20251105,mobile,3,0,0,0.0,7.25,0
INT-005911,CMP-001,C01233,1,20251105,mobile,3,0,0,0.0,7.25,0
INT-005912,CMP-001,C01023,1,20251105,tablet,3,0,0,0.0,7.25,0
INT-005913,CMP-001,C00731,1,20251105,mobile,3,0,0,0.0,7.25,0
INT-005914,CMP-001,C00612,1,20251105,desktop,3,1,0,0.0,7.25,0
INT-005915,CMP-001,C01403,1,20251105,desktop,2,0,0,0.0,4.83,0
INT-005916,CMP-001,C01542,1,20251105,desktop,1,0,0,0.0,2.42,0
INT-005917,CMP-001,C01999,1,20251106,mobile,5,1,0,0.0,12.08,0
INT-005918,CMP-001,C02006,1,20251106,mobile,5,0,0,0.0,12.08,0
INT-005919,CMP-001,C01067,1,20251107,mobile,3,0,0,0.0,7.25,0
INT-005920,CMP-001,C01411,1,20251108,desktop,2,1,0,0.0,4.83,0
INT-005921,CMP-001,C00121,1,20251108,mobile,4,0,0,0.0,9.66,0
INT-005922,CMP-001,C00896,1,20251108,mobile,3,0,0,0.0,7.25,0
INT-005923,CMP-001,C01495,1,20251108,desktop,2,1,0,0.0,4.83,0
INT-005924,CMP-001,C01866,1,20251109,mobile,3,0,0,0.0,7.25,0
INT-005925,CMP-001,C01936,1,20251110,mobile,1,0,0,0.0,2.42,0
INT-005926,CMP-001,C01014,1,20251110,mobile,7,1,0,0.0,16.91,0
INT-005927,CMP-001,C00974,1,20251111,mobile,2,0,0,0.0,4.83,0
INT-005928,CMP-001,C01826,1,20251111,mobile,3,0,0,0.0,7.25,0
INT-005929,CMP-001,C01316,1,20251111,desktop,6,1,1,396.27,14.5,1
INT-005930,CMP-001,C01046,1,20251112,mobile,8,0,0,0.0,19.33,0
INT-005931,CMP-001,C00309,1,20251112,mobile,3,0,0,0.0,7.25,0
INT-005932,CMP-001,C00704,1,20251112,mobile,6,1,1,407.88,14.5,1
INT-005933,CMP-001,C01148,1,20251112,desktop,4,1,0,0.0,9.66,0
INT-005934,CMP-001,C02059,1,20251113,mobile,3,1,0,0.0,7.25,0
INT-005935,CMP-001,C01449,1,20251113,mobile,4,2,0,0.0,9.66,0
INT-005936,CMP-001,C02158,1,20251113,desktop,2,0,0,0.0,4.83,0
INT-005937,CMP-001,C01152,1,20251114,desktop,2,1,1,471.09,4.83,1
INT-005938,CMP-001,C01713,1,20251114,mobile,3,0,0,0.0,7.25,0
INT-005939,CMP-001,C00484,1,20251114,mobile,3,0,0,0.0,7.25,0
INT-005940,CMP-001,C01655,1,20251114,desktop,1,0,0,0.0,2.42,0
INT-005941,CMP-001,C00733,1,20251114,mobile,5,1,1,195.49,12.08,1
INT-005942,CMP-001,C01300,1,20251114,mobile,2,0,0,0.0,4.83,0
INT-005943,CMP-001,C00983,1,20251114,desktop,4,1,1,148.15,9.66,1
INT-005944,CMP-001,C00966,1,20251115,desktop,1,1,1,283.21,2.42,1
INT-005945,CMP-001,C00677,1,20251116,tablet,4,0,0,0.0,9.66,0
INT-005946,CMP-001,C01258,1,20251116,desktop,2,0,0,0.0,4.83,0
INT-005947,CMP-001,C01823,1,20251116,desktop,3,0,0,0.0,7.25,0
INT-005948,CMP-001,C00702,1,20251116,desktop,4,2,2,1007.16,9.66,1
INT-005949,CMP-001,C01169,1,20251116,tablet,2,0,0,0.0,4.83,0
INT-005950,CMP-001,C01751,1,20251116,mobile,2,0,0,0.0,4.83,0
INT-005951,CMP-001,C01994,1,20251117,mobile,4,0,0,0.0,9.66,0
INT-005952,CMP-001,C01191,1,20251117,desktop,2,0,0,0.0,4.83,0
INT-005953,CMP-001,C00054,1,20251117,mobile,4,1,1,366.86,9.66,1
INT-005954,CMP-001,C02197,1,20251117,desktop,4,1,0,0.0,9.66,0
INT-005955,CMP-081,C01643,2,20251112,mobile,4,0,0,0.0,2.81,0
INT-005956,CMP-081,C00855,2,20251112,mobile,2,0,0,0.0,1.41,0
INT-005957,CMP-081,C00363,2,20251113,mobile,1,0,0,0.0,0.7,0
INT-005958,CMP-081,C00590,2,20251114,desktop,4,0,0,0.0,2.81,0
INT-005959,CMP-081,C00529,2,20251114,tablet,2,0,0,0.0,1.41,0
INT-005960,CMP-081,C00150,2,20251115,mobile,3,0,0,0.0,2.11,0
INT-005961,CMP-081,C01586,2,20251115,mobile,9,2,0,0.0,6.33,0
INT-005962,CMP-081,C01707,2,20251116,desktop,3,0,0,0.0,2.11,0
INT-005963,CMP-081,C00656,2,20251116,mobile,1,0,0,0.0,0.7,0
INT-005964,CMP-081,C01782,2,20251116,mobile,2,0,0,0.0,1.41,0
INT-005965,CMP-081,C00826,2,20251117,mobile,3,0,0,0.0,2.11,0
INT-005966,CMP-081,C01823,2,20251117,mobile,2,0,0,0.0,1.41,0
INT-005967,CMP-081,C00764,2,20251118,desktop,1,1,1,247.15,0.7,1
INT-005968,CMP-081,C01146,2,20251118,tablet,4,0,0,0.0,2.81,0
INT-005969,CMP-081,C01539,2,20251119,desktop,2,0,0,0.0,1.41,0
INT-005970,CMP-081,C00492,2,20251119,desktop,1,0,0,0.0,0.7,0
INT-005971,CMP-081,C00258,2,20251120,mobile,3,0,0,0.0,2.11,0
INT-005972,CMP-081,C01418,2,20251120,mobile,5,1,0,0.0,3.52,0
INT-005973,CMP-081,C01713,2,20251120,mobile,2,1,1,280.91,1.41,1
INT-005974,CMP-081,C00810,2,20251120,mobile,1,0,0,0.0,0.7,0
INT-005975,CMP-081,C01956,2,20251121,mobile,2,0,0,0.0,1.41,0
INT-005976,CMP-081,C00718,2,20251121,mobile,4,0,0,0.0,2.81,0
INT-005977,CMP-081,C01593,2,20251122,tablet,3,0,0,0.0,2.11,0
INT-005978,CMP-081,C02029,2,20251122,desktop,4,1,0,0.0,2.81,0
INT-005979,CMP-081,C01910,2,20251122,desktop,2,0,0,0.0,1.41,0
INT-005980,CMP-081,C00219,2,20251122,desktop,3,0,0,0.0,2.11,0
INT-005981,CMP-081,C01419,2,20251123,mobile,4,0,0,0.0,2.81,0
INT-005982,CMP-081,C02102,2,20251123,mobile,6,1,0,0.0,4.22,0
INT-005983,CMP-081,C00143,2,20251123,desktop,3,0,0,0.0,2.11,0
INT-005984,CMP-081,C02179,2,20251125,mobile,3,2,0,0.0,2.11,0
INT-005985,CMP-081,C00010,2,20251125,mobile,3,0,0,0.0,2.11,0
INT-005986,CMP-081,C00621,2,20251126,mobile,3,0,0,0.0,2.11,0
INT-005987,CMP-081,C00728,2,20251126,tablet,2,0,0,0.0,1.41,0
INT-005988,CMP-081,C00953,2,20251126,mobile,3,0,0,0.0,2.11,0
INT-005989,CMP-081,C00097,2,20251126,mobile,4,0,0,0.0,2.81,0
INT-005990,CMP-081,C00133,2,20251126,desktop,4,0,0,0.0,2.81,0
INT-005991,CMP-081,C02167,2,20251127,desktop,4,0,0,0.0,2.81,0
INT-005992,CMP-081,C02106,2,20251127,mobile,1,0,0,0.0,0.7,0
INT-005993,CMP-081,C00761,2,20251127,desktop,1,0,0,0.0,0.7,0
INT-005994,CMP-081,C01062,2,20251128,desktop,2,1,0,0.0,1.41,0
INT-005995,CMP-081,C00605,2,20251128,mobile,4,0,0,0.0,2.81,0
INT-005996,CMP-081,C00192,2,20251129,desktop,1,0,0,0.0,0.7,0
INT-005997,CMP-081,C00799,2,20251129,mobile,6,0,0,0.0,4.22,0
INT-005998,CMP-081,C00507,2,20251129,mobile,1,0,0,0.0,0.7,0
INT-005999,CMP-052,C00089,1,20251113,desktop,5,1,1,166.25,11.19,1
INT-006000,CMP-052,C00305,1,20251113,mobile,2,0,0,0.0,4.48,0
INT-006001,CMP-052,C01241,1,20251113,mobile,2,0,0,0.0,4.48,0
INT-006002,CMP-052,C00706,1,20251114,mobile,2,0,0,0.0,4.48,0
INT-006003,CMP-052,C00611,1,20251115,desktop,4,1,0,0.0,8.95,0
INT-006004,CMP-052,C01630,1,20251115,desktop,2,0,0,0.0,4.48,0
INT-006005,CMP-052,C00206,1,20251115,mobile,6,0,0,0.0,13.43,0
INT-006006,CMP-052,C02095,1,20251115,mobile,2,0,0,0.0,4.48,0
INT-006007,CMP-052,C00020,1,20251116,tablet,4,0,0,0.0,8.95,0
INT-006008,CMP-052,C00475,1,20251116,mobile,4,1,0,0.0,8.95,0
INT-006009,CMP-052,C01727,1,20251117,mobile,5,1,0,0.0,11.19,0
INT-006010,CMP-052,C00720,1,20251117,tablet,3,0,0,0.0,6.71,0
INT-006011,CMP-052,C00259,1,20251118,tablet,1,0,0,0.0,2.24,0
INT-006012,CMP-052,C00117,1,20251119,desktop,2,0,0,0.0,4.48,0
INT-006013,CMP-052,C01896,1,20251119,mobile,2,1,0,0.0,4.48,0
INT-006014,CMP-052,C01212,1,20251119,desktop,3,1,1,343.63,6.71,1
INT-006015,CMP-052,C00066,1,20251120,desktop,1,0,0,0.0,2.24,0
INT-006016,CMP-052,C01013,1,20251121,desktop,4,1,0,0.0,8.95,0
INT-006017,CMP-052,C01094,1,20251121,desktop,5,1,0,0.0,11.19,0
INT-006018,CMP-052,C00663,1,20251121,mobile,3,2,1,230.12,6.71,1
INT-006019,CMP-052,C00490,1,20251121,mobile,5,1,1,187.66,11.19,1
INT-006020,CMP-052,C00975,1,20251122,mobile,4,1,1,187.05,8.95,1
INT-006021,CMP-052,C00510,1,20251124,mobile,5,0,0,0.0,11.19,0
INT-006022,CMP-052,C00634,1,20251124,mobile,3,1,0,0.0,6.71,0
INT-006023,CMP-052,C00915,1,20251125,mobile,2,0,0,0.0,4.48,0
INT-006024,CMP-052,C02005,1,20251126,mobile,3,0,0,0.0,6.71,0
INT-006025,CMP-052,C01493,1,20251126,mobile,3,0,0,0.0,6.71,0
INT-006026,CMP-052,C01025,1,20251126,mobile,3,0,0,0.0,6.71,0
INT-006027,CMP-052,C01586,1,20251126,mobile,5,0,0,0.0,11.19,0
INT-006028,CMP-052,C01925,1,20251126,tablet,4,2,2,752.11,8.95,1
INT-006029,CMP-052,C01517,1,20251127,mobile,4,0,0,0.0,8.95,0
INT-006030,CMP-052,C01169,1,20251130,mobile,1,1,0,0.0,2.24,0
INT-006031,CMP-052,C00394,1,20251130,mobile,1,0,0,0.0,2.24,0
INT-006032,CMP-052,C01629,1,20251130,desktop,3,0,0,0.0,6.71,0
INT-006033,CMP-052,C00181,1,20251130,mobile,3,0,0,0.0,6.71,0
INT-006034,CMP-052,C01534,1,20251203,tablet,3,1,0,0.0,6.71,0
INT-006035,CMP-052,C02058,1,20251204,mobile,4,1,0,0.0,8.95,0
INT-006036,CMP-052,C00064,1,20251204,desktop,3,0,0,0.0,6.71,0
INT-006037,CMP-052,C01594,1,20251204,mobile,3,0,0,0.0,6.71,0
INT-006038,CMP-052,C02004,1,20251205,desktop,2,1,1,377.88,4.48,1
INT-006039,CMP-052,C01328,1,20251206,tablet,5,0,0,0.0,11.19,0
INT-006040,CMP-052,C00101,1,20251206,tablet,4,0,0,0.0,8.95,0
INT-006041,CMP-052,C01151,1,20251207,mobile,4,1,1,125.61,8.95,1
INT-006042,CMP-052,C01052,1,20251207,mobile,1,0,0,0.0,2.24,0
INT-006043,CMP-052,C00723,1,20251208,mobile,2,2,1,155.77,4.48,1
INT-006044,CMP-052,C01755,1,20251208,tablet,1,1,0,0.0,2.24,0
INT-006045,CMP-095,C00990,1,20251125,mobile,4,0,0,0.0,9.17,0
INT-006046,CMP-095,C00333,1,20251125,mobile,1,1,0,0.0,2.29,0
INT-006047,CMP-095,C00853,1,20251125,mobile,3,0,0,0.0,6.88,0
INT-006048,CMP-095,C01194,1,20251125,desktop,5,1,1,300.11,11.47,1
INT-006049,CMP-095,C02067,1,20251125,mobile,3,0,0,0.0,6.88,0
INT-006050,CMP-095,C01857,1,20251125,mobile,3,0,0,0.0,6.88,0
INT-006051,CMP-095,C02194,1,20251126,desktop,3,1,0,0.0,6.88,0
INT-006052,CMP-095,C00779,1,20251126,mobile,3,1,0,0.0,6.88,0
INT-006053,CMP-095,C02097,1,20251127,desktop,2,0,0,0.0,4.59,0
INT-006054,CMP-095,C00006,1,20251128,mobile,3,0,0,0.0,6.88,0
INT-006055,CMP-095,C01915,1,20251129,mobile,6,0,0,0.0,13.76,0
INT-006056,CMP-095,C00281,1,20251129,mobile,2,0,0,0.0,4.59,0
INT-006057,CMP-095,C00203,1,20251129,desktop,2,0,0,0.0,4.59,0
INT-006058,CMP-095,C01776,1,20251129,mobile,2,1,0,0.0,4.59,0
INT-006059,CMP-095,C00348,1,20251130,mobile,3,0,0,0.0,6.88,0
INT-006060,CMP-095,C01954,1,20251130,mobile,5,2,1,227.11,11.47,1
INT-006061,CMP-095,C01359,1,20251130,desktop,4,0,0,0.0,9.17,0
INT-006062,CMP-095,C00399,1,20251201,mobile,3,0,0,0.0,6.88,0
INT-006063,CMP-095,C01148,1,20251201,desktop,6,1,0,0.0,13.76,0
INT-006064,CMP-095,C00495,1,20251201,desktop,5,1,1,168.47,11.47,1
INT-006065,CMP-095,C01921,1,20251201,desktop,2,0,0,0.0,4.59,0
INT-006066,CMP-095,C01436,1,20251201,mobile,2,1,0,0.0,4.59,0
INT-006067,CMP-095,C01795,1,20251201,desktop,2,1,0,0.0,4.59,0
INT-006068,CMP-095,C01421,1,20251201,mobile,2,0,0,0.0,4.59,0
INT-006069,CMP-095,C00949,1,20251201,mobile,4,0,0,0.0,9.17,0
INT-006070,CMP-095,C00912,1,20251202,desktop,1,0,0,0.0,2.29,0
INT-006071,CMP-095,C01923,1,20251202,mobile,4,0,0,0.0,9.17,0
INT-006072,CMP-095,C00303,1,20251203,mobile,1,0,0,0.0,2.29,0
INT-006073,CMP-095,C00555,1,20251203,desktop,4,0,0,0.0,9.17,0
INT-006074,CMP-095,C01323,1,20251204,mobile,1,0,0,0.0,2.29,0
INT-006075,CMP-095,C00524,1,20251204,desktop,4,0,0,0.0,9.17,0
INT-006076,CMP-095,C01880,1,20251205,mobile,4,0,0,0.0,9.17,0
INT-006077,CMP-095,C01291,1,20251205,mobile,4,1,0,0.0,9.17,0
INT-006078,CMP-095,C00758,1,20251205,mobile,3,1,0,0.0,6.88,0
INT-006079,CMP-095,C00115,1,20251205,mobile,1,1,0,0.0,2.29,0
INT-006080,CMP-095,C00061,1,20251206,mobile,2,0,0,0.0,4.59,0
INT-006081,CMP-080,C01103,3,20251127,mobile,6,0,0,0.0,4.97,0
INT-006082,CMP-080,C01916,3,20251127,mobile,9,0,0,0.0,7.46,0
INT-006083,CMP-080,C01383,3,20251127,mobile,8,1,1,144.71,6.63,1
INT-006084,CMP-080,C01548,3,20251128,mobile,5,0,0,0.0,4.15,0
INT-006085,CMP-080,C01731,3,20251128,mobile,7,0,0,0.0,5.8,0
INT-006086,CMP-080,C01446,3,20251129,desktop,5,0,0,0.0,4.15,0
INT-006087,CMP-080,C00304,3,20251129,desktop,8,1,0,0.0,6.63,0
INT-006088,CMP-080,C01384,3,20251129,mobile,4,0,0,0.0,3.32,0
INT-006089,CMP-080,C01076,3,20251129,mobile,6,0,0,0.0,4.97,0
INT-006090,CMP-080,C01133,3,20251130,mobile,8,0,0,0.0,6.63,0
INT-006091,CMP-080,C00500,3,20251130,desktop,5,0,0,0.0,4.15,0
INT-006092,CMP-080,C00432,3,20251204,desktop,7,1,1,193.79,5.8,1
INT-006093,CMP-080,C00552,3,20251204,mobile,6,0,0,0.0,4.97,0
INT-006094,CMP-080,C01694,3,20251204,mobile,5,1,0,0.0,4.15,0
INT-006095,CMP-080,C00294,3,20251204,desktop,2,0,0,0.0,1.66,0
INT-006096,CMP-080,C00577,3,20251205,mobile,6,0,0,0.0,4.97,0
INT-006097,CMP-080,C00718,3,20251206,mobile,4,0,0,0.0,3.32,0
INT-006098,CMP-080,C01160,3,20251206,mobile,5,0,0,0.0,4.15,0
INT-006099,CMP-080,C01206,3,20251206,desktop,4,1,1,349.53,3.32,1
INT-006100,CMP-080,C00283,3,20251207,mobile,6,0,0,0.0,4.97,0
INT-006101,CMP-080,C02000,3,20251208,desktop,5,1,0,0.0,4.15,0
INT-006102,CMP-080,C01315,3,20251208,desktop,5,1,0,0.0,4.15,0
INT-006103,CMP-080,C01032,3,20251209,desktop,7,1,0,0.0,5.8,0
INT-006104,CMP-080,C01442,3,20251209,mobile,6,1,0,0.0,4.97,0
INT-006105,CMP-080,C01269,3,20251209,tablet,12,0,0,0.0,9.95,0
INT-006106,CMP-080,C01523,3,20251210,desktop,7,1,0,0.0,5.8,0
INT-006107,CMP-080,C00352,3,20251210,mobile,4,0,0,0.0,3.32,0
INT-006108,CMP-080,C01620,3,20251210,mobile,4,1,0,0.0,3.32,0
INT-006109,CMP-080,C00973,3,20251210,mobile,4,0,0,0.0,3.32,0
INT-006110,CMP-080,C01149,3,20251211,mobile,6,1,0,0.0,4.97,0
INT-006111,CMP-080,C01171,3,20251211,desktop,4,0,0,0.0,3.32,0
INT-006112,CMP-080,C01077,3,20251214,mobile,5,1,0,0.0,4.15,0
INT-006113,CMP-080,C01909,3,20251215,mobile,2,0,0,0.0,1.66,0
INT-006114,CMP-080,C00266,3,20251216,mobile,2,0,0,0.0,1.66,0
INT-006115,CMP-080,C01306,3,20251217,mobile,9,1,0,0.0,7.46,0
INT-006116,CMP-080,C00757,3,20251218,tablet,6,0,0,0.0,4.97,0
INT-006117,CMP-080,C01951,3,20251218,mobile,10,1,0,0.0,8.29,0
INT-006118,CMP-080,C00921,3,20251218,desktop,5,0,0,0.0,4.15,0
INT-006119,CMP-080,C00400,3,20251218,mobile,7,0,0,0.0,5.8,0
INT-006120,CMP-080,C02199,3,20251219,desktop,6,1,0,0.0,4.97,0
INT-006121,CMP-080,C01223,3,20251220,mobile,5,0,0,0.0,4.15,0
INT-006122,CMP-080,C00766,3,20251220,desktop,10,2,0,0.0,8.29,0
INT-006123,CMP-080,C01762,3,20251221,mobile,8,1,0,0.0,6.63,0
INT-006124,CMP-080,C01181,3,20251222,tablet,5,0,0,0.0,4.15,0
INT-006125,CMP-080,C00666,3,20251222,mobile,3,1,0,0.0,2.49,0
INT-006126,CMP-080,C02153,3,20251223,mobile,3,1,0,0.0,2.49,0
INT-006127,CMP-080,C00431,3,20251224,desktop,9,0,0,0.0,7.46,0
INT-006128,CMP-080,C00016,3,20251224,desktop,6,0,0,0.0,4.97,0
INT-006129,CMP-080,C00252,3,20251225,mobile,8,1,1,210.58,6.63,1
INT-006130,CMP-080,C01050,3,20251226,desktop,6,0,0,0.0,4.97,0
INT-006131,CMP-080,C00629,3,20251226,desktop,1,0,0,0.0,0.83,0
INT-006132,CMP-080,C00160,3,20251226,desktop,6,1,0,0.0,4.97,0
INT-006133,CMP-080,C00835,3,20251226,desktop,8,0,0,0.0,6.63,0
INT-006134,CMP-080,C00952,3,20251227,mobile,5,1,0,0.0,4.15,0
INT-006135,CMP-080,C01506,3,20251227,tablet,8,0,0,0.0,6.63,0
INT-006136,CMP-080,C01946,3,20251228,desktop,5,0,0,0.0,4.15,0
INT-006137,CMP-080,C01416,3,20251228,mobile,5,0,0,0.0,4.15,0
INT-006138,CMP-080,C00433,3,20251229,desktop,5,1,0,0.0,4.15,0
INT-006139,CMP-080,C01228,3,20251230,desktop,6,1,0,0.0,4.97,0
INT-006140,CMP-080,C00031,3,20251230,desktop,2,0,0,0.0,1.66,0
INT-006141,CMP-080,C00220,3,20251230,desktop,5,1,0,0.0,4.15,0
INT-006142,CMP-080,C01726,3,20251230,mobile,5,0,0,0.0,4.15,0
INT-006143,CMP-080,C00001,3,20251230,mobile,4,0,0,0.0,3.32,0
INT-006144,CMP-080,C01244,3,20251231,mobile,10,3,1,168.34,8.29,1
INT-006145,CMP-080,C00847,3,20251231,mobile,4,0,0,0.0,3.32,0
INT-006146,CMP-080,C01042,3,20251231,mobile,4,0,0,0.0,3.32,0
INT-006147,CMP-080,C01462,3,20251231,mobile,8,0,0,0.0,6.63,0
INT-006148,CMP-022,C02036,2,20251209,mobile,3,0,0,0.0,2.12,0
INT-006149,CMP-022,C00322,2,20251209,desktop,4,1,1,160.65,2.82,1
INT-006150,CMP-022,C01816,2,20251209,desktop,2,0,0,0.0,1.41,0
INT-006151,CMP-022,C01269,2,20251209,tablet,1,0,0,0.0,0.71,0
INT-006152,CMP-022,C02106,2,20251210,mobile,2,0,0,0.0,1.41,0
INT-006153,CMP-022,C01760,2,20251210,tablet,4,0,0,0.0,2.82,0
INT-006154,CMP-022,C02105,2,20251210,mobile,6,0,0,0.0,4.24,0
INT-006155,CMP-022,C01153,2,20251210,mobile,4,0,0,0.0,2.82,0
INT-006156,CMP-022,C00111,2,20251210,desktop,3,0,0,0.0,2.12,0
INT-006157,CMP-022,C01861,2,20251210,mobile,4,1,0,0.0,2.82,0
INT-006158,CMP-022,C01612,2,20251210,mobile,3,0,0,0.0,2.12,0
INT-006159,CMP-022,C01012,2,20251210,tablet,4,0,0,0.0,2.82,0
INT-006160,CMP-022,C02127,2,20251210,mobile,3,0,0,0.0,2.12,0
INT-006161,CMP-022,C00168,2,20251210,mobile,2,0,0,0.0,1.41,0
INT-006162,CMP-022,C00931,2,20251210,desktop,3,0,0,0.0,2.12,0
INT-006163,CMP-022,C00889,2,20251211,mobile,7,0,0,0.0,4.94,0
INT-006164,CMP-022,C01444,2,20251211,tablet,3,0,0,0.0,2.12,0
INT-006165,CMP-022,C01741,2,20251211,desktop,2,0,0,0.0,1.41,0
INT-006166,CMP-022,C00998,2,20251211,mobile,1,0,0,0.0,0.71,0
INT-006167,CMP-022,C01448,2,20251212,mobile,4,0,0,0.0,2.82,0
INT-006168,CMP-022,C00185,2,20251212,mobile,3,0,0,0.0,2.12,0
INT-006169,CMP-022,C01965,2,20251212,mobile,2,0,0,0.0,1.41,0
INT-006170,CMP-022,C00726,2,20251212,desktop,1,0,0,0.0,0.71,0
INT-006171,CMP-022,C01034,2,20251212,desktop,9,0,0,0.0,6.35,0
INT-006172,CMP-022,C00920,2,20251213,desktop,4,0,0,0.0,2.82,0
INT-006173,CMP-022,C02159,2,20251213,mobile,2,0,0,0.0,1.41,0
INT-006174,CMP-022,C00204,2,20251213,mobile,4,0,0,0.0,2.82,0
INT-006175,CMP-022,C01777,2,20251213,desktop,2,0,0,0.0,1.41,0
INT-006176,CMP-022,C00645,2,20251213,desktop,2,0,0,0.0,1.41,0
INT-006177,CMP-022,C02028,2,20251213,desktop,2,0,0,0.0,1.41,0
INT-006178,CMP-022,C00868,2,20251213,desktop,5,1,0,0.0,3.53,0
INT-006179,CMP-022,C01504,2,20251213,mobile,2,0,0,0.0,1.41,0
INT-006180,CMP-022,C00672,2,20251214,mobile,4,0,0,0.0,2.82,0
INT-006181,CMP-022,C00170,2,20251214,tablet,1,0,0,0.0,0.71,0
INT-006182,CMP-022,C01713,2,20251214,mobile,4,1,1,368.45,2.82,1
INT-006183,CMP-022,C01717,2,20251214,mobile,2,0,0,0.0,1.41,0
INT-006184,CMP-022,C00833,2,20251214,desktop,2,0,0,0.0,1.41,0
INT-006185,CMP-022,C00743,2,20251214,mobile,2,0,0,0.0,1.41,0
INT-006186,CMP-022,C01048,2,20251214,mobile,4,0,0,0.0,2.82,0
INT-006187,CMP-022,C00567,2,20251214,desktop,3,1,1,174.92,2.12,1
INT-006188,CMP-022,C01508,2,20251214,mobile,1,1,0,0.0,0.71,0
INT-006189,CMP-022,C00576,2,20251214,mobile,6,0,0,0.0,4.24,0
INT-006190,CMP-022,C01112,2,20251214,tablet,3,0,0,0.0,2.12,0
INT-006191,CMP-022,C00602,2,20251214,mobile,4,0,0,0.0,2.82,0
INT-006192,CMP-022,C00665,2,20251214,tablet,3,0,0,0.0,2.12,0
INT-006193,CMP-022,C00654,2,20251214,mobile,1,1,0,0.0,0.71,0
INT-006194,CMP-022,C01473,2,20251214,desktop,3,0,0,0.0,2.12,0
INT-006195,CMP-022,C00306,2,20251214,mobile,5,1,1,195.71,3.53,1
INT-006196,CMP-022,C02039,2,20251215,mobile,3,1,0,0.0,2.12,0
INT-006197,CMP-022,C00754,2,20251215,mobile,4,0,0,0.0,2.82,0
INT-006198,CMP-022,C01318,2,20251215,desktop,4,0,0,0.0,2.82,0
INT-006199,CMP-022,C02120,2,20251215,mobile,3,0,0,0.0,2.12,0
INT-006200,CMP-022,C00434,2,20251215,mobile,4,0,0,0.0,2.82,0
INT-006201,CMP-022,C01503,2,20251215,mobile,1,0,0,0.0,0.71,0
INT-006202,CMP-092,C00729,3,20251215,mobile,5,1,0,0.0,4.74,0
INT-006203,CMP-092,C01931,3,20251215,desktop,5,0,0,0.0,4.74,0
INT-006204,CMP-092,C00865,3,20251216,mobile,11,0,0,0.0,10.42,0
INT-006205,CMP-092,C01017,3,20251217,desktop,6,0,0,0.0,5.69,0
INT-006206,CMP-092,C01353,3,20251217,mobile,6,0,0,0.0,5.69,0
INT-006207,CMP-092,C00430,3,20251217,tablet,15,1,0,0.0,14.22,0
INT-006208,CMP-092,C01659,3,20251218,desktop,9,1,0,0.0,8.53,0
INT-006209,CMP-092,C00355,3,20251218,desktop,6,0,0,0.0,5.69,0
INT-006210,CMP-092,C01695,3,20251219,desktop,4,0,0,0.0,3.79,0
INT-006211,CMP-092,C00494,3,20251220,mobile,8,0,0,0.0,7.58,0
INT-006212,CMP-092,C01165,3,20251220,mobile,8,0,0,0.0,7.58,0
INT-006213,CMP-092,C00681,3,20251220,tablet,14,0,0,0.0,13.27,0
INT-006214,CMP-092,C02150,3,20251220,mobile,10,1,0,0.0,9.48,0
INT-006215,CMP-092,C00493,3,20251221,desktop,8,1,0,0.0,7.58,0
INT-006216,CMP-092,C01911,3,20251222,mobile,7,0,0,0.0,6.63,0
INT-006217,CMP-092,C01474,3,20251222,mobile,11,2,0,0.0,10.42,0
INT-006218,CMP-092,C00070,3,20251224,mobile,7,0,0,0.0,6.63,0
INT-006219,CMP-092,C02135,3,20251225,desktop,7,0,0,0.0,6.63,0
INT-006220,CMP-092,C00270,3,20251225,desktop,5,0,0,0.0,4.74,0
INT-006221,CMP-092,C01794,3,20251225,mobile,7,0,0,0.0,6.63,0
INT-006222,CMP-092,C01901,3,20251225,desktop,9,2,1,121.26,8.53,1
INT-006223,CMP-092,C00338,3,20251225,mobile,8,1,0,0.0,7.58,0
INT-006224,CMP-092,C00067,3,20251226,desktop,6,0,0,0.0,5.69,0
INT-006225,CMP-092,C00471,3,20251227,mobile,9,2,1,150.4,8.53,1
INT-006226,CMP-092,C00936,3,20251229,mobile,12,0,0,0.0,11.37,0
INT-006227,CMP-092,C00317,3,20251229,mobile,9,0,0,0.0,8.53,0
INT-006228,CMP-092,C00793,3,20251230,desktop,9,1,0,0.0,8.53,0
INT-006229,CMP-092,C01368,3,20251230,mobile,11,1,0,0.0,10.42,0
INT-006230,CMP-092,C01069,3,20251231,desktop,8,0,0,0.0,7.58,0
INT-006231,CMP-092,C00795,3,20251231,mobile,9,0,0,0.0,8.53,0
INT-006232,CMP-092,C01571,3,20251231,mobile,8,0,0,0.0,7.58,0
INT-006233,CMP-092,C01670,3,20251231,desktop,7,0,0,0.0,6.63,0
INT-006234,CMP-092,C00969,3,20251231,desktop,7,1,0,0.0,6.63,0
INT-006235,CMP-092,C01307,3,20251231,mobile,5,0,0,0.0,4.74,0
INT-006236,CMP-092,C00678,3,20251231,mobile,10,1,0,0.0,9.48,0
INT-006237,CMP-092,C01415,3,20251231,tablet,4,0,0,0.0,3.79,0
INT-006238,CMP-092,C01400,3,20251231,desktop,11,2,2,403.16,10.42,1
INT-006239,CMP-092,C00601,3,20251231,desktop,5,0,0,0.0,4.74,0
INT-006240,CMP-043,C00936,5,20251220,mobile,13,0,0,0.0,19.61,0
INT-006241,CMP-043,C01461,5,20251221,mobile,11,0,1,273.99,16.59,1
INT-006242,CMP-043,C00031,5,20251221,desktop,13,0,0,0.0,19.61,0
INT-006243,CMP-043,C01259,5,20251223,mobile,10,0,0,0.0,15.08,0
INT-006244,CMP-043,C00411,5,20251224,mobile,12,0,0,0.0,18.1,0
INT-006245,CMP-043,C01911,5,20251225,mobile,12,0,0,0.0,18.1,0
INT-006246,CMP-043,C00616,5,20251227,mobile,15,0,0,0.0,22.62,0
INT-006247,CMP-043,C01065,5,20251230,mobile,15,0,0,0.0,22.62,0
INT-006248,CMP-043,C00244,5,20251231,desktop,18,0,0,0.0,27.15,0
INT-006249,CMP-043,C00321,5,20251231,desktop,14,0,1,172.98,21.11,1
INT-006250,CMP-043,C00327,5,20251231,mobile,12,0,0,0.0,18.1,0
INT-006251,CMP-043,C01851,5,20251231,mobile,16,0,0,0.0,24.13,0
INT-006252,CMP-043,C01924,5,20251231,mobile,13,0,0,0.0,19.61,0
INT-006253,CMP-043,C00875,5,20251231,mobile,9,0,0,0.0,13.57,0
INT-006254,CMP-043,C00009,5,20251231,desktop,17,0,0,0.0,25.64,0
INT-006255,CMP-043,C01849,5,20251231,mobile,19,0,0,0.0,28.65,0
INT-006256,CMP-043,C00435,5,20251231,desktop,11,0,0,0.0,16.59,0
INT-006257,CMP-043,C00165,5,20251231,mobile,15,0,0,0.0,22.62,0
INT-006258,CMP-043,C00287,5,20251231,desktop,16,0,0,0.0,24.13,0
INT-006259,CMP-043,C02035,5,20251231,mobile,18,0,0,0.0,27.15,0
INT-006260,CMP-043,C00804,5,20251231,mobile,10,0,0,0.0,15.08,0
INT-006261,CMP-043,C01414,5,20251231,desktop,10,0,1,183.56,15.08,1
INT-006262,CMP-043,C00066,5,20251231,desktop,9,0,0,0.0,13.57,0
INT-006263,CMP-043,C01181,5,20251231,tablet,13,0,0,0.0,19.61,0
INT-006264,CMP-043,C01640,5,20251231,mobile,10,0,0,0.0,15.08,0
INT-006265,CMP-043,C00139,5,20251231,desktop,10,0,0,0.0,15.08,0
INT-006266,CMP-043,C00665,5,20251231,mobile,8,0,0,0.0,12.06,0
INT-006267,CMP-043,C00713,5,20251231,desktop,10,1,0,0.0,15.08,0
INT-006268,CMP-043,C01956,5,20251231,mobile,11,0,0,0.0,16.59,0
INT-006269,CMP-043,C00836,5,20251231,desktop,16,0,0,0.0,24.13,0
INT-006270,CMP-043,C01300,5,20251231,desktop,12,0,0,0.0,18.1,0
INT-006271,CMP-043,C01152,5,20251231,desktop,12,0,2,1001.21,18.1,1
INT-006272,CMP-043,C00609,5,20251231,desktop,13,0,0,0.0,19.61,0
INT-006273,CMP-043,C00541,5,20251231,mobile,9,0,0,0.0,13.57,0
INT-006274,CMP-043,C02126,5,20251231,mobile,15,0,0,0.0,22.62,0
INT-006275,CMP-043,C02102,5,20251231,mobile,7,0,1,288.05,10.56,1
INT-006276,CMP-043,C01816,5,20251231,mobile,13,0,1,389.01,19.61,1
INT-006277,CMP-043,C00394,5,20251231,mobile,11,0,0,0.0,16.59,0
INT-006278,CMP-043,C00039,5,20251231,mobile,18,0,0,0.0,27.15,0
INT-006279,CMP-043,C00436,5,20251231,desktop,9,0,0,0.0,13.57,0
INT-006280,CMP-043,C00337,5,20251231,desktop,10,0,0,0.0,15.08,0
INT-006281,CMP-043,C00519,5,20251231,mobile,12,0,0,0.0,18.1,0
INT-006282,CMP-043,C01521,5,20251231,tablet,11,0,0,0.0,16.59,0
INT-006283,CMP-043,C01431,5,20251231,mobile,4,0,0,0.0,6.03,0
INT-006284,CMP-043,C01243,5,20251231,mobile,15,0,2,558.88,22.62,1
INT-006285,CMP-007,C01309,4,20251224,mobile,11,0,0,0.0,3.94,0
INT-006286,CMP-007,C01181,4,20251224,mobile,6,0,0,0.0,2.15,0
INT-006287,CMP-007,C02188,4,20251225,mobile,15,0,0,0.0,5.37,0
INT-006288,CMP-007,C00845,4,20251225,mobile,12,0,0,0.0,4.3,0
INT-006289,CMP-007,C02009,4,20251225,mobile,8,0,0,0.0,2.86,0
INT-006290,CMP-007,C00689,4,20251225,desktop,7,0,0,0.0,2.51,0
INT-006291,CMP-007,C00839,4,20251225,mobile,10,2,0,0.0,3.58,0
INT-006292,CMP-007,C01373,4,20251226,tablet,10,0,0,0.0,3.58,0
INT-006293,CMP-007,C01282,4,20251226,mobile,8,0,0,0.0,2.86,0
INT-006294,CMP-007,C01213,4,20251226,mobile,6,0,0,0.0,2.15,0
INT-006295,CMP-007,C01499,4,20251226,desktop,7,0,0,0.0,2.51,0
INT-006296,CMP-007,C00531,4,20251226,mobile,6,0,0,0.0,2.15,0
INT-006297,CMP-007,C02108,4,20251226,mobile,10,0,0,0.0,3.58,0
INT-006298,CMP-007,C02143,4,20251226,mobile,9,1,0,0.0,3.22,0
INT-006299,CMP-007,C00517,4,20251227,desktop,12,0,0,0.0,4.3,0
INT-006300,CMP-007,C00610,4,20251227,mobile,10,0,0,0.0,3.58,0
INT-006301,CMP-007,C00329,4,20251227,desktop,7,0,0,0.0,2.51,0
INT-006302,CMP-007,C00069,4,20251228,desktop,10,0,0,0.0,3.58,0
INT-006303,CMP-007,C01894,4,20251228,tablet,11,1,0,0.0,3.94,0
INT-006304,CMP-007,C01647,4,20251228,desktop,11,0,0,0.0,3.94,0
INT-006305,CMP-007,C00990,4,20251228,mobile,9,0,0,0.0,3.22,0
INT-006306,CMP-007,C02022,4,20251229,desktop,9,0,0,0.0,3.22,0
INT-006307,CMP-007,C00177,4,20251229,mobile,12,0,0,0.0,4.3,0
INT-006308,CMP-007,C01466,4,20251230,mobile,11,0,0,0.0,3.94,0
INT-006309,CMP-007,C00166,4,20251230,mobile,6,0,0,0.0,2.15,0
INT-006310,CMP-007,C00248,4,20251230,mobile,7,0,0,0.0,2.51,0
INT-006311,CMP-007,C00214,4,20251230,tablet,9,0,0,0.0,3.22,0
INT-006312,CMP-007,C01430,4,20251230,desktop,4,0,0,0.0,1.43,0
INT-006313,CMP-007,C00174,4,20251230,mobile,14,1,0,0.0,5.01,0
INT-006314,CMP-007,C00615,4,20251231,mobile,8,0,0,0.0,2.86,0
INT-006315,CMP-007,C00079,4,20251231,mobile,5,0,0,0.0,1.79,0
INT-006316,CMP-007,C01712,4,20251231,desktop,5,0,0,0.0,1.79,0
INT-006317,CMP-007,C00191,4,20251231,desktop,7,0,0,0.0,2.51,0
INT-006318,CMP-007,C00723,4,20251231,mobile,12,1,0,0.0,4.3,0
INT-006319,CMP-007,C00884,4,20251231,desktop,6,1,0,0.0,2.15,0
INT-006320,CMP-007,C00303,4,20251231,mobile,10,1,0,0.0,3.58,0
INT-006321,CMP-007,C00304,4,20251231,desktop,9,0,0,0.0,3.22,0
INT-006322,CMP-007,C01123,4,20251231,mobile,12,0,0,0.0,4.3,0
INT-006323,CMP-007,C01125,4,20251231,desktop,11,1,0,0.0,3.94,0
INT-006324,CMP-007,C00995,4,20251231,desktop,9,0,0,0.0,3.22,0
INT-006325,CMP-007,C01898,4,20251231,mobile,13,0,0,0.0,4.65,0
INT-006326,CMP-007,C01752,4,20251231,mobile,10,0,0,0.0,3.58,0
INT-006327,CMP-007,C01571,4,20251231,mobile,6,0,0,0.0,2.15,0
INT-006328,CMP-007,C01161,4,20251231,mobile,13,0,0,0.0,4.65,0
INT-006329,CMP-007,C01249,4,20251231,tablet,10,0,0,0.0,3.58,0
INT-006330,CMP-007,C00255,4,20251231,desktop,6,0,0,0.0,2.15,0
INT-006331,CMP-007,C01874,4,20251231,mobile,11,0,0,0.0,3.94,0
INT-006332,CMP-007,C01134,4,20251231,mobile,6,0,0,0.0,2.15,0
INT-006333,CMP-007,C00151,4,20251231,mobile,6,0,0,0.0,2.15,0
INT-006334,CMP-007,C00494,4,20251231,mobile,9,0,0,0.0,3.22,0
INT-006335,CMP-007,C01157,4,20251231,desktop,5,0,0,0.0,1.79,0
INT-006336,CMP-007,C01709,4,20251231,desktop,8,0,0,0.0,2.86,0
INT-006337,CMP-007,C00558,4,20251231,mobile,8,0,0,0.0,2.86,0
INT-006338,CMP-007,C01623,4,20251231,mobile,12,0,0,0.0,4.3,0
INT-006339,CMP-007,C00141,4,20251231,desktop,9,0,0,0.0,3.22,0
INT-006340,CMP-007,C00565,4,20251231,mobile,5,0,0,0.0,1.79,0
INT-006341,CMP-007,C01962,4,20251231,desktop,7,0,0,0.0,2.51,0
INT-006342,CMP-007,C01176,4,20251231,mobile,4,0,0,0.0,1.43,0
INT-006343,CMP-007,C01855,4,20251231,desktop,14,0,0,0.0,5.01,0
INT-006344,CMP-007,C01776,4,20251231,mobile,8,0,0,0.0,2.86,0
INT-006345,CMP-007,C01448,4,20251231,mobile,11,0,0,0.0,3.94,0
INT-006346,CMP-007,C00631,4,20251231,desktop,8,0,0,0.0,2.86,0
INT-006347,CMP-007,C01998,4,20251231,mobile,12,0,0,0.0,4.3,0
INT-006348,CMP-007,C00161,4,20251231,mobile,6,0,0,0.0,2.15,0
INT-006349,CMP-007,C02017,4,20251231,mobile,9,0,0,0.0,3.22,0
INT-006350,CMP-007,C00401,4,20251231,mobile,7,0,0,0.0,2.51,0
INT-006351,CMP-007,C01811,4,20251231,desktop,9,0,0,0.0,3.22,0
INT-006352,CMP-007,C01664,4,20251231,mobile,10,0,0,0.0,3.58,0
INT-006353,CMP-007,C00974,4,20251231,mobile,8,0,0,0.0,2.86,0
INT-006354,CMP-007,C01071,4,20251231,mobile,4,0,0,0.0,1.43,0
INT-006355,CMP-007,C01677,4,20251231,desktop,11,0,0,0.0,3.94,0
INT-006356,CMP-007,C00559,4,20251231,mobile,10,0,0,0.0,3.58,0
INT-006357,CMP-007,C01540,4,20251231,desktop,4,0,0,0.0,1.43,0
INT-006358,CMP-007,C01435,4,20251231,mobile,15,1,0,0.0,5.37,0
INT-006359,CMP-007,C00733,4,20251231,tablet,12,1,1,131.12,4.3,1
INT-006360,CMP-007,C02191,4,20251231,mobile,9,0,0,0.0,3.22,0
INT-006361,CMP-007,C00490,4,20251231,mobile,10,0,0,0.0,3.58,0
INT-006362,CMP-007,C00392,4,20251231,mobile,5,0,0,0.0,1.79,0
INT-006363,CMP-007,C00701,4,20251231,mobile,13,0,0,0.0,4.65,0
INT-006364,CMP-007,C01626,4,20251231,mobile,7,0,0,0.0,2.51,0
INT-006365,CMP-007,C00522,4,20251231,mobile,11,0,0,0.0,3.94,0
INT-006366,CMP-007,C01166,4,20251231,mobile,8,0,0,0.0,2.86,0
INT-006367,CMP-007,C01441,4,20251231,mobile,6,0,0,0.0,2.15,0
INT-006368,CMP-007,C00762,4,20251231,desktop,7,0,0,0.0,2.51,0
INT-006369,CMP-007,C01525,4,20251231,mobile,6,0,0,0.0,2.15,0
INT-006370,CMP-007,C00220,4,20251231,mobile,6,0,0,0.0,2.15,0
INT-006371,CMP-007,C00806,4,20251231,mobile,9,1,0,0.0,3.22,0
INT-006372,CMP-007,C01192,4,20251231,mobile,8,0,0,0.0,2.86,0
INT-006373,CMP-007,C01541,4,20251231,desktop,5,0,0,0.0,1.79,0
INT-006374,CMP-007,C00125,4,20251231,mobile,7,0,0,0.0,2.51,0
INT-006375,CMP-007,C02029,4,20251231,desktop,5,0,0,0.0,1.79,0
INT-006376,CMP-007,C00824,4,20251231,desktop,10,0,0,0.0,3.58,0
INT-006377,CMP-007,C00286,4,20251231,mobile,8,0,0,0.0,2.86,0
INT-006378,CMP-007,C00321,4,20251231,desktop,8,0,0,0.0,2.86,0
INT-006379,CMP-007,C01870,4,20251231,mobile,7,0,0,0.0,2.51,0
INT-006380,CMP-007,C01057,4,20251231,mobile,14,0,0,0.0,5.01,0
INT-006381,CMP-007,C01757,4,20251231,mobile,11,1,0,0.0,3.94,0
INT-006382,CMP-007,C00500,4,20251231,desktop,9,0,0,0.0,3.22,0
INT-006383,CMP-007,C00704,4,20251231,mobile,10,0,0,0.0,3.58,0
INT-006384,CMP-062,C00508,1,20251226,tablet,5,0,0,0.0,10.64,0
INT-006385,CMP-062,C00368,1,20251226,mobile,3,1,1,299.53,6.38,1
INT-006386,CMP-062,C00008,1,20251226,tablet,6,0,0,0.0,12.76,0
INT-006387,CMP-062,C00815,1,20251226,tablet,6,1,0,0.0,12.76,0
INT-006388,CMP-062,C01113,1,20251226,mobile,3,0,0,0.0,6.38,0
INT-006389,CMP-062,C00656,1,20251226,mobile,2,1,0,0.0,4.25,0
INT-006390,CMP-062,C02163,1,20251226,mobile,3,1,1,292.34,6.38,1
INT-006391,CMP-062,C01264,1,20251226,desktop,5,0,0,0.0,10.64,0
INT-006392,CMP-062,C00062,1,20251226,desktop,1,0,0,0.0,2.13,0
INT-006393,CMP-062,C01472,1,20251226,mobile,3,0,0,0.0,6.38,0
INT-006394,CMP-062,C00698,1,20251226,mobile,4,1,1,236.33,8.51,1
INT-006395,CMP-062,C01578,1,20251226,mobile,5,0,0,0.0,10.64,0
INT-006396,CMP-062,C00032,1,20251226,desktop,3,1,0,0.0,6.38,0
INT-006397,CMP-062,C01816,1,20251226,mobile,4,0,0,0.0,8.51,0
INT-006398,CMP-062,C02062,1,20251226,mobile,2,1,1,225.27,4.25,1
INT-006399,CMP-062,C01344,1,20251226,desktop,2,0,0,0.0,4.25,0
INT-006400,CMP-062,C01312,1,20251227,mobile,4,0,0,0.0,8.51,0
INT-006401,CMP-062,C00130,1,20251227,desktop,2,0,0,0.0,4.25,0
INT-006402,CMP-062,C00687,1,20251227,desktop,1,1,1,139.11,2.13,1
INT-006403,CMP-062,C01465,1,20251227,mobile,1,0,0,0.0,2.13,0
INT-006404,CMP-062,C00819,1,20251227,desktop,2,0,0,0.0,4.25,0
INT-006405,CMP-062,C01401,1,20251227,desktop,5,0,0,0.0,10.64,0
INT-006406,CMP-062,C01332,1,20251227,desktop,3,1,1,305.91,6.38,1
INT-006407,CMP-062,C01676,1,20251227,mobile,3,1,0,0.0,6.38,0
INT-006408,CMP-062,C01729,1,20251227,mobile,3,0,0,0.0,6.38,0
INT-006409,CMP-062,C01409,1,20251227,mobile,2,0,0,0.0,4.25,0
INT-006410,CMP-062,C00297,1,20251228,mobile,5,1,0,0.0,10.64,0
INT-006411,CMP-062,C01837,1,20251228,tablet,1,0,0,0.0,2.13,0
INT-006412,CMP-062,C02183,1,20251228,mobile,4,0,0,0.0,8.51,0
INT-006413,CMP-062,C02120,1,20251228,mobile,1,0,0,0.0,2.13,0
INT-006414,CMP-062,C01999,1,20251228,mobile,4,1,1,115.16,8.51,1
INT-006415,CMP-062,C00977,1,20251228,mobile,6,0,0,0.0,12.76,0
INT-006416,CMP-062,C00054,1,20251228,mobile,3,0,0,0.0,6.38,0
INT-006417,CMP-062,C01037,1,20251228,mobile,2,0,0,0.0,4.25,0
INT-006418,CMP-062,C00984,1,20251228,mobile,4,0,0,0.0,8.51,0
INT-006419,CMP-062,C00552,1,20251228,mobile,2,1,0,0.0,4.25,0
INT-006420,CMP-062,C01180,1,20251228,mobile,5,0,0,0.0,10.64,0
INT-006421,CMP-062,C00291,1,20251229,desktop,3,0,0,0.0,6.38,0
INT-006422,CMP-062,C00435,1,20251229,desktop,3,0,0,0.0,6.38,0
INT-006423,CMP-062,C00295,1,20251229,desktop,2,0,0,0.0,4.25,0
INT-006424,CMP-062,C00341,1,20251229,desktop,3,0,0,0.0,6.38,0
INT-006425,CMP-062,C01006,1,20251229,desktop,3,1,1,283.33,6.38,1
INT-006426,CMP-062,C00227,1,20251229,desktop,1,0,0,0.0,2.13,0
INT-006427,CMP-062,C00210,1,20251229,mobile,4,2,1,195.57,8.51,1
INT-006428,CMP-062,C00268,1,20251229,desktop,3,0,0,0.0,6.38,0
INT-006429,CMP-062,C00010,1,20251230,desktop,3,0,0,0.0,6.38,0
INT-006430,CMP-062,C01608,1,20251230,mobile,2,1,1,165.95,4.25,1
INT-006431,CMP-062,C00454,1,20251230,desktop,1,0,0,0.0,2.13,0
INT-006432,CMP-062,C00236,1,20251230,mobile,5,0,0,0.0,10.64,0
INT-006433,CMP-062,C00141,1,20251230,mobile,2,1,1,180.17,4.25,1
INT-006434,CMP-062,C01549,1,20251230,mobile,2,1,1,193.16,4.25,1
INT-006435,CMP-062,C01015,1,20251230,mobile,3,0,0,0.0,6.38,0
INT-006436,CMP-062,C00600,1,20251231,desktop,1,0,0,0.0,2.13,0
INT-006437,CMP-062,C02117,1,20251231,mobile,1,0,0,0.0,2.13,0
INT-006438,CMP-062,C00757,1,20251231,tablet,1,0,0,0.0,2.13,0
INT-006439,CMP-062,C01961,1,20251231,desktop,5,0,0,0.0,10.64,0
INT-006440,CMP-062,C02014,1,20251231,tablet,3,0,0,0.0,6.38,0
INT-006441,CMP-062,C01191,1,20251231,desktop,1,0,0,0.0,2.13,0
INT-006442,CMP-062,C02066,1,20251231,desktop,4,0,0,0.0,8.51,0
INT-006443,CMP-062,C01660,1,20251231,mobile,3,0,0,0.0,6.38,0
INT-006444,CMP-062,C01210,1,20251231,mobile,2,0,0,0.0,4.25,0
INT-006445,CMP-062,C00848,1,20251231,mobile,4,2,1,247.97,8.51,1
INT-006446,CMP-062,C02063,1,20251231,desktop,1,0,0,0.0,2.13,0
INT-006447,CMP-062,C01203,1,20251231,desktop,3,1,1,196.08,6.38,1
INT-006448,CMP-062,C01764,1,20251231,mobile,6,0,0,0.0,12.76,0
INT-006449,CMP-062,C00411,1,20251231,tablet,3,1,1,272.88,6.38,1
INT-006450,CMP-062,C01174,1,20251231,tablet,1,0,0,0.0,2.13,0
INT-006451,CMP-062,C01731,1,20251231,mobile,5,1,0,0.0,10.64,0
INT-006452,CMP-062,C01019,1,20251231,desktop,2,0,0,0.0,4.25,0
INT-006453,CMP-062,C00629,1,20251231,desktop,2,0,0,0.0,4.25,0
INT-006454,CMP-062,C01473,1,20251231,mobile,3,0,0,0.0,6.38,0
INT-006455,CMP-062,C01269,1,20251231,tablet,1,0,0,0.0,2.13,0
INT-006456,CMP-062,C01770,1,20251231,mobile,1,0,0,0.0,2.13,0
INT-006457,CMP-062,C01056,1,20251231,mobile,2,0,0,0.0,4.25,0
INT-006458,CMP-062,C01570,1,20251231,desktop,2,0,0,0.0,4.25,0
INT-006459,CMP-062,C01697,1,20251231,desktop,6,3,2,348.37,12.76,1
INT-006460,CMP-062,C01951,1,20251231,mobile,3,1,0,0.0,6.38,0
INT-006461,CMP-062,C01040,1,20251231,mobile,1,0,0,0.0,2.13,0
INT-006462,CMP-062,C00822,1,20251231,desktop,5,0,0,0.0,10.64,0
INT-006463,CMP-062,C01582,1,20251231,mobile,4,0,0,0.0,8.51,0
INT-006464,CMP-062,C00397,1,20251231,mobile,2,0,0,0.0,4.25,0
INT-006465,CMP-062,C01640,1,20251231,mobile,1,0,0,0.0,2.13,0
INT-006466,CMP-062,C02159,1,20251231,desktop,3,1,1,404.66,6.38,1
INT-006467,CMP-062,C01759,1,20251231,mobile,5,2,2,564.81,10.64,1
INT-006468,CMP-062,C02081,1,20251231,mobile,8,1,1,155.56,17.02,1
INT-006469,CMP-062,C00115,1,20251231,mobile,6,0,0,0.0,12.76,0
INT-006470,CMP-062,C00970,1,20251231,desktop,3,0,0,0.0,6.38,0
INT-006471,CMP-062,C00121,1,20251231,mobile,4,0,0,0.0,8.51,0
INT-006472,CMP-062,C00192,1,20251231,mobile,3,0,0,0.0,6.38,0
INT-006473,CMP-062,C00134,1,20251231,mobile,2,1,0,0.0,4.25,0
INT-006474,CMP-062,C00223,1,20251231,desktop,1,0,0,0.0,2.13,0
INT-006475,CMP-062,C00676,1,20251231,mobile,1,0,0,0.0,2.13,0
INT-006476,CMP-062,C00668,1,20251231,tablet,2,0,0,0.0,4.25,0
INT-006477,CMP-062,C00403,1,20251231,mobile,3,0,0,0.0,6.38,0
INT-006478,CMP-062,C01898,1,20251231,mobile,1,0,0,0.0,2.13,0
INT-006479,CMP-062,C01329,1,20251231,desktop,3,0,0,0.0,6.38,0
INT-006480,CMP-062,C02139,1,20251231,mobile,3,1,1,276.76,6.38,1
INT-006481,CMP-062,C00330,1,20251231,desktop,4,1,1,169.99,8.51,1
INT-006482,CMP-062,C00139,1,20251231,desktop,5,0,0,0.0,10.64,0
INT-006483,CMP-062,C00232,1,20251231,desktop,2,0,0,0.0,4.25,0
INT-006484,CMP-062,C02020,1,20251231,desktop,4,0,0,0.0,8.51,0
INT-006485,CMP-062,C00298,1,20251231,mobile,2,0,0,0.0,4.25,0
INT-006486,CMP-062,C02064,1,20251231,desktop,4,0,0,0.0,8.51,0
INT-006487,CMP-062,C02045,1,20251231,desktop,2,0,0,0.0,4.25,0
INT-006488,CMP-062,C00146,1,20251231,mobile,5,1,0,0.0,10.64,0
INT-006489,CMP-062,C01169,1,20251231,mobile,2,0,0,0.0,4.25,0
INT-006490,CMP-062,C01502,1,20251231,mobile,4,0,0,0.0,8.51,0
INT-006491,CMP-062,C02068,1,20251231,mobile,4,1,1,275.5,8.51,1
INT-006492,CMP-062,C00144,1,20251231,desktop,2,0,0,0.0,4.25,0
INT-006493,CMP-062,C00322,1,20251231,mobile,3,0,0,0.0,6.38,0
INT-006494,CMP-062,C00472,1,20251231,mobile,2,0,0,0.0,4.25,0
INT-006495,CMP-062,C00444,1,20251231,desktop,2,0,0,0.0,4.25,0
INT-006496,CMP-062,C00312,1,20251231,mobile,1,0,0,0.0,2.13,0
INT-006497,CMP-062,C01855,1,20251231,mobile,2,0,0,0.0,4.25,0
INT-006498,CMP-062,C02021,1,20251231,mobile,3,0,0,0.0,6.38,0
INT-006499,CMP-062,C01856,1,20251231,mobile,2,0,0,0.0,4.25,0
INT-006500,CMP-062,C01390,1,20251231,desktop,5,0,0,0.0,10.64,0
INT-006501,CMP-062,C01091,1,20251231,mobile,4,0,0,0.0,8.51,0
INT-006502,CMP-062,C01419,1,20251231,mobile,5,1,0,0.0,10.64,0
INT-006503,CMP-062,C00311,1,20251231,desktop,6,1,1,200.56,12.76,1
