customer_id,touches,purchases,revenue,clicks,impressions,email_share,search_share,desktop_share,recency_days,days_since_last_touch,ctr,was_buyer_2024,customer_age,customer_segment,region,tenure_months,loyalty_member,email_opt_in,past_purchases_12m,app_sessions_30d,churned,churn_probability
C00664,2.0,1.0,220.46,1.0,15.0,0.5,0.0,1.0,277.0,61.0,0.06666666666666667,1.0,34,Regular,Czech Republic,8,1,1,1,8,1,0.8007986670360877
C01545,2.0,0.0,0.0,0.0,17.0,0.0,0.0,1.0,999.0,175.0,0.0,0.0,54,Regular,Central Slovakia,28,0,0,0,22,0,0.8051634663406066
C02154,2.0,0.0,0.0,0.0,11.0,0.0,0.5,0.5,999.0,188.0,0.0,0.0,25,New,Bratislava,48,0,0,0,1,1,0.9110758215651547
C00614,0.0,0.0,0.0,0.0,0.0,0.0,0.0,0.0,999.0,0.0,0.0,0.0,43,New,Bratislava,33,0,1,0,2,1,0.9214570477247493
C01669,4.0,0.0,0.0,1.0,14.0,0.25,0.5,0.25,999.0,57.0,0.07142857142857142,0.0,41,Regular,Eastern Slovakia,43,0,1,2,2,0,0.7736011964109093
C00318,2.0,0.0,0.0,0.0,12.0,0.0,0.5,0.0,999.0,157.0,0.0,0.0,30,New,Central Slovakia,50,0,0,2,13,1,0.8737455204684509
C00001,0.0,0.0,0.0,0.0,0.0,0.0,0.0,0.0,999.0,0.0,0.0,0.0,42,Regular,Eastern Slovakia,20,1,1,8,11,1,0.6879400069225069
C00168,2.0,1.0,267.47,0.0,11.0,0.0,0.0,0.0,187.0,115.0,0.0,1.0,43,Regular,Central Slovakia,69,1,1,0,8,1,0.8553667579378198
C00722,3.0,0.0,0.0,1.0,28.0,0.0,0.0,0.3333333333333333,999.0,59.0,0.03571428571428571,0.0,52,Regular,Central Slovakia,68,0,0,3,31,0,0.724556162257638
C00267,2.0,0.0,0.0,0.0,13.0,0.0,0.0,0.0,999.0,176.0,0.0,0.0,40,New,Western Slovakia,67,0,0,1,7,1,0.8852551155657465
C00730,4.0,0.0,0.0,0.0,16.0,0.25,0.5,0.0,999.0,76.0,0.0,0.0,25,Loyal,Central Slovakia,1,0,1,0,1,1,0.7087972843506052
C00840,3.0,0.0,0.0,2.0,16.0,0.3333333333333333,0.0,0.0,999.0,72.0,0.125,0.0,34,At-Risk,Central Slovakia,62,0,1,3,1,1,0.9054846559531144
C01449,3.0,0.0,0.0,1.0,20.0,0.0,0.3333333333333333,0.0,999.0,92.0,0.05,0.0,34,New,Central Slovakia,53,0,1,0,2,0,0.8816739672371816
C00587,1.0,0.0,0.0,0.0,4.0,0.0,1.0,0.0,999.0,175.0,0.0,0.0,24,Regular,Eastern Slovakia,4,0,0,2,10,1,0.8937785541740635
C00164,3.0,1.0,92.21,3.0,25.0,0.0,0.0,0.3333333333333333,99.0,99.0,0.12,1.0,28,Regular,Western Slovakia,20,1,1,2,2,0,0.8098548902095498
C01842,3.0,2.0,728.0799999999999,0.0,49.0,0.0,0.0,0.3333333333333333,50.0,50.0,0.0,1.0,38,Loyal,Czech Republic,27,0,1,5,27,1,0.7075875411241777
C00646,0.0,0.0,0.0,0.0,0.0,0.0,0.0,0.0,999.0,0.0,0.0,0.0,36,New,Central Slovakia,2,0,1,1,4,1,0.9027595281369181
C01323,0.0,0.0,0.0,0.0,0.0,0.0,0.0,0.0,999.0,0.0,0.0,0.0,38,Regular,Bratislava,17,1,0,0,3,1,0.8925280775924428
C00259,1.0,0.0,0.0,1.0,5.0,0.0,0.0,0.0,999.0,302.0,0.2,0.0,36,Regular,Bratislava,21,0,0,0,1,1,0.9177348624207464
C01984,0.0,0.0,0.0,0.0,0.0,0.0,0.0,0.0,999.0,0.0,0.0,0.0,35,Loyal,Czech Republic,16,0,0,3,1,1,0.8181773493101927
C01158,2.0,0.0,0.0,0.0,15.0,0.5,0.0,0.0,999.0,154.0,0.0,0.0,56,New,Central Slovakia,49,0,1,3,9,1,0.8446777869245813
C00170,1.0,0.0,0.0,1.0,12.0,0.0,0.0,0.0,999.0,93.0,0.08333333333333333,0.0,38,At-Risk,Western Slovakia,58,0,0,0,3,1,0.961650314061389
C01637,3.0,0.0,0.0,0.0,15.0,0.3333333333333333,0.3333333333333333,0.0,999.0,3.0,0.0,0.0,18,At-Risk,Western Slovakia,27,0,0,3,0,1,0.9291061213257361
C00188,3.0,1.0,240.98,1.0,19.0,0.0,0.6666666666666666,0.6666666666666666,7.0,7.0,0.05263157894736842,1.0,23,Regular,Central Slovakia,55,1,1,3,5,1,0.7826599275170729
C00888,1.0,0.0,0.0,1.0,9.0,0.0,0.0,1.0,999.0,96.0,0.1111111111111111,0.0,33,New,Central Slovakia,6,0,0,3,5,0,0.8428026182019813
C01013,2.0,0.0,0.0,1.0,12.0,0.5,0.0,1.0,999.0,174.0,0.08333333333333333,0.0,32,New,Bratislava,56,0,1,1,11,0,0.807014856963994
C00774,2.0,0.0,0.0,0.0,13.0,0.5,0.0,0.0,999.0,96.0,0.0,0.0,54,Regular,Bratislava,26,0,1,0,2,1,0.8865663012349672
C01856,2.0,0.0,0.0,2.0,10.0,0.0,0.5,0.0,999.0,16.0,0.2,0.0,30,New,Bratislava,47,0,1,0,3,1,0.8872493007648792
C02190,4.0,0.0,0.0,2.0,28.0,0.0,0.25,0.75,999.0,122.0,0.07142857142857142,0.0,45,Regular,Western Slovakia,22,0,0,2,18,1,0.6970649625356868
C00910,1.0,0.0,0.0,0.0,1.0,1.0,0.0,1.0,999.0,117.0,0.0,0.0,25,Regular,Eastern Slovakia,1,0,0,0,0,1,0.8825727937862495
C01160,6.0,2.0,261.22,5.0,44.0,0.3333333333333333,0.16666666666666666,0.0,101.0,67.0,0.11363636363636363,1.0,21,New,Central Slovakia,60,0,0,2,2,1,0.863081483775861
C00285,1.0,0.0,0.0,0.0,4.0,0.0,1.0,1.0,999.0,236.0,0.0,0.0,25,At-Risk,Czech Republic,59,1,0,1,3,1,0.9321085591935728
C01179,2.0,0.0,0.0,2.0,9.0,0.5,0.5,0.5,999.0,114.0,0.2222222222222222,0.0,42,At-Risk,Bratislava,40,0,1,3,1,0,0.9133439107024459
C02083,3.0,0.0,0.0,0.0,19.0,0.0,0.3333333333333333,0.3333333333333333,999.0,27.0,0.0,0.0,24,New,Central Slovakia,54,1,1,2,4,1,0.7796213934031615
C01560,3.0,0.0,0.0,2.0,20.0,0.3333333333333333,0.0,0.3333333333333333,999.0,106.0,0.1,0.0,36,Loyal,Eastern Slovakia,47,0,1,5,18,0,0.5072899195614962
C00785,1.0,0.0,0.0,0.0,6.0,0.0,0.0,0.0,999.0,252.0,0.0,0.0,38,At-Risk,Central Slovakia,40,0,0,1,3,1,0.960714195413242
C01524,2.0,0.0,0.0,0.0,21.0,0.0,0.5,0.0,999.0,0.0,0.0,0.0,36,Loyal,Czech Republic,50,0,1,1,15,1,0.7646430482899522
C01618,0.0,0.0,0.0,0.0,0.0,0.0,0.0,0.0,999.0,0.0,0.0,0.0,18,New,Bratislava,67,1,1,1,2,1,0.8772496949480637
C01411,0.0,0.0,0.0,0.0,0.0,0.0,0.0,0.0,999.0,0.0,0.0,0.0,33,New,Central Slovakia,5,1,1,3,3,1,0.8390912747874992
C01994,0.0,0.0,0.0,0.0,0.0,0.0,0.0,0.0,999.0,0.0,0.0,0.0,50,Regular,Eastern Slovakia,60,1,0,2,12,1,0.8459839818649695
C01452,2.0,0.0,0.0,0.0,8.0,0.5,0.0,0.0,999.0,73.0,0.0,0.0,44,New,Bratislava,40,1,1,2,3,0,0.820064704756228
C00163,3.0,1.0,215.41,1.0,16.0,0.0,0.6666666666666666,0.0,262.0,171.0,0.0625,1.0,64,Regular,Central Slovakia,60,1,1,3,3,1,0.7937456080326235
C01553,6.0,0.0,0.0,1.0,34.0,0.3333333333333333,0.0,0.16666666666666666,999.0,107.0,0.029411764705882353,0.0,31,Regular,Central Slovakia,67,1,1,3,5,1,0.6033303147467585
C00006,1.0,0.0,0.0,0.0,14.0,0.0,0.0,0.0,999.0,148.0,0.0,0.0,22,Regular,Western Slovakia,10,0,1,1,9,1,0.8677848937517556
C00861,2.0,0.0,0.0,0.0,15.0,0.0,0.5,1.0,999.0,70.0,0.0,0.0,26,Regular,Western Slovakia,40,1,1,5,13,1,0.5723728432831536
C01322,1.0,0.0,0.0,0.0,3.0,0.0,0.0,0.0,999.0,257.0,0.0,0.0,31,New,Eastern Slovakia,42,0,0,0,5,1,0.9287521450623114
C01763,1.0,0.0,0.0,2.0,14.0,0.0,0.0,1.0,999.0,284.0,0.14285714285714285,0.0,30,At-Risk,Western Slovakia,14,0,0,0,3,1,0.9458416889255619
C00412,0.0,0.0,0.0,0.0,0.0,0.0,0.0,0.0,999.0,0.0,0.0,0.0,18,Regular,Eastern Slovakia,66,0,0,0,3,1,0.9250849396810158
C01684,2.0,0.0,0.0,0.0,17.0,0.0,0.0,1.0,999.0,102.0,0.0,0.0,53,New,Bratislava,14,0,0,0,4,1,0.893954798671368
C00200,3.0,1.0,182.9,2.0,33.0,0.3333333333333333,0.0,0.0,5.0,2.0,0.06060606060606061,1.0,36,Regular,Western Slovakia,12,0,1,1,11,0,0.8945907614865127
C01212,8.0,1.0,480.47,0.0,44.0,0.25,0.125,0.0,301.0,51.0,0.0,1.0,32,Loyal,Bratislava,10,1,1,7,17,0,0.28614657873340504
C00551,1.0,0.0,0.0,1.0,9.0,0.0,0.0,0.0,999.0,304.0,0.1111111111111111,0.0,43,At-Risk,Bratislava,34,0,0,0,6,1,0.9666671663032548
C00968,0.0,0.0,0.0,0.0,0.0,0.0,0.0,0.0,999.0,0.0,0.0,0.0,29,New,Czech Republic,44,0,0,0,0,1,0.9424244264717309
C00324,1.0,0.0,0.0,0.0,3.0,0.0,0.0,0.0,999.0,316.0,0.0,0.0,47,Loyal,Western Slovakia,49,1,1,2,5,0,0.6331437720047176
C02126,0.0,0.0,0.0,0.0,0.0,0.0,0.0,0.0,999.0,0.0,0.0,0.0,40,New,Central Slovakia,64,0,1,6,8,1,0.8135994366029319
C00281,0.0,0.0,0.0,0.0,0.0,0.0,0.0,0.0,999.0,0.0,0.0,0.0,44,Regular,Western Slovakia,12,0,0,1,1,1,0.8995327413371366
C01546,1.0,0.0,0.0,1.0,7.0,0.0,1.0,0.0,999.0,250.0,0.14285714285714285,0.0,35,Regular,Western Slovakia,68,1,1,2,3,1,0.8050960322089566
C01080,2.0,0.0,0.0,1.0,8.0,0.5,0.5,0.0,999.0,148.0,0.125,0.0,55,New,Eastern Slovakia,1,0,1,0,4,1,0.9014079620067937
C00837,1.0,0.0,0.0,2.0,8.0,0.0,1.0,0.0,999.0,273.0,0.25,0.0,34,New,Eastern Slovakia,35,0,0,0,2,1,0.9403948897412423
C01643,2.0,0.0,0.0,0.0,20.0,0.0,0.0,0.5,999.0,222.0,0.0,0.0,18,Regular,Central Slovakia,17,0,0,1,2,1,0.8878378843527901
C02102,2.0,0.0,0.0,0.0,29.0,0.0,0.0,0.0,999.0,7.0,0.0,0.0,18,New,Bratislava,17,0,1,4,5,0,0.8875022935059342
C02145,1.0,0.0,0.0,0.0,11.0,0.0,0.0,0.0,999.0,65.0,0.0,0.0,29,Regular,Czech Republic,40,1,0,3,7,1,0.846654181116181
C01047,3.0,1.0,147.55,2.0,19.0,0.3333333333333333,0.3333333333333333,0.0,125.0,125.0,0.10526315789473684,1.0,32,Loyal,Czech Republic,11,0,0,2,7,1,0.8267542655568565
C01902,2.0,1.0,175.44,1.0,9.0,0.5,0.0,1.0,296.0,296.0,0.1111111111111111,1.0,51,Regular,Czech Republic,4,1,0,2,10,0,0.8015188701935163
C02037,1.0,0.0,0.0,0.0,5.0,0.0,0.0,1.0,999.0,349.0,0.0,0.0,32,At-Risk,Bratislava,24,0,1,0,0,1,0.9450726530865752
C00530,0.0,0.0,0.0,0.0,0.0,0.0,0.0,0.0,999.0,0.0,0.0,0.0,57,New,Czech Republic,31,0,1,1,2,1,0.9167225316971686
C01189,1.0,0.0,0.0,0.0,9.0,0.0,0.0,1.0,999.0,170.0,0.0,0.0,45,New,Bratislava,35,0,0,0,2,1,0.9056704570546187
C00769,2.0,0.0,0.0,1.0,9.0,0.0,0.5,0.0,999.0,170.0,0.1111111111111111,0.0,23,Regular,Bratislava,55,0,0,0,3,1,0.8965898721288675
C01331,3.0,0.0,0.0,0.0,20.0,0.0,0.3333333333333333,0.0,999.0,186.0,0.0,0.0,18,Loyal,Czech Republic,38,0,1,4,12,0,0.6534341468471844
C00116,6.0,0.0,0.0,2.0,49.0,0.3333333333333333,0.0,0.3333333333333333,999.0,65.0,0.04081632653061224,0.0,32,Loyal,Central Slovakia,58,0,1,5,7,1,0.4900243827054736
C01190,3.0,0.0,0.0,0.0,9.0,0.0,0.6666666666666666,0.3333333333333333,999.0,12.0,0.0,0.0,36,Regular,Central Slovakia,51,0,1,1,7,0,0.7777800968510991
C01413,0.0,0.0,0.0,0.0,0.0,0.0,0.0,0.0,999.0,0.0,0.0,0.0,19,At-Risk,Central Slovakia,51,0,1,0,0,1,0.9613456506233089
C02077,4.0,0.0,0.0,0.0,17.0,0.25,0.5,0.0,999.0,173.0,0.0,0.0,38,New,Western Slovakia,55,0,0,2,6,0,0.8277385436541563
C01445,2.0,1.0,507.68,1.0,16.0,0.0,0.5,0.0,167.0,167.0,0.0625,1.0,36,Loyal,Bratislava,29,0,1,4,3,1,0.7619428308608975
C01146,1.0,0.0,0.0,0.0,1.0,1.0,0.0,0.0,999.0,119.0,0.0,0.0,46,At-Risk,Central Slovakia,41,0,1,0,0,1,0.9534967119236026
C01400,1.0,1.0,280.71,2.0,3.0,1.0,0.0,1.0,339.0,339.0,0.6666666666666666,1.0,21,Loyal,Eastern Slovakia,11,1,0,2,9,0,0.7019167194905273
C01295,2.0,0.0,0.0,1.0,14.0,0.0,0.5,0.5,999.0,186.0,0.07142857142857142,0.0,41,Regular,Central Slovakia,44,1,0,2,5,1,0.7907232752062939
C01997,2.0,0.0,0.0,1.0,26.0,0.0,0.0,1.0,999.0,67.0,0.038461538461538464,0.0,42,Loyal,Central Slovakia,28,0,1,3,1,0,0.6690333966091436
C00275,2.0,0.0,0.0,0.0,6.0,0.0,1.0,0.0,999.0,9.0,0.0,0.0,57,At-Risk,Bratislava,65,1,0,2,2,1,0.929945407773276
C01660,3.0,0.0,0.0,0.0,18.0,0.0,0.0,0.0,999.0,113.0,0.0,0.0,40,Loyal,Central Slovakia,29,1,1,3,16,0,0.5153390245923423
C01731,2.0,1.0,203.7,1.0,11.0,0.0,0.5,0.0,79.0,79.0,0.09090909090909091,1.0,37,New,Bratislava,47,1,1,4,1,0,0.8680127802063224
C00632,1.0,0.0,0.0,0.0,4.0,1.0,0.0,0.0,999.0,99.0,0.0,0.0,69,New,Central Slovakia,29,0,0,0,2,1,0.922098356323535
C01878,2.0,0.0,0.0,0.0,14.0,0.0,0.5,1.0,999.0,110.0,0.0,0.0,60,Regular,Central Slovakia,16,0,1,1,3,0,0.8145400104813596
C01676,3.0,0.0,0.0,0.0,23.0,0.0,0.3333333333333333,0.3333333333333333,999.0,215.0,0.0,0.0,19,Regular,Western Slovakia,62,1,0,0,6,0,0.8182582452182907
C01847,3.0,1.0,223.94,1.0,7.0,0.6666666666666666,0.3333333333333333,0.0,118.0,16.0,0.14285714285714285,1.0,38,Regular,Eastern Slovakia,26,0,1,1,3,1,0.8830816515260308
C00449,1.0,0.0,0.0,0.0,3.0,1.0,0.0,0.0,999.0,111.0,0.0,0.0,51,Regular,Eastern Slovakia,14,0,0,0,2,1,0.9182385445920984
C00074,1.0,0.0,0.0,0.0,11.0,0.0,0.0,0.0,999.0,11.0,0.0,0.0,44,New,Eastern Slovakia,4,0,1,2,2,1,0.9095504900535208
C00736,2.0,0.0,0.0,0.0,19.0,0.0,0.0,1.0,999.0,13.0,0.0,0.0,40,New,Eastern Slovakia,71,0,1,1,3,1,0.865374980785743
C01968,3.0,0.0,0.0,0.0,26.0,0.3333333333333333,0.0,1.0,999.0,73.0,0.0,0.0,37,New,Bratislava,51,0,1,0,5,0,0.8575341053172568
C01760,1.0,0.0,0.0,0.0,7.0,0.0,0.0,1.0,999.0,346.0,0.0,0.0,39,Regular,Eastern Slovakia,67,1,0,8,2,0,0.6827397912154596
C01915,6.0,3.0,634.72,1.0,44.0,0.16666666666666666,0.3333333333333333,0.0,296.0,101.0,0.022727272727272728,1.0,52,Regular,Eastern Slovakia,15,1,0,4,9,1,0.7386190769153487
C02045,6.0,2.0,565.84,2.0,63.0,0.0,0.3333333333333333,0.8333333333333334,40.0,40.0,0.031746031746031744,1.0,21,Loyal,Eastern Slovakia,26,1,1,2,16,1,0.610114357883936
C01887,3.0,0.0,0.0,1.0,19.0,0.0,0.6666666666666666,0.3333333333333333,999.0,35.0,0.05263157894736842,0.0,25,Regular,Western Slovakia,61,0,1,2,6,0,0.7678497531353976
C02078,0.0,0.0,0.0,0.0,0.0,0.0,0.0,0.0,999.0,0.0,0.0,0.0,39,Loyal,Bratislava,3,1,0,1,2,1,0.789498687150579
C01255,2.0,2.0,444.31,1.0,10.0,0.0,0.5,0.0,20.0,20.0,0.1,1.0,29,Loyal,Central Slovakia,64,1,0,4,12,0,0.6726686197036457
C00686,1.0,0.0,0.0,0.0,8.0,0.0,1.0,1.0,999.0,180.0,0.0,0.0,32,Regular,Western Slovakia,37,0,1,3,16,1,0.7323180219009837
C01789,0.0,0.0,0.0,0.0,0.0,0.0,0.0,0.0,999.0,0.0,0.0,0.0,42,Regular,Eastern Slovakia,53,0,0,2,1,1,0.9104234700941279
C00659,2.0,0.0,0.0,0.0,4.0,0.5,0.5,0.0,999.0,17.0,0.0,0.0,53,At-Risk,Western Slovakia,24,0,0,1,2,1,0.9427006852470277
C02116,1.0,0.0,0.0,0.0,4.0,0.0,1.0,0.0,999.0,2.0,0.0,0.0,35,New,Central Slovakia,56,0,0,1,4,1,0.9131142378794773
C00809,2.0,0.0,0.0,1.0,17.0,0.0,0.0,0.0,999.0,178.0,0.058823529411764705,0.0,34,New,Western Slovakia,23,1,1,2,2,0,0.8183693446100425
C01817,0.0,0.0,0.0,0.0,0.0,0.0,0.0,0.0,999.0,0.0,0.0,0.0,46,New,Bratislava,62,0,1,1,2,1,0.9102730520540663
C00379,2.0,0.0,0.0,0.0,11.0,0.5,0.0,1.0,999.0,98.0,0.0,0.0,57,New,Eastern Slovakia,21,0,1,1,7,0,0.8383026165341654
C00219,1.0,0.0,0.0,0.0,12.0,0.0,0.0,1.0,999.0,29.0,0.0,0.0,36,Regular,Eastern Slovakia,46,0,0,1,2,0,0.8837266881460147
C00851,3.0,0.0,0.0,0.0,19.0,0.3333333333333333,0.0,0.3333333333333333,999.0,130.0,0.0,0.0,34,At-Risk,Central Slovakia,2,0,0,0,1,0,0.9525763336455095
C01098,0.0,0.0,0.0,0.0,0.0,0.0,0.0,0.0,999.0,0.0,0.0,0.0,44,Regular,Central Slovakia,56,0,1,4,1,1,0.8420223476483413
C01536,2.0,0.0,0.0,1.0,14.0,0.5,0.5,0.0,999.0,96.0,0.07142857142857142,0.0,26,At-Risk,Western Slovakia,6,0,0,1,7,1,0.9471823988515282
C00065,1.0,2.0,587.36,0.0,11.0,0.0,0.0,1.0,190.0,190.0,0.0,1.0,47,Regular,Bratislava,57,0,1,4,7,1,0.8089696039226204
C01646,4.0,1.0,213.7,1.0,24.0,0.0,0.25,0.0,184.0,11.0,0.041666666666666664,1.0,39,Regular,Western Slovakia,66,1,0,3,25,1,0.701661098716737
C00312,1.0,0.0,0.0,1.0,16.0,0.0,0.0,0.0,999.0,171.0,0.0625,0.0,43,Regular,Western Slovakia,51,0,0,6,1,1,0.8357362352197288
C00832,2.0,1.0,180.29,1.0,20.0,0.0,0.5,0.5,254.0,190.0,0.05,1.0,57,New,Western Slovakia,51,0,0,2,2,1,0.9127076241622166
C02018,1.0,0.0,0.0,1.0,3.0,1.0,0.0,1.0,999.0,108.0,0.3333333333333333,0.0,30,Loyal,Eastern Slovakia,37,0,0,0,1,1,0.7881546314537059
C00315,0.0,0.0,0.0,0.0,0.0,0.0,0.0,0.0,999.0,0.0,0.0,0.0,48,Regular,Western Slovakia,62,1,1,3,12,1,0.7443054837065501
C02023,1.0,1.0,156.95,3.0,8.0,0.0,0.0,0.0,342.0,342.0,0.375,1.0,40,Loyal,Czech Republic,42,1,0,6,15,0,0.6418048399526489
C00998,3.0,1.0,203.02,1.0,16.0,0.0,0.3333333333333333,0.3333333333333333,230.0,43.0,0.0625,1.0,39,Loyal,Western Slovakia,50,1,1,6,9,0,0.465310921587864
C02014,2.0,1.0,271.22,1.0,14.0,0.0,0.5,0.0,93.0,93.0,0.07142857142857142,1.0,38,Loyal,Bratislava,47,0,1,4,22,1,0.699662445123088
C01286,1.0,0.0,0.0,0.0,11.0,0.0,0.0,0.0,999.0,187.0,0.0,0.0,41,Loyal,Czech Republic,63,1,1,5,15,0,0.5872982064971359
C00246,2.0,0.0,0.0,1.0,16.0,0.5,0.0,0.0,999.0,91.0,0.0625,0.0,23,Regular,Central Slovakia,59,1,1,4,22,1,0.6533428480619448
C00142,2.0,0.0,0.0,1.0,14.0,0.5,0.0,0.5,999.0,99.0,0.07142857142857142,0.0,26,Loyal,Western Slovakia,30,0,1,3,5,1,0.6117814714901205
C02087,3.0,1.0,195.64,1.0,12.0,0.0,0.6666666666666666,0.0,256.0,174.0,0.08333333333333333,1.0,37,New,Bratislava,48,1,0,5,15,1,0.7863210664256644
C01976,1.0,1.0,454.86,0.0,12.0,0.0,0.0,0.0,179.0,179.0,0.0,1.0,47,Loyal,Bratislava,34,1,0,4,5,1,0.7695103487869581
C00435,0.0,0.0,0.0,0.0,0.0,0.0,0.0,0.0,999.0,0.0,0.0,0.0,49,New,Eastern Slovakia,24,0,1,7,1,1,0.846520560190041
C01639,2.0,0.0,0.0,0.0,13.0,0.0,0.5,0.5,999.0,166.0,0.0,0.0,38,At-Risk,Western Slovakia,58,0,1,3,3,1,0.9097444780700576
C02058,0.0,0.0,0.0,0.0,0.0,0.0,0.0,0.0,999.0,0.0,0.0,0.0,18,Regular,Bratislava,13,1,0,3,7,0,0.8406135891130726
C01285,0.0,0.0,0.0,0.0,0.0,0.0,0.0,0.0,999.0,0.0,0.0,0.0,39,Loyal,Bratislava,11,1,1,1,9,1,0.7154912778319404
C02024,1.0,0.0,0.0,0.0,1.0,0.0,1.0,0.0,999.0,165.0,0.0,0.0,37,Loyal,Central Slovakia,36,1,0,5,9,0,0.6131159898086859
C00540,0.0,0.0,0.0,0.0,0.0,0.0,0.0,0.0,999.0,0.0,0.0,0.0,29,Regular,Bratislava,61,0,1,2,11,1,0.8551830042223139
C00534,2.0,0.0,0.0,0.0,8.0,0.5,0.5,0.0,999.0,99.0,0.0,0.0,43,Regular,Bratislava,12,0,1,2,8,1,0.8349195512877768
C00608,4.0,1.0,137.53,2.0,31.0,0.0,0.25,1.0,310.0,108.0,0.06451612903225806,1.0,43,Regular,Central Slovakia,70,0,0,6,1,1,0.7533776590850638
C01348,2.0,0.0,0.0,0.0,10.0,0.5,0.0,0.5,999.0,99.0,0.0,0.0,29,At-Risk,Czech Republic,37,0,0,6,3,1,0.910743471180349
C00332,3.0,1.0,367.82,2.0,21.0,0.0,0.6666666666666666,0.3333333333333333,170.0,67.0,0.09523809523809523,1.0,46,Loyal,Czech Republic,60,0,0,2,13,1,0.7570200710093798
C00937,5.0,2.0,501.79,5.0,52.0,0.0,0.2,0.2,269.0,19.0,0.09615384615384616,1.0,24,Loyal,Bratislava,68,1,0,3,19,1,0.5480433588810442
C00233,4.0,0.0,0.0,0.0,36.0,0.25,0.0,0.0,999.0,114.0,0.0,0.0,42,New,Eastern Slovakia,67,0,1,7,3,1,0.8084439273645089
C01395,3.0,0.0,0.0,0.0,20.0,0.6666666666666666,0.0,0.0,999.0,101.0,0.0,0.0,18,New,Western Slovakia,64,1,1,1,3,1,0.8096751834743796
C01898,3.0,1.0,284.36,1.0,17.0,0.0,0.3333333333333333,0.0,188.0,31.0,0.058823529411764705,1.0,43,Loyal,Eastern Slovakia,5,1,1,5,10,1,0.6048252415970232
C00017,2.0,0.0,0.0,0.0,17.0,0.0,0.0,1.0,999.0,76.0,0.0,0.0,42,Loyal,Bratislava,69,0,0,2,10,1,0.6860010032658374
C00763,3.0,0.0,0.0,2.0,22.0,0.0,0.6666666666666666,0.0,999.0,156.0,0.09090909090909091,0.0,47,Loyal,Czech Republic,46,1,0,2,10,1,0.6695538244032038
C02166,3.0,1.0,327.53,0.0,22.0,0.3333333333333333,0.0,0.0,179.0,2.0,0.0,1.0,53,Loyal,Bratislava,36,0,0,1,4,1,0.8426127142338208
C01882,1.0,0.0,0.0,0.0,5.0,0.0,0.0,0.0,999.0,310.0,0.0,0.0,55,Regular,Czech Republic,17,0,1,1,2,0,0.8936438080148396
C01030,0.0,0.0,0.0,0.0,0.0,0.0,0.0,0.0,999.0,0.0,0.0,0.0,51,New,Czech Republic,55,0,0,3,9,1,0.9006607904989173
C00011,2.0,0.0,0.0,0.0,15.0,0.5,0.0,0.0,999.0,2.0,0.0,0.0,49,Loyal,Western Slovakia,43,1,1,8,7,0,0.42686964070891764
C00754,4.0,2.0,854.0899999999999,1.0,31.0,0.25,0.25,0.0,86.0,86.0,0.03225806451612903,1.0,63,Loyal,Western Slovakia,71,1,1,6,8,0,0.46267839181498427
C02031,1.0,0.0,0.0,0.0,8.0,0.0,0.0,0.0,999.0,179.0,0.0,0.0,54,New,Eastern Slovakia,67,0,1,2,9,1,0.887986399061063
C00751,2.0,1.0,201.53,1.0,16.0,0.5,0.0,0.0,999.0,0.0,0.0625,1.0,38,Loyal,Bratislava,70,1,1,6,9,0,0.4264775237159291
C00459,2.0,0.0,0.0,0.0,12.0,0.0,0.0,0.0,999.0,100.0,0.0,0.0,42,New,Central Slovakia,67,0,1,1,16,1,0.8419739154494095
C02125,2.0,1.0,131.46,1.0,11.0,0.0,0.5,0.5,349.0,225.0,0.09090909090909091,1.0,38,Regular,Western Slovakia,67,0,1,2,2,0,0.838246368998346
C00928,0.0,0.0,0.0,0.0,0.0,0.0,0.0,0.0,999.0,0.0,0.0,0.0,43,Regular,Eastern Slovakia,41,0,1,2,5,1,0.8811808545032205
C00357,0.0,0.0,0.0,0.0,0.0,0.0,0.0,0.0,999.0,0.0,0.0,0.0,41,Regular,Western Slovakia,66,1,0,0,1,1,0.8723760287967315
C00715,1.0,0.0,0.0,1.0,32.0,0.0,0.0,0.0,999.0,156.0,0.03125,0.0,35,New,Central Slovakia,66,1,0,1,3,1,0.9255597972477116
C00127,3.0,0.0,0.0,2.0,33.0,0.0,0.0,0.0,999.0,110.0,0.06060606060606061,0.0,56,Loyal,Eastern Slovakia,54,1,1,7,15,1,0.47935290687328796
C00165,1.0,1.0,178.58,1.0,4.0,0.0,1.0,0.0,269.0,269.0,0.25,1.0,48,Regular,Western Slovakia,2,0,0,5,3,1,0.8813850776035177
C01603,1.0,1.0,239.5,0.0,23.0,0.0,0.0,1.0,36.0,36.0,0.0,1.0,53,Regular,Eastern Slovakia,64,0,1,5,43,1,0.756613400343293
C02163,2.0,0.0,0.0,3.0,9.0,1.0,0.0,0.5,999.0,299.0,0.3333333333333333,0.0,54,Loyal,Western Slovakia,57,1,1,5,6,0,0.4120338247353668
C00916,2.0,3.0,1244.37,2.0,15.0,0.0,0.5,1.0,82.0,82.0,0.13333333333333333,1.0,52,Loyal,Czech Republic,66,0,1,7,18,1,0.4013505747538401
C02095,3.0,3.0,949.92,2.0,24.0,0.0,0.3333333333333333,0.0,170.0,170.0,0.08333333333333333,1.0,39,Loyal,Bratislava,69,1,1,4,19,1,0.4920822132163021
C00748,0.0,0.0,0.0,0.0,0.0,0.0,0.0,0.0,999.0,0.0,0.0,0.0,44,New,Western Slovakia,49,1,0,0,18,1,0.8523250036959399
C00616,3.0,0.0,0.0,0.0,22.0,0.0,0.3333333333333333,0.0,999.0,77.0,0.0,0.0,23,New,Western Slovakia,8,0,1,2,5,1,0.8502762313242085
C01831,0.0,0.0,0.0,0.0,0.0,0.0,0.0,0.0,999.0,0.0,0.0,0.0,47,Regular,Eastern Slovakia,5,0,1,2,4,1,0.8862625463844136
C00778,3.0,0.0,0.0,0.0,18.0,0.3333333333333333,0.3333333333333333,0.3333333333333333,999.0,177.0,0.0,0.0,43,Loyal,Bratislava,56,1,1,2,1,1,0.6271275451980615
C00652,0.0,0.0,0.0,0.0,0.0,0.0,0.0,0.0,999.0,0.0,0.0,0.0,36,At-Risk,Bratislava,71,0,0,3,7,1,0.9518622994736182
C01292,1.0,0.0,0.0,0.0,12.0,0.0,0.0,0.0,999.0,151.0,0.0,0.0,33,Regular,Central Slovakia,12,1,1,3,4,1,0.8120433108780101
C00556,3.0,1.0,180.11,3.0,16.0,0.0,0.6666666666666666,0.3333333333333333,35.0,35.0,0.1875,1.0,34,New,Western Slovakia,44,1,1,1,7,1,0.8211871406169535
C01024,3.0,2.0,551.8399999999999,1.0,29.0,0.0,0.3333333333333333,0.0,181.0,153.0,0.034482758620689655,1.0,45,Loyal,Bratislava,32,1,1,5,4,0,0.6518997278538616
C01613,1.0,0.0,0.0,0.0,6.0,0.0,0.0,0.0,999.0,308.0,0.0,0.0,37,Regular,Bratislava,6,0,1,4,24,1,0.7726259619292595
C01351,1.0,0.0,0.0,1.0,6.0,0.0,0.0,0.0,999.0,179.0,0.16666666666666666,0.0,35,New,Western Slovakia,67,1,0,4,3,1,0.8141771596900886
C00572,1.0,0.0,0.0,0.0,6.0,0.0,1.0,0.0,999.0,305.0,0.0,0.0,37,Regular,Eastern Slovakia,50,0,0,2,2,1,0.9136949158013301
C01656,1.0,0.0,0.0,1.0,17.0,0.0,0.0,0.0,999.0,157.0,0.058823529411764705,0.0,19,Regular,Czech Republic,50,0,1,5,2,1,0.8562307060196077
C00428,4.0,0.0,0.0,0.0,23.0,0.25,0.5,0.25,999.0,9.0,0.0,0.0,59,Loyal,Central Slovakia,56,1,0,4,7,0,0.5323142395199478
C02032,2.0,0.0,0.0,0.0,7.0,0.0,0.5,0.5,999.0,52.0,0.0,0.0,32,Regular,Western Slovakia,31,1,1,4,2,1,0.666584246859715
C01914,0.0,0.0,0.0,0.0,0.0,0.0,0.0,0.0,999.0,0.0,0.0,0.0,18,Regular,Bratislava,50,0,1,0,2,1,0.9039015848322446
C00439,0.0,0.0,0.0,0.0,0.0,0.0,0.0,0.0,999.0,0.0,0.0,0.0,30,New,Western Slovakia,11,0,0,0,4,1,0.9214851878730872
C01589,2.0,0.0,0.0,0.0,8.0,0.5,0.5,1.0,999.0,108.0,0.0,0.0,26,Loyal,Bratislava,64,0,1,6,19,0,0.42968441190611206
C00741,2.0,0.0,0.0,0.0,9.0,0.0,0.5,0.5,999.0,70.0,0.0,0.0,50,Loyal,Central Slovakia,10,0,1,8,4,0,0.4948604907387062
C00303,0.0,0.0,0.0,0.0,0.0,0.0,0.0,0.0,999.0,0.0,0.0,0.0,48,Regular,Western Slovakia,11,0,0,0,6,1,0.9001215565707206
C00643,0.0,0.0,0.0,0.0,0.0,0.0,0.0,0.0,999.0,0.0,0.0,0.0,63,Regular,Western Slovakia,27,0,1,1,3,1,0.8697843747501742
C00388,6.0,3.0,815.5,2.0,40.0,0.3333333333333333,0.3333333333333333,0.8333333333333334,20.0,20.0,0.05,1.0,44,New,Bratislava,44,0,1,4,6,1,0.7222950891566715
C00972,2.0,0.0,0.0,0.0,8.0,0.0,1.0,1.0,999.0,231.0,0.0,0.0,37,Loyal,Western Slovakia,59,1,1,5,10,1,0.3943529963267677
C01225,3.0,0.0,0.0,2.0,25.0,0.0,0.0,0.3333333333333333,999.0,174.0,0.08,0.0,27,Regular,Western Slovakia,8,0,1,0,11,1,0.7999572339387476
C01133,2.0,0.0,0.0,5.0,10.0,0.0,1.0,0.0,999.0,170.0,0.5,0.0,30,At-Risk,Western Slovakia,58,1,1,2,2,1,0.8790287359288078
C00532,1.0,0.0,0.0,0.0,8.0,0.0,0.0,0.0,999.0,172.0,0.0,0.0,27,New,Bratislava,61,0,0,0,4,1,0.9305650493485775
C01260,1.0,0.0,0.0,1.0,8.0,0.0,0.0,0.0,999.0,106.0,0.125,0.0,32,New,Central Slovakia,52,1,0,0,4,1,0.889520850814586
C00781,0.0,0.0,0.0,0.0,0.0,0.0,0.0,0.0,999.0,0.0,0.0,0.0,37,Loyal,Eastern Slovakia,1,0,0,0,4,1,0.8616909514762234
C00994,1.0,0.0,0.0,0.0,14.0,0.0,0.0,1.0,999.0,185.0,0.0,0.0,54,New,Eastern Slovakia,29,0,1,0,2,1,0.9029751739078254
C01777,3.0,2.0,380.15,4.0,17.0,0.0,0.6666666666666666,1.0,158.0,158.0,0.23529411764705882,1.0,22,Regular,Western Slovakia,24,0,1,5,6,1,0.664172740485528
C01050,1.0,0.0,0.0,1.0,5.0,0.0,1.0,0.0,999.0,271.0,0.2,0.0,43,New,Bratislava,41,0,1,0,3,1,0.9190362548552466
C00184,1.0,0.0,0.0,0.0,7.0,0.0,0.0,0.0,999.0,114.0,0.0,0.0,51,Regular,Bratislava,9,0,0,0,5,0,0.9132162206227492
C01004,4.0,0.0,0.0,0.0,32.0,0.5,0.0,0.25,999.0,112.0,0.0,0.0,46,Regular,Bratislava,36,1,1,1,5,1,0.7884593133175279
C00130,2.0,1.0,343.15,3.0,27.0,0.0,0.5,0.5,92.0,68.0,0.1111111111111111,1.0,27,Loyal,Bratislava,31,0,0,4,2,1,0.8066723225827686
C00735,1.0,0.0,0.0,0.0,7.0,0.0,0.0,0.0,999.0,101.0,0.0,0.0,41,New,Bratislava,69,0,0,0,4,1,0.9271722573033339
C00329,1.0,0.0,0.0,0.0,9.0,0.0,0.0,1.0,999.0,298.0,0.0,0.0,24,New,Bratislava,16,0,0,0,9,1,0.8958721202008814
C02175,2.0,0.0,0.0,0.0,13.0,0.0,0.5,1.0,999.0,35.0,0.0,0.0,42,Regular,Bratislava,1,1,1,4,4,0,0.689304046355571
C01486,0.0,0.0,0.0,0.0,0.0,0.0,0.0,0.0,999.0,0.0,0.0,0.0,28,At-Risk,Central Slovakia,65,1,0,1,1,1,0.9494708567710874
C00779,1.0,0.0,0.0,1.0,10.0,0.0,0.0,1.0,999.0,115.0,0.1,0.0,39,Regular,Bratislava,47,1,1,0,10,1,0.77144815923574
C01235,0.0,0.0,0.0,0.0,0.0,0.0,0.0,0.0,999.0,0.0,0.0,0.0,42,Loyal,Western Slovakia,59,0,1,5,9,1,0.6325541662814057
C02110,1.0,0.0,0.0,0.0,18.0,0.0,0.0,0.0,999.0,107.0,0.0,0.0,41,Loyal,Bratislava,43,0,1,1,9,1,0.8073820638077154
C02193,2.0,0.0,0.0,0.0,12.0,0.0,0.5,0.0,999.0,170.0,0.0,0.0,26,Loyal,Bratislava,54,1,1,0,5,1,0.7218969810155894
C00398,2.0,1.0,367.54,1.0,17.0,0.0,0.5,0.5,304.0,171.0,0.058823529411764705,1.0,41,Loyal,Central Slovakia,71,0,0,2,2,1,0.7868944968320759
C00783,0.0,0.0,0.0,0.0,0.0,0.0,0.0,0.0,999.0,0.0,0.0,0.0,60,New,Western Slovakia,64,1,0,1,1,1,0.8818728885655381
C00099,0.0,0.0,0.0,0.0,0.0,0.0,0.0,0.0,999.0,0.0,0.0,0.0,43,New,Eastern Slovakia,62,0,1,0,4,1,0.9220432886749067
C01019,1.0,0.0,0.0,0.0,2.0,1.0,0.0,1.0,999.0,121.0,0.0,0.0,34,At-Risk,Western Slovakia,56,0,0,0,1,0,0.9376868363466132
C01628,0.0,0.0,0.0,0.0,0.0,0.0,0.0,0.0,999.0,0.0,0.0,0.0,57,At-Risk,Western Slovakia,60,0,0,0,0,1,0.9649585985649385
C01229,2.0,0.0,0.0,0.0,18.0,0.0,0.5,0.0,999.0,5.0,0.0,0.0,45,At-Risk,Eastern Slovakia,28,0,0,0,1,1,0.9718322837605909
C00454,3.0,1.0,237.82,0.0,18.0,0.0,0.3333333333333333,0.3333333333333333,191.0,23.0,0.0,1.0,63,Loyal,Eastern Slovakia,59,1,1,2,2,1,0.714214240477746
C01222,3.0,1.0,93.72,2.0,16.0,0.3333333333333333,0.3333333333333333,0.0,45.0,45.0,0.125,1.0,53,Regular,Eastern Slovakia,63,0,1,3,3,1,0.8806617077187241
C00951,2.0,0.0,0.0,0.0,16.0,0.0,0.0,0.5,999.0,178.0,0.0,0.0,18,Loyal,Central Slovakia,54,1,0,4,16,1,0.5457611182901794
C00710,2.0,0.0,0.0,2.0,5.0,0.0,1.0,0.5,999.0,215.0,0.4,0.0,46,At-Risk,Western Slovakia,3,1,0,8,2,0,0.8103813406594356
C01483,1.0,0.0,0.0,0.0,10.0,0.0,0.0,1.0,999.0,179.0,0.0,0.0,39,Regular,Western Slovakia,33,0,0,0,4,1,0.8613717106510158
C00559,2.0,0.0,0.0,0.0,22.0,0.0,0.0,0.0,999.0,169.0,0.0,0.0,23,New,Central Slovakia,15,1,1,3,5,1,0.8355772681348135
C01086,1.0,1.0,192.89,1.0,8.0,0.0,0.0,0.0,262.0,262.0,0.125,1.0,33,Regular,Eastern Slovakia,40,0,1,1,1,1,0.9250049225114856
C01987,1.0,0.0,0.0,0.0,2.0,1.0,0.0,0.0,999.0,291.0,0.0,0.0,40,Regular,Western Slovakia,71,0,0,0,3,1,0.8908359744658924
C01484,1.0,0.0,0.0,0.0,13.0,0.0,0.0,1.0,999.0,186.0,0.0,0.0,42,Regular,Bratislava,7,1,1,3,5,1,0.7587318038264219
C01157,4.0,0.0,0.0,1.0,22.0,0.25,0.5,1.0,999.0,82.0,0.045454545454545456,0.0,38,Regular,Bratislava,18,1,0,3,12,1,0.6380026040315525
C00073,0.0,0.0,0.0,0.0,0.0,0.0,0.0,0.0,999.0,0.0,0.0,0.0,27,Regular,Eastern Slovakia,51,0,1,0,5,1,0.9042476309013568
C01782,0.0,0.0,0.0,0.0,0.0,0.0,0.0,0.0,999.0,0.0,0.0,0.0,39,Regular,Western Slovakia,37,0,1,0,2,1,0.8852276423270267
C00732,1.0,0.0,0.0,1.0,9.0,0.0,0.0,0.0,999.0,340.0,0.1111111111111111,0.0,39,New,Western Slovakia,53,0,0,0,1,1,0.9222449112544565
C00790,1.0,0.0,0.0,1.0,3.0,0.0,0.0,1.0,999.0,341.0,0.3333333333333333,0.0,36,Regular,Central Slovakia,27,1,1,1,1,1,0.768140218847017
C01055,1.0,0.0,0.0,0.0,2.0,0.0,0.0,0.0,999.0,107.0,0.0,0.0,21,Loyal,Eastern Slovakia,2,1,0,0,7,1,0.7717526796893356
C01963,3.0,0.0,0.0,0.0,34.0,0.3333333333333333,0.3333333333333333,1.0,999.0,37.0,0.0,0.0,35,Regular,Western Slovakia,14,0,0,1,5,1,0.849031884265792
C01201,0.0,0.0,0.0,0.0,0.0,0.0,0.0,0.0,999.0,0.0,0.0,0.0,22,Loyal,Eastern Slovakia,15,1,0,2,7,0,0.7602488419418816
C01993,1.0,0.0,0.0,0.0,10.0,0.0,0.0,0.0,999.0,93.0,0.0,0.0,41,Regular,Eastern Slovakia,70,1,0,2,1,1,0.8749393420689369
C01475,0.0,0.0,0.0,0.0,0.0,0.0,0.0,0.0,999.0,0.0,0.0,0.0,36,Loyal,Central Slovakia,15,0,1,3,2,0,0.7502514902922265
C00012,3.0,0.0,0.0,3.0,29.0,0.0,0.3333333333333333,0.6666666666666666,999.0,60.0,0.10344827586206896,0.0,47,At-Risk,Western Slovakia,14,1,1,4,8,1,0.8162802048522079
C00935,1.0,0.0,0.0,0.0,13.0,0.0,0.0,0.0,999.0,171.0,0.0,0.0,42,New,Bratislava,58,0,1,1,17,1,0.8864604750382871
C00141,4.0,0.0,0.0,0.0,22.0,0.25,0.0,0.0,999.0,56.0,0.0,0.0,43,Regular,Bratislava,34,0,1,0,6,0,0.8350434808323357
C01354,4.0,1.0,137.76,2.0,31.0,0.25,0.25,0.0,327.0,65.0,0.06451612903225806,1.0,42,New,Central Slovakia,37,0,1,0,6,1,0.8947910145286487
C01920,0.0,0.0,0.0,0.0,0.0,0.0,0.0,0.0,999.0,0.0,0.0,0.0,20,Regular,Central Slovakia,55,0,1,2,4,0,0.8647568304078546
C01338,1.0,0.0,0.0,1.0,10.0,0.0,0.0,0.0,999.0,286.0,0.1,0.0,46,Regular,Eastern Slovakia,22,0,0,2,1,1,0.9106269700938322
C01812,2.0,0.0,0.0,1.0,9.0,1.0,0.0,0.5,999.0,0.0,0.1111111111111111,0.0,18,Loyal,Bratislava,32,0,1,4,9,0,0.5794587607833184
C01166,0.0,0.0,0.0,0.0,0.0,0.0,0.0,0.0,999.0,0.0,0.0,0.0,28,New,Bratislava,42,0,0,0,1,1,0.9377958457948208
C00639,0.0,0.0,0.0,0.0,0.0,0.0,0.0,0.0,999.0,0.0,0.0,0.0,45,New,Czech Republic,52,0,1,1,4,1,0.9120552940500819
C00432,2.0,2.0,467.11,2.0,7.0,1.0,0.0,1.0,244.0,244.0,0.2857142857142857,1.0,44,Loyal,Central Slovakia,43,1,1,8,2,0,0.3823159709324567
C01046,0.0,0.0,0.0,0.0,0.0,0.0,0.0,0.0,999.0,0.0,0.0,0.0,28,At-Risk,Bratislava,50,0,1,1,3,1,0.9572836910539263
C01903,0.0,0.0,0.0,0.0,0.0,0.0,0.0,0.0,999.0,0.0,0.0,0.0,45,Regular,Eastern Slovakia,39,1,0,1,2,1,0.8885039217071283
C01339,0.0,0.0,0.0,0.0,0.0,0.0,0.0,0.0,999.0,0.0,0.0,0.0,71,Loyal,Eastern Slovakia,66,1,1,4,18,1,0.5920707751885668
C01152,1.0,0.0,0.0,0.0,3.0,0.0,1.0,1.0,999.0,306.0,0.0,0.0,50,Loyal,Bratislava,56,1,1,5,7,0,0.5033336925405356
C00050,0.0,0.0,0.0,0.0,0.0,0.0,0.0,0.0,999.0,0.0,0.0,0.0,39,Loyal,Eastern Slovakia,2,1,0,1,2,1,0.8020401499033247
C00742,1.0,0.0,0.0,0.0,13.0,0.0,0.0,0.0,999.0,185.0,0.0,0.0,52,Loyal,Central Slovakia,70,0,0,1,2,1,0.8345435824974647
C00863,1.0,1.0,396.95,0.0,12.0,0.0,0.0,0.0,295.0,295.0,0.0,1.0,37,Loyal,Western Slovakia,17,0,0,2,11,1,0.8071257341818413
C02170,3.0,0.0,0.0,1.0,18.0,0.3333333333333333,0.0,0.6666666666666666,999.0,182.0,0.05555555555555555,0.0,31,Regular,Bratislava,63,0,1,4,1,0,0.7464143764634876
C00756,0.0,0.0,0.0,0.0,0.0,0.0,0.0,0.0,999.0,0.0,0.0,0.0,52,Loyal,Bratislava,56,0,1,5,5,1,0.6984208479276174
C00086,0.0,0.0,0.0,0.0,0.0,0.0,0.0,0.0,999.0,0.0,0.0,0.0,44,Loyal,Bratislava,54,1,0,0,13,0,0.7594472114927198
C00624,1.0,0.0,0.0,1.0,4.0,0.0,1.0,0.0,999.0,216.0,0.25,0.0,31,New,Western Slovakia,62,1,0,5,6,1,0.7997136166031776
C01561,1.0,0.0,0.0,0.0,1.0,0.0,1.0,0.0,999.0,220.0,0.0,0.0,33,Regular,Eastern Slovakia,70,1,0,6,2,1,0.7960560756899148
C00859,0.0,0.0,0.0,0.0,0.0,0.0,0.0,0.0,999.0,0.0,0.0,0.0,18,New,Bratislava,70,0,0,0,5,1,0.9309447686977153
C00899,2.0,0.0,0.0,2.0,18.0,0.0,0.0,0.0,999.0,0.0,0.1111111111111111,0.0,44,Loyal,Central Slovakia,37,1,0,0,3,1,0.7386344243656287
C01416,2.0,0.0,0.0,0.0,11.0,0.5,0.0,0.0,999.0,104.0,0.0,0.0,28,Regular,Western Slovakia,46,0,1,1,2,1,0.8423376873284696
C00502,1.0,0.0,0.0,1.0,11.0,0.0,0.0,1.0,999.0,331.0,0.09090909090909091,0.0,49,Loyal,Eastern Slovakia,23,1,1,2,6,0,0.6291010597752664
C00174,1.0,0.0,0.0,0.0,4.0,0.0,1.0,0.0,999.0,225.0,0.0,0.0,23,New,Eastern Slovakia,16,1,0,4,7,1,0.8604891200000723
C01829,2.0,0.0,0.0,4.0,18.0,0.0,0.5,0.0,999.0,69.0,0.2222222222222222,0.0,27,New,Eastern Slovakia,67,1,1,3,7,1,0.7909097705501573
C01517,1.0,0.0,0.0,0.0,14.0,0.0,0.0,1.0,999.0,175.0,0.0,0.0,29,Regular,Eastern Slovakia,42,0,1,1,6,1,0.8574588625006248
C00670,0.0,0.0,0.0,0.0,0.0,0.0,0.0,0.0,999.0,0.0,0.0,0.0,18,Loyal,Western Slovakia,54,0,1,1,6,1,0.7527455967068574
C00527,4.0,0.0,0.0,0.0,42.0,0.25,0.0,0.25,999.0,104.0,0.0,0.0,55,Regular,Western Slovakia,57,0,1,4,7,1,0.7789375679207347
C00042,4.0,0.0,0.0,1.0,21.0,0.0,0.5,0.0,999.0,66.0,0.047619047619047616,0.0,45,Loyal,Eastern Slovakia,40,0,1,8,3,0,0.5058139027981078
C00024,3.0,0.0,0.0,1.0,23.0,0.0,0.3333333333333333,0.3333333333333333,999.0,156.0,0.043478260869565216,0.0,36,Loyal,Bratislava,28,0,1,1,2,0,0.7349468997234335
C02069,3.0,0.0,0.0,0.0,20.0,0.0,0.3333333333333333,0.3333333333333333,999.0,173.0,0.0,0.0,44,Loyal,Bratislava,26,0,1,3,6,0,0.667309159505758
C01548,1.0,0.0,0.0,1.0,4.0,0.0,1.0,0.0,999.0,332.0,0.25,0.0,28,Loyal,Eastern Slovakia,53,0,1,4,4,0,0.7454528916403047
C01864,0.0,0.0,0.0,0.0,0.0,0.0,0.0,0.0,999.0,0.0,0.0,0.0,50,Regular,Bratislava,37,0,0,0,5,1,0.9172380666208804
C00825,0.0,0.0,0.0,0.0,0.0,0.0,0.0,0.0,999.0,0.0,0.0,0.0,18,Loyal,Western Slovakia,52,1,1,3,10,1,0.6043084360056691
C02034,2.0,1.0,198.5,1.0,13.0,0.0,0.5,1.0,236.0,154.0,0.07692307692307693,1.0,33,New,Eastern Slovakia,1,1,1,5,8,1,0.7704486837404684
C00815,1.0,0.0,0.0,0.0,4.0,0.0,0.0,0.0,999.0,311.0,0.0,0.0,30,Regular,Western Slovakia,15,1,0,0,4,0,0.85847989381389
C01922,4.0,1.0,201.43,1.0,21.0,0.25,0.25,0.0,82.0,3.0,0.047619047619047616,1.0,50,Loyal,Bratislava,23,0,1,3,11,1,0.703845937385698
C01570,4.0,0.0,0.0,0.0,33.0,0.0,0.25,1.0,999.0,38.0,0.0,0.0,19,Loyal,Czech Republic,46,1,1,5,5,1,0.47145759323315767
C02007,2.0,0.0,0.0,1.0,11.0,0.5,0.5,0.0,999.0,101.0,0.09090909090909091,0.0,37,New,Western Slovakia,54,1,0,1,4,0,0.8454686963426259
C01036,2.0,1.0,280.66,1.0,20.0,0.0,0.5,1.0,999.0,0.0,0.05,1.0,38,Regular,Czech Republic,58,0,0,3,3,1,0.7759418609457046
C02118,3.0,0.0,0.0,1.0,28.0,0.0,0.0,0.0,999.0,66.0,0.03571428571428571,0.0,39,Regular,Western Slovakia,23,0,0,3,6,1,0.8337117203681224
C01713,1.0,0.0,0.0,0.0,3.0,0.0,0.0,0.0,999.0,188.0,0.0,0.0,46,Loyal,Western Slovakia,31,1,1,5,5,0,0.5391665668592349
C01334,1.0,0.0,0.0,0.0,13.0,0.0,0.0,0.0,999.0,349.0,0.0,0.0,41,Loyal,Eastern Slovakia,63,1,0,0,5,1,0.8228648085027982
C00002,2.0,1.0,146.99,1.0,14.0,0.0,0.5,0.5,94.0,94.0,0.07142857142857142,1.0,26,Loyal,Czech Republic,28,0,1,5,5,1,0.7418009726409746
C01771,0.0,0.0,0.0,0.0,0.0,0.0,0.0,0.0,999.0,0.0,0.0,0.0,33,New,Western Slovakia,46,1,0,3,1,1,0.8562054017392797
C02188,2.0,0.0,0.0,2.0,10.0,0.0,1.0,0.5,999.0,248.0,0.2,0.0,32,New,Central Slovakia,41,0,1,1,3,1,0.8532067881870441
C00897,1.0,0.0,0.0,0.0,15.0,0.0,0.0,0.0,999.0,175.0,0.0,0.0,30,Loyal,Eastern Slovakia,10,0,0,6,6,0,0.7633715455924474
C01332,2.0,1.0,465.23,1.0,18.0,0.0,0.0,1.0,173.0,173.0,0.05555555555555555,1.0,25,Loyal,Czech Republic,67,0,0,5,8,0,0.6863069634915746
C02080,1.0,0.0,0.0,2.0,24.0,0.0,0.0,1.0,999.0,129.0,0.08333333333333333,0.0,27,At-Risk,Bratislava,65,0,0,1,4,1,0.9549597750541695
C01858,2.0,1.0,177.16,2.0,11.0,0.0,1.0,0.5,267.0,146.0,0.18181818181818182,1.0,51,Loyal,Eastern Slovakia,50,0,0,4,8,0,0.7487953921941046
C00411,4.0,2.0,798.17,2.0,30.0,0.0,0.5,0.0,166.0,79.0,0.06666666666666667,1.0,20,Loyal,Western Slovakia,27,0,1,3,1,0,0.656438453976442
C00095,2.0,0.0,0.0,0.0,21.0,0.0,0.0,0.0,999.0,13.0,0.0,0.0,18,Loyal,Western Slovakia,40,0,1,2,12,0,0.6948244686871866
C01744,3.0,1.0,155.5,3.0,26.0,0.0,0.3333333333333333,0.6666666666666666,178.0,99.0,0.11538461538461539,1.0,22,Regular,Western Slovakia,71,0,1,2,6,1,0.8146731938592812
C01612,2.0,0.0,0.0,0.0,8.0,0.0,1.0,0.0,999.0,223.0,0.0,0.0,35,New,Western Slovakia,59,0,1,2,4,0,0.8541726527291981
C00819,3.0,1.0,365.29,1.0,14.0,0.3333333333333333,0.3333333333333333,0.6666666666666666,83.0,29.0,0.07142857142857142,1.0,41,Loyal,Czech Republic,43,1,1,1,3,0,0.6787193907653911
C02061,3.0,0.0,0.0,0.0,24.0,0.0,0.3333333333333333,0.6666666666666666,999.0,13.0,0.0,0.0,21,Regular,Eastern Slovakia,67,0,0,2,2,1,0.8594448024479149
C00885,5.0,2.0,560.89,1.0,40.0,0.0,0.2,0.0,42.0,42.0,0.025,1.0,25,Loyal,Western Slovakia,57,1,1,5,2,1,0.5639647469181788
C01911,4.0,2.0,361.97,3.0,24.0,0.0,0.5,0.0,50.0,50.0,0.125,1.0,29,Regular,Western Slovakia,14,1,0,1,18,0,0.7717683463432207
C01944,2.0,0.0,0.0,1.0,9.0,0.5,0.0,0.0,999.0,0.0,0.1111111111111111,0.0,18,Loyal,Bratislava,65,1,1,1,5,1,0.6468227315352147
C00541,0.0,0.0,0.0,0.0,0.0,0.0,0.0,0.0,999.0,0.0,0.0,0.0,18,Loyal,Bratislava,43,1,0,3,6,1,0.7226821675115883
C01172,0.0,0.0,0.0,0.0,0.0,0.0,0.0,0.0,999.0,0.0,0.0,0.0,18,Regular,Western Slovakia,40,0,0,0,4,1,0.9028965518715268
C00905,1.0,0.0,0.0,1.0,3.0,1.0,0.0,1.0,999.0,249.0,0.3333333333333333,0.0,31,New,Czech Republic,8,0,1,4,3,1,0.818716913635343
C00295,1.0,0.0,0.0,0.0,9.0,0.0,0.0,0.0,999.0,190.0,0.0,0.0,35,Regular,Bratislava,21,1,0,1,22,1,0.8241067240312584
C01889,2.0,0.0,0.0,1.0,20.0,0.0,0.0,0.0,999.0,92.0,0.05,0.0,19,Loyal,Bratislava,39,1,1,1,7,0,0.6968022234474311
C00726,5.0,0.0,0.0,0.0,20.0,0.2,0.6,0.0,999.0,100.0,0.0,0.0,56,Loyal,Bratislava,10,1,0,4,14,0,0.47337569448295114
C01187,5.0,0.0,0.0,1.0,45.0,0.2,0.0,0.2,999.0,48.0,0.022222222222222223,0.0,34,Regular,Bratislava,29,1,0,6,6,1,0.7039149544065765
C01958,1.0,0.0,0.0,0.0,10.0,0.0,0.0,1.0,999.0,13.0,0.0,0.0,24,New,Bratislava,33,1,1,0,5,0,0.8314891760113674
C01616,1.0,0.0,0.0,0.0,9.0,0.0,0.0,1.0,999.0,187.0,0.0,0.0,44,Regular,Eastern Slovakia,4,0,0,0,1,1,0.8980689843730035
C01977,1.0,0.0,0.0,0.0,1.0,1.0,0.0,0.0,999.0,254.0,0.0,0.0,18,Regular,Bratislava,6,0,1,0,3,0,0.8901693664120035
C00976,2.0,2.0,533.63,2.0,9.0,0.0,1.0,0.0,23.0,23.0,0.2222222222222222,1.0,26,Loyal,Central Slovakia,39,0,0,0,7,1,0.8349863974992139
C00775,2.0,0.0,0.0,0.0,9.0,0.5,0.5,1.0,999.0,246.0,0.0,0.0,38,Regular,Western Slovakia,16,0,0,1,0,0,0.831895334737497
C00955,1.0,0.0,0.0,0.0,3.0,1.0,0.0,1.0,999.0,118.0,0.0,0.0,29,At-Risk,Central Slovakia,69,0,1,0,6,0,0.9235738598697012
C00511,1.0,0.0,0.0,0.0,2.0,1.0,0.0,1.0,999.0,257.0,0.0,0.0,19,Regular,Bratislava,67,0,1,0,3,1,0.83916807651692
C00549,4.0,1.0,207.81,2.0,30.0,0.0,0.5,1.0,27.0,27.0,0.06666666666666667,1.0,46,Regular,Western Slovakia,11,0,0,3,6,0,0.818278184491618
C00648,3.0,0.0,0.0,2.0,24.0,0.3333333333333333,0.3333333333333333,0.0,999.0,96.0,0.08333333333333333,0.0,18,New,Central Slovakia,12,1,1,2,1,1,0.8151817631381152
C01663,0.0,0.0,0.0,0.0,0.0,0.0,0.0,0.0,999.0,0.0,0.0,0.0,37,Loyal,Bratislava,20,0,0,3,6,0,0.7897932832939444
C01657,4.0,0.0,0.0,0.0,23.0,0.25,0.5,1.0,999.0,113.0,0.0,0.0,43,Loyal,Czech Republic,33,0,1,3,3,1,0.587086159331208
C00721,1.0,0.0,0.0,0.0,7.0,0.0,0.0,0.0,999.0,191.0,0.0,0.0,37,Regular,Central Slovakia,1,0,1,0,4,0,0.88950586220125
C02152,3.0,1.0,319.41,0.0,16.0,0.6666666666666666,0.0,0.0,183.0,150.0,0.0,1.0,47,Loyal,Bratislava,69,1,1,9,12,0,0.45200661341568227
C01318,0.0,0.0,0.0,0.0,0.0,0.0,0.0,0.0,999.0,0.0,0.0,0.0,43,Regular,Central Slovakia,52,1,1,3,4,1,0.7985037334316335
C01525,2.0,1.0,179.34,1.0,8.0,0.5,0.5,0.0,243.0,17.0,0.125,1.0,33,Loyal,Czech Republic,63,0,0,1,6,1,0.8380259661306002
C00653,0.0,0.0,0.0,0.0,0.0,0.0,0.0,0.0,999.0,0.0,0.0,0.0,58,New,Bratislava,8,0,0,0,2,1,0.9375471657256503
C01132,3.0,0.0,0.0,3.0,25.0,0.3333333333333333,0.0,0.0,999.0,153.0,0.12,0.0,35,Loyal,Western Slovakia,40,0,1,1,2,1,0.6896801143005427
C02099,1.0,0.0,0.0,0.0,24.0,0.0,0.0,1.0,999.0,134.0,0.0,0.0,18,Regular,Eastern Slovakia,24,1,1,0,2,1,0.8694740791937161
C01312,1.0,0.0,0.0,0.0,7.0,0.0,0.0,0.0,999.0,156.0,0.0,0.0,48,Regular,Czech Republic,45,1,1,6,9,1,0.7281493941989342
C01555,2.0,0.0,0.0,1.0,20.0,0.0,0.0,0.0,999.0,103.0,0.05,0.0,21,New,Bratislava,2,1,1,6,11,1,0.745479848743268
C02089,2.0,0.0,0.0,0.0,16.0,0.5,0.0,0.5,999.0,80.0,0.0,0.0,30,Regular,Western Slovakia,25,1,0,3,8,0,0.7475558119978022
C01565,0.0,0.0,0.0,0.0,0.0,0.0,0.0,0.0,999.0,0.0,0.0,0.0,27,Regular,Bratislava,49,0,0,0,5,1,0.9169370153375567
C01239,3.0,0.0,0.0,1.0,15.0,0.3333333333333333,0.3333333333333333,1.0,999.0,258.0,0.06666666666666667,0.0,45,New,Eastern Slovakia,43,0,1,3,2,0,0.7909423172353025
C01406,4.0,1.0,150.43,4.0,34.0,0.25,0.25,0.25,69.0,69.0,0.11764705882352941,1.0,46,New,Eastern Slovakia,45,1,1,3,17,1,0.7941870569222946
C00417,3.0,0.0,0.0,1.0,18.0,0.0,0.6666666666666666,0.6666666666666666,999.0,100.0,0.05555555555555555,0.0,51,At-Risk,Bratislava,14,0,0,3,6,1,0.9175428357176669
C01088,0.0,0.0,0.0,0.0,0.0,0.0,0.0,0.0,999.0,0.0,0.0,0.0,19,At-Risk,Central Slovakia,15,0,0,1,1,1,0.9653013810090397
C00684,0.0,0.0,0.0,0.0,0.0,0.0,0.0,0.0,999.0,0.0,0.0,0.0,32,At-Risk,Western Slovakia,21,1,0,4,1,1,0.9229488081545634
C01446,4.0,0.0,0.0,2.0,21.0,0.0,0.5,1.0,999.0,171.0,0.09523809523809523,0.0,41,Regular,Eastern Slovakia,30,0,1,0,8,1,0.7565541230647652
C01006,3.0,2.0,467.89,2.0,20.0,0.6666666666666666,0.0,1.0,8.0,8.0,0.1,1.0,42,Loyal,Central Slovakia,25,0,1,7,13,0,0.47111788238390206
C00057,1.0,0.0,0.0,0.0,3.0,0.0,0.0,0.0,999.0,93.0,0.0,0.0,35,Regular,Western Slovakia,43,0,0,0,2,1,0.8907535156503689
C01774,2.0,2.0,353.04,2.0,17.0,0.5,0.0,0.5,240.0,173.0,0.11764705882352941,1.0,58,At-Risk,Bratislava,2,1,1,1,3,1,0.932610053348957
C01941,1.0,0.0,0.0,0.0,12.0,0.0,0.0,1.0,999.0,186.0,0.0,0.0,23,New,Bratislava,53,0,0,1,2,1,0.9006753812166721
C01819,1.0,0.0,0.0,0.0,5.0,1.0,0.0,0.0,999.0,107.0,0.0,0.0,44,At-Risk,Bratislava,53,0,1,0,5,1,0.9558841658001963
C02073,2.0,1.0,241.33,1.0,12.0,0.0,0.5,1.0,253.0,109.0,0.08333333333333333,1.0,18,Regular,Bratislava,18,0,1,0,15,1,0.8378558990952445
C01231,4.0,0.0,0.0,0.0,13.0,0.5,0.5,0.25,999.0,116.0,0.0,0.0,31,Regular,Eastern Slovakia,15,0,0,0,4,1,0.8520571741294581
C00313,1.0,0.0,0.0,1.0,1.0,1.0,0.0,0.0,999.0,259.0,1.0,0.0,59,Loyal,Czech Republic,58,1,1,0,2,1,0.7838397593176236
C01058,2.0,1.0,153.5,1.0,11.0,0.0,0.5,0.0,45.0,45.0,0.09090909090909091,1.0,43,New,Western Slovakia,24,0,1,2,2,1,0.9106676321410058
C00889,2.0,0.0,0.0,0.0,12.0,0.0,0.5,0.0,999.0,230.0,0.0,0.0,18,Loyal,Eastern Slovakia,16,0,0,3,6,1,0.7805158233893345
C01960,0.0,0.0,0.0,0.0,0.0,0.0,0.0,0.0,999.0,0.0,0.0,0.0,31,New,Bratislava,37,0,0,0,1,1,0.93797660162496
C01896,1.0,0.0,0.0,0.0,5.0,0.0,0.0,0.0,999.0,93.0,0.0,0.0,31,New,Central Slovakia,21,1,0,1,5,1,0.874906340081034
C00543,3.0,0.0,0.0,0.0,22.0,0.0,0.6666666666666666,0.6666666666666666,999.0,16.0,0.0,0.0,41,Loyal,Central Slovakia,18,0,1,2,3,1,0.6696435038737366
C00552,2.0,1.0,136.29,1.0,8.0,0.0,1.0,0.5,263.0,69.0,0.125,1.0,45,Regular,Central Slovakia,69,0,1,5,13,1,0.7615741003656209
C01773,2.0,1.0,242.51,1.0,8.0,0.0,0.5,1.0,274.0,96.0,0.125,1.0,22,Regular,Central Slovakia,46,0,0,1,1,1,0.8653026050935815
C01048,1.0,0.0,0.0,0.0,11.0,0.0,0.0,1.0,999.0,179.0,0.0,0.0,45,Regular,Western Slovakia,69,0,1,4,8,1,0.7323071715859435
C01681,1.0,0.0,0.0,0.0,3.0,1.0,0.0,0.0,999.0,96.0,0.0,0.0,20,Regular,Bratislava,5,0,0,7,9,1,0.7907314076297668
C01586,0.0,0.0,0.0,0.0,0.0,0.0,0.0,0.0,999.0,0.0,0.0,0.0,19,Regular,Eastern Slovakia,64,0,1,1,4,1,0.8945149072384043
C00617,0.0,0.0,0.0,0.0,0.0,0.0,0.0,0.0,999.0,0.0,0.0,0.0,47,Regular,Central Slovakia,21,0,0,1,1,1,0.9087602307837297
C00029,2.0,1.0,232.94,2.0,13.0,0.0,0.5,0.5,305.0,265.0,0.15384615384615385,1.0,43,Loyal,Eastern Slovakia,2,1,0,0,4,1,0.7877972608791296
C00522,1.0,0.0,0.0,0.0,2.0,0.0,0.0,0.0,999.0,74.0,0.0,0.0,27,Loyal,Bratislava,70,0,1,3,11,1,0.677164089941149
C02079,3.0,0.0,0.0,1.0,36.0,0.0,0.0,0.0,999.0,24.0,0.027777777777777776,0.0,18,Loyal,Western Slovakia,2,0,0,1,5,1,0.7972735336176539
C02052,0.0,0.0,0.0,0.0,0.0,0.0,0.0,0.0,999.0,0.0,0.0,0.0,23,Loyal,Western Slovakia,26,0,1,2,3,1,0.7465237484131065
C01952,2.0,0.0,0.0,0.0,8.0,0.0,0.5,0.0,999.0,172.0,0.0,0.0,41,Loyal,Bratislava,4,0,0,1,8,1,0.783546812244474
C01598,3.0,0.0,0.0,0.0,5.0,0.3333333333333333,0.6666666666666666,0.3333333333333333,999.0,86.0,0.0,0.0,41,Loyal,Bratislava,15,1,1,8,16,1,0.30424425703230723
C00330,1.0,0.0,0.0,0.0,5.0,0.0,0.0,1.0,999.0,171.0,0.0,0.0,32,At-Risk,Central Slovakia,70,1,1,6,11,0,0.790566907099013
C00026,1.0,0.0,0.0,0.0,2.0,0.0,1.0,0.0,999.0,3.0,0.0,0.0,34,New,Central Slovakia,61,1,0,0,1,1,0.8949198974941562
C01906,1.0,0.0,0.0,0.0,24.0,0.0,0.0,0.0,999.0,123.0,0.0,0.0,24,New,Western Slovakia,49,0,0,1,3,1,0.9348101868409487
C00689,1.0,0.0,0.0,0.0,3.0,1.0,0.0,0.0,999.0,147.0,0.0,0.0,32,New,Bratislava,51,1,1,1,3,1,0.8595959805726052
C01854,0.0,0.0,0.0,0.0,0.0,0.0,0.0,0.0,999.0,0.0,0.0,0.0,46,Regular,Bratislava,9,0,1,0,2,1,0.9060251771349315
C01254,1.0,1.0,275.96,1.0,3.0,0.0,1.0,1.0,228.0,228.0,0.3333333333333333,1.0,42,Regular,Eastern Slovakia,39,0,1,0,1,1,0.9042560883349189
C01733,3.0,0.0,0.0,0.0,13.0,0.3333333333333333,0.3333333333333333,0.0,999.0,264.0,0.0,0.0,35,Regular,Eastern Slovakia,18,0,0,0,3,1,0.8966941563363359
C00442,1.0,0.0,0.0,0.0,13.0,0.0,0.0,1.0,999.0,180.0,0.0,0.0,42,Regular,Bratislava,16,0,0,0,10,0,0.8779851528655704
C01025,1.0,1.0,217.12,1.0,3.0,1.0,0.0,0.0,188.0,188.0,0.3333333333333333,1.0,18,Loyal,Central Slovakia,2,0,1,1,13,1,0.8012763552996063
C02176,1.0,0.0,0.0,1.0,3.0,0.0,1.0,1.0,999.0,249.0,0.3333333333333333,0.0,39,Regular,Czech Republic,20,0,0,0,2,1,0.8926190183744492
C00771,4.0,1.0,308.88,1.0,34.0,0.0,0.25,0.0,224.0,97.0,0.029411764705882353,1.0,59,Regular,Bratislava,18,1,1,1,5,1,0.84969494010286
C01274,3.0,0.0,0.0,1.0,28.0,0.3333333333333333,0.0,0.3333333333333333,999.0,106.0,0.03571428571428571,0.0,42,Regular,Eastern Slovakia,46,1,1,2,13,1,0.7553710722375768
C00354,0.0,0.0,0.0,0.0,0.0,0.0,0.0,0.0,999.0,0.0,0.0,0.0,48,Loyal,Western Slovakia,55,0,0,1,1,1,0.8104814022193155
C01473,2.0,1.0,304.88,1.0,11.0,0.5,0.0,1.0,181.0,181.0,0.09090909090909091,1.0,38,Loyal,Eastern Slovakia,1,0,1,2,6,1,0.7250938953082828
C00185,2.0,0.0,0.0,1.0,17.0,0.5,0.0,0.0,999.0,120.0,0.058823529411764705,0.0,43,Loyal,Central Slovakia,22,0,1,2,0,0,0.7485914772279462
C00589,2.0,0.0,0.0,0.0,6.0,0.5,0.5,0.0,999.0,283.0,0.0,0.0,41,Regular,Eastern Slovakia,39,1,1,3,7,1,0.7733282711675417
C00853,1.0,0.0,0.0,1.0,7.0,0.0,0.0,0.0,999.0,270.0,0.14285714285714285,0.0,49,At-Risk,Eastern Slovakia,48,1,1,1,3,1,0.9398594090131532
C01980,0.0,0.0,0.0,0.0,0.0,0.0,0.0,0.0,999.0,0.0,0.0,0.0,44,New,Bratislava,69,0,0,4,2,1,0.8979508726317487
C00966,1.0,0.0,0.0,0.0,12.0,0.0,0.0,1.0,999.0,172.0,0.0,0.0,22,Loyal,Western Slovakia,27,0,1,1,3,0,0.6992307635662952
C00119,0.0,0.0,0.0,0.0,0.0,0.0,0.0,0.0,999.0,0.0,0.0,0.0,57,Regular,Central Slovakia,50,0,0,1,11,1,0.8851565780070242
C01247,2.0,2.0,854.43,3.0,8.0,0.5,0.5,0.5,29.0,1.0,0.375,1.0,33,Loyal,Bratislava,57,0,0,2,4,1,0.7319977577259109
C00593,1.0,0.0,0.0,0.0,2.0,1.0,0.0,1.0,999.0,263.0,0.0,0.0,60,Regular,Western Slovakia,33,1,1,1,2,1,0.7338486276223466
C01778,2.0,0.0,0.0,0.0,11.0,0.0,1.0,0.0,999.0,150.0,0.0,0.0,41,Regular,Western Slovakia,45,0,0,0,3,1,0.8922521157041331
C01407,1.0,0.0,0.0,0.0,2.0,0.0,1.0,0.0,999.0,180.0,0.0,0.0,41,New,Central Slovakia,3,1,1,3,6,0,0.8198654279809419
C00982,0.0,0.0,0.0,0.0,0.0,0.0,0.0,0.0,999.0,0.0,0.0,0.0,20,New,Western Slovakia,4,1,0,1,0,1,0.8896853187986519
C00187,0.0,0.0,0.0,0.0,0.0,0.0,0.0,0.0,999.0,0.0,0.0,0.0,40,Regular,Western Slovakia,19,0,0,1,1,1,0.8991354796056366
C01614,1.0,0.0,0.0,0.0,9.0,0.0,0.0,0.0,999.0,171.0,0.0,0.0,39,Regular,Western Slovakia,31,0,0,1,9,1,0.8789114152174268
C01672,2.0,0.0,0.0,0.0,14.0,0.0,0.5,0.0,999.0,282.0,0.0,0.0,19,Loyal,Western Slovakia,1,0,1,1,8,1,0.736618193030353
C01810,1.0,0.0,0.0,1.0,5.0,0.0,1.0,0.0,999.0,178.0,0.2,0.0,50,Loyal,Bratislava,43,1,1,1,4,0,0.7277875613652776
C01748,2.0,0.0,0.0,0.0,8.0,0.5,0.5,1.0,999.0,175.0,0.0,0.0,42,Regular,Bratislava,27,0,1,0,1,1,0.8347796827044577
C01711,1.0,0.0,0.0,0.0,10.0,0.0,0.0,0.0,999.0,30.0,0.0,0.0,31,Regular,Central Slovakia,23,1,0,1,8,0,0.8532541114550508
C01901,0.0,0.0,0.0,0.0,0.0,0.0,0.0,0.0,999.0,0.0,0.0,0.0,31,New,Eastern Slovakia,24,0,0,1,2,0,0.9344021726977886
C01481,1.0,0.0,0.0,0.0,5.0,0.0,0.0,0.0,999.0,86.0,0.0,0.0,43,At-Risk,Czech Republic,54,0,1,3,3,1,0.9422061177784764
C00265,1.0,0.0,0.0,0.0,11.0,0.0,0.0,1.0,999.0,177.0,0.0,0.0,44,New,Central Slovakia,24,0,1,0,8,1,0.8651747656880423
C02076,2.0,0.0,0.0,1.0,22.0,0.0,0.0,1.0,999.0,123.0,0.045454545454545456,0.0,23,Regular,Czech Republic,55,0,0,1,12,1,0.844001762613891
C01277,3.0,0.0,0.0,1.0,16.0,0.3333333333333333,0.3333333333333333,0.0,999.0,94.0,0.0625,0.0,31,New,Central Slovakia,10,0,1,2,1,0,0.8501204383141721
C01558,3.0,0.0,0.0,0.0,33.0,0.3333333333333333,0.0,0.0,999.0,8.0,0.0,0.0,47,Regular,Eastern Slovakia,68,0,1,0,3,1,0.9049999130644821
C01973,2.0,0.0,0.0,3.0,15.0,0.0,0.5,0.0,999.0,114.0,0.2,0.0,39,Regular,Central Slovakia,42,0,0,0,1,1,0.8896983641539162
C00242,2.0,1.0,278.31,0.0,15.0,0.0,0.0,0.0,179.0,102.0,0.0,1.0,37,Regular,Bratislava,62,1,1,2,5,1,0.856806882512356
C01380,3.0,0.0,0.0,1.0,24.0,0.0,0.6666666666666666,0.3333333333333333,999.0,169.0,0.041666666666666664,0.0,56,New,Eastern Slovakia,7,0,1,0,12,0,0.8785878360990144
C01085,1.0,0.0,0.0,0.0,1.0,1.0,0.0,1.0,999.0,26.0,0.0,0.0,39,Regular,Eastern Slovakia,18,0,1,0,1,1,0.8484754175263074
C01173,0.0,0.0,0.0,0.0,0.0,0.0,0.0,0.0,999.0,0.0,0.0,0.0,37,Regular,Central Slovakia,65,1,1,1,2,1,0.8403252809944527
C01236,3.0,0.0,0.0,1.0,20.0,0.0,0.6666666666666666,0.0,999.0,172.0,0.05,0.0,28,Loyal,Bratislava,45,0,0,2,1,1,0.7775090910048771
C00570,0.0,0.0,0.0,0.0,0.0,0.0,0.0,0.0,999.0,0.0,0.0,0.0,40,At-Risk,Western Slovakia,2,1,1,1,14,1,0.9114178511540234
C01750,2.0,0.0,0.0,0.0,18.0,0.5,0.0,1.0,999.0,131.0,0.0,0.0,49,New,Czech Republic,44,0,0,1,7,1,0.8826633907069533
C01518,1.0,0.0,0.0,0.0,2.0,0.0,1.0,0.0,999.0,279.0,0.0,0.0,54,Regular,Bratislava,70,0,0,0,3,1,0.915780755819838
C01258,5.0,5.0,1221.03,3.0,23.0,0.2,0.4,1.0,82.0,82.0,0.13043478260869565,1.0,38,Loyal,Eastern Slovakia,23,0,1,4,10,1,0.37727858483315757
C01002,0.0,0.0,0.0,0.0,0.0,0.0,0.0,0.0,999.0,0.0,0.0,0.0,29,Regular,Central Slovakia,56,0,1,0,3,1,0.8929797066068463
C01680,3.0,0.0,0.0,2.0,16.0,0.6666666666666666,0.0,0.0,999.0,72.0,0.125,0.0,35,At-Risk,Bratislava,11,0,1,0,0,1,0.9418569734582102
C01756,2.0,0.0,0.0,0.0,11.0,0.5,0.0,0.5,999.0,299.0,0.0,0.0,46,New,Central Slovakia,18,0,0,0,2,1,0.9017608050105291
C00666,0.0,0.0,0.0,0.0,0.0,0.0,0.0,0.0,999.0,0.0,0.0,0.0,18,New,Czech Republic,29,0,1,0,4,1,0.9230912823905342
C00834,2.0,0.0,0.0,1.0,7.0,0.5,0.5,1.0,999.0,14.0,0.14285714285714285,0.0,33,Loyal,Western Slovakia,34,0,0,6,1,0,0.5213491159121949
C00583,1.0,0.0,0.0,0.0,6.0,0.0,0.0,1.0,999.0,345.0,0.0,0.0,34,Regular,Bratislava,3,0,0,6,13,1,0.7423922674711743
C01430,0.0,0.0,0.0,0.0,0.0,0.0,0.0,0.0,999.0,0.0,0.0,0.0,47,New,Bratislava,47,0,1,1,3,1,0.9092748309902051
C00400,2.0,0.0,0.0,0.0,23.0,0.0,0.0,0.0,999.0,65.0,0.0,0.0,30,Loyal,Eastern Slovakia,28,0,1,3,8,1,0.7576590325342374
C00008,0.0,0.0,0.0,0.0,0.0,0.0,0.0,0.0,999.0,0.0,0.0,0.0,34,Loyal,Central Slovakia,43,0,0,2,4,1,0.800066510557927
C00898,5.0,1.0,176.1,2.0,54.0,0.2,0.2,0.0,14.0,14.0,0.037037037037037035,1.0,28,Loyal,Eastern Slovakia,47,0,1,4,6,1,0.8028080689502057
C00700,0.0,0.0,0.0,0.0,0.0,0.0,0.0,0.0,999.0,0.0,0.0,0.0,36,Loyal,Bratislava,36,1,1,8,17,0,0.46463319709756673
C00238,2.0,0.0,0.0,0.0,13.0,0.0,0.5,0.0,999.0,220.0,0.0,0.0,36,Loyal,Western Slovakia,65,1,1,7,11,0,0.444525297351537
C01667,2.0,0.0,0.0,1.0,14.0,0.0,0.5,0.5,999.0,96.0,0.07142857142857142,0.0,41,Regular,Western Slovakia,65,0,1,0,5,1,0.8238974389638285
C01358,3.0,0.0,0.0,0.0,28.0,0.0,0.3333333333333333,0.6666666666666666,999.0,30.0,0.0,0.0,32,New,Eastern Slovakia,58,0,1,2,6,0,0.858489587751581
C00945,0.0,0.0,0.0,0.0,0.0,0.0,0.0,0.0,999.0,0.0,0.0,0.0,41,Regular,Western Slovakia,31,0,0,1,4,1,0.8917452640232492
C00249,1.0,0.0,0.0,0.0,7.0,0.0,0.0,1.0,999.0,172.0,0.0,0.0,73,Loyal,Central Slovakia,10,0,1,1,3,1,0.6989368580677547
C01437,1.0,0.0,0.0,1.0,8.0,0.0,1.0,0.0,999.0,231.0,0.125,0.0,33,Regular,Bratislava,23,0,0,1,5,1,0.9112761300523808
C01396,6.0,1.0,249.57,1.0,57.0,0.3333333333333333,0.0,0.0,170.0,3.0,0.017543859649122806,1.0,60,Loyal,Eastern Slovakia,50,1,1,5,5,1,0.6515387549996636
C00558,0.0,0.0,0.0,0.0,0.0,0.0,0.0,0.0,999.0,0.0,0.0,0.0,26,Loyal,Central Slovakia,21,0,1,5,1,1,0.7058270907422025
C00970,5.0,0.0,0.0,2.0,30.0,0.2,0.2,0.6,999.0,73.0,0.06666666666666667,0.0,38,Regular,Western Slovakia,47,0,0,4,4,0,0.673082318603317
C00849,2.0,1.0,221.36,1.0,13.0,0.0,0.5,1.0,69.0,69.0,0.07692307692307693,1.0,30,New,Bratislava,51,1,0,6,1,1,0.8157912792192925
C00877,2.0,1.0,134.54,1.0,11.0,1.0,0.0,1.0,6.0,6.0,0.09090909090909091,1.0,38,Regular,Central Slovakia,69,1,0,4,4,1,0.7953697319362192
C00098,4.0,0.0,0.0,1.0,23.0,0.25,0.0,0.0,999.0,57.0,0.043478260869565216,0.0,26,Loyal,Bratislava,23,1,1,8,2,0,0.40821410519518464
C02160,3.0,0.0,0.0,1.0,18.0,0.6666666666666666,0.0,1.0,999.0,107.0,0.05555555555555555,0.0,29,New,Bratislava,37,1,1,6,18,0,0.5414392315990509
C00535,1.0,0.0,0.0,0.0,3.0,0.0,1.0,0.0,999.0,183.0,0.0,0.0,19,New,Western Slovakia,11,0,0,3,2,1,0.8910183183206146
C01388,1.0,0.0,0.0,0.0,6.0,0.0,0.0,1.0,999.0,89.0,0.0,0.0,25,New,Western Slovakia,38,1,0,1,3,1,0.8130474814566985
C01044,2.0,0.0,0.0,1.0,15.0,0.5,0.0,0.0,999.0,111.0,0.06666666666666667,0.0,39,Regular,Western Slovakia,6,0,1,5,4,1,0.7662980831429774
C00545,2.0,0.0,0.0,0.0,12.0,0.5,0.0,1.0,999.0,261.0,0.0,0.0,35,Loyal,Central Slovakia,56,0,1,1,13,1,0.6144481503728827
C01571,1.0,0.0,0.0,0.0,5.0,1.0,0.0,0.0,999.0,185.0,0.0,0.0,38,Loyal,Czech Republic,23,0,0,3,0,1,0.8081122350395691
C00504,2.0,0.0,0.0,0.0,10.0,0.0,0.0,0.0,999.0,58.0,0.0,0.0,20,New,Czech Republic,37,1,1,5,7,1,0.7609476934749954
C02021,2.0,0.0,0.0,2.0,25.0,0.0,0.0,0.0,999.0,63.0,0.08,0.0,38,At-Risk,Western Slovakia,8,0,1,9,3,0,0.8649559296083502
C01163,0.0,0.0,0.0,0.0,0.0,0.0,0.0,0.0,999.0,0.0,0.0,0.0,35,Regular,Bratislava,51,0,1,3,3,0,0.8635499759547981
C00634,4.0,0.0,0.0,0.0,25.0,0.0,0.25,0.0,999.0,108.0,0.0,0.0,18,Regular,Bratislava,44,1,1,4,13,1,0.67244238545603
C01804,2.0,0.0,0.0,0.0,20.0,0.0,0.5,0.0,999.0,284.0,0.0,0.0,33,Regular,Western Slovakia,64,1,1,4,16,1,0.714486694559248
C01883,3.0,2.0,744.4,1.0,21.0,0.3333333333333333,0.3333333333333333,0.0,1.0,1.0,0.047619047619047616,1.0,33,Regular,Western Slovakia,60,0,0,3,3,1,0.8587918145646847
C02127,3.0,1.0,107.65,1.0,32.0,0.3333333333333333,0.0,0.3333333333333333,214.0,128.0,0.03125,1.0,64,Loyal,Western Slovakia,17,1,1,6,5,1,0.5984552150064241
C01582,1.0,1.0,205.72,1.0,3.0,0.0,1.0,0.0,141.0,141.0,0.3333333333333333,1.0,36,Regular,Western Slovakia,52,0,0,4,10,1,0.8811227503575154
C01074,2.0,0.0,0.0,0.0,6.0,0.5,0.0,0.0,999.0,242.0,0.0,0.0,19,Loyal,Central Slovakia,63,0,1,5,5,0,0.6063342728499121
C01307,2.0,1.0,209.33,2.0,8.0,0.0,1.0,0.0,39.0,39.0,0.25,1.0,26,Regular,Bratislava,16,0,1,1,4,1,0.9095946889805954
C01289,3.0,0.0,0.0,0.0,26.0,0.0,0.0,0.3333333333333333,999.0,16.0,0.0,0.0,62,New,Czech Republic,48,0,0,4,14,0,0.8376898773091819
C01436,0.0,0.0,0.0,0.0,0.0,0.0,0.0,0.0,999.0,0.0,0.0,0.0,37,New,Bratislava,58,1,1,1,5,1,0.8698368692829453
C01326,1.0,1.0,209.6,0.0,9.0,0.0,0.0,1.0,185.0,185.0,0.0,1.0,50,Regular,Bratislava,18,0,1,3,21,0,0.8085125542209127
C00397,4.0,1.0,295.54,1.0,28.0,0.25,0.25,0.25,226.0,180.0,0.03571428571428571,1.0,47,Loyal,Bratislava,33,1,1,7,13,0,0.4710297676556927
C00959,1.0,0.0,0.0,0.0,6.0,0.0,0.0,0.0,999.0,267.0,0.0,0.0,38,New,Bratislava,63,0,1,2,4,1,0.8902429203894515
C00345,1.0,0.0,0.0,0.0,14.0,0.0,0.0,1.0,999.0,178.0,0.0,0.0,57,New,Western Slovakia,44,0,1,0,2,0,0.874007798242459
C00794,3.0,2.0,558.8399999999999,1.0,29.0,0.3333333333333333,0.3333333333333333,0.0,90.0,90.0,0.034482758620689655,1.0,43,Regular,Bratislava,34,1,1,4,3,1,0.8245756368170584
C00852,0.0,0.0,0.0,0.0,0.0,0.0,0.0,0.0,999.0,0.0,0.0,0.0,32,New,Central Slovakia,4,0,0,0,9,1,0.9216759732700213
C00636,0.0,0.0,0.0,0.0,0.0,0.0,0.0,0.0,999.0,0.0,0.0,0.0,35,New,Western Slovakia,9,0,0,2,2,1,0.9058424667748636
C00983,2.0,0.0,0.0,1.0,14.0,0.0,0.5,1.0,999.0,186.0,0.07142857142857142,0.0,41,Regular,Central Slovakia,61,1,1,2,8,0,0.6913692572501011
C00038,0.0,0.0,0.0,0.0,0.0,0.0,0.0,0.0,999.0,0.0,0.0,0.0,28,Loyal,Bratislava,29,0,1,3,13,0,0.7161030184055003
C00126,0.0,0.0,0.0,0.0,0.0,0.0,0.0,0.0,999.0,0.0,0.0,0.0,42,New,Bratislava,45,0,0,1,3,1,0.9267939439379514
C01369,1.0,0.0,0.0,0.0,8.0,0.0,0.0,1.0,999.0,170.0,0.0,0.0,53,Regular,Western Slovakia,6,0,1,2,5,1,0.7849699019313351
C00734,0.0,0.0,0.0,0.0,0.0,0.0,0.0,0.0,999.0,0.0,0.0,0.0,36,Regular,Central Slovakia,70,0,0,3,4,1,0.8753092159084199
C01440,0.0,0.0,0.0,0.0,0.0,0.0,0.0,0.0,999.0,0.0,0.0,0.0,51,Regular,Bratislava,45,0,0,1,1,1,0.9144527316061729
C00358,0.0,0.0,0.0,0.0,0.0,0.0,0.0,0.0,999.0,0.0,0.0,0.0,41,New,Central Slovakia,2,0,1,2,2,1,0.8957433135577985
C00465,3.0,1.0,178.26,2.0,16.0,0.0,0.3333333333333333,0.6666666666666666,340.0,244.0,0.125,1.0,25,Loyal,Western Slovakia,61,1,1,2,5,1,0.547581370311524
C00645,2.0,0.0,0.0,0.0,17.0,0.0,0.0,1.0,999.0,182.0,0.0,0.0,34,At-Risk,Czech Republic,30,0,0,3,7,1,0.9289371752508022
C01693,0.0,0.0,0.0,0.0,0.0,0.0,0.0,0.0,999.0,0.0,0.0,0.0,21,New,Bratislava,61,0,1,0,0,1,0.923618096187763
C01971,2.0,0.0,0.0,0.0,9.0,0.0,0.0,0.0,999.0,73.0,0.0,0.0,35,New,Western Slovakia,30,0,0,4,7,1,0.8295885451884981
C00138,0.0,0.0,0.0,0.0,0.0,0.0,0.0,0.0,999.0,0.0,0.0,0.0,48,New,Czech Republic,62,1,0,3,6,0,0.871796311120063
C01621,2.0,0.0,0.0,2.0,11.0,0.0,0.5,1.0,999.0,82.0,0.18181818181818182,0.0,45,Regular,Czech Republic,46,0,1,4,6,1,0.7237617495956221
C00525,3.0,2.0,395.24,2.0,21.0,0.6666666666666666,0.0,0.3333333333333333,188.0,179.0,0.09523809523809523,1.0,55,Loyal,Central Slovakia,53,0,0,2,11,1,0.7254814418906869
C00153,2.0,0.0,0.0,0.0,11.0,0.0,0.5,0.0,999.0,257.0,0.0,0.0,18,Loyal,Czech Republic,18,0,1,0,2,1,0.812400209039817
C00713,2.0,0.0,0.0,3.0,13.0,0.5,0.0,0.5,999.0,113.0,0.23076923076923078,0.0,26,New,Bratislava,69,1,0,3,10,0,0.7598683350614115
C01721,1.0,0.0,0.0,0.0,11.0,0.0,0.0,0.0,999.0,111.0,0.0,0.0,51,At-Risk,Czech Republic,42,0,0,1,4,1,0.9676743943484404
C02156,1.0,0.0,0.0,0.0,3.0,0.0,1.0,0.0,999.0,51.0,0.0,0.0,45,Regular,Bratislava,3,0,1,0,2,1,0.8996929181755104
C01359,1.0,0.0,0.0,1.0,5.0,0.0,1.0,1.0,999.0,215.0,0.2,0.0,33,New,Bratislava,8,1,1,2,3,1,0.8060632284843109
C02174,3.0,0.0,0.0,2.0,28.0,0.0,0.3333333333333333,1.0,999.0,17.0,0.07142857142857142,0.0,23,New,Western Slovakia,21,0,1,3,1,1,0.7750061842136401
C01480,0.0,0.0,0.0,0.0,0.0,0.0,0.0,0.0,999.0,0.0,0.0,0.0,58,Loyal,Bratislava,10,0,0,1,3,1,0.8378008850307004
C01434,0.0,0.0,0.0,0.0,0.0,0.0,0.0,0.0,999.0,0.0,0.0,0.0,18,Regular,Czech Republic,18,0,1,2,1,0,0.8912662804393399
C01658,2.0,0.0,0.0,0.0,8.0,0.5,0.0,1.0,999.0,114.0,0.0,0.0,18,At-Risk,Bratislava,29,0,0,3,7,1,0.9083807576217436
C00602,2.0,0.0,0.0,1.0,27.0,0.0,0.0,0.0,999.0,10.0,0.037037037037037035,0.0,31,Regular,Western Slovakia,25,1,1,3,1,1,0.7979707618895105
C01412,0.0,0.0,0.0,0.0,0.0,0.0,0.0,0.0,999.0,0.0,0.0,0.0,65,At-Risk,Bratislava,2,0,1,0,1,1,0.9646614968400615
C00272,0.0,0.0,0.0,0.0,0.0,0.0,0.0,0.0,999.0,0.0,0.0,0.0,42,Regular,Central Slovakia,54,0,1,3,2,1,0.8550663766467543
C01423,4.0,0.0,0.0,1.0,31.0,0.25,0.0,0.25,999.0,64.0,0.03225806451612903,0.0,43,New,Bratislava,16,0,0,1,5,1,0.8812441173425674
C00673,3.0,0.0,0.0,3.0,15.0,0.3333333333333333,0.6666666666666666,0.3333333333333333,999.0,6.0,0.2,0.0,29,New,Western Slovakia,35,1,1,1,4,0,0.7324346644037719
C00977,2.0,0.0,0.0,0.0,15.0,0.5,0.0,0.0,999.0,310.0,0.0,0.0,51,Regular,Czech Republic,1,1,1,1,7,1,0.8386496960800748
C00674,3.0,0.0,0.0,0.0,19.0,0.3333333333333333,0.3333333333333333,0.0,999.0,116.0,0.0,0.0,22,Regular,Central Slovakia,53,0,1,0,5,0,0.8575364193928388
C01671,2.0,0.0,0.0,1.0,8.0,0.5,0.0,0.0,999.0,275.0,0.125,0.0,37,New,Bratislava,65,0,0,1,3,0,0.9006497238844567
C00609,3.0,1.0,119.25,1.0,36.0,0.0,0.0,1.0,119.0,119.0,0.027777777777777776,1.0,18,Loyal,Central Slovakia,52,0,1,1,4,1,0.7980586510513965
C02135,2.0,0.0,0.0,0.0,10.0,0.5,0.5,0.5,999.0,253.0,0.0,0.0,28,Loyal,Western Slovakia,21,1,0,2,3,1,0.6413201419684268
C00282,0.0,0.0,0.0,0.0,0.0,0.0,0.0,0.0,999.0,0.0,0.0,0.0,18,Regular,Czech Republic,63,0,1,1,2,0,0.8974732138834759
C01150,2.0,0.0,0.0,0.0,23.0,0.0,0.0,0.5,999.0,96.0,0.0,0.0,50,Regular,Western Slovakia,43,0,0,4,11,1,0.80015662793616
C00692,0.0,0.0,0.0,0.0,0.0,0.0,0.0,0.0,999.0,0.0,0.0,0.0,35,New,Central Slovakia,11,0,1,4,10,1,0.847327008473694
C00588,2.0,0.0,0.0,3.0,25.0,0.0,0.5,1.0,999.0,129.0,0.12,0.0,28,New,Bratislava,48,0,0,2,7,1,0.8579392895823742
C02010,1.0,0.0,0.0,1.0,3.0,1.0,0.0,0.0,999.0,261.0,0.3333333333333333,0.0,46,New,Central Slovakia,8,0,1,1,6,1,0.8883953157501019
C01511,0.0,0.0,0.0,0.0,0.0,0.0,0.0,0.0,999.0,0.0,0.0,0.0,39,At-Risk,Bratislava,41,0,1,2,3,1,0.9521672445380583
C00850,1.0,0.0,0.0,0.0,4.0,1.0,0.0,0.0,999.0,132.0,0.0,0.0,50,New,Bratislava,43,0,1,2,2,1,0.8895877287604266
C01164,1.0,0.0,0.0,1.0,16.0,0.0,0.0,0.0,999.0,135.0,0.0625,0.0,20,New,Central Slovakia,15,0,0,0,10,1,0.924494333313925
C00426,3.0,0.0,0.0,0.0,23.0,0.3333333333333333,0.0,0.0,999.0,43.0,0.0,0.0,34,Regular,Central Slovakia,34,0,1,0,6,1,0.8608310763597018
C00075,2.0,0.0,0.0,1.0,9.0,0.5,0.5,0.5,999.0,107.0,0.1111111111111111,0.0,40,New,Eastern Slovakia,19,0,1,1,7,1,0.859256476330368
C00510,3.0,1.0,243.66,2.0,14.0,0.3333333333333333,0.3333333333333333,0.0,103.0,103.0,0.14285714285714285,1.0,44,Regular,Central Slovakia,52,1,1,2,4,1,0.8062680406176124
C01000,2.0,0.0,0.0,1.0,9.0,0.0,0.5,1.0,999.0,77.0,0.1111111111111111,0.0,48,Regular,Western Slovakia,2,0,1,3,8,1,0.6967365625678965
C00882,0.0,0.0,0.0,0.0,0.0,0.0,0.0,0.0,999.0,0.0,0.0,0.0,49,At-Risk,Eastern Slovakia,29,0,1,0,2,1,0.9658816148785772
C01714,3.0,0.0,0.0,0.0,8.0,0.6666666666666666,0.3333333333333333,0.3333333333333333,999.0,126.0,0.0,0.0,37,New,Central Slovakia,54,0,1,2,6,1,0.7936883878189674
C00842,0.0,0.0,0.0,0.0,0.0,0.0,0.0,0.0,999.0,0.0,0.0,0.0,38,At-Risk,Western Slovakia,5,0,1,1,5,1,0.9474056764695546
C01352,2.0,0.0,0.0,1.0,9.0,0.5,0.5,1.0,999.0,114.0,0.1111111111111111,0.0,45,New,Central Slovakia,41,0,1,0,1,1,0.8429423341416208
C01010,1.0,0.0,0.0,0.0,4.0,0.0,1.0,0.0,999.0,41.0,0.0,0.0,43,New,Bratislava,49,0,0,2,10,1,0.8996646446302262
C01741,0.0,0.0,0.0,0.0,0.0,0.0,0.0,0.0,999.0,0.0,0.0,0.0,33,At-Risk,Eastern Slovakia,5,0,1,0,6,1,0.9634510057811885
C01015,3.0,1.0,414.59,2.0,13.0,0.3333333333333333,0.6666666666666666,0.0,171.0,171.0,0.15384615384615385,1.0,25,Regular,Bratislava,5,0,1,2,6,1,0.8501480942708219
C00870,1.0,0.0,0.0,2.0,8.0,0.0,0.0,0.0,999.0,61.0,0.25,0.0,37,New,Western Slovakia,35,0,0,1,7,1,0.8885983850673791
C00865,4.0,0.0,0.0,0.0,21.0,0.25,0.5,0.5,999.0,138.0,0.0,0.0,30,Regular,Western Slovakia,32,0,1,0,5,0,0.7838065057832078
C00707,0.0,0.0,0.0,0.0,0.0,0.0,0.0,0.0,999.0,0.0,0.0,0.0,27,New,Western Slovakia,22,1,0,6,9,1,0.77714851365476
C00823,1.0,0.0,0.0,0.0,5.0,0.0,0.0,0.0,999.0,108.0,0.0,0.0,24,Loyal,Eastern Slovakia,31,1,0,2,6,0,0.7395664312218319
C01049,1.0,0.0,0.0,0.0,1.0,0.0,1.0,0.0,999.0,25.0,0.0,0.0,27,Regular,Bratislava,39,1,0,3,1,1,0.8388921333394372
C00773,2.0,2.0,396.36,3.0,19.0,0.0,0.0,0.0,39.0,39.0,0.15789473684210525,1.0,41,Regular,Bratislava,25,0,1,3,11,1,0.8595277263773098
C01138,2.0,0.0,0.0,0.0,10.0,0.0,0.5,1.0,999.0,231.0,0.0,0.0,38,At-Risk,Bratislava,38,1,1,0,4,1,0.9054754141099836
C00795,1.0,0.0,0.0,0.0,3.0,0.0,1.0,0.0,999.0,286.0,0.0,0.0,18,Loyal,Western Slovakia,68,0,1,0,1,0,0.7903841016204585
C01265,1.0,0.0,0.0,0.0,12.0,0.0,0.0,1.0,999.0,177.0,0.0,0.0,37,At-Risk,Bratislava,68,0,0,3,1,1,0.9409389414254817
C01402,1.0,1.0,185.05,1.0,4.0,0.0,1.0,1.0,304.0,304.0,0.25,1.0,34,New,Eastern Slovakia,66,0,1,2,4,0,0.8931344032666195
C01746,4.0,0.0,0.0,4.0,26.0,0.5,0.25,0.0,999.0,17.0,0.15384615384615385,0.0,29,New,Western Slovakia,35,0,0,3,10,1,0.7665161283118429
C02005,0.0,0.0,0.0,0.0,0.0,0.0,0.0,0.0,999.0,0.0,0.0,0.0,21,Loyal,Central Slovakia,44,0,1,4,9,1,0.6891062299503492
C00152,2.0,2.0,639.18,2.0,9.0,0.0,0.5,0.5,266.0,191.0,0.2222222222222222,1.0,26,Loyal,Czech Republic,34,0,0,1,6,0,0.7637247338329797
C00035,2.0,0.0,0.0,0.0,24.0,0.0,0.0,0.0,999.0,174.0,0.0,0.0,45,New,Eastern Slovakia,60,0,1,4,4,1,0.8863756523600959
C00402,3.0,0.0,0.0,0.0,19.0,0.3333333333333333,0.3333333333333333,0.0,999.0,96.0,0.0,0.0,40,Regular,Eastern Slovakia,7,1,1,2,11,1,0.7770487049231538
C01737,1.0,0.0,0.0,0.0,12.0,0.0,0.0,0.0,999.0,191.0,0.0,0.0,22,New,Central Slovakia,44,0,1,3,1,1,0.8897739603364352
C00327,3.0,0.0,0.0,0.0,31.0,0.0,0.0,0.6666666666666666,999.0,94.0,0.0,0.0,19,Loyal,Western Slovakia,5,1,1,7,12,0,0.3993155002450111
C00052,2.0,1.0,258.98,2.0,17.0,0.0,1.0,1.0,278.0,1.0,0.11764705882352941,1.0,46,Loyal,Western Slovakia,22,0,1,0,3,1,0.7363945258819251
C01302,2.0,0.0,0.0,1.0,10.0,0.0,1.0,1.0,999.0,254.0,0.1,0.0,18,Regular,Western Slovakia,50,0,0,0,6,1,0.8275345393001323
C01900,2.0,0.0,0.0,0.0,11.0,0.0,1.0,1.0,999.0,246.0,0.0,0.0,25,Regular,Central Slovakia,29,1,1,4,1,0,0.6946414261827952
C00175,0.0,0.0,0.0,0.0,0.0,0.0,0.0,0.0,999.0,0.0,0.0,0.0,23,At-Risk,Bratislava,62,0,0,0,3,1,0.9693934192069449
C01476,4.0,2.0,821.13,1.0,44.0,0.5,0.0,0.0,14.0,14.0,0.022727272727272728,1.0,36,Loyal,Bratislava,38,0,1,4,4,1,0.7542318956449023
C00414,4.0,0.0,0.0,0.0,22.0,0.25,0.25,0.0,999.0,104.0,0.0,0.0,47,New,Eastern Slovakia,46,0,0,0,4,0,0.9019211618678492
C01105,1.0,0.0,0.0,0.0,14.0,0.0,0.0,0.0,999.0,151.0,0.0,0.0,25,Regular,Central Slovakia,31,0,0,3,7,1,0.8820144962925138
C00226,2.0,0.0,0.0,0.0,17.0,0.0,0.5,0.0,999.0,63.0,0.0,0.0,41,New,Bratislava,51,0,0,7,18,1,0.7993957855576167
C00390,3.0,0.0,0.0,0.0,9.0,0.6666666666666666,0.3333333333333333,0.0,999.0,112.0,0.0,0.0,21,New,Bratislava,22,1,1,1,7,1,0.7974698344305458
C00341,7.0,3.0,745.26,5.0,44.0,0.42857142857142855,0.14285714285714285,0.14285714285714285,100.0,1.0,0.11363636363636363,1.0,18,Loyal,Western Slovakia,37,0,1,7,7,0,0.32007279520066995
C01367,3.0,1.0,105.31,3.0,26.0,0.0,0.3333333333333333,1.0,62.0,62.0,0.11538461538461539,1.0,24,Regular,Western Slovakia,22,0,1,5,27,0,0.656410839935281
C01108,3.0,0.0,0.0,0.0,18.0,0.0,0.3333333333333333,0.0,999.0,83.0,0.0,0.0,28,Regular,Western Slovakia,33,1,1,3,4,0,0.7228935941417154
C01912,1.0,1.0,243.8,2.0,8.0,0.0,1.0,0.0,275.0,275.0,0.25,1.0,44,New,Central Slovakia,62,1,1,6,5,1,0.8167739690138391
C01337,2.0,0.0,0.0,0.0,9.0,0.5,0.0,0.0,999.0,59.0,0.0,0.0,44,Regular,Eastern Slovakia,23,0,0,4,2,1,0.8548735510346703
C01822,1.0,0.0,0.0,0.0,5.0,0.0,1.0,0.0,999.0,144.0,0.0,0.0,47,Regular,Bratislava,63,0,0,3,4,1,0.884496422660743
C01092,3.0,0.0,0.0,1.0,29.0,0.0,0.6666666666666666,0.0,999.0,30.0,0.034482758620689655,0.0,38,Loyal,Central Slovakia,48,0,1,4,16,1,0.6224141675928306
C01695,4.0,1.0,181.96,2.0,22.0,0.75,0.25,0.75,113.0,38.0,0.09090909090909091,1.0,23,New,Central Slovakia,18,0,1,2,4,1,0.8347018961111943
C00378,0.0,0.0,0.0,0.0,0.0,0.0,0.0,0.0,999.0,0.0,0.0,0.0,18,Regular,Western Slovakia,26,0,1,0,1,1,0.8888499718488089
C00476,2.0,1.0,284.25,1.0,6.0,0.5,0.5,0.0,151.0,151.0,0.16666666666666666,1.0,34,Loyal,Western Slovakia,59,0,1,5,7,1,0.6603584790999778
C01252,0.0,0.0,0.0,0.0,0.0,0.0,0.0,0.0,999.0,0.0,0.0,0.0,56,Regular,Bratislava,70,1,0,0,3,0,0.8882457657473338
C01097,3.0,0.0,0.0,0.0,23.0,0.0,0.3333333333333333,0.0,999.0,174.0,0.0,0.0,57,Loyal,Czech Republic,1,0,1,15,21,0,0.30154670531325284
C00247,1.0,0.0,0.0,0.0,3.0,0.0,1.0,0.0,999.0,225.0,0.0,0.0,25,Regular,Western Slovakia,61,0,0,1,4,1,0.8868431103409508
C00178,3.0,0.0,0.0,0.0,13.0,0.0,0.6666666666666666,0.6666666666666666,999.0,20.0,0.0,0.0,40,Loyal,Western Slovakia,32,1,0,1,15,1,0.5237714801242879
C01335,0.0,0.0,0.0,0.0,0.0,0.0,0.0,0.0,999.0,0.0,0.0,0.0,43,At-Risk,Bratislava,29,1,0,3,6,1,0.9361309939785947
C01305,2.0,0.0,0.0,0.0,23.0,0.0,0.0,1.0,999.0,76.0,0.0,0.0,35,New,Bratislava,42,0,0,3,11,0,0.847732364076447
C01191,0.0,0.0,0.0,0.0,0.0,0.0,0.0,0.0,999.0,0.0,0.0,0.0,56,New,Western Slovakia,29,0,1,0,3,1,0.9034020998816553
C01271,0.0,0.0,0.0,0.0,0.0,0.0,0.0,0.0,999.0,0.0,0.0,0.0,56,Regular,Eastern Slovakia,70,0,0,0,10,1,0.9120948060603814
C01227,0.0,0.0,0.0,0.0,0.0,0.0,0.0,0.0,999.0,0.0,0.0,0.0,47,Loyal,Bratislava,14,1,1,7,2,0,0.5851130415268098
C01363,2.0,0.0,0.0,1.0,16.0,0.0,0.0,0.5,999.0,71.0,0.0625,0.0,18,Regular,Central Slovakia,1,0,1,0,2,0,0.8537447635432321
C02158,2.0,0.0,0.0,1.0,22.0,0.0,0.0,1.0,999.0,171.0,0.045454545454545456,0.0,28,Regular,Bratislava,57,1,1,0,3,1,0.7999346144465144
C00020,4.0,2.0,646.68,2.0,23.0,0.0,0.5,1.0,217.0,96.0,0.08695652173913043,1.0,37,Loyal,Bratislava,15,0,1,2,2,0,0.6040147192370815
C00043,2.0,1.0,146.2,3.0,19.0,0.0,0.0,0.5,38.0,38.0,0.15789473684210525,1.0,30,Regular,Czech Republic,12,1,0,2,2,1,0.8837738407904662
C01185,1.0,0.0,0.0,0.0,3.0,0.0,0.0,1.0,999.0,246.0,0.0,0.0,38,New,Bratislava,38,0,0,2,9,1,0.8497601146139812
C01270,1.0,0.0,0.0,0.0,13.0,0.0,0.0,0.0,999.0,177.0,0.0,0.0,45,Loyal,Bratislava,54,1,1,4,4,0,0.6727175346118395
C01130,1.0,0.0,0.0,0.0,9.0,0.0,0.0,1.0,999.0,191.0,0.0,0.0,18,At-Risk,Eastern Slovakia,62,0,1,4,3,1,0.9158056974558704
C01465,1.0,0.0,0.0,0.0,9.0,0.0,0.0,0.0,999.0,321.0,0.0,0.0,50,Loyal,Bratislava,69,0,1,4,4,0,0.7321506783522299
C00493,1.0,0.0,0.0,0.0,4.0,1.0,0.0,1.0,999.0,276.0,0.0,0.0,35,New,Central Slovakia,59,1,0,0,5,1,0.8405373078726921
C00753,2.0,0.0,0.0,2.0,5.0,0.5,0.5,0.0,999.0,73.0,0.4,0.0,26,New,Bratislava,65,0,0,1,6,1,0.8867286870830154
C00436,3.0,1.0,134.64,1.0,18.0,0.3333333333333333,0.3333333333333333,1.0,219.0,5.0,0.05555555555555555,1.0,31,Loyal,Eastern Slovakia,43,1,1,5,5,1,0.5433163872211368
C01851,3.0,0.0,0.0,1.0,26.0,0.0,0.3333333333333333,0.0,999.0,298.0,0.038461538461538464,0.0,30,New,Bratislava,14,0,1,1,10,1,0.8819441987504738
C00488,1.0,0.0,0.0,1.0,9.0,0.0,0.0,0.0,999.0,85.0,0.1111111111111111,0.0,43,Regular,Eastern Slovakia,16,0,1,3,1,1,0.8698130717022436
C00287,2.0,1.0,336.71,1.0,3.0,0.5,0.5,0.5,102.0,102.0,0.3333333333333333,1.0,41,Loyal,Central Slovakia,56,1,1,5,18,0,0.4867146464719974
C01550,2.0,0.0,0.0,0.0,19.0,0.0,0.0,0.0,999.0,178.0,0.0,0.0,43,New,Eastern Slovakia,56,1,0,2,12,1,0.8676005948184528
C02196,0.0,0.0,0.0,0.0,0.0,0.0,0.0,0.0,999.0,0.0,0.0,0.0,18,Regular,Bratislava,18,1,0,5,2,1,0.821938322044464
C00841,3.0,0.0,0.0,1.0,17.0,0.3333333333333333,0.3333333333333333,0.0,999.0,189.0,0.058823529411764705,0.0,61,Loyal,Western Slovakia,18,1,1,5,13,0,0.4346226090525559
C01441,0.0,0.0,0.0,0.0,0.0,0.0,0.0,0.0,999.0,0.0,0.0,0.0,30,New,Czech Republic,48,0,0,0,1,1,0.9409713334380585
C00450,1.0,0.0,0.0,0.0,9.0,0.0,0.0,0.0,999.0,153.0,0.0,0.0,43,Loyal,Eastern Slovakia,53,0,1,2,0,1,0.8005252974268435
C01699,1.0,0.0,0.0,0.0,11.0,0.0,0.0,0.0,999.0,44.0,0.0,0.0,18,Loyal,Czech Republic,23,0,1,3,5,1,0.7650908575263278
C01661,1.0,0.0,0.0,1.0,14.0,0.0,0.0,0.0,999.0,186.0,0.07142857142857142,0.0,67,Regular,Bratislava,39,0,1,1,23,0,0.841063667756943
C01279,3.0,0.0,0.0,0.0,32.0,0.0,0.3333333333333333,0.3333333333333333,999.0,82.0,0.0,0.0,42,Loyal,Czech Republic,55,1,1,5,16,0,0.5401778401124537
C00531,3.0,0.0,0.0,3.0,17.0,0.3333333333333333,0.0,0.0,999.0,71.0,0.17647058823529413,0.0,34,New,Czech Republic,29,0,1,7,2,1,0.7431636106490586
C01581,1.0,0.0,0.0,0.0,4.0,0.0,1.0,0.0,999.0,64.0,0.0,0.0,52,Regular,Western Slovakia,59,0,1,1,7,0,0.8499644204457757
C00628,0.0,0.0,0.0,0.0,0.0,0.0,0.0,0.0,999.0,0.0,0.0,0.0,54,Regular,Bratislava,42,1,0,3,11,1,0.8234759041856216
C01393,2.0,0.0,0.0,0.0,6.0,0.0,1.0,0.5,999.0,18.0,0.0,0.0,31,Loyal,Bratislava,21,1,0,3,8,0,0.6067202867717373
C01991,1.0,0.0,0.0,1.0,5.0,0.0,1.0,0.0,999.0,243.0,0.2,0.0,43,Loyal,Western Slovakia,41,0,0,0,8,1,0.8043668088856146
C00999,4.0,0.0,0.0,0.0,19.0,0.0,0.5,0.0,999.0,77.0,0.0,0.0,40,Loyal,Central Slovakia,53,0,1,3,8,1,0.5943746495599126
C01611,2.0,0.0,0.0,0.0,10.0,0.0,0.5,0.0,999.0,171.0,0.0,0.0,41,Regular,Central Slovakia,32,1,1,2,8,1,0.7722885140900764
C01927,4.0,1.0,145.16,3.0,18.0,0.25,0.5,0.0,103.0,59.0,0.16666666666666666,1.0,31,Regular,Bratislava,47,1,0,1,11,1,0.8195472899660381
C01959,1.0,0.0,0.0,1.0,4.0,0.0,1.0,0.0,999.0,226.0,0.25,0.0,35,Regular,Central Slovakia,49,0,1,2,2,1,0.8675590366562964
C00202,3.0,0.0,0.0,0.0,31.0,0.0,0.3333333333333333,0.0,999.0,132.0,0.0,0.0,55,Loyal,Eastern Slovakia,21,1,0,3,5,1,0.7429122189995959
C01504,0.0,0.0,0.0,0.0,0.0,0.0,0.0,0.0,999.0,0.0,0.0,0.0,42,Loyal,Bratislava,14,1,1,5,8,1,0.6109168302962762
C00106,3.0,1.0,467.13,0.0,27.0,0.0,0.3333333333333333,0.3333333333333333,185.0,185.0,0.0,1.0,36,Loyal,Eastern Slovakia,56,1,0,4,20,0,0.6506081480331246
C01468,2.0,1.0,325.55,0.0,25.0,0.0,0.5,0.0,296.0,96.0,0.0,1.0,22,Loyal,Eastern Slovakia,59,0,1,2,8,0,0.8318006377965838
C02192,1.0,0.0,0.0,0.0,12.0,0.0,0.0,1.0,999.0,113.0,0.0,0.0,27,Regular,Eastern Slovakia,3,0,1,1,13,1,0.8317757912694953
C01443,1.0,0.0,0.0,0.0,1.0,0.0,1.0,0.0,999.0,79.0,0.0,0.0,21,New,Western Slovakia,2,1,0,2,3,1,0.8556941331459804
C01374,4.0,0.0,0.0,1.0,20.0,0.25,0.25,0.0,999.0,14.0,0.05,0.0,19,Loyal,Bratislava,61,1,0,4,5,1,0.5501341519006947
C01438,3.0,0.0,0.0,1.0,16.0,0.3333333333333333,0.3333333333333333,0.0,999.0,163.0,0.0625,0.0,18,At-Risk,Bratislava,6,1,0,1,2,1,0.9327696071826796
C00350,0.0,0.0,0.0,0.0,0.0,0.0,0.0,0.0,999.0,0.0,0.0,0.0,56,At-Risk,Eastern Slovakia,52,0,0,0,1,1,0.97284350148749
C02074,0.0,0.0,0.0,0.0,0.0,0.0,0.0,0.0,999.0,0.0,0.0,0.0,35,New,Bratislava,54,0,0,0,1,1,0.9371757342305425
C00367,1.0,0.0,0.0,0.0,12.0,0.0,0.0,0.0,999.0,182.0,0.0,0.0,29,New,Bratislava,7,1,0,1,2,1,0.9091006362988558
C00015,0.0,0.0,0.0,0.0,0.0,0.0,0.0,0.0,999.0,0.0,0.0,0.0,44,Regular,Bratislava,1,1,0,0,1,1,0.8978923196090282
C00574,0.0,0.0,0.0,0.0,0.0,0.0,0.0,0.0,999.0,0.0,0.0,0.0,27,At-Risk,Central Slovakia,36,0,0,0,3,1,0.967217525819151
C02046,0.0,0.0,0.0,0.0,0.0,0.0,0.0,0.0,999.0,0.0,0.0,0.0,26,Regular,Bratislava,47,0,0,1,2,1,0.9129369132879165
C01101,0.0,0.0,0.0,0.0,0.0,0.0,0.0,0.0,999.0,0.0,0.0,0.0,52,New,Bratislava,14,0,0,0,1,1,0.9387104063325884
C01805,4.0,2.0,673.89,3.0,30.0,0.25,0.25,0.0,83.0,83.0,0.1,1.0,39,Loyal,Czech Republic,28,0,1,3,1,0,0.7208557677920497
C01623,0.0,0.0,0.0,0.0,0.0,0.0,0.0,0.0,999.0,0.0,0.0,0.0,47,New,Bratislava,26,1,1,1,4,1,0.8748611157660912
C01081,0.0,0.0,0.0,0.0,0.0,0.0,0.0,0.0,999.0,0.0,0.0,0.0,41,At-Risk,Western Slovakia,26,1,0,3,2,1,0.9293636357393089
C01995,1.0,0.0,0.0,1.0,8.0,1.0,0.0,0.0,999.0,97.0,0.125,0.0,39,Loyal,Bratislava,35,0,0,1,3,1,0.8227702054787025
C00198,1.0,0.0,0.0,0.0,14.0,0.0,0.0,0.0,999.0,107.0,0.0,0.0,33,Regular,Bratislava,32,0,1,0,4,1,0.9083996795592084
C00880,0.0,0.0,0.0,0.0,0.0,0.0,0.0,0.0,999.0,0.0,0.0,0.0,38,At-Risk,Western Slovakia,6,1,1,1,2,1,0.9313313351103034
C00182,1.0,0.0,0.0,0.0,8.0,0.0,0.0,1.0,999.0,180.0,0.0,0.0,41,Loyal,Western Slovakia,10,1,0,2,2,0,0.6316976632988086
C00437,1.0,0.0,0.0,0.0,1.0,1.0,0.0,1.0,999.0,320.0,0.0,0.0,32,New,Bratislava,51,1,1,4,4,1,0.7312399450461228
C00257,1.0,0.0,0.0,0.0,2.0,1.0,0.0,1.0,999.0,128.0,0.0,0.0,43,At-Risk,Bratislava,52,0,0,0,6,1,0.942760049321229
C00037,1.0,1.0,146.97,3.0,6.0,0.0,1.0,1.0,217.0,217.0,0.5,1.0,37,At-Risk,Eastern Slovakia,34,1,0,6,6,1,0.9092976459386304
C01870,1.0,0.0,0.0,0.0,7.0,0.0,0.0,0.0,999.0,192.0,0.0,0.0,41,Regular,Central Slovakia,37,0,0,2,5,1,0.8828911742456043
C01925,3.0,0.0,0.0,0.0,17.0,0.3333333333333333,0.3333333333333333,0.0,999.0,150.0,0.0,0.0,37,Loyal,Bratislava,48,1,1,5,9,0,0.5204368384158617
C00848,1.0,0.0,0.0,0.0,3.0,0.0,1.0,0.0,999.0,150.0,0.0,0.0,48,Regular,Bratislava,45,1,1,1,2,0,0.8471264642053491
C00494,2.0,0.0,0.0,1.0,9.0,0.5,0.5,0.0,999.0,267.0,0.1111111111111111,0.0,43,Loyal,Czech Republic,33,0,1,2,8,1,0.7248322136452386
C01073,1.0,0.0,0.0,0.0,12.0,0.0,0.0,0.0,999.0,172.0,0.0,0.0,35,Loyal,Western Slovakia,62,1,1,5,8,0,0.5677276668957835
C01747,3.0,0.0,0.0,0.0,15.0,0.0,0.3333333333333333,0.0,999.0,34.0,0.0,0.0,31,New,Eastern Slovakia,4,1,1,5,6,1,0.7499676081230104
C00591,1.0,0.0,0.0,0.0,10.0,0.0,0.0,1.0,999.0,178.0,0.0,0.0,23,Loyal,Bratislava,71,1,1,1,7,1,0.6278548549569007
C00392,2.0,0.0,0.0,1.0,12.0,0.0,0.5,0.0,999.0,94.0,0.08333333333333333,0.0,39,Loyal,Western Slovakia,5,0,0,4,9,0,0.6671508694903332
C01099,4.0,1.0,259.96,1.0,24.0,0.25,0.0,0.0,183.0,118.0,0.041666666666666664,1.0,50,Loyal,Central Slovakia,68,0,1,2,4,0,0.7257737632380663
C01330,1.0,0.0,0.0,0.0,6.0,0.0,1.0,0.0,999.0,155.0,0.0,0.0,47,New,Bratislava,13,0,0,0,4,1,0.9359482051551278
C00957,2.0,0.0,0.0,0.0,6.0,0.0,1.0,1.0,999.0,177.0,0.0,0.0,32,New,Western Slovakia,37,0,0,2,4,1,0.8232508574115542
C01327,1.0,0.0,0.0,0.0,9.0,0.0,0.0,0.0,999.0,175.0,0.0,0.0,42,Loyal,Central Slovakia,2,0,1,7,7,0,0.6203787828811674
C01119,2.0,0.0,0.0,0.0,14.0,0.0,0.5,0.0,999.0,171.0,0.0,0.0,42,New,Bratislava,64,1,0,3,4,1,0.8575316759565997
C00097,4.0,0.0,0.0,2.0,27.0,0.25,0.25,0.75,999.0,34.0,0.07407407407407407,0.0,22,Loyal,Czech Republic,68,0,0,3,6,0,0.6169956706528685
C00369,1.0,0.0,0.0,0.0,4.0,0.0,1.0,0.0,999.0,216.0,0.0,0.0,40,Loyal,Central Slovakia,23,0,0,3,0,1,0.7958898065159141
C01694,2.0,0.0,0.0,0.0,25.0,0.0,0.0,0.5,999.0,63.0,0.0,0.0,32,Regular,Central Slovakia,34,0,1,1,7,0,0.8557509604226436
C01341,0.0,0.0,0.0,0.0,0.0,0.0,0.0,0.0,999.0,0.0,0.0,0.0,28,Loyal,Eastern Slovakia,61,0,1,3,11,1,0.7357553122913076
C01106,2.0,0.0,0.0,0.0,28.0,0.0,0.0,0.5,999.0,108.0,0.0,0.0,46,Regular,Eastern Slovakia,38,0,0,0,3,1,0.9219622145820104
C01505,2.0,0.0,0.0,2.0,13.0,0.0,0.5,1.0,999.0,176.0,0.15384615384615385,0.0,35,Regular,Western Slovakia,17,0,0,1,9,1,0.7884772075894524
C01450,4.0,0.0,0.0,1.0,30.0,0.25,0.5,0.0,999.0,228.0,0.03333333333333333,0.0,31,Regular,Bratislava,4,1,1,3,18,1,0.7003348829441833
C00234,0.0,0.0,0.0,0.0,0.0,0.0,0.0,0.0,999.0,0.0,0.0,0.0,52,Regular,Eastern Slovakia,36,0,1,1,6,0,0.8913922287524121
C02097,2.0,1.0,305.43,1.0,7.0,0.5,0.5,1.0,75.0,75.0,0.14285714285714285,1.0,48,Loyal,Bratislava,30,1,0,4,3,0,0.6496280975522715
C00879,2.0,0.0,0.0,1.0,11.0,0.0,1.0,0.0,999.0,77.0,0.09090909090909091,0.0,37,Loyal,Western Slovakia,13,1,0,1,13,1,0.6547617540306853
C02171,1.0,0.0,0.0,0.0,4.0,1.0,0.0,0.0,999.0,97.0,0.0,0.0,28,Regular,Eastern Slovakia,9,0,0,0,2,1,0.9203534903474512
C00217,1.0,0.0,0.0,1.0,4.0,0.0,1.0,0.0,999.0,80.0,0.25,0.0,44,Loyal,Eastern Slovakia,41,1,1,1,3,1,0.7411724582036481
C00622,2.0,0.0,0.0,0.0,5.0,0.0,0.5,1.0,999.0,101.0,0.0,0.0,38,Regular,Western Slovakia,24,1,1,1,3,1,0.6897651840421076
C02081,3.0,1.0,215.28,1.0,19.0,0.0,0.3333333333333333,0.0,56.0,56.0,0.05263157894736842,1.0,43,New,Bratislava,12,1,1,2,7,0,0.8715105288046213
C00070,4.0,0.0,0.0,2.0,38.0,0.0,0.25,0.0,999.0,185.0,0.05263157894736842,0.0,36,At-Risk,Bratislava,36,0,1,3,5,1,0.9276827611753972
C00158,2.0,0.0,0.0,0.0,17.0,0.0,0.5,0.0,999.0,5.0,0.0,0.0,50,New,Bratislava,27,0,1,6,2,1,0.8384540728262465
C00301,2.0,0.0,0.0,0.0,19.0,0.0,0.0,1.0,999.0,190.0,0.0,0.0,59,Regular,Bratislava,52,0,0,2,11,1,0.8249131159074499
C02184,1.0,0.0,0.0,2.0,7.0,0.0,0.0,0.0,999.0,46.0,0.2857142857142857,0.0,26,Regular,Central Slovakia,17,0,1,1,9,1,0.8454087488554516
C01516,2.0,1.0,419.57,0.0,16.0,0.0,0.5,0.5,309.0,167.0,0.0,1.0,41,Loyal,Bratislava,38,0,1,2,5,1,0.757251256291833
C01442,0.0,0.0,0.0,0.0,0.0,0.0,0.0,0.0,999.0,0.0,0.0,0.0,42,Regular,Central Slovakia,9,1,1,2,4,1,0.8223581217392862
C01682,2.0,1.0,112.83,1.0,18.0,0.0,0.5,0.5,75.0,75.0,0.05555555555555555,1.0,26,Regular,Central Slovakia,32,0,0,3,6,1,0.8985731663927687
C01574,1.0,0.0,0.0,1.0,9.0,0.0,0.0,0.0,999.0,220.0,0.1111111111111111,0.0,38,New,Eastern Slovakia,41,0,0,2,2,1,0.9214171507251566
C01617,0.0,0.0,0.0,0.0,0.0,0.0,0.0,0.0,999.0,0.0,0.0,0.0,73,Regular,Western Slovakia,51,0,0,3,11,1,0.842672445250761
C02062,3.0,0.0,0.0,0.0,15.0,0.3333333333333333,0.3333333333333333,0.3333333333333333,999.0,84.0,0.0,0.0,59,Loyal,Bratislava,17,1,1,5,5,0,0.49735872554308613
C00213,3.0,0.0,0.0,0.0,49.0,0.0,0.0,0.3333333333333333,999.0,137.0,0.0,0.0,38,New,Western Slovakia,16,1,1,4,6,1,0.8289625939819009
C00047,3.0,1.0,242.98,1.0,10.0,0.6666666666666666,0.0,0.0,272.0,103.0,0.1,1.0,48,Loyal,Western Slovakia,3,0,0,4,17,1,0.6175954605238527
C00836,4.0,0.0,0.0,0.0,35.0,0.25,0.25,0.75,999.0,97.0,0.0,0.0,27,Regular,Bratislava,61,0,1,3,9,1,0.7675186630091396
C01210,3.0,3.0,796.01,1.0,25.0,0.3333333333333333,0.3333333333333333,1.0,100.0,100.0,0.04,1.0,42,Loyal,Eastern Slovakia,38,0,1,5,5,1,0.609882802800785
C01398,2.0,0.0,0.0,0.0,4.0,0.0,1.0,0.5,999.0,63.0,0.0,0.0,36,Regular,Bratislava,38,1,1,1,9,1,0.7468486516852239
C01945,3.0,0.0,0.0,2.0,19.0,0.0,0.6666666666666666,0.0,999.0,20.0,0.10526315789473684,0.0,33,New,Central Slovakia,50,1,1,4,4,1,0.7380961528729322
C01608,4.0,0.0,0.0,2.0,20.0,0.25,0.25,0.0,999.0,68.0,0.1,0.0,40,Regular,Central Slovakia,48,0,1,4,3,0,0.7163158730086534
C01078,3.0,0.0,0.0,0.0,12.0,0.3333333333333333,0.3333333333333333,0.3333333333333333,999.0,74.0,0.0,0.0,72,Loyal,Bratislava,18,1,1,4,14,1,0.4567884765714369
C02019,3.0,2.0,627.0699999999999,2.0,20.0,0.0,0.6666666666666666,0.6666666666666666,12.0,12.0,0.1,1.0,45,Loyal,Czech Republic,12,0,1,6,17,1,0.545017861144
C01800,0.0,0.0,0.0,0.0,0.0,0.0,0.0,0.0,999.0,0.0,0.0,0.0,33,Loyal,Western Slovakia,10,1,1,1,11,1,0.6624441844676768
C00229,1.0,0.0,0.0,0.0,1.0,0.0,1.0,1.0,999.0,250.0,0.0,0.0,28,Regular,Bratislava,47,0,1,0,1,1,0.8551170737076178
C01522,1.0,0.0,0.0,0.0,4.0,0.0,1.0,1.0,999.0,243.0,0.0,0.0,18,At-Risk,Bratislava,67,1,0,0,0,1,0.9398412868803077
C02103,3.0,0.0,0.0,1.0,22.0,0.0,0.0,1.0,999.0,111.0,0.045454545454545456,0.0,29,Regular,Eastern Slovakia,25,0,1,4,4,1,0.7391841371884117
C00581,1.0,0.0,0.0,0.0,3.0,1.0,0.0,0.0,999.0,277.0,0.0,0.0,18,New,Bratislava,43,0,0,0,3,1,0.9283890298397781
C00683,0.0,0.0,0.0,0.0,0.0,0.0,0.0,0.0,999.0,0.0,0.0,0.0,53,Regular,Bratislava,9,1,0,0,4,1,0.8905436497777429
C01886,3.0,0.0,0.0,0.0,30.0,0.3333333333333333,0.0,0.0,999.0,150.0,0.0,0.0,41,New,Western Slovakia,3,0,1,1,5,1,0.8845476988955124
C00214,0.0,0.0,0.0,0.0,0.0,0.0,0.0,0.0,999.0,0.0,0.0,0.0,32,Regular,Bratislava,48,0,1,0,8,1,0.8909374534841759
C01282,1.0,0.0,0.0,0.0,4.0,1.0,0.0,1.0,999.0,123.0,0.0,0.0,18,New,Eastern Slovakia,29,0,0,0,1,1,0.9054821391822224
C01572,1.0,0.0,0.0,1.0,3.0,0.0,1.0,0.0,999.0,306.0,0.3333333333333333,0.0,35,Regular,Eastern Slovakia,2,0,1,0,4,1,0.9092077639269606
C00467,0.0,0.0,0.0,0.0,0.0,0.0,0.0,0.0,999.0,0.0,0.0,0.0,34,Regular,Eastern Slovakia,64,0,0,1,3,0,0.9159590151432495
C00740,0.0,0.0,0.0,0.0,0.0,0.0,0.0,0.0,999.0,0.0,0.0,0.0,18,Regular,Central Slovakia,12,0,1,0,2,1,0.898470131101815
C01444,1.0,0.0,0.0,1.0,4.0,0.0,1.0,0.0,999.0,176.0,0.25,0.0,55,Regular,Eastern Slovakia,47,1,1,3,6,0,0.8116679916663488
C01500,2.0,0.0,0.0,1.0,5.0,1.0,0.0,0.0,999.0,19.0,0.2,0.0,24,New,Central Slovakia,39,0,0,0,1,1,0.9002777543413005
C01071,2.0,0.0,0.0,0.0,10.0,0.0,0.5,0.0,999.0,177.0,0.0,0.0,36,New,Western Slovakia,54,0,1,1,3,1,0.8697632794932216
C00965,0.0,0.0,0.0,0.0,0.0,0.0,0.0,0.0,999.0,0.0,0.0,0.0,38,New,Eastern Slovakia,70,0,1,0,7,1,0.9165074471762326
C01975,2.0,0.0,0.0,2.0,10.0,0.0,0.5,0.0,999.0,274.0,0.2,0.0,22,New,Bratislava,30,0,1,2,1,1,0.8751016943266041
C00724,0.0,0.0,0.0,0.0,0.0,0.0,0.0,0.0,999.0,0.0,0.0,0.0,20,At-Risk,Bratislava,28,0,1,0,1,1,0.9643312180528427
C01576,3.0,0.0,0.0,2.0,19.0,0.3333333333333333,0.6666666666666666,0.0,999.0,175.0,0.10526315789473684,0.0,23,Regular,Eastern Slovakia,58,0,1,3,8,1,0.8044216639532645
C01230,1.0,0.0,0.0,0.0,20.0,0.0,0.0,0.0,999.0,126.0,0.0,0.0,45,Regular,Western Slovakia,70,0,1,1,7,1,0.882071627082363
C00115,3.0,1.0,170.41,5.0,26.0,0.0,0.6666666666666666,0.0,219.0,171.0,0.19230769230769232,1.0,39,Regular,Bratislava,6,1,0,2,4,1,0.8552859401622377
C01296,0.0,0.0,0.0,0.0,0.0,0.0,0.0,0.0,999.0,0.0,0.0,0.0,48,Regular,Bratislava,8,0,1,1,3,1,0.8928585902745212
C00084,1.0,0.0,0.0,1.0,5.0,0.0,1.0,1.0,999.0,309.0,0.2,0.0,33,New,Western Slovakia,51,0,0,0,1,1,0.8898823083408941
C01161,0.0,0.0,0.0,0.0,0.0,0.0,0.0,0.0,999.0,0.0,0.0,0.0,24,Regular,Bratislava,20,0,1,0,3,0,0.9037303658446088
C00090,2.0,0.0,0.0,1.0,11.0,0.5,0.5,0.0,999.0,14.0,0.09090909090909091,0.0,43,New,Western Slovakia,28,0,1,0,5,1,0.8716872083043669
C01249,0.0,0.0,0.0,0.0,0.0,0.0,0.0,0.0,999.0,0.0,0.0,0.0,36,Regular,Eastern Slovakia,65,0,1,2,6,1,0.8769542247834032
C02200,0.0,0.0,0.0,0.0,0.0,0.0,0.0,0.0,999.0,0.0,0.0,0.0,28,New,Western Slovakia,39,0,1,1,1,1,0.8964040922200135
C01410,0.0,0.0,0.0,0.0,0.0,0.0,0.0,0.0,999.0,0.0,0.0,0.0,44,New,Bratislava,11,0,0,3,5,1,0.9064862562938559
C00343,1.0,0.0,0.0,1.0,3.0,0.0,1.0,1.0,999.0,289.0,0.3333333333333333,0.0,39,Regular,Bratislava,19,0,0,3,7,0,0.829731710533401
C00157,2.0,0.0,0.0,2.0,13.0,0.0,0.5,0.0,999.0,67.0,0.15384615384615385,0.0,40,Regular,Eastern Slovakia,59,1,1,2,4,1,0.7961068169396895
C00316,0.0,0.0,0.0,0.0,0.0,0.0,0.0,0.0,999.0,0.0,0.0,0.0,34,Regular,Bratislava,39,1,0,2,4,1,0.8620276807090458
C00423,2.0,1.0,165.79,1.0,10.0,0.0,0.5,0.0,294.0,243.0,0.1,1.0,31,Regular,Central Slovakia,40,0,1,2,5,1,0.8739900937330709
C01590,3.0,1.0,168.63,0.0,24.0,0.6666666666666666,0.0,0.0,191.0,117.0,0.0,1.0,33,New,Western Slovakia,62,1,0,2,16,1,0.8563051630324217
C00596,0.0,0.0,0.0,0.0,0.0,0.0,0.0,0.0,999.0,0.0,0.0,0.0,33,Regular,Czech Republic,33,1,0,2,2,1,0.8748108288954208
C02114,0.0,0.0,0.0,0.0,0.0,0.0,0.0,0.0,999.0,0.0,0.0,0.0,40,At-Risk,Czech Republic,39,0,0,0,2,1,0.9721586212009229
C00342,3.0,1.0,185.62,1.0,23.0,0.3333333333333333,0.3333333333333333,0.3333333333333333,262.0,16.0,0.043478260869565216,1.0,42,At-Risk,Bratislava,22,0,0,1,8,1,0.9594823586852956
C00635,2.0,0.0,0.0,0.0,6.0,0.0,1.0,0.0,999.0,50.0,0.0,0.0,34,Regular,Czech Republic,31,0,1,3,4,1,0.835362218941338
C00415,0.0,0.0,0.0,0.0,0.0,0.0,0.0,0.0,999.0,0.0,0.0,0.0,35,Regular,Central Slovakia,15,0,1,0,1,1,0.9000305608068432
C01729,1.0,0.0,0.0,0.0,2.0,0.0,1.0,0.0,999.0,186.0,0.0,0.0,39,Regular,Western Slovakia,49,0,1,2,2,1,0.8486041792148188
C00919,1.0,0.0,0.0,0.0,1.0,1.0,0.0,1.0,999.0,277.0,0.0,0.0,54,New,Eastern Slovakia,66,0,0,1,4,1,0.8810151797902492
C01145,3.0,2.0,699.81,0.0,28.0,0.3333333333333333,0.3333333333333333,1.0,147.0,17.0,0.0,1.0,38,Loyal,Central Slovakia,25,0,1,6,12,1,0.5370396669743634
C00672,2.0,1.0,183.37,2.0,11.0,0.5,0.5,0.5,319.0,319.0,0.18181818181818182,1.0,41,New,Western Slovakia,70,0,0,2,11,1,0.8634503073303356
C00173,0.0,0.0,0.0,0.0,0.0,0.0,0.0,0.0,999.0,0.0,0.0,0.0,33,Loyal,Central Slovakia,67,0,0,1,6,0,0.80926270928527
C02006,1.0,0.0,0.0,0.0,5.0,0.0,1.0,0.0,999.0,212.0,0.0,0.0,51,New,Eastern Slovakia,26,0,1,1,1,1,0.9209425875943855
C01325,0.0,0.0,0.0,0.0,0.0,0.0,0.0,0.0,999.0,0.0,0.0,0.0,41,Regular,Bratislava,10,1,1,4,5,0,0.7945518005096934
C01879,0.0,0.0,0.0,0.0,0.0,0.0,0.0,0.0,999.0,0.0,0.0,0.0,55,Loyal,Western Slovakia,49,0,1,1,1,1,0.7729568662303883
C00824,1.0,0.0,0.0,0.0,11.0,0.0,0.0,0.0,999.0,190.0,0.0,0.0,18,Loyal,Eastern Slovakia,9,1,1,4,8,1,0.6683038339613357
C01841,1.0,0.0,0.0,0.0,7.0,0.0,0.0,0.0,999.0,82.0,0.0,0.0,31,New,Central Slovakia,62,0,1,2,2,1,0.8835633933354422
C01515,1.0,0.0,0.0,0.0,3.0,1.0,0.0,0.0,999.0,275.0,0.0,0.0,18,New,Central Slovakia,12,0,1,1,2,1,0.897039955259683
C02120,4.0,0.0,0.0,1.0,25.0,0.0,0.5,0.0,999.0,77.0,0.04,0.0,47,Regular,Eastern Slovakia,61,0,1,1,3,1,0.8411220585642669
C00757,5.0,3.0,897.1700000000001,4.0,27.0,0.2,0.4,0.0,252.0,188.0,0.14814814814814814,1.0,27,Regular,Bratislava,56,0,1,3,8,1,0.6802071550617395
C00150,1.0,0.0,0.0,0.0,14.0,0.0,0.0,0.0,999.0,97.0,0.0,0.0,40,Regular,Western Slovakia,32,1,0,2,7,0,0.8388020062249635
C01205,1.0,0.0,0.0,0.0,4.0,0.0,1.0,0.0,999.0,251.0,0.0,0.0,30,At-Risk,Bratislava,44,0,1,1,6,1,0.9544984489318212
C00637,2.0,0.0,0.0,2.0,12.0,0.0,0.5,0.5,999.0,94.0,0.16666666666666666,0.0,36,New,Eastern Slovakia,65,1,0,1,2,0,0.8520880897025113
C01665,0.0,0.0,0.0,0.0,0.0,0.0,0.0,0.0,999.0,0.0,0.0,0.0,52,Regular,Western Slovakia,67,1,0,0,4,1,0.8640385439246401
C00485,2.0,0.0,0.0,0.0,13.0,0.5,0.0,0.0,999.0,106.0,0.0,0.0,37,New,Central Slovakia,28,0,1,5,7,1,0.8107258850829274
C00538,2.0,0.0,0.0,0.0,18.0,0.5,0.0,0.0,999.0,2.0,0.0,0.0,52,Regular,Bratislava,44,1,1,2,2,1,0.8229637181831653
C00021,3.0,0.0,0.0,1.0,15.0,0.0,0.3333333333333333,0.0,999.0,35.0,0.06666666666666667,0.0,36,Regular,Czech Republic,40,0,1,0,4,1,0.8558270344300649
C01538,3.0,1.0,126.17,1.0,16.0,0.3333333333333333,0.3333333333333333,0.0,6.0,6.0,0.0625,1.0,18,New,Western Slovakia,43,1,1,0,1,1,0.8908861091540593
C00811,2.0,0.0,0.0,1.0,10.0,0.0,0.5,0.0,999.0,113.0,0.1,0.0,36,Regular,Central Slovakia,14,1,1,2,20,0,0.7065343007329163
C01809,1.0,0.0,0.0,0.0,3.0,0.0,1.0,0.0,999.0,322.0,0.0,0.0,38,Regular,Western Slovakia,64,0,1,2,1,1,0.8575840179385823
C00943,3.0,1.0,222.76,2.0,21.0,0.0,0.3333333333333333,1.0,62.0,62.0,0.09523809523809523,1.0,44,Regular,Czech Republic,11,1,1,2,9,1,0.7781094317029053
C01111,1.0,0.0,0.0,1.0,8.0,0.0,0.0,1.0,999.0,41.0,0.125,0.0,56,Regular,Czech Republic,22,0,1,4,9,1,0.7536739136322234
C02050,3.0,0.0,0.0,0.0,14.0,0.3333333333333333,0.0,0.0,999.0,45.0,0.0,0.0,25,Loyal,Central Slovakia,15,0,1,2,11,0,0.6367010137103334
C01306,2.0,0.0,0.0,1.0,17.0,0.0,0.5,1.0,999.0,176.0,0.058823529411764705,0.0,18,Loyal,Central Slovakia,45,1,0,5,28,1,0.39637416266844044
C02129,0.0,0.0,0.0,0.0,0.0,0.0,0.0,0.0,999.0,0.0,0.0,0.0,43,At-Risk,Czech Republic,71,0,1,3,2,1,0.9492467345848243
C01129,1.0,0.0,0.0,0.0,5.0,0.0,0.0,0.0,999.0,317.0,0.0,0.0,35,Regular,Eastern Slovakia,36,0,0,2,4,1,0.9000607663076419
C02159,4.0,0.0,0.0,1.0,42.0,0.25,0.0,0.75,999.0,161.0,0.023809523809523808,0.0,46,Loyal,Bratislava,33,0,1,7,3,0,0.5550370178864332
C01575,1.0,0.0,0.0,0.0,8.0,0.0,0.0,1.0,999.0,67.0,0.0,0.0,21,Loyal,Eastern Slovakia,48,0,0,1,4,1,0.767536136139781
C01100,1.0,0.0,0.0,0.0,9.0,0.0,1.0,1.0,999.0,237.0,0.0,0.0,53,Regular,Western Slovakia,48,0,1,1,3,1,0.8291699264036845
C00606,1.0,0.0,0.0,0.0,14.0,0.0,0.0,1.0,999.0,132.0,0.0,0.0,44,At-Risk,Bratislava,38,0,1,1,2,1,0.943511881242243
C00979,2.0,0.0,0.0,2.0,8.0,0.0,1.0,0.0,999.0,171.0,0.25,0.0,21,Regular,Czech Republic,46,0,1,1,3,1,0.8644650775431787
C01153,1.0,0.0,0.0,0.0,11.0,0.0,0.0,0.0,999.0,61.0,0.0,0.0,41,Regular,Eastern Slovakia,39,1,0,4,9,1,0.8252062975590788
C01893,3.0,0.0,0.0,0.0,16.0,0.3333333333333333,0.0,0.0,999.0,69.0,0.0,0.0,24,New,Eastern Slovakia,58,0,0,2,3,1,0.889372806447245
C00901,3.0,0.0,0.0,1.0,8.0,0.6666666666666666,0.0,0.6666666666666666,999.0,187.0,0.125,0.0,43,New,Czech Republic,21,0,1,2,13,1,0.7585238700583617
C01549,1.0,0.0,0.0,0.0,5.0,1.0,0.0,0.0,999.0,239.0,0.0,0.0,45,Regular,Eastern Slovakia,54,1,1,3,7,0,0.8025259828675565
C02172,0.0,0.0,0.0,0.0,0.0,0.0,0.0,0.0,999.0,0.0,0.0,0.0,25,New,Bratislava,21,1,0,4,2,0,0.8655589081082949
C00509,1.0,0.0,0.0,0.0,6.0,0.0,0.0,0.0,999.0,170.0,0.0,0.0,31,Regular,Western Slovakia,41,1,1,1,2,1,0.8153027215041682
C00835,1.0,0.0,0.0,0.0,12.0,0.0,0.0,0.0,999.0,161.0,0.0,0.0,29,Loyal,Bratislava,53,1,1,3,2,1,0.7040084210751669
C00601,7.0,2.0,382.06,2.0,50.0,0.2857142857142857,0.2857142857142857,0.0,6.0,6.0,0.04,1.0,44,Regular,Bratislava,9,0,0,7,5,1,0.7713551813682175
C00264,1.0,0.0,0.0,0.0,6.0,0.0,1.0,1.0,999.0,170.0,0.0,0.0,31,New,Czech Republic,41,1,1,1,0,1,0.8451308775287043
C01389,1.0,1.0,305.88,1.0,5.0,0.0,1.0,0.0,172.0,172.0,0.2,1.0,42,Loyal,Western Slovakia,2,1,1,4,18,1,0.620726118623755
C01950,3.0,0.0,0.0,2.0,15.0,0.0,0.6666666666666666,0.0,999.0,4.0,0.13333333333333333,0.0,62,New,Eastern Slovakia,28,1,1,1,5,1,0.8128355292430083
C01788,0.0,0.0,0.0,0.0,0.0,0.0,0.0,0.0,999.0,0.0,0.0,0.0,19,Loyal,Central Slovakia,46,0,1,1,2,1,0.7901847396330344
C00820,0.0,0.0,0.0,0.0,0.0,0.0,0.0,0.0,999.0,0.0,0.0,0.0,24,Regular,Western Slovakia,31,0,1,2,4,1,0.8530313433391349
C01347,1.0,0.0,0.0,0.0,2.0,0.0,1.0,0.0,999.0,109.0,0.0,0.0,42,Loyal,Western Slovakia,59,1,0,4,30,0,0.4928582304692444
C01767,2.0,0.0,0.0,0.0,18.0,0.0,0.0,0.0,999.0,172.0,0.0,0.0,23,New,Central Slovakia,28,0,0,2,4,1,0.9049091524074655
C00445,3.0,0.0,0.0,0.0,28.0,0.0,0.0,1.0,999.0,113.0,0.0,0.0,34,Loyal,Central Slovakia,49,0,0,5,17,1,0.5443613616707481
C01818,3.0,0.0,0.0,0.0,27.0,0.3333333333333333,0.0,0.0,999.0,6.0,0.0,0.0,49,Loyal,Eastern Slovakia,6,1,1,5,22,1,0.5113507372306386
C00667,1.0,0.0,0.0,0.0,7.0,0.0,0.0,1.0,999.0,84.0,0.0,0.0,19,New,Central Slovakia,53,0,1,0,2,1,0.8657391535348814
C01765,2.0,1.0,380.29,2.0,12.0,0.0,1.0,0.0,239.0,226.0,0.16666666666666666,1.0,25,Regular,Bratislava,57,0,1,2,11,1,0.8615261427664228
C00907,0.0,0.0,0.0,0.0,0.0,0.0,0.0,0.0,999.0,0.0,0.0,0.0,35,New,Central Slovakia,60,0,0,0,1,1,0.9313996153433259
C01300,1.0,0.0,0.0,1.0,3.0,0.0,1.0,1.0,999.0,182.0,0.3333333333333333,0.0,26,Loyal,Czech Republic,16,0,1,1,23,1,0.6360855021672903
C01838,2.0,1.0,245.92,1.0,13.0,0.5,0.0,0.5,129.0,129.0,0.07692307692307693,1.0,35,Regular,Czech Republic,50,0,1,3,1,1,0.8739297685294053
C01597,2.0,0.0,0.0,0.0,17.0,0.0,0.5,0.0,999.0,111.0,0.0,0.0,42,Loyal,Western Slovakia,17,0,0,6,5,1,0.6731838108035275
C00777,0.0,0.0,0.0,0.0,0.0,0.0,0.0,0.0,999.0,0.0,0.0,0.0,25,New,Bratislava,8,0,1,0,1,1,0.924724679274892
C00129,3.0,0.0,0.0,2.0,30.0,0.0,0.3333333333333333,0.0,999.0,101.0,0.06666666666666667,0.0,30,New,Western Slovakia,56,1,1,2,1,1,0.8123020018675315
C00060,1.0,0.0,0.0,2.0,6.0,0.0,0.0,0.0,999.0,37.0,0.3333333333333333,0.0,50,At-Risk,Western Slovakia,35,0,1,0,8,1,0.9380669421552266
C01421,0.0,0.0,0.0,0.0,0.0,0.0,0.0,0.0,999.0,0.0,0.0,0.0,35,Regular,Central Slovakia,45,0,0,5,2,1,0.8542810327571619
C01104,0.0,0.0,0.0,0.0,0.0,0.0,0.0,0.0,999.0,0.0,0.0,0.0,44,Regular,Bratislava,48,0,0,1,3,1,0.9106886550200698
C00030,0.0,0.0,0.0,0.0,0.0,0.0,0.0,0.0,999.0,0.0,0.0,0.0,43,Regular,Czech Republic,5,0,0,1,9,1,0.9068697553625151
C00401,3.0,0.0,0.0,3.0,16.0,0.3333333333333333,0.0,0.0,999.0,127.0,0.1875,0.0,36,At-Risk,Bratislava,34,0,0,3,1,1,0.9269559860395027
C00993,1.0,0.0,0.0,1.0,3.0,0.0,1.0,0.0,999.0,231.0,0.3333333333333333,0.0,60,At-Risk,Eastern Slovakia,1,0,0,4,3,1,0.9551557242864992
C00701,1.0,0.0,0.0,0.0,9.0,0.0,0.0,0.0,999.0,127.0,0.0,0.0,51,New,Central Slovakia,34,0,0,0,3,1,0.9279408823643485
C02041,0.0,0.0,0.0,0.0,0.0,0.0,0.0,0.0,999.0,0.0,0.0,0.0,49,New,Bratislava,58,0,0,1,2,0,0.9275973041889873
C01752,2.0,0.0,0.0,3.0,13.0,0.5,0.0,0.0,999.0,232.0,0.23076923076923078,0.0,31,Regular,Western Slovakia,58,0,1,3,8,1,0.7596704103122565
C02122,2.0,0.0,0.0,0.0,9.0,0.0,1.0,0.0,999.0,0.0,0.0,0.0,39,New,Central Slovakia,8,0,0,0,2,1,0.9173248933525253
C00317,1.0,0.0,0.0,0.0,7.0,0.0,0.0,0.0,999.0,282.0,0.0,0.0,39,New,Central Slovakia,62,0,1,0,1,1,0.9126864726384192
C02093,0.0,0.0,0.0,0.0,0.0,0.0,0.0,0.0,999.0,0.0,0.0,0.0,40,Regular,Czech Republic,39,0,0,3,1,1,0.8994623818327864
C01626,2.0,0.0,0.0,1.0,7.0,0.5,0.0,0.0,999.0,316.0,0.14285714285714285,0.0,52,Regular,Central Slovakia,19,1,1,0,2,1,0.8157547670932445
C00711,4.0,2.0,372.3,2.0,27.0,0.5,0.0,0.0,250.0,6.0,0.07407407407407407,1.0,38,Loyal,Czech Republic,56,1,0,4,15,0,0.585469149237545
C01057,0.0,0.0,0.0,0.0,0.0,0.0,0.0,0.0,999.0,0.0,0.0,0.0,40,New,Bratislava,11,0,1,0,4,1,0.9193144262763259
C02143,1.0,0.0,0.0,0.0,3.0,0.0,0.0,0.0,999.0,24.0,0.0,0.0,70,Regular,Western Slovakia,46,1,1,1,2,1,0.7963328071011541
C00997,2.0,0.0,0.0,0.0,16.0,0.0,0.5,0.5,999.0,182.0,0.0,0.0,47,Regular,Eastern Slovakia,70,1,1,3,18,1,0.7183348684052111
C00216,1.0,1.0,318.14,1.0,10.0,0.0,0.0,0.0,186.0,186.0,0.1,1.0,50,Loyal,Western Slovakia,47,0,0,2,6,1,0.8218404280717522
C01772,1.0,0.0,0.0,1.0,2.0,0.0,1.0,1.0,999.0,217.0,0.5,0.0,39,New,Bratislava,42,0,0,6,9,1,0.7981005059204873
C01269,3.0,0.0,0.0,0.0,22.0,0.3333333333333333,0.3333333333333333,0.0,999.0,74.0,0.0,0.0,46,Regular,Bratislava,43,1,0,4,14,1,0.7546640552747477
C01905,2.0,0.0,0.0,1.0,19.0,0.0,0.0,1.0,999.0,107.0,0.05263157894736842,0.0,45,Regular,Bratislava,13,0,0,2,5,1,0.8350675675272661
C00385,1.0,0.0,0.0,3.0,8.0,0.0,1.0,0.0,999.0,236.0,0.375,0.0,19,Regular,Western Slovakia,51,0,1,2,2,1,0.8473863717964213
C02155,1.0,0.0,0.0,0.0,3.0,0.0,1.0,1.0,999.0,227.0,0.0,0.0,41,Regular,Eastern Slovakia,50,0,1,5,3,1,0.7732265278340845
C02043,3.0,0.0,0.0,1.0,20.0,0.0,0.6666666666666666,0.0,999.0,74.0,0.05,0.0,61,New,Eastern Slovakia,66,0,0,1,2,1,0.9086647195808526
C01122,1.0,0.0,0.0,0.0,15.0,0.0,0.0,0.0,999.0,105.0,0.0,0.0,38,New,Bratislava,25,0,1,4,1,0,0.8921896363863424
C00642,2.0,0.0,0.0,0.0,12.0,0.5,0.0,0.0,999.0,156.0,0.0,0.0,46,At-Risk,Eastern Slovakia,13,0,0,1,4,1,0.9613894516898432
C00641,0.0,0.0,0.0,0.0,0.0,0.0,0.0,0.0,999.0,0.0,0.0,0.0,20,New,Western Slovakia,20,0,0,0,3,1,0.9228250562250787
C01272,2.0,1.0,304.52,1.0,8.0,0.5,0.5,0.0,256.0,105.0,0.125,1.0,55,Loyal,Bratislava,18,0,0,4,12,1,0.7398218562658517
C00271,3.0,1.0,181.43,0.0,10.0,0.0,0.6666666666666666,0.6666666666666666,188.0,55.0,0.0,1.0,29,New,Western Slovakia,70,0,0,1,7,1,0.8695042132199944
C00944,1.0,0.0,0.0,0.0,9.0,0.0,0.0,1.0,999.0,297.0,0.0,0.0,52,Loyal,Western Slovakia,21,0,1,3,7,1,0.6144282083904589
C00447,1.0,0.0,0.0,0.0,7.0,0.0,1.0,0.0,999.0,264.0,0.0,0.0,51,Loyal,Bratislava,10,1,0,0,4,1,0.8120693991225928
C00394,5.0,0.0,0.0,1.0,17.0,0.2,0.6,0.0,999.0,11.0,0.058823529411764705,0.0,44,Loyal,Western Slovakia,19,0,1,3,14,0,0.44041284724379837
C00563,1.0,2.0,1154.66,2.0,5.0,0.0,1.0,1.0,262.0,262.0,0.4,1.0,39,Loyal,Bratislava,4,1,0,5,3,0,0.5407707189495662
C00054,0.0,0.0,0.0,0.0,0.0,0.0,0.0,0.0,999.0,0.0,0.0,0.0,34,Regular,Western Slovakia,63,1,0,0,5,0,0.8621182389204366
C01115,1.0,0.0,0.0,0.0,10.0,0.0,0.0,1.0,999.0,189.0,0.0,0.0,39,Regular,Czech Republic,51,0,0,5,6,1,0.8052628349955803
C00018,1.0,0.0,0.0,0.0,4.0,1.0,0.0,0.0,999.0,139.0,0.0,0.0,26,Regular,Central Slovakia,18,1,1,0,2,1,0.8458145256190459
C00981,2.0,0.0,0.0,3.0,12.0,1.0,0.0,0.0,999.0,7.0,0.25,0.0,44,Regular,Western Slovakia,13,0,0,1,28,1,0.7549625095140343
C00266,3.0,1.0,336.36,1.0,15.0,0.0,0.6666666666666666,0.6666666666666666,230.0,94.0,0.06666666666666667,1.0,50,Loyal,Bratislava,46,1,1,3,1,1,0.6063791456659628
C00025,2.0,2.0,823.9,1.0,30.0,0.0,0.5,1.0,17.0,17.0,0.03333333333333333,1.0,33,Loyal,Western Slovakia,69,1,1,4,7,1,0.5755023588886178
C00003,1.0,0.0,0.0,0.0,6.0,0.0,1.0,0.0,999.0,284.0,0.0,0.0,47,Regular,Central Slovakia,14,1,1,2,1,0,0.8392055903840312
C00677,3.0,1.0,311.89,1.0,21.0,0.0,0.3333333333333333,0.0,226.0,92.0,0.047619047619047616,1.0,67,Loyal,Western Slovakia,28,0,0,1,14,1,0.7614481902573845
C01653,2.0,0.0,0.0,0.0,23.0,0.0,0.0,0.0,999.0,122.0,0.0,0.0,44,Loyal,Eastern Slovakia,12,1,1,4,3,1,0.6909521910400334
C02165,4.0,0.0,0.0,0.0,30.0,0.0,0.25,0.25,999.0,79.0,0.0,0.0,45,New,Czech Republic,29,0,1,2,11,1,0.8386900007680465
C00306,7.0,1.0,235.95,1.0,36.0,0.2857142857142857,0.42857142857142855,0.0,288.0,0.0,0.027777777777777776,1.0,25,Loyal,Central Slovakia,35,0,0,4,8,0,0.5751457081412639
C02009,0.0,0.0,0.0,0.0,0.0,0.0,0.0,0.0,999.0,0.0,0.0,0.0,52,At-Risk,Western Slovakia,34,1,0,0,4,1,0.9473771361357737
C00791,3.0,0.0,0.0,1.0,34.0,0.3333333333333333,0.0,1.0,999.0,103.0,0.029411764705882353,0.0,29,Regular,Bratislava,14,0,1,4,12,0,0.7440056063724659
C01607,0.0,0.0,0.0,0.0,0.0,0.0,0.0,0.0,999.0,0.0,0.0,0.0,44,Loyal,Bratislava,36,0,0,5,2,1,0.7608511197321021
C00964,2.0,0.0,0.0,0.0,4.0,0.5,0.5,0.0,999.0,100.0,0.0,0.0,37,Regular,Bratislava,4,1,1,5,2,0,0.7217426798418968
C00625,1.0,0.0,0.0,0.0,4.0,0.0,0.0,1.0,999.0,249.0,0.0,0.0,44,New,Czech Republic,1,0,0,0,1,0,0.9068473856165982
C02064,5.0,4.0,1382.03,3.0,40.0,0.0,0.8,0.6,15.0,15.0,0.075,1.0,43,Loyal,Eastern Slovakia,9,1,1,5,2,0,0.44072195398773995
C01697,1.0,0.0,0.0,0.0,6.0,0.0,0.0,0.0,999.0,350.0,0.0,0.0,32,New,Eastern Slovakia,5,1,0,2,6,0,0.8878052896139523
C01749,1.0,0.0,0.0,1.0,7.0,0.0,0.0,0.0,999.0,342.0,0.14285714285714285,0.0,32,Regular,Western Slovakia,22,0,1,4,12,1,0.7807643786908678
C00256,2.0,0.0,0.0,0.0,18.0,0.0,0.0,1.0,999.0,172.0,0.0,0.0,47,New,Bratislava,66,0,0,1,3,1,0.8845595335825883
C01972,0.0,0.0,0.0,0.0,0.0,0.0,0.0,0.0,999.0,0.0,0.0,0.0,34,New,Central Slovakia,1,0,0,0,1,1,0.9341979822125112
C00161,4.0,3.0,654.74,3.0,42.0,0.25,0.25,0.0,3.0,3.0,0.07142857142857142,1.0,26,Loyal,Eastern Slovakia,62,1,1,1,11,1,0.7181937978476022
C01315,0.0,0.0,0.0,0.0,0.0,0.0,0.0,0.0,999.0,0.0,0.0,0.0,45,At-Risk,Western Slovakia,50,1,1,3,2,1,0.9110861264270518
C00434,2.0,0.0,0.0,1.0,17.0,0.0,0.5,0.0,999.0,188.0,0.058823529411764705,0.0,18,Regular,Western Slovakia,26,1,1,6,7,1,0.6772301736421104
C00448,0.0,0.0,0.0,0.0,0.0,0.0,0.0,0.0,999.0,0.0,0.0,0.0,34,New,Western Slovakia,49,0,1,1,12,1,0.8691487048481492
C01673,1.0,0.0,0.0,0.0,4.0,0.0,0.0,0.0,999.0,351.0,0.0,0.0,40,Regular,Central Slovakia,34,0,1,1,7,1,0.8629479536364424
C00210,3.0,0.0,0.0,0.0,24.0,0.3333333333333333,0.0,0.0,999.0,145.0,0.0,0.0,34,Regular,Bratislava,34,0,1,1,4,0,0.8682922424397985
C01753,1.0,1.0,194.99,1.0,10.0,0.0,0.0,1.0,346.0,346.0,0.1,1.0,30,Loyal,Central Slovakia,5,0,0,2,6,1,0.7726454437193723
C01139,2.0,0.0,0.0,1.0,19.0,0.0,0.0,0.0,999.0,48.0,0.05263157894736842,0.0,37,Regular,Western Slovakia,31,1,1,6,2,1,0.6908150341716175
C01123,5.0,0.0,0.0,0.0,27.0,0.2,0.0,0.2,999.0,4.0,0.0,0.0,29,Loyal,Western Slovakia,50,1,1,3,9,0,0.41690553911045153
C01259,2.0,1.0,519.47,2.0,44.0,0.0,0.0,0.0,160.0,160.0,0.045454545454545456,1.0,59,Loyal,Bratislava,71,0,1,4,4,0,0.832536266607165
C01267,0.0,0.0,0.0,0.0,0.0,0.0,0.0,0.0,999.0,0.0,0.0,0.0,28,Regular,Eastern Slovakia,9,0,0,2,6,1,0.903685538023615
C01273,5.0,0.0,0.0,2.0,44.0,0.4,0.2,1.0,999.0,24.0,0.045454545454545456,0.0,34,New,Bratislava,70,0,0,1,4,0,0.8368991073298108
C02151,2.0,0.0,0.0,0.0,14.0,0.5,0.5,0.0,999.0,20.0,0.0,0.0,37,Loyal,Bratislava,11,1,1,4,10,1,0.5967090584182574
C01184,4.0,1.0,157.01,3.0,23.0,0.25,0.25,0.75,96.0,96.0,0.13043478260869565,1.0,46,New,Bratislava,68,1,1,4,4,1,0.7399935614656626
C00260,0.0,0.0,0.0,0.0,0.0,0.0,0.0,0.0,999.0,0.0,0.0,0.0,22,Regular,Western Slovakia,45,0,0,0,3,1,0.904514015903161
C01540,3.0,4.0,789.3299999999999,4.0,18.0,0.3333333333333333,0.3333333333333333,1.0,91.0,91.0,0.2222222222222222,1.0,56,Loyal,Western Slovakia,52,0,1,8,7,0,0.34432504468819547
C01764,3.0,0.0,0.0,1.0,12.0,0.0,1.0,0.0,999.0,240.0,0.08333333333333333,0.0,25,New,Central Slovakia,27,0,1,2,11,0,0.8188295341708499
C01215,2.0,1.0,602.59,0.0,18.0,0.0,0.5,1.0,24.0,24.0,0.0,1.0,18,Loyal,Bratislava,3,0,1,3,10,1,0.7092787698226888
C01719,2.0,0.0,0.0,2.0,17.0,0.0,0.0,0.5,999.0,88.0,0.11764705882352941,0.0,45,Regular,Western Slovakia,31,1,1,4,6,1,0.6537459206135537
C01624,1.0,0.0,0.0,1.0,3.0,0.0,1.0,0.0,999.0,282.0,0.3333333333333333,0.0,52,New,Bratislava,54,0,1,1,7,1,0.9001972447173027
C01815,0.0,0.0,0.0,0.0,0.0,0.0,0.0,0.0,999.0,0.0,0.0,0.0,40,New,Western Slovakia,4,0,0,1,5,0,0.9104946843493436
C00702,2.0,0.0,0.0,0.0,20.0,0.0,0.5,0.0,999.0,11.0,0.0,0.0,35,Loyal,Bratislava,12,1,1,2,24,0,0.6085532701949431
C00195,0.0,0.0,0.0,0.0,0.0,0.0,0.0,0.0,999.0,0.0,0.0,0.0,25,Regular,Bratislava,65,0,1,1,3,1,0.8891841488910284
C01644,0.0,0.0,0.0,0.0,0.0,0.0,0.0,0.0,999.0,0.0,0.0,0.0,46,Regular,Central Slovakia,69,0,1,0,5,1,0.8871078642526864
C02106,4.0,1.0,361.61,2.0,27.0,0.25,0.25,0.0,66.0,66.0,0.07407407407407407,1.0,32,Loyal,Western Slovakia,51,1,1,6,12,0,0.47415629263023584
C00146,0.0,0.0,0.0,0.0,0.0,0.0,0.0,0.0,999.0,0.0,0.0,0.0,33,At-Risk,Czech Republic,1,0,0,3,3,1,0.9605095746945747
C01204,1.0,0.0,0.0,1.0,2.0,0.0,1.0,0.0,999.0,248.0,0.5,0.0,37,New,Western Slovakia,18,0,0,3,5,1,0.8886979119142918
C01837,2.0,0.0,0.0,0.0,24.0,0.0,0.0,0.5,999.0,100.0,0.0,0.0,41,Regular,Western Slovakia,29,1,0,4,4,1,0.7745434782512163
C00348,4.0,0.0,0.0,1.0,32.0,0.0,0.25,0.0,999.0,20.0,0.03125,0.0,45,Regular,Western Slovakia,35,0,0,4,8,0,0.7811271248373872
C00764,2.0,1.0,284.26,1.0,7.0,0.0,0.5,1.0,277.0,192.0,0.14285714285714285,1.0,46,Loyal,Czech Republic,57,1,1,4,10,0,0.5277810015052994
C00828,1.0,0.0,0.0,0.0,12.0,0.0,0.0,0.0,999.0,188.0,0.0,0.0,37,Regular,Central Slovakia,61,0,1,2,9,1,0.8575150453122631
C01180,2.0,0.0,0.0,1.0,10.0,0.0,0.0,0.0,999.0,105.0,0.1,0.0,43,Loyal,Western Slovakia,13,1,1,2,1,1,0.6093362395399852
C00922,4.0,0.0,0.0,3.0,24.0,0.25,0.5,0.0,999.0,24.0,0.125,0.0,28,Regular,Czech Republic,17,1,0,5,18,1,0.6298207977684415
C02071,1.0,0.0,0.0,1.0,3.0,0.0,1.0,0.0,999.0,228.0,0.3333333333333333,0.0,34,Loyal,Czech Republic,43,0,0,1,5,1,0.8342772004330423
C01990,3.0,1.0,174.44,1.0,10.0,0.3333333333333333,0.3333333333333333,0.0,95.0,95.0,0.1,1.0,22,Regular,Central Slovakia,15,0,1,0,3,1,0.8920450603334305
C01376,3.0,0.0,0.0,0.0,23.0,0.0,0.0,0.0,999.0,47.0,0.0,0.0,42,Regular,Bratislava,17,1,1,2,11,1,0.7691717887997719
C01328,3.0,1.0,209.54,0.0,21.0,0.3333333333333333,0.3333333333333333,0.0,188.0,2.0,0.0,1.0,19,New,Central Slovakia,58,0,1,5,22,1,0.8065279127810753
C00396,0.0,0.0,0.0,0.0,0.0,0.0,0.0,0.0,999.0,0.0,0.0,0.0,40,At-Risk,Western Slovakia,30,1,1,0,1,1,0.9390538296503818
C01956,4.0,3.0,784.33,2.0,27.0,0.25,0.0,0.0,38.0,38.0,0.07407407407407407,1.0,26,Loyal,Eastern Slovakia,36,0,0,6,4,0,0.6702139809595449
C00136,4.0,1.0,125.68,3.0,51.0,0.25,0.0,0.0,113.0,5.0,0.058823529411764705,1.0,26,Loyal,Eastern Slovakia,16,1,1,2,9,0,0.7813512010320882
C01072,6.0,2.0,460.08,5.0,27.0,0.16666666666666666,0.6666666666666666,0.5,39.0,1.0,0.18518518518518517,1.0,25,Regular,Bratislava,37,0,0,6,3,1,0.6486495760868642
C02186,1.0,0.0,0.0,0.0,1.0,1.0,0.0,0.0,999.0,270.0,0.0,0.0,38,Regular,Bratislava,56,1,1,1,7,1,0.8154966890692324
C01089,1.0,0.0,0.0,0.0,1.0,1.0,0.0,0.0,999.0,297.0,0.0,0.0,46,New,Western Slovakia,13,0,0,2,3,1,0.8897186902229388
C01469,1.0,0.0,0.0,0.0,4.0,0.0,1.0,0.0,999.0,232.0,0.0,0.0,21,At-Risk,Eastern Slovakia,71,1,1,2,3,1,0.9364697721624752
C01360,1.0,0.0,0.0,0.0,3.0,1.0,0.0,1.0,999.0,333.0,0.0,0.0,35,New,Eastern Slovakia,19,0,1,0,0,1,0.889736974975101
C00938,1.0,0.0,0.0,0.0,2.0,0.0,1.0,0.0,999.0,230.0,0.0,0.0,37,Loyal,Bratislava,56,1,0,2,4,1,0.7427538179367241
C00172,3.0,0.0,0.0,1.0,18.0,0.0,0.6666666666666666,0.0,999.0,171.0,0.05555555555555555,0.0,43,New,Czech Republic,69,0,0,3,5,1,0.8753156716942322
C01324,1.0,0.0,0.0,1.0,4.0,1.0,0.0,0.0,999.0,113.0,0.25,0.0,19,Regular,Central Slovakia,31,0,0,2,2,1,0.881705900925721
C00891,1.0,0.0,0.0,1.0,4.0,0.0,0.0,0.0,999.0,242.0,0.25,0.0,28,Regular,Western Slovakia,38,0,1,0,7,1,0.8585277377584262
C00236,2.0,1.0,196.46,2.0,16.0,0.5,0.5,0.0,111.0,111.0,0.125,1.0,30,Regular,Western Slovakia,23,1,1,2,8,1,0.8311115876046193
C00576,1.0,1.0,298.74,2.0,6.0,0.0,1.0,0.0,222.0,222.0,0.3333333333333333,1.0,21,Loyal,Central Slovakia,45,0,1,1,13,1,0.7953996252248323
C00918,3.0,1.0,137.76,4.0,21.0,0.3333333333333333,0.3333333333333333,1.0,100.0,100.0,0.19047619047619047,1.0,44,New,Eastern Slovakia,25,1,0,1,7,0,0.8510934130174872
C00292,2.0,0.0,0.0,1.0,5.0,0.5,0.5,0.0,999.0,82.0,0.2,0.0,40,Regular,Bratislava,67,0,0,1,5,1,0.8695603820061368
C00258,2.0,0.0,0.0,0.0,13.0,0.0,1.0,0.5,999.0,176.0,0.0,0.0,33,At-Risk,Western Slovakia,51,0,0,1,1,1,0.9476353844601808
C00293,1.0,0.0,0.0,2.0,3.0,1.0,0.0,0.0,999.0,282.0,0.6666666666666666,0.0,56,Regular,Eastern Slovakia,9,0,0,0,3,1,0.9214739622078606
C01079,0.0,0.0,0.0,0.0,0.0,0.0,0.0,0.0,999.0,0.0,0.0,0.0,31,Regular,Czech Republic,70,0,1,1,5,1,0.8900853636581231
C00486,3.0,0.0,0.0,0.0,18.0,0.3333333333333333,0.3333333333333333,1.0,999.0,94.0,0.0,0.0,36,Regular,Bratislava,10,0,0,0,3,1,0.8511575990351049
C00705,2.0,0.0,0.0,1.0,10.0,0.0,0.5,0.0,999.0,186.0,0.1,0.0,51,Regular,Bratislava,53,0,1,0,5,1,0.8701061307866412
C00893,0.0,0.0,0.0,0.0,0.0,0.0,0.0,0.0,999.0,0.0,0.0,0.0,33,At-Risk,Eastern Slovakia,55,0,1,2,1,1,0.9570869325765383
C01364,1.0,0.0,0.0,1.0,11.0,0.0,0.0,0.0,999.0,349.0,0.09090909090909091,0.0,48,At-Risk,Central Slovakia,46,0,0,3,5,1,0.9514183771062459
C00468,0.0,0.0,0.0,0.0,0.0,0.0,0.0,0.0,999.0,0.0,0.0,0.0,61,At-Risk,Central Slovakia,15,0,0,0,0,1,0.9696030048997263
C00331,1.0,0.0,0.0,1.0,4.0,0.0,1.0,0.0,999.0,282.0,0.25,0.0,56,New,Western Slovakia,11,0,0,0,1,1,0.9253966054534907
C01670,1.0,0.0,0.0,0.0,13.0,0.0,0.0,0.0,999.0,61.0,0.0,0.0,30,Regular,Bratislava,11,0,0,2,14,1,0.8837184628800066
C01929,0.0,0.0,0.0,0.0,0.0,0.0,0.0,0.0,999.0,0.0,0.0,0.0,48,Regular,Bratislava,24,0,1,1,2,1,0.8939240840393922
C01725,1.0,0.0,0.0,1.0,2.0,0.0,1.0,1.0,999.0,273.0,0.5,0.0,52,New,Western Slovakia,5,0,1,2,2,1,0.8366746102246071
C01275,3.0,0.0,0.0,0.0,24.0,0.3333333333333333,0.0,1.0,999.0,116.0,0.0,0.0,31,Regular,Eastern Slovakia,6,0,1,1,2,1,0.8326382107694421
C01556,0.0,0.0,0.0,0.0,0.0,0.0,0.0,0.0,999.0,0.0,0.0,0.0,30,New,Western Slovakia,26,0,0,0,2,1,0.9239926938720116
C00539,1.0,0.0,0.0,1.0,9.0,0.0,0.0,0.0,999.0,45.0,0.1111111111111111,0.0,18,At-Risk,Czech Republic,58,0,0,1,2,1,0.965000698575423
C00347,2.0,1.0,139.0,1.0,15.0,0.0,0.0,0.5,80.0,80.0,0.06666666666666667,1.0,31,New,Bratislava,31,1,0,2,4,1,0.8969021954214828
C00248,0.0,0.0,0.0,0.0,0.0,0.0,0.0,0.0,999.0,0.0,0.0,0.0,60,New,Western Slovakia,5,0,0,0,1,1,0.9262389160692798
C00288,1.0,0.0,0.0,0.0,11.0,0.0,0.0,0.0,999.0,99.0,0.0,0.0,39,Regular,Bratislava,26,0,0,0,1,1,0.9259375665605568
C00383,0.0,0.0,0.0,0.0,0.0,0.0,0.0,0.0,999.0,0.0,0.0,0.0,19,At-Risk,Central Slovakia,16,0,1,0,1,1,0.9614614162697978
C02108,0.0,0.0,0.0,0.0,0.0,0.0,0.0,0.0,999.0,0.0,0.0,0.0,25,Regular,Bratislava,36,1,1,2,10,1,0.8124544619435473
C00776,2.0,0.0,0.0,0.0,14.0,0.0,0.5,0.0,999.0,298.0,0.0,0.0,40,New,Western Slovakia,49,0,1,0,5,1,0.8912719491842164
C00207,0.0,0.0,0.0,0.0,0.0,0.0,0.0,0.0,999.0,0.0,0.0,0.0,28,Regular,Eastern Slovakia,13,0,1,4,1,1,0.8670726292525927
C01313,0.0,0.0,0.0,0.0,0.0,0.0,0.0,0.0,999.0,0.0,0.0,0.0,30,At-Risk,Eastern Slovakia,33,0,1,0,1,1,0.9666771703726139
C00387,2.0,0.0,0.0,2.0,15.0,0.0,0.5,0.0,999.0,71.0,0.13333333333333333,0.0,43,Regular,Bratislava,51,1,0,1,5,1,0.8406599496617756
C01345,0.0,0.0,0.0,0.0,0.0,0.0,0.0,0.0,999.0,0.0,0.0,0.0,26,New,Eastern Slovakia,61,0,0,0,1,1,0.9413473886906879
C01288,2.0,0.0,0.0,2.0,15.0,0.0,0.5,0.0,999.0,183.0,0.13333333333333333,0.0,38,Regular,Central Slovakia,42,1,1,1,1,1,0.8135229805239708
C00595,0.0,0.0,0.0,0.0,0.0,0.0,0.0,0.0,999.0,0.0,0.0,0.0,23,New,Bratislava,20,0,0,0,3,1,0.9360944297856686
C00856,1.0,0.0,0.0,0.0,16.0,0.0,0.0,1.0,999.0,186.0,0.0,0.0,38,Regular,Central Slovakia,4,1,1,1,7,1,0.7906125636241355
C00600,1.0,0.0,0.0,0.0,6.0,0.0,1.0,0.0,999.0,172.0,0.0,0.0,18,Regular,Czech Republic,9,1,1,3,3,0,0.8339377708867748
C01497,1.0,0.0,0.0,0.0,6.0,0.0,1.0,0.0,999.0,61.0,0.0,0.0,42,New,Bratislava,49,0,1,0,4,1,0.9168169165775683
C01498,2.0,0.0,0.0,0.0,4.0,1.0,0.0,0.0,999.0,2.0,0.0,0.0,24,Loyal,Central Slovakia,52,0,1,3,1,0,0.6627858905693487
C01683,1.0,0.0,0.0,0.0,7.0,1.0,0.0,0.0,999.0,97.0,0.0,0.0,32,Regular,Eastern Slovakia,4,0,0,2,4,1,0.9027404353834337
C01698,0.0,0.0,0.0,0.0,0.0,0.0,0.0,0.0,999.0,0.0,0.0,0.0,66,New,Western Slovakia,11,0,0,0,1,1,0.925838768634785
C01165,0.0,0.0,0.0,0.0,0.0,0.0,0.0,0.0,999.0,0.0,0.0,0.0,26,New,Central Slovakia,55,0,0,0,1,1,0.9317661960616012
C00737,0.0,0.0,0.0,0.0,0.0,0.0,0.0,0.0,999.0,0.0,0.0,0.0,47,New,Bratislava,2,1,0,2,9,1,0.8759615084524321
C00822,1.0,0.0,0.0,0.0,14.0,0.0,0.0,1.0,999.0,191.0,0.0,0.0,55,At-Risk,Eastern Slovakia,70,0,0,1,1,1,0.9583306878635443
C00813,1.0,0.0,0.0,0.0,26.0,0.0,0.0,0.0,999.0,119.0,0.0,0.0,41,New,Bratislava,26,0,1,0,5,1,0.9411028144848314
C00952,1.0,0.0,0.0,0.0,8.0,0.0,0.0,0.0,999.0,182.0,0.0,0.0,43,At-Risk,Bratislava,38,0,1,0,1,1,0.9627912006129531
C02086,0.0,0.0,0.0,0.0,0.0,0.0,0.0,0.0,999.0,0.0,0.0,0.0,47,New,Bratislava,1,0,0,2,3,0,0.9203889493793057
C00183,1.0,0.0,0.0,1.0,2.0,0.0,1.0,0.0,999.0,167.0,0.5,0.0,33,Regular,Western Slovakia,10,0,1,1,1,1,0.8761868402678015
C00800,6.0,0.0,0.0,2.0,43.0,0.16666666666666666,0.5,0.16666666666666666,999.0,15.0,0.046511627906976744,0.0,38,New,Eastern Slovakia,59,0,1,0,3,1,0.8479497858642914
C01409,4.0,2.0,427.54,2.0,18.0,0.5,0.25,1.0,260.0,179.0,0.1111111111111111,1.0,38,Loyal,Central Slovakia,47,1,1,3,10,0,0.4072003583461443
C00839,1.0,0.0,0.0,0.0,8.0,0.0,0.0,0.0,999.0,185.0,0.0,0.0,60,Regular,Western Slovakia,22,1,1,1,5,1,0.8136338259612736
C00311,2.0,1.0,143.91,1.0,11.0,0.0,0.0,0.0,344.0,306.0,0.09090909090909091,1.0,52,Regular,Western Slovakia,57,1,0,1,10,0,0.8375768177482222
C01065,2.0,0.0,0.0,0.0,13.0,0.0,0.0,0.5,999.0,56.0,0.0,0.0,30,New,Bratislava,69,0,1,1,12,1,0.840126039408221
C00496,1.0,1.0,285.73,0.0,19.0,0.0,0.0,1.0,7.0,7.0,0.0,1.0,49,Loyal,Eastern Slovakia,28,0,1,1,8,1,0.8403599255686295
C01053,0.0,0.0,0.0,0.0,0.0,0.0,0.0,0.0,999.0,0.0,0.0,0.0,39,New,Bratislava,40,0,0,1,1,1,0.9301730457949273
C00212,2.0,0.0,0.0,0.0,26.0,0.0,0.0,1.0,999.0,69.0,0.0,0.0,22,Regular,Czech Republic,27,1,0,5,1,1,0.7825128802643547
C01619,1.0,0.0,0.0,0.0,7.0,0.0,1.0,0.0,999.0,13.0,0.0,0.0,42,Regular,Bratislava,39,0,0,2,2,1,0.9034512560743437
C01211,2.0,0.0,0.0,0.0,19.0,0.0,0.0,1.0,999.0,103.0,0.0,0.0,49,Regular,Western Slovakia,5,0,1,2,4,1,0.7845686951287885
C01803,3.0,0.0,0.0,0.0,16.0,0.6666666666666666,0.0,0.0,999.0,119.0,0.0,0.0,34,Regular,Western Slovakia,65,0,1,2,5,1,0.7899488684568138
C00453,0.0,0.0,0.0,0.0,0.0,0.0,0.0,0.0,999.0,0.0,0.0,0.0,61,Regular,Bratislava,25,0,1,0,1,1,0.9066936468646055
C01202,4.0,4.0,948.28,4.0,44.0,0.0,0.5,1.0,1.0,1.0,0.09090909090909091,1.0,32,Regular,Western Slovakia,67,1,1,5,4,0,0.6044538646589621
C00118,0.0,0.0,0.0,0.0,0.0,0.0,0.0,0.0,999.0,0.0,0.0,0.0,38,Regular,Bratislava,32,1,0,0,4,1,0.8891707193306477
C00917,1.0,0.0,0.0,2.0,5.0,0.0,0.0,0.0,999.0,56.0,0.4,0.0,55,New,Western Slovakia,40,0,0,1,2,1,0.8966125948602186
C01391,1.0,0.0,0.0,0.0,3.0,0.0,0.0,0.0,999.0,349.0,0.0,0.0,30,New,Western Slovakia,3,0,0,2,8,1,0.8835287225031173
C01457,0.0,0.0,0.0,0.0,0.0,0.0,0.0,0.0,999.0,0.0,0.0,0.0,66,Regular,Central Slovakia,33,0,0,0,0,1,0.9191930858770594
C00128,0.0,0.0,0.0,0.0,0.0,0.0,0.0,0.0,999.0,0.0,0.0,0.0,24,Regular,Bratislava,29,1,1,1,3,1,0.8528352571109502
C01343,1.0,0.0,0.0,0.0,7.0,0.0,1.0,0.0,999.0,167.0,0.0,0.0,43,Loyal,Bratislava,60,0,0,1,11,1,0.812924899601393
C00967,4.0,0.0,0.0,0.0,18.0,0.25,0.25,0.25,999.0,152.0,0.0,0.0,35,Regular,Bratislava,2,0,1,1,3,1,0.8097495041581764
C00855,3.0,1.0,139.33,1.0,21.0,0.3333333333333333,0.0,0.3333333333333333,169.0,169.0,0.047619047619047616,1.0,41,Regular,Bratislava,13,1,1,2,4,1,0.8339323924264235
C00201,0.0,0.0,0.0,0.0,0.0,0.0,0.0,0.0,999.0,0.0,0.0,0.0,42,Regular,Eastern Slovakia,17,0,0,1,2,1,0.9202337502263126
C01489,1.0,0.0,0.0,0.0,4.0,0.0,1.0,1.0,999.0,76.0,0.0,0.0,42,Loyal,Central Slovakia,68,1,1,2,19,0,0.4921073235701108
C01268,1.0,0.0,0.0,0.0,6.0,0.0,0.0,0.0,999.0,179.0,0.0,0.0,46,New,Czech Republic,46,0,0,1,1,1,0.9285878692352411
C00912,0.0,0.0,0.0,0.0,0.0,0.0,0.0,0.0,999.0,0.0,0.0,0.0,43,At-Risk,Bratislava,34,0,0,0,2,1,0.970555458450548
C01647,2.0,0.0,0.0,0.0,17.0,0.5,0.0,1.0,999.0,143.0,0.0,0.0,37,Regular,Bratislava,40,0,0,2,1,1,0.8513861308281406
C00240,2.0,1.0,209.91,1.0,10.0,0.0,1.0,1.0,4.0,4.0,0.1,1.0,32,Regular,Eastern Slovakia,38,0,0,3,7,1,0.8788578395688572
C01234,3.0,0.0,0.0,0.0,10.0,0.6666666666666666,0.0,1.0,999.0,18.0,0.0,0.0,39,Regular,Central Slovakia,15,0,0,1,9,0,0.7595998890473526
C00749,0.0,0.0,0.0,0.0,0.0,0.0,0.0,0.0,999.0,0.0,0.0,0.0,34,At-Risk,Eastern Slovakia,27,0,1,1,1,1,0.962616259918458
C01181,1.0,0.0,0.0,0.0,16.0,0.0,0.0,0.0,999.0,37.0,0.0,0.0,22,Regular,Western Slovakia,13,1,0,3,2,1,0.8444596985927472
C01317,2.0,1.0,241.87,2.0,7.0,0.0,1.0,0.0,283.0,171.0,0.2857142857142857,1.0,36,Loyal,Western Slovakia,33,1,1,5,3,1,0.5845083801794888
C02197,0.0,0.0,0.0,0.0,0.0,0.0,0.0,0.0,999.0,0.0,0.0,0.0,36,Regular,Bratislava,2,0,0,1,1,1,0.9172037254505553
C02195,0.0,0.0,0.0,0.0,0.0,0.0,0.0,0.0,999.0,0.0,0.0,0.0,40,New,Central Slovakia,47,0,1,2,5,1,0.8856875072616047
C00767,2.0,0.0,0.0,1.0,6.0,0.0,1.0,0.0,999.0,172.0,0.16666666666666666,0.0,39,At-Risk,Western Slovakia,55,0,1,0,3,1,0.9392808170933978
C00416,1.0,1.0,520.95,0.0,12.0,0.0,0.0,1.0,178.0,178.0,0.0,1.0,40,Loyal,Bratislava,71,0,1,0,10,1,0.7722859136463075
C02094,0.0,0.0,0.0,0.0,0.0,0.0,0.0,0.0,999.0,0.0,0.0,0.0,48,New,Western Slovakia,47,1,1,2,4,1,0.8323203592127372
C00881,0.0,0.0,0.0,0.0,0.0,0.0,0.0,0.0,999.0,0.0,0.0,0.0,41,Regular,Eastern Slovakia,67,0,1,3,3,0,0.8708118612474617
C01743,3.0,0.0,0.0,1.0,25.0,0.0,0.0,0.0,999.0,72.0,0.04,0.0,44,New,Bratislava,61,0,0,0,2,1,0.9163655805995897
C00886,0.0,0.0,0.0,0.0,0.0,0.0,0.0,0.0,999.0,0.0,0.0,0.0,41,Loyal,Eastern Slovakia,50,0,1,2,2,1,0.795985467121827
C00520,2.0,0.0,0.0,0.0,11.0,0.0,0.5,0.0,999.0,37.0,0.0,0.0,58,At-Risk,Central Slovakia,28,0,1,1,5,1,0.9410370914938947
C01780,3.0,0.0,0.0,1.0,14.0,0.6666666666666666,0.0,0.6666666666666666,999.0,136.0,0.07142857142857142,0.0,56,At-Risk,Western Slovakia,47,0,1,5,4,1,0.8335886054231552
C01116,1.0,0.0,0.0,0.0,5.0,1.0,0.0,0.0,999.0,1.0,0.0,0.0,39,Regular,Bratislava,9,1,1,1,6,1,0.827301609622503
C00871,1.0,0.0,0.0,0.0,6.0,1.0,0.0,0.0,999.0,109.0,0.0,0.0,41,New,Bratislava,14,0,1,1,2,0,0.9066888393113186
C02140,0.0,0.0,0.0,0.0,0.0,0.0,0.0,0.0,999.0,0.0,0.0,0.0,53,Regular,Western Slovakia,64,1,1,0,3,1,0.8380090521140224
C00393,2.0,0.0,0.0,1.0,7.0,0.5,0.5,0.0,999.0,271.0,0.14285714285714285,0.0,32,Regular,Bratislava,34,1,1,3,13,1,0.728602768856543
C01631,4.0,1.0,525.77,0.0,21.0,0.0,0.75,0.0,184.0,162.0,0.0,1.0,23,Loyal,Bratislava,61,1,0,1,6,1,0.7264667413514694
C01382,0.0,0.0,0.0,0.0,0.0,0.0,0.0,0.0,999.0,0.0,0.0,0.0,18,At-Risk,Bratislava,71,0,0,1,3,1,0.9653416771521648
C00662,2.0,1.0,142.77,1.0,12.0,0.0,0.5,0.0,201.0,201.0,0.08333333333333333,1.0,38,New,Central Slovakia,31,0,1,2,3,1,0.9114829679241914
C01742,1.0,0.0,0.0,0.0,8.0,0.0,0.0,0.0,999.0,178.0,0.0,0.0,56,Regular,Bratislava,52,0,1,1,1,1,0.89085726729135
C01390,0.0,0.0,0.0,0.0,0.0,0.0,0.0,0.0,999.0,0.0,0.0,0.0,27,Regular,Bratislava,43,0,0,5,1,1,0.8681510119678051
C01961,3.0,1.0,344.69,1.0,44.0,0.0,0.0,0.0,317.0,19.0,0.022727272727272728,1.0,40,Loyal,Bratislava,20,1,1,4,3,1,0.7411426752013865
C00931,0.0,0.0,0.0,0.0,0.0,0.0,0.0,0.0,999.0,0.0,0.0,0.0,38,At-Risk,Bratislava,16,0,0,1,3,1,0.9665585115504141
C01355,1.0,0.0,0.0,1.0,3.0,0.0,1.0,1.0,999.0,4.0,0.3333333333333333,0.0,61,At-Risk,Western Slovakia,3,0,1,1,3,1,0.9195053217717695
C01301,1.0,0.0,0.0,1.0,3.0,1.0,0.0,1.0,999.0,138.0,0.3333333333333333,0.0,39,Loyal,Bratislava,32,1,0,2,6,0,0.6300773975326911
C01379,2.0,0.0,0.0,1.0,7.0,0.0,1.0,0.0,999.0,3.0,0.14285714285714285,0.0,41,Regular,Central Slovakia,15,1,0,1,10,0,0.8068933985741971
C01075,1.0,0.0,0.0,0.0,2.0,1.0,0.0,1.0,999.0,126.0,0.0,0.0,27,Regular,Bratislava,24,0,1,2,5,1,0.7950633230632721
C01866,1.0,0.0,0.0,0.0,10.0,0.0,0.0,0.0,999.0,96.0,0.0,0.0,40,New,Western Slovakia,47,0,1,2,2,1,0.8803568150050676
C00537,2.0,1.0,154.19,1.0,15.0,0.0,0.5,0.0,110.0,110.0,0.06666666666666667,1.0,32,Loyal,Central Slovakia,71,0,1,3,3,1,0.7989749763069822
C01825,1.0,0.0,0.0,0.0,5.0,1.0,0.0,0.0,999.0,249.0,0.0,0.0,27,New,Bratislava,2,0,0,0,2,1,0.9342360457930153
C00518,0.0,0.0,0.0,0.0,0.0,0.0,0.0,0.0,999.0,0.0,0.0,0.0,30,Regular,Western Slovakia,58,0,1,0,6,0,0.8739260636788379
C00923,2.0,1.0,410.05,0.0,24.0,0.5,0.0,0.0,183.0,8.0,0.0,1.0,39,Loyal,Bratislava,48,1,1,4,11,1,0.6952534055881177
C00064,2.0,0.0,0.0,0.0,24.0,0.0,0.0,1.0,999.0,24.0,0.0,0.0,45,New,Bratislava,67,0,0,3,13,1,0.8401031072374378
C01135,1.0,0.0,0.0,1.0,12.0,0.0,0.0,0.0,999.0,293.0,0.08333333333333333,0.0,36,New,Central Slovakia,32,1,1,3,1,1,0.8455922291315106
C00953,0.0,0.0,0.0,0.0,0.0,0.0,0.0,0.0,999.0,0.0,0.0,0.0,44,At-Risk,Western Slovakia,34,0,1,1,1,1,0.9507760565696896
C01350,3.0,0.0,0.0,0.0,18.0,0.0,0.3333333333333333,0.0,999.0,234.0,0.0,0.0,37,Regular,Western Slovakia,7,1,1,0,3,1,0.8034993693136034
C01433,3.0,0.0,0.0,0.0,24.0,0.0,0.6666666666666666,0.3333333333333333,999.0,44.0,0.0,0.0,28,Regular,Eastern Slovakia,32,0,0,2,0,1,0.8874570672159489
C02060,4.0,0.0,0.0,1.0,23.0,0.25,0.5,0.0,999.0,88.0,0.043478260869565216,0.0,25,Regular,Central Slovakia,26,0,1,2,2,1,0.8011745192039769
C00366,2.0,0.0,0.0,0.0,9.0,1.0,0.0,0.0,999.0,251.0,0.0,0.0,56,Regular,Bratislava,29,0,1,2,2,1,0.8537002574831164
C01118,0.0,0.0,0.0,0.0,0.0,0.0,0.0,0.0,999.0,0.0,0.0,0.0,34,Regular,Bratislava,50,1,1,1,4,0,0.8475816800686466
C01860,1.0,0.0,0.0,0.0,2.0,0.0,1.0,0.0,999.0,317.0,0.0,0.0,21,Regular,Central Slovakia,58,0,0,2,1,1,0.893208402151918
C00718,2.0,0.0,0.0,0.0,11.0,1.0,0.0,1.0,999.0,108.0,0.0,0.0,46,New,Eastern Slovakia,18,0,0,0,2,1,0.8939340523920312
C01226,2.0,0.0,0.0,0.0,12.0,0.0,1.0,0.5,999.0,2.0,0.0,0.0,44,Regular,Czech Republic,20,1,1,4,12,0,0.7082835392501081
C01718,1.0,1.0,203.62,0.0,17.0,0.0,0.0,1.0,161.0,161.0,0.0,1.0,32,New,Western Slovakia,57,0,0,1,3,1,0.9259694611115229
C00420,0.0,0.0,0.0,0.0,0.0,0.0,0.0,0.0,999.0,0.0,0.0,0.0,54,Regular,Central Slovakia,60,1,1,0,1,1,0.8589669264422033
C01770,3.0,0.0,0.0,1.0,47.0,0.0,0.0,0.3333333333333333,999.0,64.0,0.02127659574468085,0.0,72,Loyal,Western Slovakia,6,0,1,2,6,1,0.7509457773427454
C00804,2.0,0.0,0.0,0.0,29.0,0.0,0.0,1.0,999.0,98.0,0.0,0.0,43,Loyal,Eastern Slovakia,25,1,1,4,10,0,0.5860956220860863
C00656,2.0,0.0,0.0,0.0,11.0,0.0,1.0,0.0,999.0,178.0,0.0,0.0,42,Regular,Western Slovakia,36,0,1,2,1,1,0.8452356720644685
C00346,2.0,0.0,0.0,0.0,23.0,0.0,0.0,1.0,999.0,305.0,0.0,0.0,18,At-Risk,Bratislava,65,0,1,0,2,0,0.9485126185081407
C00489,1.0,0.0,0.0,1.0,3.0,0.0,1.0,1.0,999.0,316.0,0.3333333333333333,0.0,28,Loyal,Central Slovakia,6,0,0,2,2,1,0.7401730027172543
C01246,1.0,1.0,443.61,1.0,4.0,0.0,1.0,1.0,280.0,280.0,0.25,1.0,39,Loyal,Bratislava,2,0,0,0,5,0,0.8174024516536993
C00847,1.0,0.0,0.0,0.0,3.0,1.0,0.0,0.0,999.0,104.0,0.0,0.0,75,New,Czech Republic,8,0,0,1,5,1,0.9184485995846773
C01060,0.0,0.0,0.0,0.0,0.0,0.0,0.0,0.0,999.0,0.0,0.0,0.0,43,New,Central Slovakia,13,0,1,0,2,1,0.9158883458633268
C01937,0.0,0.0,0.0,0.0,0.0,0.0,0.0,0.0,999.0,0.0,0.0,0.0,38,New,Bratislava,43,0,1,1,11,1,0.8932073922372542
C00991,1.0,0.0,0.0,1.0,5.0,0.0,1.0,0.0,999.0,245.0,0.2,0.0,48,At-Risk,Bratislava,2,0,0,0,2,1,0.9709065917267828
C00761,0.0,0.0,0.0,0.0,0.0,0.0,0.0,0.0,999.0,0.0,0.0,0.0,53,New,Western Slovakia,66,0,1,3,7,1,0.8515686652926453
C01510,0.0,0.0,0.0,0.0,0.0,0.0,0.0,0.0,999.0,0.0,0.0,0.0,40,New,Western Slovakia,13,0,1,1,5,1,0.8891297098423278
C00455,3.0,1.0,254.85,1.0,19.0,0.0,0.3333333333333333,0.0,65.0,65.0,0.05263157894736842,1.0,39,Loyal,Central Slovakia,31,0,1,6,8,1,0.6686318092251348
C00492,1.0,0.0,0.0,0.0,10.0,0.0,0.0,1.0,999.0,314.0,0.0,0.0,42,Loyal,Bratislava,43,0,1,1,5,1,0.7261667657913009
C01585,1.0,0.0,0.0,0.0,14.0,0.0,0.0,1.0,999.0,189.0,0.0,0.0,37,New,Czech Republic,63,0,1,2,3,1,0.8727319985676575
C00289,0.0,0.0,0.0,0.0,0.0,0.0,0.0,0.0,999.0,0.0,0.0,0.0,34,New,Bratislava,3,0,0,0,0,1,0.9407208149754462
C01700,1.0,0.0,0.0,0.0,3.0,0.0,0.0,0.0,999.0,356.0,0.0,0.0,40,New,Eastern Slovakia,16,1,0,5,4,1,0.8412905411794454
C01245,2.0,0.0,0.0,1.0,8.0,0.0,1.0,0.0,999.0,85.0,0.125,0.0,51,New,Eastern Slovakia,12,0,0,2,3,1,0.9039499063846351
C01316,0.0,0.0,0.0,0.0,0.0,0.0,0.0,0.0,999.0,0.0,0.0,0.0,60,Loyal,Western Slovakia,14,0,0,0,4,0,0.8226634665295424
C02003,2.0,0.0,0.0,0.0,10.0,0.0,0.5,0.0,999.0,169.0,0.0,0.0,43,New,Western Slovakia,30,1,0,1,5,1,0.8513312175552562
C00514,2.0,0.0,0.0,1.0,11.0,0.5,0.0,1.0,999.0,110.0,0.09090909090909091,0.0,37,Regular,Bratislava,15,0,1,1,1,1,0.808631352840093
C01564,2.0,0.0,0.0,0.0,10.0,0.0,1.0,1.0,999.0,63.0,0.0,0.0,24,New,Central Slovakia,69,0,0,2,1,1,0.8536038232494553
C00328,0.0,0.0,0.0,0.0,0.0,0.0,0.0,0.0,999.0,0.0,0.0,0.0,37,Loyal,Bratislava,22,1,1,1,1,0,0.7503060105637636
C00452,0.0,0.0,0.0,0.0,0.0,0.0,0.0,0.0,999.0,0.0,0.0,0.0,42,Regular,Bratislava,9,0,0,0,2,1,0.9239982630330442
C00225,2.0,0.0,0.0,0.0,24.0,0.5,0.0,0.0,999.0,6.0,0.0,0.0,39,Regular,Central Slovakia,20,0,1,3,17,1,0.8161738836425727
C01491,2.0,0.0,0.0,0.0,13.0,0.0,0.5,0.0,999.0,245.0,0.0,0.0,31,New,Central Slovakia,15,0,1,1,5,1,0.8894438290780287
C01420,3.0,0.0,0.0,4.0,16.0,0.0,0.3333333333333333,0.3333333333333333,999.0,33.0,0.25,0.0,38,Regular,Bratislava,48,0,1,1,5,1,0.7730381787237635
C01529,1.0,0.0,0.0,0.0,4.0,0.0,0.0,0.0,999.0,47.0,0.0,0.0,18,Loyal,Bratislava,21,0,0,3,4,1,0.7708167045174343
C00594,0.0,0.0,0.0,0.0,0.0,0.0,0.0,0.0,999.0,0.0,0.0,0.0,18,New,Western Slovakia,17,1,0,2,6,1,0.860077592992069
C00687,0.0,0.0,0.0,0.0,0.0,0.0,0.0,0.0,999.0,0.0,0.0,0.0,47,Regular,Bratislava,46,0,1,0,1,0,0.9056117140249473
C01862,2.0,0.0,0.0,0.0,12.0,0.0,0.5,0.0,999.0,190.0,0.0,0.0,25,Loyal,Eastern Slovakia,13,0,0,2,7,0,0.7954940698268086
C00048,1.0,1.0,165.45,1.0,6.0,0.0,1.0,0.0,243.0,243.0,0.16666666666666666,1.0,41,New,Western Slovakia,55,1,0,0,5,1,0.9199274073366884
C00512,1.0,0.0,0.0,1.0,5.0,0.0,0.0,0.0,999.0,74.0,0.2,0.0,34,At-Risk,Bratislava,52,0,1,0,0,1,0.9583994858390404
C00579,0.0,0.0,0.0,0.0,0.0,0.0,0.0,0.0,999.0,0.0,0.0,0.0,35,Loyal,Central Slovakia,67,0,0,0,12,0,0.8066226124455685
C00808,1.0,0.0,0.0,0.0,6.0,0.0,1.0,1.0,999.0,246.0,0.0,0.0,23,New,Western Slovakia,56,0,0,0,2,1,0.891230504700044
C00079,2.0,1.0,232.67,1.0,16.0,0.0,0.5,1.0,39.0,39.0,0.0625,1.0,46,Regular,Bratislava,38,0,0,4,4,0,0.8685987013689412
C00051,1.0,0.0,0.0,0.0,7.0,0.0,0.0,0.0,999.0,300.0,0.0,0.0,41,At-Risk,Bratislava,58,0,1,0,1,1,0.962551885155002
C02173,1.0,0.0,0.0,0.0,1.0,0.0,1.0,0.0,999.0,69.0,0.0,0.0,34,Regular,Bratislava,10,0,1,2,6,0,0.8594063895204954
C01471,1.0,0.0,0.0,1.0,3.0,0.0,1.0,0.0,999.0,273.0,0.3333333333333333,0.0,39,Regular,Western Slovakia,25,0,0,2,3,1,0.881381703882464
C01894,2.0,0.0,0.0,1.0,10.0,0.5,0.5,0.0,999.0,261.0,0.1,0.0,18,Regular,Western Slovakia,2,0,0,0,1,1,0.8905529230541124
C01633,3.0,0.0,0.0,0.0,21.0,0.0,0.6666666666666666,0.3333333333333333,999.0,187.0,0.0,0.0,40,Loyal,Central Slovakia,19,0,1,1,2,1,0.7337307898199424
C00780,1.0,1.0,229.78,1.0,5.0,0.0,1.0,0.0,3.0,3.0,0.2,1.0,22,Regular,Bratislava,69,1,1,1,8,0,0.8920253978547283
C01464,2.0,0.0,0.0,0.0,7.0,0.0,0.5,1.0,999.0,72.0,0.0,0.0,44,Loyal,Bratislava,5,0,1,2,4,1,0.6354604832624666
C00793,3.0,0.0,0.0,2.0,15.0,0.3333333333333333,0.3333333333333333,1.0,999.0,132.0,0.13333333333333333,0.0,44,Loyal,Western Slovakia,34,0,1,2,5,0,0.5210977956102559
C00463,0.0,0.0,0.0,0.0,0.0,0.0,0.0,0.0,999.0,0.0,0.0,0.0,19,New,Western Slovakia,41,0,0,0,2,1,0.9233676197105544
C01424,0.0,0.0,0.0,0.0,0.0,0.0,0.0,0.0,999.0,0.0,0.0,0.0,55,Regular,Bratislava,10,0,1,2,3,1,0.8802067662593127
C01479,3.0,1.0,197.8,1.0,26.0,0.3333333333333333,0.3333333333333333,1.0,262.0,170.0,0.038461538461538464,1.0,33,Loyal,Eastern Slovakia,71,1,0,6,7,0,0.5900294478035893
C01198,2.0,0.0,0.0,0.0,11.0,0.0,0.5,0.0,999.0,61.0,0.0,0.0,27,Loyal,Bratislava,18,1,1,10,32,1,0.2834750882983989
C02144,1.0,0.0,0.0,1.0,1.0,1.0,0.0,1.0,999.0,124.0,1.0,0.0,43,Regular,Eastern Slovakia,38,0,1,1,3,1,0.8557561469800214
C00772,3.0,0.0,0.0,1.0,20.0,0.0,0.0,0.3333333333333333,999.0,103.0,0.05,0.0,54,Loyal,Central Slovakia,22,1,0,3,14,1,0.5416606472220619
C02030,4.0,3.0,857.1600000000001,2.0,29.0,0.0,0.5,0.5,26.0,26.0,0.06896551724137931,1.0,32,Loyal,Western Slovakia,5,1,1,4,12,0,0.44496249396048626
C00787,2.0,0.0,0.0,0.0,9.0,0.0,0.5,0.0,999.0,173.0,0.0,0.0,39,Regular,Bratislava,55,0,0,0,6,1,0.8953969832711057
C02054,2.0,0.0,0.0,1.0,12.0,0.0,1.0,0.0,999.0,58.0,0.08333333333333333,0.0,72,Regular,Eastern Slovakia,59,0,1,0,5,1,0.8838879191355619
C00205,1.0,1.0,182.32,1.0,6.0,0.0,1.0,0.0,307.0,307.0,0.16666666666666666,1.0,18,Regular,Western Slovakia,34,0,0,3,5,1,0.8985168829685516
C01408,3.0,0.0,0.0,0.0,15.0,0.6666666666666666,0.0,0.0,999.0,189.0,0.0,0.0,46,Regular,Western Slovakia,8,0,0,4,9,1,0.7777344861728193
C01110,2.0,0.0,0.0,0.0,16.0,0.0,0.0,0.0,999.0,56.0,0.0,0.0,48,Regular,Bratislava,51,1,1,4,0,1,0.7844865805772988
C00973,2.0,0.0,0.0,1.0,15.0,0.0,0.5,0.0,999.0,188.0,0.06666666666666667,0.0,41,Loyal,Eastern Slovakia,30,1,1,2,15,0,0.6384229307895529
C00816,1.0,0.0,0.0,1.0,10.0,0.0,0.0,0.0,999.0,151.0,0.1,0.0,42,Regular,Bratislava,64,1,1,2,6,1,0.8143187431385362
C01051,0.0,0.0,0.0,0.0,0.0,0.0,0.0,0.0,999.0,0.0,0.0,0.0,23,At-Risk,Bratislava,62,0,0,4,10,1,0.9427545522513319
C00083,2.0,0.0,0.0,0.0,18.0,0.0,0.5,1.0,999.0,76.0,0.0,0.0,34,Loyal,Central Slovakia,6,0,1,1,2,1,0.7099534780635129
C01221,5.0,0.0,0.0,2.0,30.0,0.4,0.2,0.2,999.0,36.0,0.06666666666666667,0.0,37,Regular,Central Slovakia,28,0,1,2,6,1,0.727070824896071
C01431,2.0,3.0,987.3700000000001,4.0,9.0,0.0,1.0,0.0,177.0,177.0,0.4444444444444444,1.0,35,Loyal,Western Slovakia,71,0,1,4,2,0,0.597900006827175
C01677,2.0,0.0,0.0,0.0,9.0,1.0,0.0,1.0,999.0,98.0,0.0,0.0,50,Regular,Bratislava,36,1,1,3,7,1,0.6702071130520749
C00789,1.0,0.0,0.0,0.0,3.0,1.0,0.0,0.0,999.0,5.0,0.0,0.0,25,New,Western Slovakia,69,0,0,5,4,1,0.8358675573167433
C02111,0.0,0.0,0.0,0.0,0.0,0.0,0.0,0.0,999.0,0.0,0.0,0.0,43,New,Western Slovakia,1,1,0,1,2,1,0.8847542167253731
C01238,6.0,3.0,933.48,1.0,57.0,0.16666666666666666,0.16666666666666666,0.5,155.0,1.0,0.017543859649122806,1.0,45,Loyal,Bratislava,40,0,1,0,6,1,0.7180108734969506
C01365,0.0,0.0,0.0,0.0,0.0,0.0,0.0,0.0,999.0,0.0,0.0,0.0,33,Regular,Central Slovakia,36,0,0,3,7,1,0.8704900927686016
C01965,0.0,0.0,0.0,0.0,0.0,0.0,0.0,0.0,999.0,0.0,0.0,0.0,29,Regular,Central Slovakia,50,0,1,3,5,1,0.8469762223374939
C00550,3.0,0.0,0.0,0.0,22.0,0.0,0.6666666666666666,0.6666666666666666,999.0,225.0,0.0,0.0,46,Loyal,Central Slovakia,62,1,0,2,5,1,0.636375068099755
C02092,1.0,0.0,0.0,0.0,4.0,0.0,0.0,1.0,999.0,244.0,0.0,0.0,46,New,Bratislava,59,0,1,1,2,1,0.8572272857274551
C00424,0.0,0.0,0.0,0.0,0.0,0.0,0.0,0.0,999.0,0.0,0.0,0.0,20,Regular,Central Slovakia,66,1,1,1,1,1,0.8438140450059954
C00619,2.0,0.0,0.0,0.0,18.0,0.0,0.0,1.0,999.0,58.0,0.0,0.0,31,At-Risk,Bratislava,15,0,0,0,2,1,0.9524308182623475
C01520,1.0,0.0,0.0,1.0,5.0,0.0,1.0,0.0,999.0,234.0,0.2,0.0,18,Regular,Eastern Slovakia,27,0,0,0,2,1,0.9277464554842535
C01253,1.0,0.0,0.0,0.0,6.0,0.0,0.0,0.0,999.0,168.0,0.0,0.0,28,New,Bratislava,52,0,0,0,0,1,0.9338298688526893
C01543,0.0,0.0,0.0,0.0,0.0,0.0,0.0,0.0,999.0,0.0,0.0,0.0,41,New,Czech Republic,53,0,0,0,2,1,0.9393153995721326
C02105,1.0,0.0,0.0,0.0,2.0,1.0,0.0,0.0,999.0,266.0,0.0,0.0,35,At-Risk,Bratislava,43,0,1,4,3,1,0.9316637649994435
C01061,2.0,0.0,0.0,1.0,15.0,0.0,0.5,1.0,999.0,71.0,0.06666666666666667,0.0,36,At-Risk,Bratislava,61,0,0,0,1,1,0.947706022853868
C02067,1.0,0.0,0.0,0.0,6.0,1.0,0.0,0.0,999.0,137.0,0.0,0.0,50,At-Risk,Eastern Slovakia,31,0,1,0,1,1,0.964146065395355
C01177,6.0,0.0,0.0,0.0,51.0,0.16666666666666666,0.3333333333333333,1.0,999.0,2.0,0.0,0.0,29,New,Eastern Slovakia,20,1,1,3,5,1,0.7258058578707931
C00134,0.0,0.0,0.0,0.0,0.0,0.0,0.0,0.0,999.0,0.0,0.0,0.0,35,New,Czech Republic,39,1,0,4,6,0,0.8598790756766119
C00133,2.0,0.0,0.0,1.0,12.0,0.5,0.5,0.5,999.0,99.0,0.08333333333333333,0.0,46,New,Eastern Slovakia,51,0,1,3,8,0,0.8283790914630946
C01845,2.0,0.0,0.0,1.0,9.0,0.0,1.0,1.0,999.0,231.0,0.1111111111111111,0.0,22,New,Bratislava,6,0,0,0,1,1,0.8916714500881964
C00817,3.0,0.0,0.0,1.0,17.0,0.0,0.3333333333333333,0.0,999.0,63.0,0.058823529411764705,0.0,33,Regular,Western Slovakia,20,0,1,1,5,1,0.8081641974210609
C01148,0.0,0.0,0.0,0.0,0.0,0.0,0.0,0.0,999.0,0.0,0.0,0.0,33,New,Western Slovakia,15,0,0,0,2,1,0.924526177309215
C00631,2.0,0.0,0.0,0.0,14.0,0.0,0.5,1.0,999.0,60.0,0.0,0.0,57,New,Bratislava,16,0,0,1,3,1,0.8809541924741368
C01897,0.0,0.0,0.0,0.0,0.0,0.0,0.0,0.0,999.0,0.0,0.0,0.0,19,New,Czech Republic,67,1,1,9,8,1,0.7119847066160314
C00472,3.0,0.0,0.0,1.0,22.0,0.3333333333333333,0.0,0.0,999.0,109.0,0.045454545454545456,0.0,33,Loyal,Bratislava,7,0,0,3,12,1,0.7034792540400006
C02112,0.0,0.0,0.0,0.0,0.0,0.0,0.0,0.0,999.0,0.0,0.0,0.0,44,Regular,Western Slovakia,51,0,0,3,10,1,0.8465617063554555
C01664,1.0,1.0,239.58,1.0,6.0,0.0,1.0,0.0,282.0,282.0,0.16666666666666666,1.0,60,Regular,Czech Republic,2,0,1,2,2,1,0.9172844563027707
C01594,4.0,0.0,0.0,1.0,23.0,0.25,0.0,0.0,999.0,95.0,0.043478260869565216,0.0,29,Regular,Czech Republic,31,1,1,1,2,1,0.7787331699925472
C00007,1.0,0.0,0.0,1.0,2.0,0.0,1.0,1.0,999.0,333.0,0.5,0.0,40,At-Risk,Bratislava,53,0,0,1,6,1,0.9470217397574953
C01040,0.0,0.0,0.0,0.0,0.0,0.0,0.0,0.0,999.0,0.0,0.0,0.0,46,Regular,Eastern Slovakia,55,0,0,1,1,1,0.9197729072813149
C00875,2.0,0.0,0.0,0.0,5.0,0.5,0.5,0.0,999.0,99.0,0.0,0.0,18,New,Bratislava,5,0,1,1,7,1,0.8722820639896048
C01034,2.0,0.0,0.0,1.0,9.0,1.0,0.0,1.0,999.0,148.0,0.1111111111111111,0.0,44,New,Western Slovakia,50,0,1,3,0,1,0.7647706089822126
C01948,1.0,0.0,0.0,1.0,11.0,0.0,0.0,1.0,999.0,188.0,0.09090909090909091,0.0,27,At-Risk,Bratislava,32,0,1,0,4,1,0.9415309133728343
C00431,1.0,0.0,0.0,0.0,10.0,0.0,0.0,1.0,999.0,349.0,0.0,0.0,26,Loyal,Bratislava,27,1,1,3,8,1,0.5822474666057044
C00963,3.0,3.0,1100.6399999999999,2.0,26.0,0.0,0.6666666666666666,1.0,184.0,184.0,0.07692307692307693,1.0,26,Loyal,Western Slovakia,31,0,1,4,4,1,0.5163180946863992
C01319,1.0,0.0,0.0,0.0,4.0,1.0,0.0,0.0,999.0,256.0,0.0,0.0,20,Loyal,Western Slovakia,7,0,1,4,2,1,0.6866708754485653
C00227,4.0,1.0,176.35,6.0,27.0,0.25,0.25,0.0,248.0,70.0,0.2222222222222222,1.0,68,New,Bratislava,35,0,0,5,12,1,0.7917046713900302
C00547,3.0,0.0,0.0,2.0,29.0,0.0,0.3333333333333333,0.3333333333333333,999.0,74.0,0.06896551724137931,0.0,40,Regular,Bratislava,70,0,0,1,1,1,0.8786287950031664
C01493,5.0,1.0,215.16,1.0,23.0,0.2,0.4,0.2,344.0,145.0,0.043478260869565216,1.0,31,Loyal,Bratislava,17,1,1,2,6,1,0.5639704926513466
C02026,0.0,0.0,0.0,0.0,0.0,0.0,0.0,0.0,999.0,0.0,0.0,0.0,20,New,Bratislava,5,0,1,0,5,1,0.9182471441599134
C01635,1.0,0.0,0.0,0.0,10.0,0.0,0.0,0.0,999.0,51.0,0.0,0.0,41,At-Risk,Bratislava,68,0,1,0,2,1,0.9615756209946726
C02017,1.0,0.0,0.0,0.0,6.0,0.0,0.0,1.0,999.0,104.0,0.0,0.0,38,Regular,Bratislava,25,0,1,0,5,1,0.8414227143823733
C01640,1.0,0.0,0.0,0.0,17.0,0.0,0.0,0.0,999.0,13.0,0.0,0.0,36,New,Eastern Slovakia,62,1,1,3,19,1,0.8229567639630634
C01592,5.0,0.0,0.0,1.0,23.0,0.4,0.2,0.0,999.0,29.0,0.043478260869565216,0.0,21,Regular,Bratislava,36,0,1,1,7,1,0.7634483992353219
C01542,2.0,0.0,0.0,1.0,15.0,0.5,0.0,1.0,999.0,51.0,0.06666666666666667,0.0,48,Regular,Central Slovakia,12,1,1,2,6,1,0.6963365033801249
C00356,2.0,0.0,0.0,1.0,15.0,0.0,0.5,0.0,999.0,30.0,0.06666666666666667,0.0,41,New,Eastern Slovakia,59,0,0,0,1,1,0.9294838770582976
C01125,0.0,0.0,0.0,0.0,0.0,0.0,0.0,0.0,999.0,0.0,0.0,0.0,36,Regular,Western Slovakia,4,0,0,0,1,0,0.910737342610376
C01151,1.0,0.0,0.0,0.0,5.0,1.0,0.0,0.0,999.0,98.0,0.0,0.0,40,New,Central Slovakia,68,0,0,0,5,0,0.9169532978968116
C00046,1.0,0.0,0.0,1.0,5.0,1.0,0.0,0.0,999.0,98.0,0.2,0.0,41,New,Western Slovakia,2,0,1,0,1,0,0.8972540322889303
C00473,0.0,0.0,0.0,0.0,0.0,0.0,0.0,0.0,999.0,0.0,0.0,0.0,35,Regular,Bratislava,39,1,0,2,3,1,0.8647421839216928
C02198,3.0,1.0,188.04,3.0,17.0,0.0,0.3333333333333333,1.0,158.0,33.0,0.17647058823529413,1.0,38,Regular,Bratislava,45,0,0,1,7,1,0.8432771510586774
C01891,1.0,0.0,0.0,0.0,12.0,0.0,0.0,0.0,999.0,187.0,0.0,0.0,50,Regular,Eastern Slovakia,16,0,0,0,3,1,0.9313571583178255
C01472,1.0,0.0,0.0,0.0,4.0,0.0,1.0,0.0,999.0,289.0,0.0,0.0,52,Regular,Bratislava,61,0,1,0,3,1,0.9013191189623223
C01775,1.0,0.0,0.0,0.0,7.0,0.0,0.0,0.0,999.0,321.0,0.0,0.0,51,Loyal,Western Slovakia,32,1,1,2,5,1,0.6575770495347154
C00985,2.0,0.0,0.0,0.0,15.0,0.5,0.0,0.0,999.0,184.0,0.0,0.0,42,New,Eastern Slovakia,42,0,1,1,2,1,0.9075567890050908
C00770,6.0,1.0,210.3,3.0,46.0,0.16666666666666666,0.3333333333333333,0.16666666666666666,186.0,23.0,0.06521739130434782,1.0,58,New,Bratislava,9,1,1,7,10,1,0.6643061084351769
C01947,5.0,1.0,204.55,3.0,34.0,0.0,0.6,0.8,18.0,18.0,0.08823529411764706,1.0,29,New,Eastern Slovakia,50,0,1,4,6,1,0.8115948191256136
C00786,3.0,2.0,885.05,3.0,24.0,0.0,0.3333333333333333,0.0,102.0,102.0,0.125,1.0,41,Loyal,Central Slovakia,3,0,0,2,2,1,0.7604261743112681
C01604,3.0,0.0,0.0,1.0,16.0,0.3333333333333333,0.0,1.0,999.0,84.0,0.0625,0.0,21,Regular,Bratislava,57,0,1,1,6,1,0.7555653764677888
C01344,2.0,0.0,0.0,0.0,15.0,0.0,0.5,1.0,999.0,42.0,0.0,0.0,32,New,Bratislava,45,0,1,4,2,1,0.8065072806817151
C01159,0.0,0.0,0.0,0.0,0.0,0.0,0.0,0.0,999.0,0.0,0.0,0.0,18,Regular,Western Slovakia,26,1,0,2,1,1,0.8470505809270993
C01823,0.0,0.0,0.0,0.0,0.0,0.0,0.0,0.0,999.0,0.0,0.0,0.0,53,Regular,Central Slovakia,35,0,0,0,4,1,0.9121245938998251
C02115,0.0,0.0,0.0,0.0,0.0,0.0,0.0,0.0,999.0,0.0,0.0,0.0,44,Loyal,Western Slovakia,71,1,1,2,3,1,0.6657194311140883
C02150,1.0,0.0,0.0,0.0,5.0,0.0,0.0,0.0,999.0,191.0,0.0,0.0,40,Loyal,Western Slovakia,7,1,1,2,3,0,0.6545128915227133
C01020,1.0,0.0,0.0,0.0,5.0,0.0,1.0,0.0,999.0,247.0,0.0,0.0,45,New,Bratislava,5,1,0,0,5,1,0.9099808730398842
C01250,3.0,0.0,0.0,1.0,26.0,0.0,0.3333333333333333,0.0,999.0,92.0,0.038461538461538464,0.0,19,Loyal,Bratislava,26,0,1,7,5,1,0.6009610988760634
C01641,3.0,0.0,0.0,2.0,13.0,0.0,0.6666666666666666,0.6666666666666666,999.0,23.0,0.15384615384615385,0.0,20,New,Bratislava,39,0,0,1,2,1,0.8497029295306386
C00755,4.0,2.0,417.33,2.0,26.0,0.25,0.5,0.0,78.0,4.0,0.07692307692307693,1.0,59,New,Bratislava,2,1,1,12,7,1,0.592027438796103
C01242,0.0,0.0,0.0,0.0,0.0,0.0,0.0,0.0,999.0,0.0,0.0,0.0,26,New,Bratislava,48,0,0,0,0,1,0.9389041290408567
C00560,7.0,0.0,0.0,3.0,33.0,0.2857142857142857,0.42857142857142855,0.7142857142857143,999.0,24.0,0.09090909090909091,0.0,27,New,Western Slovakia,47,1,0,7,11,1,0.3703582648444761
C00081,3.0,2.0,297.12,5.0,25.0,0.3333333333333333,0.3333333333333333,1.0,264.0,17.0,0.2,1.0,43,Regular,Eastern Slovakia,21,1,1,0,6,1,0.7656436979430317
C01890,1.0,2.0,371.35,2.0,10.0,0.0,0.0,0.0,61.0,61.0,0.2,1.0,45,Loyal,Central Slovakia,14,1,1,5,11,1,0.6429189032647544
C00323,2.0,0.0,0.0,1.0,12.0,0.0,1.0,0.0,999.0,183.0,0.08333333333333333,0.0,52,Loyal,Bratislava,61,1,1,3,7,1,0.6262300579145839
C02000,2.0,0.0,0.0,0.0,17.0,0.5,0.0,1.0,999.0,113.0,0.0,0.0,65,Loyal,Eastern Slovakia,3,0,1,1,3,1,0.7261860544442588
C00688,0.0,0.0,0.0,0.0,0.0,0.0,0.0,0.0,999.0,0.0,0.0,0.0,56,New,Bratislava,19,0,1,0,3,1,0.9203233056867961
C00111,1.0,0.0,0.0,0.0,2.0,1.0,0.0,0.0,999.0,16.0,0.0,0.0,43,Loyal,Czech Republic,51,0,0,3,20,1,0.6975910238764568
C00121,5.0,1.0,103.19,2.0,42.0,0.2,0.2,0.4,345.0,2.0,0.047619047619047616,1.0,26,Regular,Western Slovakia,61,1,1,5,8,0,0.6416911325359742
C01924,2.0,0.0,0.0,0.0,17.0,0.0,0.5,0.0,999.0,65.0,0.0,0.0,52,New,Central Slovakia,28,0,1,1,10,1,0.8808181898602014
C02139,6.0,0.0,0.0,2.0,49.0,0.3333333333333333,0.16666666666666666,0.0,999.0,24.0,0.04081632653061224,0.0,42,Loyal,Eastern Slovakia,56,0,0,3,7,0,0.6788336961259505
C00124,3.0,0.0,0.0,1.0,18.0,0.3333333333333333,0.0,0.0,999.0,32.0,0.05555555555555555,0.0,54,New,Western Slovakia,36,0,0,4,9,1,0.8004610711843289
C01794,0.0,0.0,0.0,0.0,0.0,0.0,0.0,0.0,999.0,0.0,0.0,0.0,34,At-Risk,Eastern Slovakia,48,0,0,0,2,1,0.9724345538230627
C01496,3.0,0.0,0.0,0.0,6.0,0.6666666666666666,0.3333333333333333,0.6666666666666666,999.0,106.0,0.0,0.0,25,Loyal,Bratislava,25,0,1,1,3,1,0.632525393068785
C01162,1.0,0.0,0.0,0.0,10.0,0.0,0.0,0.0,999.0,183.0,0.0,0.0,34,New,Central Slovakia,36,0,0,1,5,1,0.9188392897107099
C01654,3.0,1.0,146.71,1.0,41.0,0.0,0.3333333333333333,0.3333333333333333,247.0,117.0,0.024390243902439025,1.0,33,Regular,Eastern Slovakia,42,1,0,2,13,1,0.8900951278578699
C00302,2.0,0.0,0.0,2.0,30.0,0.0,0.0,0.0,999.0,140.0,0.06666666666666667,0.0,20,Regular,Central Slovakia,63,0,1,2,2,1,0.873636458222616
C01720,2.0,0.0,0.0,1.0,11.0,0.0,0.5,0.0,999.0,235.0,0.09090909090909091,0.0,22,New,Central Slovakia,44,0,1,0,3,1,0.8927531236141937
C01881,0.0,0.0,0.0,0.0,0.0,0.0,0.0,0.0,999.0,0.0,0.0,0.0,47,Loyal,Western Slovakia,44,1,1,0,5,1,0.7125419833958947
C00569,2.0,0.0,0.0,1.0,23.0,0.0,0.0,0.0,999.0,175.0,0.043478260869565216,0.0,45,Regular,Central Slovakia,3,0,1,0,2,1,0.8958033849681408
C01936,1.0,0.0,0.0,0.0,8.0,0.0,0.0,0.0,999.0,33.0,0.0,0.0,57,Loyal,Eastern Slovakia,1,0,0,5,2,1,0.7661023909536422
C00105,0.0,0.0,0.0,0.0,0.0,0.0,0.0,0.0,999.0,0.0,0.0,0.0,27,Regular,Bratislava,13,0,1,1,3,1,0.8929418168556593
C01865,5.0,2.0,506.5,2.0,32.0,0.0,0.4,0.0,154.0,154.0,0.0625,1.0,41,Loyal,Central Slovakia,27,1,1,4,4,1,0.5434925258607611
C00830,2.0,0.0,0.0,0.0,20.0,0.0,0.5,1.0,999.0,36.0,0.0,0.0,18,New,Eastern Slovakia,11,0,1,0,2,1,0.8946632717564158
C00717,2.0,0.0,0.0,1.0,10.0,0.0,0.5,0.0,999.0,168.0,0.1,0.0,19,Regular,Western Slovakia,19,0,1,0,3,1,0.8547862277632989
C01093,0.0,0.0,0.0,0.0,0.0,0.0,0.0,0.0,999.0,0.0,0.0,0.0,48,New,Central Slovakia,25,1,0,2,10,1,0.8610853904549468
C00425,0.0,0.0,0.0,0.0,0.0,0.0,0.0,0.0,999.0,0.0,0.0,0.0,27,Regular,Western Slovakia,35,0,1,0,1,1,0.8879812172874674
C01102,1.0,0.0,0.0,0.0,2.0,1.0,0.0,0.0,999.0,274.0,0.0,0.0,45,New,Bratislava,48,1,0,0,5,1,0.8936972522570678
C00946,2.0,0.0,0.0,0.0,8.0,1.0,0.0,1.0,999.0,96.0,0.0,0.0,34,Regular,Western Slovakia,10,0,0,1,4,1,0.8027971735486227
C01874,1.0,1.0,186.58,1.0,4.0,1.0,0.0,0.0,119.0,119.0,0.25,1.0,24,Regular,Bratislava,16,1,0,0,1,1,0.9253953841157232
C00516,0.0,0.0,0.0,0.0,0.0,0.0,0.0,0.0,999.0,0.0,0.0,0.0,42,At-Risk,Bratislava,32,0,0,1,0,1,0.9683458193731662
C00620,0.0,0.0,0.0,0.0,0.0,0.0,0.0,0.0,999.0,0.0,0.0,0.0,55,New,Western Slovakia,29,1,1,1,2,1,0.8561259471228775
C01835,1.0,0.0,0.0,0.0,3.0,0.0,0.0,1.0,999.0,115.0,0.0,0.0,45,Regular,Eastern Slovakia,69,1,1,5,4,1,0.6681150399071174
C01595,1.0,0.0,0.0,0.0,12.0,0.0,0.0,0.0,999.0,319.0,0.0,0.0,43,At-Risk,Central Slovakia,3,0,0,4,1,1,0.9551967621751969
C00410,3.0,1.0,182.44,1.0,10.0,0.6666666666666666,0.0,0.0,120.0,4.0,0.1,1.0,22,New,Bratislava,60,0,1,4,6,1,0.8505103593729587
C01853,0.0,0.0,0.0,0.0,0.0,0.0,0.0,0.0,999.0,0.0,0.0,0.0,34,Regular,Central Slovakia,30,0,0,4,4,1,0.8648842317246537
C01880,2.0,0.0,0.0,0.0,29.0,0.0,0.0,0.5,999.0,127.0,0.0,0.0,18,At-Risk,Bratislava,65,0,1,3,2,1,0.9451789401445551
C01064,0.0,0.0,0.0,0.0,0.0,0.0,0.0,0.0,999.0,0.0,0.0,0.0,52,Regular,Western Slovakia,30,0,1,1,6,1,0.8617042053866195
C01156,0.0,0.0,0.0,0.0,0.0,0.0,0.0,0.0,999.0,0.0,0.0,0.0,39,Loyal,Central Slovakia,32,0,0,2,2,1,0.8085103467711975
C02042,1.0,0.0,0.0,0.0,8.0,0.0,0.0,0.0,999.0,340.0,0.0,0.0,46,New,Central Slovakia,4,0,1,0,2,1,0.9171753185028703
C00093,2.0,2.0,628.03,0.0,26.0,0.0,0.0,0.0,18.0,18.0,0.0,1.0,33,Loyal,Czech Republic,41,0,1,4,10,1,0.7921237192347341
C01836,1.0,0.0,0.0,2.0,7.0,0.0,1.0,1.0,999.0,284.0,0.2857142857142857,0.0,39,At-Risk,Central Slovakia,47,0,1,0,1,1,0.9398873892809072
C00009,0.0,0.0,0.0,0.0,0.0,0.0,0.0,0.0,999.0,0.0,0.0,0.0,38,New,Bratislava,28,1,1,1,9,1,0.8616361015396039
C01403,1.0,0.0,0.0,0.0,2.0,0.0,1.0,1.0,999.0,294.0,0.0,0.0,36,Regular,Bratislava,18,1,1,1,4,1,0.7833274840781498
C01547,3.0,0.0,0.0,2.0,16.0,0.0,0.0,1.0,999.0,71.0,0.125,0.0,18,Regular,Central Slovakia,64,0,1,1,5,1,0.7258394527082058
C00900,1.0,0.0,0.0,0.0,5.0,1.0,0.0,0.0,999.0,262.0,0.0,0.0,20,New,Bratislava,7,1,1,0,1,1,0.8903523578175104
C01168,2.0,0.0,0.0,2.0,24.0,0.0,0.0,1.0,999.0,97.0,0.08333333333333333,0.0,60,Loyal,Eastern Slovakia,33,1,0,4,4,1,0.6055909491061497
C01232,2.0,0.0,0.0,0.0,17.0,0.0,0.5,0.0,999.0,171.0,0.0,0.0,25,Loyal,Western Slovakia,17,0,1,1,3,1,0.7634954413468729
C01573,1.0,0.0,0.0,0.0,12.0,0.0,0.0,0.0,999.0,110.0,0.0,0.0,42,Regular,Bratislava,71,1,1,1,8,1,0.8386739319952297
C00555,1.0,0.0,0.0,1.0,8.0,0.0,0.0,1.0,999.0,299.0,0.125,0.0,37,New,Bratislava,26,0,1,1,4,1,0.8612425598139875
C00533,2.0,0.0,0.0,0.0,16.0,0.0,0.5,1.0,999.0,50.0,0.0,0.0,33,Regular,Western Slovakia,11,0,0,1,4,1,0.8339870155403005
C00117,3.0,0.0,0.0,1.0,20.0,0.3333333333333333,0.3333333333333333,1.0,999.0,5.0,0.05,0.0,41,New,Eastern Slovakia,62,0,1,3,6,1,0.7805348642554452
C00135,2.0,0.0,0.0,0.0,20.0,0.0,0.0,0.0,999.0,184.0,0.0,0.0,20,New,Central Slovakia,67,1,1,2,17,1,0.8003396295913777
C01023,3.0,0.0,0.0,2.0,31.0,0.0,0.0,0.0,999.0,46.0,0.06451612903225806,0.0,43,Regular,Czech Republic,11,0,1,0,10,1,0.870883523041913
C01949,1.0,0.0,0.0,1.0,5.0,1.0,0.0,0.0,999.0,113.0,0.2,0.0,28,New,Central Slovakia,13,0,1,1,1,1,0.8963023572404595
C00607,1.0,0.0,0.0,0.0,4.0,0.0,1.0,0.0,999.0,174.0,0.0,0.0,47,Regular,Central Slovakia,14,1,1,0,2,1,0.8580003493060997
C02183,3.0,0.0,0.0,1.0,40.0,0.0,0.0,0.0,999.0,19.0,0.025,0.0,18,Loyal,Eastern Slovakia,58,1,0,4,4,1,0.7311638394403234
C02016,2.0,0.0,0.0,0.0,12.0,0.0,0.5,0.5,999.0,73.0,0.0,0.0,40,Regular,Eastern Slovakia,44,1,1,5,5,1,0.7091430488294972
C02082,0.0,0.0,0.0,0.0,0.0,0.0,0.0,0.0,999.0,0.0,0.0,0.0,43,At-Risk,Czech Republic,41,0,0,0,3,1,0.971462739954128
C01827,0.0,0.0,0.0,0.0,0.0,0.0,0.0,0.0,999.0,0.0,0.0,0.0,48,Regular,Bratislava,67,0,1,0,4,1,0.898023568638976
C00480,3.0,0.0,0.0,0.0,15.0,0.3333333333333333,0.0,0.0,999.0,182.0,0.0,0.0,69,At-Risk,Bratislava,31,1,0,0,1,1,0.9408725559967349
C01206,4.0,0.0,0.0,0.0,28.0,0.25,0.0,1.0,999.0,105.0,0.0,0.0,30,Loyal,Bratislava,57,1,1,5,4,0,0.4295031449800857
C00380,1.0,0.0,0.0,0.0,17.0,0.0,0.0,0.0,999.0,187.0,0.0,0.0,33,New,Czech Republic,4,0,0,2,3,1,0.9364190274257749
C01998,2.0,0.0,0.0,0.0,25.0,0.5,0.0,0.0,999.0,150.0,0.0,0.0,37,New,Western Slovakia,27,0,1,0,4,1,0.9103330381104747
C01863,1.0,0.0,0.0,0.0,3.0,0.0,1.0,0.0,999.0,222.0,0.0,0.0,55,Loyal,Czech Republic,54,0,1,5,4,1,0.709522801070053
C00987,1.0,0.0,0.0,0.0,4.0,0.0,0.0,0.0,999.0,248.0,0.0,0.0,21,At-Risk,Eastern Slovakia,26,0,1,0,1,1,0.9633007156180612
C00297,2.0,0.0,0.0,1.0,11.0,0.0,0.5,1.0,999.0,236.0,0.09090909090909091,0.0,42,At-Risk,Western Slovakia,8,0,0,4,3,1,0.8958695678991029
C00055,0.0,0.0,0.0,0.0,0.0,0.0,0.0,0.0,999.0,0.0,0.0,0.0,32,Regular,Bratislava,4,0,0,1,7,1,0.9059291334611207
C00868,3.0,1.0,158.35,0.0,18.0,0.3333333333333333,0.0,1.0,181.0,13.0,0.0,1.0,33,Regular,Czech Republic,13,1,0,3,2,1,0.8172668869752315
C00762,0.0,0.0,0.0,0.0,0.0,0.0,0.0,0.0,999.0,0.0,0.0,0.0,46,At-Risk,Bratislava,5,0,0,0,3,1,0.9704965209072685
C01304,0.0,0.0,0.0,0.0,0.0,0.0,0.0,0.0,999.0,0.0,0.0,0.0,47,Regular,Eastern Slovakia,46,0,1,2,3,0,0.8854903735499792
C00971,1.0,0.0,0.0,0.0,7.0,0.0,0.0,0.0,999.0,82.0,0.0,0.0,35,New,Western Slovakia,12,0,0,0,0,1,0.9221966539510613
C01062,5.0,0.0,0.0,4.0,32.0,0.4,0.4,0.8,999.0,5.0,0.125,0.0,55,At-Risk,Central Slovakia,33,0,1,0,2,1,0.8771299121019088
C01857,0.0,0.0,0.0,0.0,0.0,0.0,0.0,0.0,999.0,0.0,0.0,0.0,36,Loyal,Central Slovakia,59,0,1,2,1,1,0.7708108158788158
C00714,0.0,0.0,0.0,0.0,0.0,0.0,0.0,0.0,999.0,0.0,0.0,0.0,38,Regular,Western Slovakia,45,0,1,0,7,1,0.8722404627628215
C01850,0.0,0.0,0.0,0.0,0.0,0.0,0.0,0.0,999.0,0.0,0.0,0.0,46,At-Risk,Czech Republic,56,0,1,1,3,1,0.9593698526022149
C02056,1.0,0.0,0.0,1.0,5.0,0.0,1.0,0.0,999.0,234.0,0.2,0.0,45,New,Bratislava,62,0,1,1,19,1,0.8708664414654459
C01171,0.0,0.0,0.0,0.0,0.0,0.0,0.0,0.0,999.0,0.0,0.0,0.0,24,Loyal,Western Slovakia,14,0,1,2,3,1,0.7481881949129868
C00729,2.0,0.0,0.0,0.0,10.0,0.0,0.0,0.0,999.0,306.0,0.0,0.0,24,Loyal,Western Slovakia,8,0,0,3,5,1,0.7184877088756165
C00406,0.0,0.0,0.0,0.0,0.0,0.0,0.0,0.0,999.0,0.0,0.0,0.0,35,At-Risk,Czech Republic,66,0,0,0,1,1,0.9722668929106701
C00567,1.0,0.0,0.0,1.0,6.0,0.0,1.0,1.0,999.0,256.0,0.16666666666666666,0.0,36,New,Western Slovakia,9,0,0,1,6,0,0.8676596476996868
C00477,3.0,2.0,711.05,1.0,15.0,0.0,0.6666666666666666,0.3333333333333333,303.0,72.0,0.06666666666666667,1.0,51,Loyal,Bratislava,2,0,0,5,2,1,0.6532054000101385
C00584,3.0,0.0,0.0,0.0,39.0,0.0,0.0,0.0,999.0,37.0,0.0,0.0,25,Loyal,Central Slovakia,68,1,1,3,3,1,0.6917431829431194
C00598,2.0,0.0,0.0,0.0,7.0,0.5,0.5,0.0,999.0,6.0,0.0,0.0,48,New,Eastern Slovakia,27,0,1,2,13,1,0.8499685711425978
C01256,0.0,0.0,0.0,0.0,0.0,0.0,0.0,0.0,999.0,0.0,0.0,0.0,30,Regular,Western Slovakia,54,0,0,0,5,1,0.8996557359689457
C00799,2.0,0.0,0.0,0.0,15.0,0.5,0.5,0.0,999.0,97.0,0.0,0.0,50,At-Risk,Bratislava,13,0,0,2,3,1,0.958728236187136
C00582,1.0,1.0,210.24,2.0,5.0,0.0,1.0,0.0,239.0,239.0,0.4,1.0,24,Regular,Eastern Slovakia,31,0,1,2,4,1,0.9138335352977597
C00049,1.0,1.0,191.15,1.0,6.0,0.0,1.0,1.0,251.0,251.0,0.16666666666666666,1.0,46,New,Eastern Slovakia,28,0,1,7,12,1,0.8024470011132546
C00988,3.0,0.0,0.0,2.0,19.0,0.3333333333333333,0.3333333333333333,0.3333333333333333,999.0,103.0,0.10526315789473684,0.0,42,New,Bratislava,15,0,0,2,11,1,0.8415499967793697
C01855,0.0,0.0,0.0,0.0,0.0,0.0,0.0,0.0,999.0,0.0,0.0,0.0,44,At-Risk,Eastern Slovakia,18,0,1,2,8,1,0.9510843260333905
C02146,0.0,0.0,0.0,0.0,0.0,0.0,0.0,0.0,999.0,0.0,0.0,0.0,30,Regular,Western Slovakia,43,0,0,0,3,1,0.9044915724465105
C00344,1.0,0.0,0.0,0.0,5.0,1.0,0.0,1.0,999.0,134.0,0.0,0.0,43,New,Czech Republic,71,0,1,1,4,1,0.8593100147573475
C00304,3.0,1.0,302.52,2.0,13.0,0.0,0.6666666666666666,1.0,182.0,182.0,0.15384615384615385,1.0,34,At-Risk,Western Slovakia,18,1,1,0,28,1,0.8249164317659969
C00041,3.0,0.0,0.0,0.0,27.0,0.3333333333333333,0.0,0.3333333333333333,999.0,2.0,0.0,0.0,47,At-Risk,Central Slovakia,55,0,1,2,2,1,0.9315286314379014
C00523,0.0,0.0,0.0,0.0,0.0,0.0,0.0,0.0,999.0,0.0,0.0,0.0,54,At-Risk,Western Slovakia,1,0,0,1,2,1,0.9605069233264765
C01008,1.0,0.0,0.0,0.0,13.0,0.0,0.0,1.0,999.0,189.0,0.0,0.0,34,Regular,Central Slovakia,52,0,0,0,3,1,0.8832486458358048
C01666,1.0,0.0,0.0,0.0,2.0,0.0,1.0,0.0,999.0,272.0,0.0,0.0,30,Regular,Eastern Slovakia,69,1,1,3,1,1,0.8265191510677748
C00629,1.0,0.0,0.0,0.0,7.0,0.0,1.0,1.0,999.0,235.0,0.0,0.0,26,Regular,Western Slovakia,28,1,0,3,7,1,0.7489722424000699
C00719,1.0,0.0,0.0,0.0,7.0,0.0,1.0,1.0,999.0,240.0,0.0,0.0,34,Regular,Bratislava,17,0,0,2,3,1,0.8668187340743122
C01333,0.0,0.0,0.0,0.0,0.0,0.0,0.0,0.0,999.0,0.0,0.0,0.0,49,Regular,Western Slovakia,59,1,0,0,2,1,0.8701631851752686
C00954,0.0,0.0,0.0,0.0,0.0,0.0,0.0,0.0,999.0,0.0,0.0,0.0,24,Regular,Bratislava,37,1,0,1,15,1,0.8459520931367915
C01425,3.0,0.0,0.0,0.0,28.0,0.0,0.3333333333333333,0.0,999.0,262.0,0.0,0.0,40,Loyal,Bratislava,38,0,1,2,13,1,0.7307214795664231
C01846,1.0,0.0,0.0,0.0,20.0,0.0,0.0,0.0,999.0,145.0,0.0,0.0,18,Regular,Eastern Slovakia,52,0,0,1,15,1,0.9138792916687196
C02072,0.0,0.0,0.0,0.0,0.0,0.0,0.0,0.0,999.0,0.0,0.0,0.0,21,Regular,Western Slovakia,62,1,0,3,1,1,0.8265032654680659
C01877,2.0,0.0,0.0,1.0,9.0,0.5,0.5,0.5,999.0,98.0,0.1111111111111111,0.0,47,Regular,Eastern Slovakia,28,0,0,1,3,1,0.8708737903050142
C01796,0.0,0.0,0.0,0.0,0.0,0.0,0.0,0.0,999.0,0.0,0.0,0.0,34,New,Bratislava,64,0,0,0,6,1,0.9295006829553203
C00386,1.0,0.0,0.0,0.0,3.0,0.0,1.0,1.0,999.0,299.0,0.0,0.0,28,Regular,Eastern Slovakia,26,0,0,0,8,1,0.8803482449914646
C01712,2.0,0.0,0.0,1.0,12.0,0.0,0.5,1.0,999.0,249.0,0.08333333333333333,0.0,18,New,Central Slovakia,10,0,0,1,3,1,0.8653145580895018
C00103,0.0,0.0,0.0,0.0,0.0,0.0,0.0,0.0,999.0,0.0,0.0,0.0,34,New,Bratislava,30,0,1,1,13,0,0.8897442814728276
C01120,1.0,0.0,0.0,1.0,4.0,0.0,1.0,1.0,999.0,212.0,0.25,0.0,26,Regular,Eastern Slovakia,46,0,0,1,6,1,0.8685967523970183
C01599,0.0,0.0,0.0,0.0,0.0,0.0,0.0,0.0,999.0,0.0,0.0,0.0,57,New,Bratislava,4,1,1,7,5,1,0.7683000057592514
C02022,2.0,0.0,0.0,0.0,13.0,0.0,1.0,0.0,999.0,272.0,0.0,0.0,29,Regular,Central Slovakia,11,0,1,2,8,1,0.8510026129246376
C01117,1.0,0.0,0.0,1.0,17.0,0.0,0.0,1.0,999.0,68.0,0.058823529411764705,0.0,52,Loyal,Central Slovakia,28,0,0,5,4,1,0.6637569287557594
C01121,1.0,0.0,0.0,0.0,5.0,0.0,0.0,0.0,999.0,73.0,0.0,0.0,43,At-Risk,Bratislava,48,0,0,1,3,1,0.9611482029628291
C02137,1.0,0.0,0.0,0.0,9.0,0.0,0.0,1.0,999.0,303.0,0.0,0.0,41,Regular,Bratislava,26,0,1,0,10,1,0.842145300769535
C01026,2.0,0.0,0.0,0.0,14.0,0.5,0.0,0.0,999.0,3.0,0.0,0.0,34,Loyal,Bratislava,45,0,1,0,2,1,0.7923725669279127
C02142,1.0,0.0,0.0,1.0,3.0,0.0,1.0,0.0,999.0,178.0,0.3333333333333333,0.0,34,Loyal,Central Slovakia,15,1,1,3,5,0,0.6557103657579019
C00507,1.0,0.0,0.0,0.0,9.0,0.0,0.0,1.0,999.0,184.0,0.0,0.0,67,Loyal,Eastern Slovakia,19,0,0,2,3,1,0.7615135334525747
C00903,3.0,0.0,0.0,1.0,20.0,0.3333333333333333,0.3333333333333333,0.0,999.0,1.0,0.05,0.0,36,Regular,Central Slovakia,62,0,1,1,8,1,0.818578482915905
C01982,1.0,0.0,0.0,0.0,8.0,0.0,0.0,0.0,999.0,96.0,0.0,0.0,31,New,Western Slovakia,43,0,1,1,3,1,0.8863153079321628
C01011,0.0,0.0,0.0,0.0,0.0,0.0,0.0,0.0,999.0,0.0,0.0,0.0,23,New,Central Slovakia,13,0,0,0,1,1,0.9337906092966359
C00612,0.0,0.0,0.0,0.0,0.0,0.0,0.0,0.0,999.0,0.0,0.0,0.0,41,Regular,Bratislava,65,0,1,1,2,1,0.8911108083189494
C01759,1.0,0.0,0.0,0.0,11.0,0.0,1.0,1.0,999.0,236.0,0.0,0.0,26,New,Bratislava,53,1,1,4,1,0,0.7975335780446458
C01933,2.0,0.0,0.0,1.0,9.0,0.5,0.5,0.0,999.0,83.0,0.1111111111111111,0.0,28,Loyal,Central Slovakia,15,0,1,3,4,1,0.6805480002033807
C01852,3.0,1.0,273.18,0.0,17.0,0.0,0.3333333333333333,0.6666666666666666,47.0,33.0,0.0,1.0,41,Regular,Western Slovakia,8,0,0,0,6,1,0.8884607983842256
C00076,2.0,0.0,0.0,0.0,4.0,0.5,0.5,0.0,999.0,254.0,0.0,0.0,46,At-Risk,Central Slovakia,43,0,1,0,4,1,0.9432124879167245
C00561,0.0,0.0,0.0,0.0,0.0,0.0,0.0,0.0,999.0,0.0,0.0,0.0,37,New,Bratislava,3,0,0,0,0,1,0.9406838773585441
C02113,0.0,0.0,0.0,0.0,0.0,0.0,0.0,0.0,999.0,0.0,0.0,0.0,49,Regular,Bratislava,2,0,0,0,0,1,0.927449141328604
C00034,1.0,0.0,0.0,0.0,10.0,0.0,0.0,1.0,999.0,183.0,0.0,0.0,28,Loyal,Bratislava,7,0,1,2,1,1,0.7192539013293104
C02011,0.0,0.0,0.0,0.0,0.0,0.0,0.0,0.0,999.0,0.0,0.0,0.0,23,At-Risk,Bratislava,38,1,1,5,16,0,0.8779866299097557
C00592,0.0,0.0,0.0,0.0,0.0,0.0,0.0,0.0,999.0,0.0,0.0,0.0,41,Regular,Bratislava,51,0,0,0,5,1,0.9165862817059673
C01875,0.0,0.0,0.0,0.0,0.0,0.0,0.0,0.0,999.0,0.0,0.0,0.0,25,At-Risk,Central Slovakia,43,0,1,0,7,1,0.9550291958860386
C00355,2.0,0.0,0.0,0.0,16.0,0.0,0.0,1.0,999.0,175.0,0.0,0.0,51,New,Eastern Slovakia,3,0,0,0,2,1,0.9054604340154488
C01921,0.0,0.0,0.0,0.0,0.0,0.0,0.0,0.0,999.0,0.0,0.0,0.0,25,At-Risk,Eastern Slovakia,56,0,1,0,3,1,0.9645977666582555
C01018,2.0,1.0,507.52,0.0,20.0,0.0,0.5,0.5,175.0,47.0,0.0,1.0,35,Loyal,Bratislava,44,0,1,2,10,1,0.7604557177568043
C01487,1.0,0.0,0.0,0.0,7.0,0.0,0.0,1.0,999.0,34.0,0.0,0.0,49,New,Bratislava,21,1,1,3,1,1,0.778954625513466
C01321,0.0,0.0,0.0,0.0,0.0,0.0,0.0,0.0,999.0,0.0,0.0,0.0,29,Loyal,Eastern Slovakia,12,0,1,2,5,1,0.7896715879231005
C00733,4.0,0.0,0.0,1.0,34.0,0.25,0.25,0.25,999.0,6.0,0.029411764705882353,0.0,45,New,Bratislava,64,1,1,1,1,0,0.8259525371900073
C01126,0.0,0.0,0.0,0.0,0.0,0.0,0.0,0.0,999.0,0.0,0.0,0.0,35,Regular,Bratislava,18,0,0,1,1,1,0.9163011091280149
C00750,1.0,0.0,0.0,0.0,1.0,0.0,1.0,0.0,999.0,9.0,0.0,0.0,27,New,Central Slovakia,4,0,0,0,1,1,0.9253550816395746
C00089,0.0,0.0,0.0,0.0,0.0,0.0,0.0,0.0,999.0,0.0,0.0,0.0,44,Regular,Bratislava,15,0,0,3,6,0,0.8840690307274347
C00491,1.0,0.0,0.0,0.0,7.0,0.0,0.0,0.0,999.0,313.0,0.0,0.0,51,New,Eastern Slovakia,59,1,1,0,4,1,0.890741072754455
C01928,3.0,1.0,148.03,1.0,25.0,0.3333333333333333,0.3333333333333333,0.0,177.0,177.0,0.04,1.0,26,At-Risk,Eastern Slovakia,4,0,0,1,6,1,0.9742361895679309
C00920,1.0,0.0,0.0,1.0,7.0,0.0,0.0,0.0,999.0,29.0,0.14285714285714285,0.0,18,Regular,Western Slovakia,46,1,0,2,6,1,0.8077367794283702
C00633,3.0,1.0,131.53,2.0,22.0,0.3333333333333333,0.3333333333333333,0.3333333333333333,65.0,65.0,0.09090909090909091,1.0,33,Regular,Western Slovakia,67,1,0,1,9,1,0.8402846399760792
C01107,3.0,1.0,123.43,1.0,10.0,0.3333333333333333,0.6666666666666666,0.0,171.0,127.0,0.1,1.0,22,Regular,Western Slovakia,47,0,1,1,3,1,0.8644435592582326
C01103,1.0,0.0,0.0,0.0,1.0,0.0,1.0,0.0,999.0,266.0,0.0,0.0,45,New,Western Slovakia,46,1,0,0,4,1,0.8822240357636922
C01885,0.0,0.0,0.0,0.0,0.0,0.0,0.0,0.0,999.0,0.0,0.0,0.0,18,Regular,Eastern Slovakia,21,0,0,1,11,1,0.9036710535354158
C01795,4.0,1.0,189.54,1.0,32.0,0.25,0.0,1.0,310.0,26.0,0.03125,1.0,18,Regular,Bratislava,70,0,0,2,7,0,0.8317163406465593
C01188,1.0,0.0,0.0,1.0,3.0,0.0,1.0,1.0,999.0,312.0,0.3333333333333333,0.0,42,Regular,Central Slovakia,22,1,0,3,1,1,0.7831223374956643
C00278,1.0,0.0,0.0,1.0,3.0,0.0,1.0,1.0,999.0,327.0,0.3333333333333333,0.0,25,At-Risk,Bratislava,3,0,1,0,1,1,0.94796023770193
C00091,1.0,0.0,0.0,0.0,5.0,1.0,0.0,1.0,999.0,98.0,0.0,0.0,46,New,Bratislava,38,1,0,2,4,1,0.8203764670017566
C01299,1.0,0.0,0.0,0.0,10.0,0.0,0.0,0.0,999.0,177.0,0.0,0.0,24,New,Czech Republic,30,0,0,1,12,1,0.9183041267711864
C01200,2.0,0.0,0.0,0.0,8.0,0.0,1.0,1.0,999.0,85.0,0.0,0.0,25,Loyal,Bratislava,25,1,1,4,5,1,0.5007596844008708
C00203,0.0,0.0,0.0,0.0,0.0,0.0,0.0,0.0,999.0,0.0,0.0,0.0,39,Regular,Bratislava,1,1,0,0,2,1,0.8958453249210226
C01397,0.0,0.0,0.0,0.0,0.0,0.0,0.0,0.0,999.0,0.0,0.0,0.0,45,Regular,Czech Republic,31,0,0,1,3,1,0.9164751851317011
C00565,0.0,0.0,0.0,0.0,0.0,0.0,0.0,0.0,999.0,0.0,0.0,0.0,49,New,Bratislava,3,0,1,1,5,1,0.9081316491382305
C00325,0.0,0.0,0.0,0.0,0.0,0.0,0.0,0.0,999.0,0.0,0.0,0.0,60,Regular,Bratislava,6,0,0,1,7,1,0.9052720407914199
C01768,1.0,0.0,0.0,1.0,5.0,0.0,1.0,0.0,999.0,243.0,0.2,0.0,48,Regular,Central Slovakia,13,0,1,1,1,1,0.8871743549700691
C02044,2.0,0.0,0.0,1.0,13.0,0.5,0.0,0.0,999.0,186.0,0.07692307692307693,0.0,29,Regular,Bratislava,59,0,0,2,8,1,0.8625197750080222
C00503,2.0,1.0,234.35,1.0,12.0,0.5,0.0,0.0,95.0,95.0,0.08333333333333333,1.0,29,Loyal,Bratislava,70,1,1,2,3,1,0.7496154380329169
C00829,1.0,0.0,0.0,0.0,14.0,0.0,0.0,0.0,999.0,190.0,0.0,0.0,53,Regular,Bratislava,28,0,1,0,7,1,0.9042347327723995
C00508,2.0,1.0,239.9,2.0,10.0,0.0,0.5,0.0,269.0,269.0,0.2,1.0,43,Loyal,Bratislava,51,0,1,3,6,0,0.7482225057857358
C00268,1.0,1.0,165.09,1.0,5.0,0.0,1.0,1.0,90.0,90.0,0.2,1.0,42,New,Central Slovakia,59,0,0,4,11,1,0.8748366737425047
C00419,2.0,0.0,0.0,2.0,12.0,0.0,1.0,0.5,999.0,216.0,0.16666666666666666,0.0,37,Regular,Western Slovakia,32,0,1,2,4,1,0.7891497056116107
C01453,0.0,0.0,0.0,0.0,0.0,0.0,0.0,0.0,999.0,0.0,0.0,0.0,37,Regular,Bratislava,43,0,0,2,4,1,0.898558503743093
C01600,2.0,0.0,0.0,0.0,13.0,0.0,0.0,0.0,999.0,287.0,0.0,0.0,25,New,Western Slovakia,33,0,0,0,12,1,0.8916999952635728
C01290,3.0,1.0,214.54,1.0,30.0,0.0,0.3333333333333333,1.0,237.0,172.0,0.03333333333333333,1.0,48,Regular,Western Slovakia,6,0,1,2,6,1,0.8281056947751371
C01257,3.0,1.0,234.43,1.0,10.0,0.3333333333333333,0.3333333333333333,0.6666666666666666,47.0,47.0,0.1,1.0,47,Regular,Czech Republic,46,0,1,4,8,1,0.793314077510504
C01052,0.0,0.0,0.0,0.0,0.0,0.0,0.0,0.0,999.0,0.0,0.0,0.0,36,Regular,Western Slovakia,16,0,1,1,7,1,0.8606088058877832
C00490,4.0,2.0,413.72,3.0,34.0,0.25,0.25,0.0,5.0,5.0,0.08823529411764706,1.0,46,Regular,Bratislava,16,0,0,5,7,0,0.850008801865869
C00890,4.0,1.0,282.64,4.0,36.0,0.0,0.25,0.0,83.0,83.0,0.1111111111111111,1.0,18,Regular,Bratislava,12,0,0,7,8,1,0.8106789498972025
C00914,1.0,0.0,0.0,0.0,3.0,0.0,1.0,0.0,999.0,302.0,0.0,0.0,31,Loyal,Czech Republic,60,1,0,3,11,1,0.7060774749649575
C01499,0.0,0.0,0.0,0.0,0.0,0.0,0.0,0.0,999.0,0.0,0.0,0.0,47,Regular,Western Slovakia,40,0,0,1,7,1,0.8840020289243345
C01992,3.0,1.0,353.87,1.0,21.0,0.0,0.3333333333333333,0.0,262.0,170.0,0.047619047619047616,1.0,45,Loyal,Czech Republic,40,0,1,0,9,1,0.8009892921114781
C00969,0.0,0.0,0.0,0.0,0.0,0.0,0.0,0.0,999.0,0.0,0.0,0.0,49,New,Bratislava,27,0,0,1,4,1,0.9260286175680302
C00382,1.0,0.0,0.0,2.0,4.0,0.0,1.0,0.0,999.0,275.0,0.5,0.0,54,Regular,Bratislava,8,0,1,1,3,1,0.8901282729804971
C00623,3.0,0.0,0.0,1.0,22.0,0.3333333333333333,0.3333333333333333,0.0,999.0,248.0,0.045454545454545456,0.0,41,New,Western Slovakia,62,1,0,1,4,0,0.8438983936089098
C00063,2.0,0.0,0.0,0.0,7.0,0.5,0.5,0.0,999.0,242.0,0.0,0.0,40,Regular,Eastern Slovakia,20,0,0,0,3,1,0.9088321206799331
C00457,2.0,0.0,0.0,0.0,14.0,0.0,0.0,1.0,999.0,106.0,0.0,0.0,51,At-Risk,Eastern Slovakia,54,0,1,2,0,1,0.9261129166734378
C00495,0.0,0.0,0.0,0.0,0.0,0.0,0.0,0.0,999.0,0.0,0.0,0.0,34,Regular,Central Slovakia,9,0,1,1,3,0,0.884218018780735
C00678,5.0,1.0,308.81,1.0,32.0,0.0,0.4,0.0,217.0,170.0,0.03125,1.0,43,Regular,Bratislava,54,1,1,5,13,0,0.6814306950365011
C02194,2.0,0.0,0.0,0.0,8.0,0.0,0.5,1.0,999.0,199.0,0.0,0.0,38,At-Risk,Western Slovakia,59,0,0,1,1,1,0.9252252463197982
C00109,1.0,0.0,0.0,1.0,2.0,0.0,1.0,0.0,999.0,246.0,0.5,0.0,48,At-Risk,Bratislava,24,0,1,2,6,1,0.9500258234054633
C01143,0.0,0.0,0.0,0.0,0.0,0.0,0.0,0.0,999.0,0.0,0.0,0.0,18,At-Risk,Central Slovakia,35,0,0,0,1,1,0.9687424906152677
C00745,2.0,0.0,0.0,2.0,10.0,1.0,0.0,1.0,999.0,103.0,0.2,0.0,39,Regular,Eastern Slovakia,6,0,0,1,0,1,0.8456908689516488
C01175,1.0,0.0,0.0,0.0,6.0,1.0,0.0,0.0,999.0,240.0,0.0,0.0,37,New,Bratislava,39,1,1,6,1,1,0.7936405250742931
C00243,1.0,0.0,0.0,1.0,6.0,0.0,1.0,0.0,999.0,239.0,0.16666666666666666,0.0,18,New,Eastern Slovakia,61,0,0,1,1,1,0.9343425336016955
C00505,0.0,0.0,0.0,0.0,0.0,0.0,0.0,0.0,999.0,0.0,0.0,0.0,18,At-Risk,Bratislava,13,0,1,1,2,1,0.9594109950208448
C01309,1.0,0.0,0.0,0.0,10.0,0.0,0.0,0.0,999.0,177.0,0.0,0.0,18,Regular,Bratislava,67,0,1,3,3,1,0.8642420607512579
C01793,1.0,0.0,0.0,0.0,1.0,1.0,0.0,1.0,999.0,187.0,0.0,0.0,41,New,Bratislava,18,0,0,3,4,1,0.844890363876065
C00016,1.0,1.0,181.23,0.0,11.0,0.0,0.0,1.0,173.0,173.0,0.0,1.0,28,New,Bratislava,68,0,1,0,5,1,0.919249208072436
C01871,1.0,0.0,0.0,0.0,5.0,0.0,1.0,1.0,999.0,172.0,0.0,0.0,48,At-Risk,Bratislava,4,0,0,0,1,1,0.9578550590707122
C02066,1.0,0.0,0.0,0.0,4.0,0.0,0.0,0.0,999.0,59.0,0.0,0.0,36,Regular,Western Slovakia,46,0,1,3,17,1,0.7617438057039445
C00177,0.0,0.0,0.0,0.0,0.0,0.0,0.0,0.0,999.0,0.0,0.0,0.0,57,New,Eastern Slovakia,43,0,0,0,5,1,0.9364012952450969
C01495,0.0,0.0,0.0,0.0,0.0,0.0,0.0,0.0,999.0,0.0,0.0,0.0,34,New,Bratislava,58,0,0,2,4,1,0.915626634046527
C00699,1.0,0.0,0.0,0.0,7.0,1.0,0.0,0.0,999.0,305.0,0.0,0.0,27,At-Risk,Eastern Slovakia,53,1,0,0,3,1,0.9600793618116882
C01580,1.0,0.0,0.0,0.0,10.0,0.0,0.0,1.0,999.0,328.0,0.0,0.0,42,Regular,Bratislava,21,1,0,0,1,1,0.857569194794429
C00377,0.0,0.0,0.0,0.0,0.0,0.0,0.0,0.0,999.0,0.0,0.0,0.0,36,Regular,Bratislava,63,0,1,0,1,1,0.9047213044512539
C00784,3.0,0.0,0.0,1.0,12.0,0.3333333333333333,0.6666666666666666,0.0,999.0,102.0,0.08333333333333333,0.0,49,New,Western Slovakia,36,1,1,1,0,1,0.7927761119990099
C00270,0.0,0.0,0.0,0.0,0.0,0.0,0.0,0.0,999.0,0.0,0.0,0.0,38,New,Bratislava,43,0,0,1,4,1,0.9253669475187524
C00224,1.0,0.0,0.0,1.0,5.0,0.0,1.0,0.0,999.0,292.0,0.2,0.0,25,Regular,Bratislava,27,0,1,4,12,1,0.8227759800719955
C00814,2.0,0.0,0.0,0.0,8.0,0.5,0.0,1.0,999.0,104.0,0.0,0.0,32,At-Risk,Eastern Slovakia,39,1,0,1,4,1,0.9105046885655141
C02117,1.0,1.0,174.36,1.0,2.0,0.0,1.0,0.0,21.0,21.0,0.5,1.0,39,Regular,Central Slovakia,36,1,0,1,3,1,0.9192821654907182
C01769,0.0,0.0,0.0,0.0,0.0,0.0,0.0,0.0,999.0,0.0,0.0,0.0,27,New,Bratislava,1,1,1,4,8,1,0.818530957425394
C01688,2.0,0.0,0.0,1.0,12.0,0.0,0.5,0.0,999.0,218.0,0.08333333333333333,0.0,41,Regular,Bratislava,5,0,0,1,3,1,0.8952002146571757
C01659,1.0,0.0,0.0,1.0,4.0,0.0,1.0,0.0,999.0,238.0,0.25,0.0,47,Regular,Western Slovakia,9,0,1,0,3,1,0.8827423815423223
C01214,1.0,0.0,0.0,0.0,19.0,0.0,0.0,0.0,999.0,122.0,0.0,0.0,29,New,Bratislava,15,0,1,0,2,1,0.9363741519354813
C01807,0.0,0.0,0.0,0.0,0.0,0.0,0.0,0.0,999.0,0.0,0.0,0.0,44,New,Central Slovakia,58,1,1,2,3,1,0.8496659229781907
C00131,0.0,0.0,0.0,0.0,0.0,0.0,0.0,0.0,999.0,0.0,0.0,0.0,33,Loyal,Central Slovakia,69,0,1,3,13,1,0.6909080391191108
C00827,1.0,0.0,0.0,2.0,16.0,0.0,0.0,0.0,999.0,84.0,0.125,0.0,38,Regular,Central Slovakia,16,0,1,1,1,0,0.8863073364468194
C02107,2.0,0.0,0.0,0.0,19.0,0.0,0.5,0.0,999.0,240.0,0.0,0.0,55,At-Risk,Eastern Slovakia,64,0,0,1,0,1,0.9706278702857356
C02167,0.0,0.0,0.0,0.0,0.0,0.0,0.0,0.0,999.0,0.0,0.0,0.0,72,Regular,Western Slovakia,6,0,1,0,3,1,0.8844965223802924
C02039,0.0,0.0,0.0,0.0,0.0,0.0,0.0,0.0,999.0,0.0,0.0,0.0,26,At-Risk,Bratislava,7,0,1,2,1,1,0.9554670829450477
C00252,2.0,0.0,0.0,0.0,17.0,0.0,0.0,0.0,999.0,300.0,0.0,0.0,42,Loyal,Western Slovakia,6,0,0,4,0,0,0.748371753964132
C01174,0.0,0.0,0.0,0.0,0.0,0.0,0.0,0.0,999.0,0.0,0.0,0.0,26,Regular,Central Slovakia,20,0,1,1,3,1,0.8835491429833395
C00405,0.0,0.0,0.0,0.0,0.0,0.0,0.0,0.0,999.0,0.0,0.0,0.0,44,Regular,Bratislava,2,0,0,0,1,1,0.9259458145155609
C01455,2.0,0.0,0.0,0.0,11.0,0.0,0.5,1.0,999.0,55.0,0.0,0.0,56,New,Western Slovakia,12,0,0,2,1,1,0.8393326205009074
C00615,5.0,2.0,258.54999999999995,3.0,20.0,0.4,0.4,0.2,108.0,108.0,0.15,1.0,28,Regular,Czech Republic,12,1,1,1,2,1,0.769364059627651
C01832,2.0,0.0,0.0,1.0,23.0,0.0,0.0,0.0,999.0,102.0,0.043478260869565216,0.0,39,New,Bratislava,38,0,0,2,2,1,0.9164969913172607
C01551,0.0,0.0,0.0,0.0,0.0,0.0,0.0,0.0,999.0,0.0,0.0,0.0,19,New,Western Slovakia,11,1,0,3,3,1,0.8540965682196536
C00186,2.0,0.0,0.0,0.0,12.0,0.5,0.0,0.0,999.0,189.0,0.0,0.0,56,At-Risk,Bratislava,5,0,1,0,3,1,0.9554701401630656
C02068,4.0,0.0,0.0,1.0,40.0,0.0,0.0,0.0,999.0,143.0,0.025,0.0,38,Loyal,Central Slovakia,25,0,0,3,18,0,0.6838363118548838
C00389,1.0,0.0,0.0,0.0,2.0,1.0,0.0,1.0,999.0,270.0,0.0,0.0,41,Loyal,Bratislava,2,0,0,1,2,1,0.7549854271748451
C02063,1.0,0.0,0.0,0.0,7.0,0.0,0.0,1.0,999.0,87.0,0.0,0.0,41,New,Bratislava,50,0,0,2,6,1,0.8634251799391196
C01934,4.0,0.0,0.0,0.0,27.0,0.25,0.25,0.0,999.0,113.0,0.0,0.0,54,Regular,Eastern Slovakia,2,1,1,1,2,1,0.8169519811198175
C00241,1.0,0.0,0.0,0.0,2.0,1.0,0.0,1.0,999.0,147.0,0.0,0.0,27,At-Risk,Western Slovakia,34,0,0,0,1,1,0.939132701760992
C01394,1.0,0.0,0.0,0.0,5.0,0.0,1.0,0.0,999.0,54.0,0.0,0.0,44,New,Central Slovakia,48,1,1,1,2,1,0.8648525071307733
C01655,0.0,0.0,0.0,0.0,0.0,0.0,0.0,0.0,999.0,0.0,0.0,0.0,35,Regular,Western Slovakia,18,0,0,2,1,1,0.8876216413628004
C01908,1.0,0.0,0.0,0.0,12.0,0.0,0.0,0.0,999.0,177.0,0.0,0.0,40,New,Czech Republic,52,1,1,1,3,1,0.888105505939967
C01134,2.0,1.0,261.11,1.0,10.0,0.0,1.0,0.0,228.0,174.0,0.1,1.0,55,Regular,Central Slovakia,29,1,1,5,13,1,0.7455666590157579
C00833,3.0,1.0,256.17,3.0,23.0,0.3333333333333333,0.3333333333333333,0.0,43.0,43.0,0.13043478260869565,1.0,24,Regular,Czech Republic,16,1,1,7,2,1,0.7658995802400692
C01625,2.0,0.0,0.0,0.0,10.0,0.0,0.5,0.0,999.0,165.0,0.0,0.0,40,At-Risk,Eastern Slovakia,42,1,0,3,6,1,0.9275430738491521
C01728,0.0,0.0,0.0,0.0,0.0,0.0,0.0,0.0,999.0,0.0,0.0,0.0,32,New,Western Slovakia,57,0,0,4,3,1,0.8764792019642187
C00151,0.0,0.0,0.0,0.0,0.0,0.0,0.0,0.0,999.0,0.0,0.0,0.0,36,Regular,Central Slovakia,44,0,0,0,2,1,0.9155451248096532
C00544,0.0,0.0,0.0,0.0,0.0,0.0,0.0,0.0,999.0,0.0,0.0,0.0,36,At-Risk,Western Slovakia,69,0,1,0,2,1,0.9541703997506815
C01584,0.0,0.0,0.0,0.0,0.0,0.0,0.0,0.0,999.0,0.0,0.0,0.0,30,Regular,Bratislava,11,1,0,1,4,1,0.8783651738099282
C01381,1.0,0.0,0.0,0.0,13.0,0.0,0.0,0.0,999.0,104.0,0.0,0.0,53,New,Central Slovakia,12,0,0,0,0,1,0.9387015574266907
C00712,1.0,0.0,0.0,1.0,8.0,1.0,0.0,1.0,999.0,103.0,0.125,0.0,46,At-Risk,Czech Republic,60,0,1,3,1,1,0.9206051577101795
C00651,0.0,0.0,0.0,0.0,0.0,0.0,0.0,0.0,999.0,0.0,0.0,0.0,60,Regular,Central Slovakia,69,0,1,0,1,1,0.8957980441387754
C00571,2.0,0.0,0.0,2.0,12.0,0.0,0.0,0.0,999.0,85.0,0.16666666666666666,0.0,21,New,Czech Republic,30,0,0,1,2,1,0.9064986804272482
C00456,5.0,1.0,193.39,3.0,32.0,0.2,0.4,0.0,246.0,140.0,0.09375,1.0,40,Regular,Central Slovakia,49,1,1,2,10,1,0.7266378599976281
C01622,2.0,0.0,0.0,0.0,20.0,0.0,0.0,0.0,999.0,85.0,0.0,0.0,39,New,Bratislava,26,1,0,2,9,1,0.8693624356203862
C00958,0.0,0.0,0.0,0.0,0.0,0.0,0.0,0.0,999.0,0.0,0.0,0.0,65,New,Bratislava,4,1,0,1,1,1,0.9053358044465186
C01193,2.0,0.0,0.0,1.0,20.0,0.0,0.0,0.0,999.0,124.0,0.05,0.0,35,New,Eastern Slovakia,11,0,0,3,27,1,0.8490701125877775
C01209,1.0,0.0,0.0,0.0,3.0,0.0,1.0,1.0,999.0,8.0,0.0,0.0,65,New,Bratislava,7,0,0,1,2,1,0.8887851765534636
C01039,0.0,0.0,0.0,0.0,0.0,0.0,0.0,0.0,999.0,0.0,0.0,0.0,48,New,Western Slovakia,3,1,0,1,3,1,0.8820926578860879
C00339,2.0,0.0,0.0,2.0,12.0,0.5,0.0,0.0,999.0,115.0,0.16666666666666666,0.0,52,Regular,Bratislava,62,0,0,0,2,1,0.8914457374289348
C00902,3.0,1.0,143.63,1.0,10.0,0.3333333333333333,0.6666666666666666,1.0,223.0,223.0,0.1,1.0,39,Regular,Eastern Slovakia,56,0,1,0,10,1,0.8361403213406994
C02182,0.0,0.0,0.0,0.0,0.0,0.0,0.0,0.0,999.0,0.0,0.0,0.0,41,At-Risk,Bratislava,65,0,0,0,4,1,0.9685069343382549
C01401,1.0,1.0,142.0,1.0,2.0,0.0,1.0,1.0,17.0,17.0,0.5,1.0,52,New,Czech Republic,68,0,0,0,2,1,0.9463885491454112
C02187,0.0,0.0,0.0,0.0,0.0,0.0,0.0,0.0,999.0,0.0,0.0,0.0,37,Loyal,Bratislava,22,0,0,1,4,1,0.8340102935265067
C00104,0.0,0.0,0.0,0.0,0.0,0.0,0.0,0.0,999.0,0.0,0.0,0.0,47,Regular,Central Slovakia,65,0,0,0,2,1,0.9141239591641561
C01579,0.0,0.0,0.0,0.0,0.0,0.0,0.0,0.0,999.0,0.0,0.0,0.0,18,At-Risk,Czech Republic,57,1,1,0,3,1,0.9496589563657584
C00810,0.0,0.0,0.0,0.0,0.0,0.0,0.0,0.0,999.0,0.0,0.0,0.0,41,New,Bratislava,59,1,1,1,6,0,0.8669949588847762
C00996,2.0,0.0,0.0,0.0,9.0,0.0,0.5,0.0,999.0,256.0,0.0,0.0,42,Regular,Bratislava,60,1,1,1,2,1,0.8250634627310631
C01303,4.0,0.0,0.0,0.0,23.0,0.5,0.25,1.0,999.0,139.0,0.0,0.0,45,Regular,Eastern Slovakia,52,0,0,4,5,1,0.7511789436249839
C01974,1.0,0.0,0.0,0.0,8.0,0.0,0.0,0.0,999.0,87.0,0.0,0.0,58,New,Eastern Slovakia,13,0,0,1,2,1,0.931002518799418
C01032,0.0,0.0,0.0,0.0,0.0,0.0,0.0,0.0,999.0,0.0,0.0,0.0,40,New,Bratislava,19,0,1,0,0,1,0.9255310170035532
C01609,0.0,0.0,0.0,0.0,0.0,0.0,0.0,0.0,999.0,0.0,0.0,0.0,35,Loyal,Eastern Slovakia,2,0,0,0,6,1,0.8560206012680495
C00942,0.0,0.0,0.0,0.0,0.0,0.0,0.0,0.0,999.0,0.0,0.0,0.0,49,New,Western Slovakia,53,0,0,0,5,1,0.9171047949294497
C01219,2.0,0.0,0.0,0.0,13.0,0.5,0.0,0.5,999.0,144.0,0.0,0.0,24,Regular,Central Slovakia,28,0,0,2,9,1,0.8317199884100285
C00239,2.0,0.0,0.0,1.0,9.0,0.5,0.5,0.5,999.0,101.0,0.1111111111111111,0.0,25,New,Eastern Slovakia,55,0,1,0,2,1,0.8831651695092233
C00110,0.0,0.0,0.0,0.0,0.0,0.0,0.0,0.0,999.0,0.0,0.0,0.0,18,New,Central Slovakia,68,0,1,1,3,1,0.9007673201005304
C00299,1.0,0.0,0.0,0.0,6.0,0.0,1.0,1.0,999.0,269.0,0.0,0.0,18,Regular,Eastern Slovakia,57,1,1,2,10,1,0.7614884492667403
C01054,0.0,0.0,0.0,0.0,0.0,0.0,0.0,0.0,999.0,0.0,0.0,0.0,67,At-Risk,Central Slovakia,71,1,1,1,1,1,0.9363861833288446
C01169,2.0,0.0,0.0,0.0,15.0,0.0,0.5,0.0,999.0,173.0,0.0,0.0,33,New,Central Slovakia,67,1,1,1,3,1,0.8540644526871348
C00876,0.0,0.0,0.0,0.0,0.0,0.0,0.0,0.0,999.0,0.0,0.0,0.0,18,New,Bratislava,40,0,0,0,0,1,0.9393494523838082
C00695,0.0,0.0,0.0,0.0,0.0,0.0,0.0,0.0,999.0,0.0,0.0,0.0,28,New,Western Slovakia,20,0,0,1,4,0,0.9116158432265854
C01826,5.0,1.0,146.2,2.0,51.0,0.0,0.4,0.0,281.0,61.0,0.0392156862745098,1.0,46,Regular,Eastern Slovakia,53,1,1,2,5,1,0.8515285626571837
C00176,1.0,0.0,0.0,0.0,13.0,0.0,0.0,0.0,999.0,182.0,0.0,0.0,40,Loyal,Central Slovakia,2,0,1,1,0,1,0.8155782664822576
C01839,1.0,0.0,0.0,0.0,9.0,0.0,0.0,1.0,999.0,102.0,0.0,0.0,56,New,Western Slovakia,29,0,0,1,6,1,0.8613469555158804
C00032,0.0,0.0,0.0,0.0,0.0,0.0,0.0,0.0,999.0,0.0,0.0,0.0,33,New,Central Slovakia,34,0,1,1,2,1,0.9047631043950479
C00112,1.0,1.0,201.13,1.0,6.0,0.0,1.0,1.0,254.0,254.0,0.16666666666666666,1.0,41,New,Bratislava,17,0,0,0,4,1,0.9311055659719308
C00280,2.0,0.0,0.0,1.0,10.0,0.5,0.5,0.0,999.0,101.0,0.1,0.0,41,Regular,Western Slovakia,28,0,1,1,2,1,0.8391803566205129
C01014,2.0,0.0,0.0,0.0,20.0,0.0,0.5,0.5,999.0,183.0,0.0,0.0,18,Regular,Eastern Slovakia,70,1,1,3,10,1,0.7724691639023583
C01786,1.0,0.0,0.0,0.0,5.0,0.0,0.0,1.0,999.0,195.0,0.0,0.0,53,Regular,Bratislava,41,1,1,2,5,1,0.7418975776159502
C01630,2.0,0.0,0.0,1.0,14.0,0.5,0.0,0.0,999.0,108.0,0.07142857142857142,0.0,51,Regular,Eastern Slovakia,6,0,0,0,2,1,0.9116466996978266
C01439,3.0,0.0,0.0,1.0,20.0,0.0,0.3333333333333333,0.0,999.0,172.0,0.05,0.0,23,Regular,Eastern Slovakia,1,0,0,0,11,1,0.8854925020493428
C00466,0.0,0.0,0.0,0.0,0.0,0.0,0.0,0.0,999.0,0.0,0.0,0.0,32,New,Eastern Slovakia,9,0,1,0,1,1,0.9297255258838747
C00199,0.0,0.0,0.0,0.0,0.0,0.0,0.0,0.0,999.0,0.0,0.0,0.0,38,Regular,Western Slovakia,32,0,1,0,1,0,0.8879644040012941
C00335,1.0,0.0,0.0,0.0,18.0,0.0,0.0,0.0,999.0,183.0,0.0,0.0,38,New,Czech Republic,7,1,1,4,1,1,0.8727752742983863
C01342,1.0,0.0,0.0,0.0,7.0,0.0,0.0,0.0,999.0,86.0,0.0,0.0,43,Regular,Central Slovakia,66,0,1,1,2,1,0.8733794930964233
C01701,0.0,0.0,0.0,0.0,0.0,0.0,0.0,0.0,999.0,0.0,0.0,0.0,24,Regular,Eastern Slovakia,25,0,0,0,3,1,0.9271071887255529
C01262,2.0,0.0,0.0,1.0,19.0,0.0,0.0,0.0,999.0,44.0,0.05263157894736842,0.0,39,Loyal,Central Slovakia,69,1,1,4,3,1,0.5997925445040626
C01779,0.0,0.0,0.0,0.0,0.0,0.0,0.0,0.0,999.0,0.0,0.0,0.0,25,Regular,Western Slovakia,20,1,1,6,14,1,0.6660084597768497
C02101,2.0,0.0,0.0,0.0,12.0,0.0,0.0,1.0,999.0,306.0,0.0,0.0,41,New,Eastern Slovakia,7,0,0,3,3,1,0.8591353902237858
C00403,3.0,1.0,187.59,1.0,12.0,0.0,0.6666666666666666,0.0,5.0,5.0,0.08333333333333333,1.0,48,Loyal,Eastern Slovakia,28,1,1,3,11,0,0.6842034249916831
C00404,0.0,0.0,0.0,0.0,0.0,0.0,0.0,0.0,999.0,0.0,0.0,0.0,33,Loyal,Bratislava,42,1,0,1,4,1,0.7768483322773078
C00362,1.0,0.0,0.0,0.0,7.0,0.0,0.0,1.0,999.0,187.0,0.0,0.0,43,Loyal,Central Slovakia,24,0,1,2,8,0,0.6464089000513273
C01751,1.0,0.0,0.0,0.0,11.0,0.0,0.0,0.0,999.0,172.0,0.0,0.0,29,Loyal,Western Slovakia,65,1,1,3,9,1,0.6155510277076967
C00283,1.0,0.0,0.0,0.0,16.0,0.0,0.0,0.0,999.0,181.0,0.0,0.0,49,Loyal,Western Slovakia,65,0,0,2,13,1,0.7683980276490695
C01422,2.0,1.0,401.32,1.0,13.0,0.5,0.0,0.0,171.0,125.0,0.07692307692307693,1.0,35,Regular,Bratislava,48,1,0,5,5,1,0.8173558092141884
C01284,3.0,0.0,0.0,0.0,8.0,0.0,0.6666666666666666,0.0,999.0,59.0,0.0,0.0,48,New,Eastern Slovakia,68,0,1,3,4,1,0.8277372774034161
C00961,1.0,1.0,318.26,0.0,17.0,0.0,0.0,1.0,8.0,8.0,0.0,1.0,57,Regular,Bratislava,4,0,0,1,3,1,0.9300815109614734
C00546,1.0,0.0,0.0,0.0,6.0,1.0,0.0,0.0,999.0,109.0,0.0,0.0,36,Regular,Bratislava,62,0,0,2,4,1,0.8896196552797072
C00521,0.0,0.0,0.0,0.0,0.0,0.0,0.0,0.0,999.0,0.0,0.0,0.0,26,New,Central Slovakia,49,1,0,0,2,1,0.9040168398687001
C01090,1.0,0.0,0.0,0.0,7.0,0.0,0.0,0.0,999.0,287.0,0.0,0.0,35,Regular,Bratislava,53,0,0,0,6,1,0.9126692849459835
C01196,3.0,0.0,0.0,1.0,26.0,0.0,0.0,0.0,999.0,157.0,0.038461538461538464,0.0,62,Regular,Bratislava,38,1,1,7,32,1,0.5245829735023028
C00647,2.0,0.0,0.0,0.0,16.0,0.0,0.5,0.5,999.0,273.0,0.0,0.0,45,At-Risk,Central Slovakia,19,0,1,4,4,1,0.9171950443024416
C00669,2.0,0.0,0.0,1.0,15.0,0.0,1.0,0.0,999.0,225.0,0.06666666666666667,0.0,32,New,Bratislava,17,0,1,1,2,1,0.9058232501810761
C01349,0.0,0.0,0.0,0.0,0.0,0.0,0.0,0.0,999.0,0.0,0.0,0.0,49,At-Risk,Central Slovakia,69,1,0,2,2,1,0.9415653226242017
C00671,0.0,0.0,0.0,0.0,0.0,0.0,0.0,0.0,999.0,0.0,0.0,0.0,47,At-Risk,Central Slovakia,10,0,0,0,2,1,0.968413455075064
C00444,1.0,0.0,0.0,0.0,7.0,0.0,0.0,1.0,999.0,189.0,0.0,0.0,54,At-Risk,Bratislava,23,0,1,3,6,1,0.9119349583989655
C02075,2.0,0.0,0.0,2.0,13.0,0.0,0.5,0.0,999.0,17.0,0.15384615384615385,0.0,39,New,Western Slovakia,41,0,1,0,1,1,0.8770082211772365
C01843,1.0,0.0,0.0,0.0,5.0,0.0,0.0,0.0,999.0,174.0,0.0,0.0,49,Loyal,Czech Republic,41,0,1,6,1,1,0.6854743279609887
C00300,1.0,0.0,0.0,0.0,5.0,1.0,0.0,1.0,999.0,265.0,0.0,0.0,42,New,Bratislava,46,0,1,2,2,1,0.8489395544991621
C01070,0.0,0.0,0.0,0.0,0.0,0.0,0.0,0.0,999.0,0.0,0.0,0.0,37,Regular,Central Slovakia,34,0,0,1,2,1,0.9061726617830074
C00797,1.0,0.0,0.0,0.0,11.0,0.0,0.0,1.0,999.0,176.0,0.0,0.0,50,Regular,Western Slovakia,29,1,0,2,3,1,0.7815483405426759
C00575,2.0,0.0,0.0,0.0,16.0,0.5,0.0,1.0,999.0,161.0,0.0,0.0,40,At-Risk,Central Slovakia,58,0,0,0,0,1,0.9482618672014812
C00727,1.0,0.0,0.0,0.0,1.0,1.0,0.0,0.0,999.0,125.0,0.0,0.0,41,Regular,Bratislava,31,0,0,6,29,1,0.7158959619588603
C01662,0.0,0.0,0.0,0.0,0.0,0.0,0.0,0.0,999.0,0.0,0.0,0.0,25,Regular,Western Slovakia,41,0,1,2,4,1,0.8520569846180996
C00372,1.0,0.0,0.0,0.0,4.0,0.0,1.0,0.0,999.0,241.0,0.0,0.0,54,At-Risk,Bratislava,21,0,0,1,2,1,0.9669707975082221
C02141,2.0,0.0,0.0,0.0,14.0,0.5,0.0,1.0,999.0,188.0,0.0,0.0,37,New,Bratislava,35,0,0,5,11,1,0.7864891731426813
C01943,1.0,0.0,0.0,0.0,6.0,0.0,0.0,1.0,999.0,341.0,0.0,0.0,23,Regular,Western Slovakia,67,0,0,1,4,1,0.8363492965550773
C00237,0.0,0.0,0.0,0.0,0.0,0.0,0.0,0.0,999.0,0.0,0.0,0.0,18,Loyal,Bratislava,52,0,1,1,1,1,0.80761678241376
C01784,3.0,0.0,0.0,1.0,18.0,0.3333333333333333,0.3333333333333333,1.0,999.0,159.0,0.05555555555555555,0.0,26,Regular,Bratislava,28,1,0,2,10,0,0.7133330991717596
C01904,2.0,0.0,0.0,1.0,32.0,0.0,0.0,1.0,999.0,153.0,0.03125,0.0,36,Regular,Western Slovakia,44,1,1,0,1,0,0.8117503392210954
C00352,0.0,0.0,0.0,0.0,0.0,0.0,0.0,0.0,999.0,0.0,0.0,0.0,48,Regular,Bratislava,38,0,0,4,5,0,0.8714382365709176
C00231,2.0,0.0,0.0,1.0,8.0,0.0,0.5,0.0,999.0,96.0,0.125,0.0,20,Regular,Czech Republic,11,0,0,2,2,1,0.8800884547221832
C01634,4.0,1.0,476.5,0.0,21.0,0.25,0.5,0.25,300.0,16.0,0.0,1.0,38,Regular,Bratislava,69,1,1,4,6,0,0.6958709960841372
C01113,3.0,0.0,0.0,0.0,13.0,0.0,0.0,0.3333333333333333,999.0,54.0,0.0,0.0,24,Regular,Bratislava,54,1,1,12,4,1,0.4359885711892164
C01814,1.0,0.0,0.0,0.0,8.0,0.0,0.0,1.0,999.0,68.0,0.0,0.0,38,Regular,Central Slovakia,54,0,0,1,2,1,0.8547683549831595
C02015,2.0,0.0,0.0,0.0,15.0,0.0,0.0,0.0,999.0,178.0,0.0,0.0,57,Loyal,Central Slovakia,18,0,0,2,8,1,0.763543081265273
C00992,2.0,0.0,0.0,1.0,12.0,0.5,0.0,1.0,999.0,159.0,0.08333333333333333,0.0,56,Regular,Eastern Slovakia,41,1,1,2,9,0,0.7039918635280817
C00887,2.0,1.0,137.75,1.0,19.0,0.0,0.0,1.0,102.0,102.0,0.05263157894736842,1.0,53,Loyal,Central Slovakia,6,0,1,3,2,1,0.7464355080752177
C01651,0.0,0.0,0.0,0.0,0.0,0.0,0.0,0.0,999.0,0.0,0.0,0.0,32,New,Central Slovakia,40,0,0,1,1,1,0.924231117763494
C01563,2.0,0.0,0.0,3.0,11.0,0.5,0.0,1.0,999.0,92.0,0.2727272727272727,0.0,28,Regular,Bratislava,54,1,1,1,6,1,0.6917260732031356
C00464,0.0,0.0,0.0,0.0,0.0,0.0,0.0,0.0,999.0,0.0,0.0,0.0,18,New,Czech Republic,26,0,0,0,2,1,0.9407476249506905
C01824,3.0,0.0,0.0,1.0,25.0,0.0,0.3333333333333333,0.0,999.0,18.0,0.04,0.0,46,New,Bratislava,3,0,0,1,3,1,0.9098755911985654
C00932,0.0,0.0,0.0,0.0,0.0,0.0,0.0,0.0,999.0,0.0,0.0,0.0,43,New,Central Slovakia,67,0,0,0,3,1,0.9279008885116322
C00896,1.0,0.0,0.0,0.0,10.0,0.0,0.0,0.0,999.0,104.0,0.0,0.0,51,Regular,Bratislava,67,0,0,4,8,1,0.8601241892891439
C01096,1.0,0.0,0.0,0.0,4.0,1.0,0.0,0.0,999.0,335.0,0.0,0.0,53,Regular,Bratislava,62,0,0,2,1,1,0.8971615174199508
C01734,1.0,0.0,0.0,0.0,2.0,1.0,0.0,0.0,999.0,88.0,0.0,0.0,21,New,Central Slovakia,19,0,0,0,2,1,0.9198003196640371
C01224,1.0,0.0,0.0,2.0,7.0,0.0,1.0,0.0,999.0,270.0,0.2857142857142857,0.0,47,Regular,Central Slovakia,2,1,0,3,2,1,0.8411047880208106
C00044,3.0,0.0,0.0,0.0,15.0,0.0,0.3333333333333333,1.0,999.0,42.0,0.0,0.0,41,Regular,Bratislava,63,1,0,2,4,1,0.7293604756697953
C00610,4.0,0.0,0.0,1.0,49.0,0.0,0.25,0.0,999.0,68.0,0.02040816326530612,0.0,44,Regular,Bratislava,34,0,0,5,10,1,0.8474122095410311
C01293,0.0,0.0,0.0,0.0,0.0,0.0,0.0,0.0,999.0,0.0,0.0,0.0,33,At-Risk,Eastern Slovakia,56,0,0,0,2,1,0.9722785668932937
C01955,4.0,0.0,0.0,1.0,18.0,0.25,0.25,1.0,999.0,7.0,0.05555555555555555,0.0,41,Loyal,Bratislava,30,1,0,1,4,1,0.536459585549031
C01094,0.0,0.0,0.0,0.0,0.0,0.0,0.0,0.0,999.0,0.0,0.0,0.0,40,New,Central Slovakia,41,0,0,0,4,1,0.9277002637550766
C01203,1.0,0.0,0.0,0.0,3.0,0.0,0.0,1.0,999.0,299.0,0.0,0.0,43,New,Central Slovakia,24,0,0,1,8,0,0.8596865997938531
C00314,1.0,0.0,0.0,0.0,3.0,1.0,0.0,0.0,999.0,142.0,0.0,0.0,43,Regular,Western Slovakia,9,0,0,1,1,1,0.886227359065273
C01109,1.0,0.0,0.0,0.0,12.0,0.0,0.0,0.0,999.0,174.0,0.0,0.0,54,Regular,Central Slovakia,55,1,1,2,3,1,0.8289934566506976
C00296,0.0,0.0,0.0,0.0,0.0,0.0,0.0,0.0,999.0,0.0,0.0,0.0,40,Regular,Bratislava,33,0,0,0,3,1,0.9210782669409192
C00681,2.0,0.0,0.0,0.0,11.0,0.0,1.0,0.0,999.0,228.0,0.0,0.0,48,Regular,Bratislava,44,0,0,1,11,1,0.8837847845395408
C01240,2.0,3.0,362.05,4.0,17.0,0.5,0.0,1.0,95.0,95.0,0.23529411764705882,1.0,57,Regular,Eastern Slovakia,17,0,1,0,2,1,0.8722345697597406
C00665,1.0,0.0,0.0,0.0,7.0,0.0,0.0,0.0,999.0,180.0,0.0,0.0,37,Regular,Bratislava,44,1,1,2,9,1,0.8061871617265949
C01946,0.0,0.0,0.0,0.0,0.0,0.0,0.0,0.0,999.0,0.0,0.0,0.0,18,Regular,Eastern Slovakia,38,0,1,1,14,1,0.8727126597351316
C00731,1.0,0.0,0.0,1.0,6.0,0.0,1.0,0.0,999.0,272.0,0.16666666666666666,0.0,43,Regular,Central Slovakia,57,0,0,0,2,0,0.9154070356714432
C00206,0.0,0.0,0.0,0.0,0.0,0.0,0.0,0.0,999.0,0.0,0.0,0.0,37,Regular,Eastern Slovakia,24,0,1,1,2,0,0.9011732310884197
C01385,0.0,0.0,0.0,0.0,0.0,0.0,0.0,0.0,999.0,0.0,0.0,0.0,18,Regular,Central Slovakia,20,0,0,0,8,1,0.9060163537918184
C01037,5.0,0.0,0.0,2.0,30.0,0.4,0.2,0.0,999.0,98.0,0.06666666666666667,0.0,50,Regular,Eastern Slovakia,67,0,1,3,4,1,0.7572061398533256
C01913,1.0,0.0,0.0,1.0,4.0,0.0,0.0,0.0,999.0,153.0,0.25,0.0,45,Loyal,Central Slovakia,36,1,1,2,7,1,0.642710534728219
C00542,2.0,1.0,79.62,1.0,32.0,0.0,0.0,0.0,110.0,110.0,0.03125,1.0,28,New,Eastern Slovakia,44,0,1,2,12,1,0.9413410213476666
C00990,0.0,0.0,0.0,0.0,0.0,0.0,0.0,0.0,999.0,0.0,0.0,0.0,32,Regular,Bratislava,45,0,0,4,5,1,0.8712432467221822
C02109,2.0,1.0,191.12,1.0,35.0,0.0,0.0,0.0,146.0,146.0,0.02857142857142857,1.0,28,Regular,Eastern Slovakia,45,0,0,2,2,1,0.9529065710022734
C01087,1.0,1.0,241.29,1.0,7.0,1.0,0.0,1.0,135.0,135.0,0.14285714285714285,1.0,21,Regular,Bratislava,9,1,1,1,1,1,0.8515902511470327
C01848,3.0,0.0,0.0,3.0,13.0,0.0,1.0,1.0,999.0,57.0,0.23076923076923078,0.0,25,Regular,Central Slovakia,39,1,0,3,4,1,0.6496684811828414
C00752,0.0,0.0,0.0,0.0,0.0,0.0,0.0,0.0,999.0,0.0,0.0,0.0,34,Regular,Bratislava,59,0,1,2,10,1,0.858085882584255
C00768,1.0,0.0,0.0,0.0,4.0,0.0,1.0,1.0,999.0,282.0,0.0,0.0,31,New,Bratislava,65,1,1,1,12,0,0.78955727066181
C00181,1.0,0.0,0.0,1.0,6.0,0.0,0.0,0.0,999.0,315.0,0.16666666666666666,0.0,54,Loyal,Bratislava,48,0,1,4,6,1,0.702644488694544
C01112,2.0,0.0,0.0,1.0,12.0,0.0,0.5,0.0,999.0,102.0,0.08333333333333333,0.0,35,Regular,Western Slovakia,44,0,1,4,2,1,0.7868805116663619
C00193,2.0,0.0,0.0,1.0,4.0,0.5,0.5,1.0,999.0,20.0,0.25,0.0,33,New,Western Slovakia,68,0,0,6,2,1,0.7151878182056286
C01362,1.0,0.0,0.0,1.0,7.0,0.0,0.0,1.0,999.0,298.0,0.14285714285714285,0.0,49,Regular,Bratislava,39,0,0,2,4,1,0.8441755664943623
C01892,1.0,1.0,110.19,2.0,7.0,0.0,0.0,0.0,43.0,43.0,0.2857142857142857,1.0,29,Regular,Czech Republic,44,0,0,1,2,1,0.944093661949296
C01370,1.0,0.0,0.0,0.0,15.0,0.0,0.0,1.0,999.0,286.0,0.0,0.0,50,At-Risk,Western Slovakia,66,1,0,0,3,1,0.9328765632208154
C00192,3.0,1.0,231.26,1.0,28.0,0.0,0.0,0.0,186.0,151.0,0.03571428571428571,1.0,36,New,Bratislava,50,1,1,4,13,1,0.8274297603353172
C01216,3.0,1.0,209.72,1.0,22.0,0.3333333333333333,0.3333333333333333,0.0,27.0,27.0,0.045454545454545456,1.0,21,Loyal,Central Slovakia,13,0,1,5,11,1,0.7102953730552496
C00528,1.0,0.0,0.0,0.0,9.0,0.0,0.0,1.0,999.0,307.0,0.0,0.0,40,Regular,Bratislava,34,1,0,3,10,1,0.7648227236301882
C00122,1.0,1.0,154.8,2.0,7.0,0.0,1.0,1.0,244.0,244.0,0.2857142857142857,1.0,40,Regular,Eastern Slovakia,27,0,0,0,1,1,0.9260675439904679
C01076,1.0,0.0,0.0,0.0,2.0,0.0,1.0,0.0,999.0,283.0,0.0,0.0,41,Loyal,Czech Republic,59,1,1,4,11,1,0.620731282859181
C00211,4.0,1.0,300.6,2.0,33.0,0.0,0.0,0.0,243.0,69.0,0.06060606060606061,1.0,49,Loyal,Central Slovakia,52,0,1,4,8,1,0.662225642548033
C00155,3.0,2.0,602.31,1.0,25.0,0.0,0.0,0.6666666666666666,180.0,81.0,0.04,1.0,37,Loyal,Central Slovakia,52,1,0,1,10,1,0.6580945709382835
C01084,2.0,0.0,0.0,0.0,14.0,0.0,0.0,0.5,999.0,103.0,0.0,0.0,39,New,Western Slovakia,60,0,0,0,7,1,0.8772092469098813
C00319,0.0,0.0,0.0,0.0,0.0,0.0,0.0,0.0,999.0,0.0,0.0,0.0,50,Regular,Bratislava,47,0,1,3,8,1,0.8492356605085082
C00626,1.0,0.0,0.0,2.0,6.0,0.0,1.0,1.0,999.0,276.0,0.3333333333333333,0.0,32,New,Bratislava,49,1,1,0,3,1,0.8356922557657486
C00277,1.0,0.0,0.0,0.0,1.0,0.0,1.0,1.0,999.0,29.0,0.0,0.0,29,At-Risk,Eastern Slovakia,6,1,1,5,2,1,0.8641239519348041
C01652,3.0,0.0,0.0,2.0,24.0,0.0,0.3333333333333333,0.0,999.0,174.0,0.08333333333333333,0.0,53,Loyal,Bratislava,8,1,0,2,2,1,0.7052558723838984
C00368,2.0,0.0,0.0,0.0,22.0,0.0,0.0,0.0,999.0,186.0,0.0,0.0,28,Loyal,Western Slovakia,64,1,1,5,11,0,0.5433419373983315
C01544,3.0,0.0,0.0,0.0,29.0,0.0,0.0,0.0,999.0,93.0,0.0,0.0,37,New,Czech Republic,53,0,0,4,7,1,0.8844876500162155
C00866,1.0,0.0,0.0,0.0,16.0,0.0,0.0,1.0,999.0,128.0,0.0,0.0,48,Regular,Western Slovakia,34,0,1,1,4,1,0.8315828314409682
C00821,1.0,1.0,155.97,1.0,1.0,0.0,1.0,0.0,35.0,35.0,1.0,1.0,32,New,Czech Republic,29,0,1,0,6,1,0.9573683300297919
C00580,2.0,2.0,704.45,2.0,10.0,0.0,1.0,0.0,93.0,93.0,0.2,1.0,42,Loyal,Bratislava,11,1,1,1,6,0,0.7149080952549456
C01218,1.0,0.0,0.0,0.0,4.0,0.0,1.0,0.0,999.0,305.0,0.0,0.0,18,Regular,Eastern Slovakia,42,0,1,2,2,1,0.8901255682429224
C00251,1.0,0.0,0.0,0.0,5.0,0.0,0.0,0.0,999.0,71.0,0.0,0.0,34,New,Czech Republic,55,0,0,0,0,1,0.9343227149595026
C02091,0.0,0.0,0.0,0.0,0.0,0.0,0.0,0.0,999.0,0.0,0.0,0.0,40,New,Eastern Slovakia,67,0,0,2,1,1,0.9256970308734132
C01042,1.0,0.0,0.0,0.0,3.0,1.0,0.0,0.0,999.0,260.0,0.0,0.0,50,Loyal,Central Slovakia,64,1,1,1,5,1,0.6841220279382357
C01280,0.0,0.0,0.0,0.0,0.0,0.0,0.0,0.0,999.0,0.0,0.0,0.0,35,Regular,Bratislava,65,0,1,2,1,1,0.8812017130338221
C00613,2.0,0.0,0.0,0.0,7.0,0.5,0.5,0.0,999.0,15.0,0.0,0.0,21,Regular,Western Slovakia,53,0,1,2,7,1,0.7971886782022628
C02002,2.0,0.0,0.0,0.0,4.0,1.0,0.0,0.0,999.0,96.0,0.0,0.0,30,New,Bratislava,19,0,0,0,9,1,0.8953724647748238
C01027,2.0,0.0,0.0,0.0,56.0,0.0,0.0,0.0,999.0,140.0,0.0,0.0,18,Regular,Bratislava,41,0,1,1,3,1,0.9486046561657082
C01926,0.0,0.0,0.0,0.0,0.0,0.0,0.0,0.0,999.0,0.0,0.0,0.0,24,Regular,Bratislava,45,0,0,1,2,1,0.9130915784291295
C01627,1.0,0.0,0.0,1.0,4.0,1.0,0.0,0.0,999.0,288.0,0.25,0.0,18,New,Central Slovakia,29,0,1,0,1,1,0.9095749978344322
C01233,3.0,1.0,352.92,1.0,25.0,0.0,0.3333333333333333,0.0,222.0,98.0,0.04,1.0,24,Loyal,Bratislava,71,0,1,4,1,1,0.753493304497239
C00995,1.0,0.0,0.0,0.0,8.0,0.0,0.0,1.0,999.0,39.0,0.0,0.0,37,New,Czech Republic,22,0,1,0,2,1,0.8854374280048654
C02138,2.0,0.0,0.0,2.0,7.0,0.0,1.0,1.0,999.0,251.0,0.2857142857142857,0.0,48,New,Czech Republic,8,0,0,0,2,0,0.8866379708831723
C01131,2.0,0.0,0.0,0.0,13.0,0.0,0.0,1.0,999.0,266.0,0.0,0.0,27,New,Central Slovakia,56,0,0,0,2,1,0.8821317001722085
C00361,1.0,0.0,0.0,1.0,4.0,0.0,1.0,0.0,999.0,241.0,0.25,0.0,36,At-Risk,Western Slovakia,26,0,0,0,1,1,0.9645328435499996
C01533,0.0,0.0,0.0,0.0,0.0,0.0,0.0,0.0,999.0,0.0,0.0,0.0,50,At-Risk,Eastern Slovakia,10,0,1,0,4,1,0.9647981699322957
C02085,0.0,0.0,0.0,0.0,0.0,0.0,0.0,0.0,999.0,0.0,0.0,0.0,50,Loyal,Western Slovakia,1,0,0,3,8,1,0.7474465504728846
C01311,2.0,0.0,0.0,0.0,8.0,0.5,0.5,0.0,999.0,63.0,0.0,0.0,24,Loyal,Bratislava,62,0,1,6,13,1,0.5657951983894586
C00262,1.0,0.0,0.0,0.0,5.0,0.0,0.0,1.0,999.0,64.0,0.0,0.0,35,Regular,Bratislava,38,0,1,1,5,0,0.8180031506842991
C02048,1.0,0.0,0.0,1.0,4.0,0.0,1.0,0.0,999.0,247.0,0.25,0.0,44,Regular,Western Slovakia,18,0,0,2,2,1,0.8832451169054842
C01456,1.0,0.0,0.0,0.0,9.0,0.0,0.0,0.0,999.0,156.0,0.0,0.0,37,New,Eastern Slovakia,49,0,1,1,9,1,0.9027144959523781
C00140,2.0,0.0,0.0,0.0,8.0,0.0,0.5,1.0,999.0,223.0,0.0,0.0,73,New,Eastern Slovakia,54,1,1,2,3,1,0.7759386781473436
C01999,1.0,0.0,0.0,0.0,2.0,1.0,0.0,0.0,999.0,140.0,0.0,0.0,32,New,Central Slovakia,1,0,1,5,3,0,0.831475406354944
C01067,4.0,0.0,0.0,0.0,29.0,0.25,0.25,0.0,999.0,4.0,0.0,0.0,25,Loyal,Bratislava,34,1,1,2,4,1,0.6328749605536016
C00974,1.0,1.0,165.09,1.0,12.0,0.0,0.0,0.0,332.0,332.0,0.08333333333333333,1.0,45,Loyal,Bratislava,30,0,1,1,3,1,0.8504849294257075
C00309,1.0,0.0,0.0,1.0,9.0,0.0,0.0,0.0,999.0,289.0,0.1111111111111111,0.0,45,Regular,Bratislava,47,1,1,1,2,1,0.8485106140344248
C00704,3.0,0.0,0.0,1.0,11.0,0.3333333333333333,0.0,0.0,999.0,79.0,0.09090909090909091,0.0,37,At-Risk,Bratislava,69,1,0,0,10,0,0.9129038333531483
C02059,1.0,0.0,0.0,1.0,1.0,0.0,1.0,0.0,999.0,259.0,1.0,0.0,31,At-Risk,Central Slovakia,20,0,1,3,3,1,0.9500111816400125
C00484,4.0,0.0,0.0,0.0,24.0,0.0,0.75,0.25,999.0,85.0,0.0,0.0,45,Regular,Bratislava,39,1,1,4,10,1,0.669443170859121
C00363,2.0,0.0,0.0,0.0,12.0,0.0,0.5,0.0,999.0,284.0,0.0,0.0,50,Regular,Western Slovakia,37,0,0,2,0,1,0.8752272461539625
C00590,0.0,0.0,0.0,0.0,0.0,0.0,0.0,0.0,999.0,0.0,0.0,0.0,57,New,Eastern Slovakia,4,0,0,0,4,1,0.9394629646167723
C00529,1.0,1.0,104.71,1.0,6.0,0.0,0.0,0.0,302.0,302.0,0.16666666666666666,1.0,41,New,Eastern Slovakia,5,0,0,0,3,1,0.9546595772358185
C01707,0.0,0.0,0.0,0.0,0.0,0.0,0.0,0.0,999.0,0.0,0.0,0.0,33,At-Risk,Western Slovakia,1,0,0,0,3,1,0.9642766572029544
C00826,2.0,0.0,0.0,0.0,8.0,0.5,0.5,0.0,999.0,176.0,0.0,0.0,38,At-Risk,Eastern Slovakia,51,0,1,2,1,1,0.9462735030198501
C01539,0.0,0.0,0.0,0.0,0.0,0.0,0.0,0.0,999.0,0.0,0.0,0.0,27,Regular,Czech Republic,66,0,0,2,2,1,0.9066505055862345
C01418,2.0,0.0,0.0,2.0,8.0,1.0,0.0,0.0,999.0,114.0,0.25,0.0,50,New,Central Slovakia,38,0,1,1,2,1,0.8623511743636829
C01593,0.0,0.0,0.0,0.0,0.0,0.0,0.0,0.0,999.0,0.0,0.0,0.0,36,Regular,Eastern Slovakia,37,0,1,0,1,1,0.9126822331324164
C02029,1.0,1.0,224.95,0.0,8.0,0.0,0.0,1.0,171.0,171.0,0.0,1.0,40,New,Bratislava,51,1,0,2,10,1,0.8659269488749316
C01910,0.0,0.0,0.0,0.0,0.0,0.0,0.0,0.0,999.0,0.0,0.0,0.0,43,New,Western Slovakia,16,0,0,1,3,1,0.9134465043278931
C01419,1.0,0.0,0.0,0.0,3.0,1.0,0.0,1.0,999.0,275.0,0.0,0.0,50,Regular,Bratislava,35,0,0,3,6,1,0.8161207335830519
C00143,3.0,0.0,0.0,0.0,30.0,0.3333333333333333,0.0,0.6666666666666666,999.0,115.0,0.0,0.0,18,Regular,Eastern Slovakia,48,0,0,0,6,1,0.892462340596351
C02179,2.0,0.0,0.0,2.0,7.0,0.0,1.0,0.0,999.0,12.0,0.2857142857142857,0.0,45,New,Bratislava,27,0,0,5,2,1,0.8485459364719746
C00010,3.0,0.0,0.0,0.0,38.0,0.3333333333333333,0.0,0.0,999.0,145.0,0.0,0.0,28,Regular,Eastern Slovakia,39,0,1,0,17,1,0.8916893312763607
C00621,0.0,0.0,0.0,0.0,0.0,0.0,0.0,0.0,999.0,0.0,0.0,0.0,33,Regular,Bratislava,4,0,0,0,1,1,0.9260090123854636
C00728,1.0,0.0,0.0,0.0,7.0,0.0,0.0,0.0,999.0,307.0,0.0,0.0,47,Loyal,Bratislava,8,1,1,1,13,1,0.6917504125464743
C00605,3.0,0.0,0.0,1.0,17.0,0.0,0.6666666666666666,0.0,999.0,224.0,0.058823529411764705,0.0,30,Loyal,Eastern Slovakia,49,0,1,5,5,1,0.6406319918380748
C00305,1.0,0.0,0.0,0.0,4.0,1.0,0.0,1.0,999.0,105.0,0.0,0.0,37,New,Czech Republic,3,0,1,0,1,1,0.8832479903482986
C01241,0.0,0.0,0.0,0.0,0.0,0.0,0.0,0.0,999.0,0.0,0.0,0.0,53,Regular,Central Slovakia,41,1,1,2,13,1,0.7852902463396922
C00706,0.0,0.0,0.0,0.0,0.0,0.0,0.0,0.0,999.0,0.0,0.0,0.0,26,Regular,Bratislava,32,0,0,2,1,1,0.9056572035859715
C00611,1.0,0.0,0.0,0.0,1.0,1.0,0.0,1.0,999.0,3.0,0.0,0.0,26,Regular,Bratislava,4,0,1,1,1,1,0.82211194471786
C00475,0.0,0.0,0.0,0.0,0.0,0.0,0.0,0.0,999.0,0.0,0.0,0.0,45,New,Western Slovakia,43,0,1,0,3,1,0.9026916995185744
C01727,0.0,0.0,0.0,0.0,0.0,0.0,0.0,0.0,999.0,0.0,0.0,0.0,27,New,Central Slovakia,31,0,1,0,2,1,0.9151130330455476
C00720,4.0,0.0,0.0,2.0,34.0,0.25,0.0,0.0,999.0,72.0,0.058823529411764705,0.0,26,New,Western Slovakia,53,1,0,4,6,1,0.7545432985611017
C00066,0.0,0.0,0.0,0.0,0.0,0.0,0.0,0.0,999.0,0.0,0.0,0.0,48,New,Western Slovakia,46,1,0,0,1,1,0.8956058994910328
C00663,2.0,0.0,0.0,0.0,11.0,1.0,0.0,0.0,999.0,111.0,0.0,0.0,27,Regular,Eastern Slovakia,45,1,1,1,17,0,0.7800324000918734
C00975,0.0,0.0,0.0,0.0,0.0,0.0,0.0,0.0,999.0,0.0,0.0,0.0,26,New,Czech Republic,58,0,1,1,4,0,0.9120292902520754
C00915,3.0,0.0,0.0,1.0,26.0,0.6666666666666666,0.0,0.0,999.0,31.0,0.038461538461538464,0.0,50,Regular,Eastern Slovakia,40,0,1,1,2,1,0.8744317720637467
C01629,2.0,0.0,0.0,0.0,24.0,0.0,0.0,0.0,999.0,45.0,0.0,0.0,43,New,Bratislava,38,1,0,1,8,1,0.8922952992230713
C01534,1.0,0.0,0.0,0.0,5.0,0.0,1.0,0.0,999.0,223.0,0.0,0.0,24,New,Western Slovakia,1,0,0,1,2,1,0.9176383413409607
C02004,1.0,2.0,502.39,2.0,7.0,0.0,1.0,0.0,254.0,254.0,0.2857142857142857,1.0,41,Regular,Bratislava,50,0,1,1,3,0,0.9044754888880002
C00101,1.0,0.0,0.0,2.0,5.0,1.0,0.0,0.0,999.0,281.0,0.4,0.0,33,New,Bratislava,7,0,1,0,4,1,0.9101622310557393
C00723,1.0,0.0,0.0,0.0,3.0,0.0,0.0,0.0,999.0,57.0,0.0,0.0,18,New,Eastern Slovakia,56,0,0,1,2,0,0.920834984092694
C01755,1.0,0.0,0.0,0.0,3.0,0.0,1.0,0.0,999.0,256.0,0.0,0.0,51,Regular,Bratislava,20,1,1,1,4,1,0.8471069297120895
C00333,0.0,0.0,0.0,0.0,0.0,0.0,0.0,0.0,999.0,0.0,0.0,0.0,30,New,Czech Republic,16,1,0,0,8,1,0.9070039726420932
C01194,2.0,0.0,0.0,0.0,14.0,0.0,0.0,1.0,999.0,28.0,0.0,0.0,47,Regular,Western Slovakia,39,0,0,3,7,0,0.7629587895453867
C01776,1.0,0.0,0.0,1.0,3.0,0.0,1.0,0.0,999.0,280.0,0.3333333333333333,0.0,42,At-Risk,Bratislava,13,0,1,1,3,1,0.9580201530153917
C01954,2.0,0.0,0.0,0.0,20.0,0.0,0.5,0.0,999.0,2.0,0.0,0.0,30,Regular,Central Slovakia,65,1,1,0,13,0,0.8201436076514026
C00399,1.0,0.0,0.0,0.0,3.0,1.0,0.0,0.0,999.0,134.0,0.0,0.0,44,Regular,Bratislava,47,0,0,3,5,1,0.8683905301263635
C00949,1.0,0.0,0.0,2.0,5.0,0.0,1.0,0.0,999.0,35.0,0.4,0.0,43,New,Central Slovakia,70,1,0,2,1,1,0.8701492108848901
C01923,1.0,0.0,0.0,1.0,6.0,0.0,1.0,1.0,999.0,265.0,0.16666666666666666,0.0,18,At-Risk,Czech Republic,31,1,1,0,9,1,0.9173360057582781
C00524,0.0,0.0,0.0,0.0,0.0,0.0,0.0,0.0,999.0,0.0,0.0,0.0,36,New,Eastern Slovakia,26,0,1,0,1,1,0.9288262020942885
C01291,0.0,0.0,0.0,0.0,0.0,0.0,0.0,0.0,999.0,0.0,0.0,0.0,40,At-Risk,Central Slovakia,11,0,1,0,2,1,0.9605582258626618
C00758,1.0,0.0,0.0,0.0,1.0,0.0,1.0,1.0,999.0,216.0,0.0,0.0,48,New,Czech Republic,56,0,1,0,7,1,0.8687666132326769
C00061,1.0,0.0,0.0,0.0,5.0,0.0,1.0,0.0,999.0,331.0,0.0,0.0,18,At-Risk,Central Slovakia,11,0,1,2,1,1,0.9534379952692016
C01916,0.0,0.0,0.0,0.0,0.0,0.0,0.0,0.0,999.0,0.0,0.0,0.0,18,New,Western Slovakia,5,0,0,2,2,1,0.9064178311339214
C01383,3.0,1.0,96.17,1.0,23.0,0.3333333333333333,0.0,0.0,92.0,3.0,0.043478260869565216,1.0,34,Regular,Western Slovakia,62,0,1,1,4,0,0.8896374409268342
C01384,1.0,1.0,353.5,2.0,4.0,0.0,1.0,0.0,244.0,244.0,0.5,1.0,36,Regular,Central Slovakia,68,0,1,0,3,1,0.9135490141698871
C00500,3.0,1.0,143.57,1.0,14.0,0.3333333333333333,0.3333333333333333,0.6666666666666666,262.0,31.0,0.07142857142857142,1.0,20,New,Central Slovakia,69,1,1,4,5,1,0.7399025653195286
C00294,1.0,0.0,0.0,0.0,2.0,1.0,0.0,1.0,999.0,101.0,0.0,0.0,18,New,Bratislava,60,0,0,0,5,1,0.8822950545718613
C00577,1.0,0.0,0.0,1.0,7.0,0.0,0.0,0.0,999.0,98.0,0.14285714285714285,0.0,54,Regular,Western Slovakia,54,1,1,0,7,1,0.8070787082189681
C01523,3.0,0.0,0.0,0.0,18.0,0.3333333333333333,0.0,1.0,999.0,99.0,0.0,0.0,35,Loyal,Central Slovakia,17,0,1,0,2,1,0.6685398769393255
C01620,1.0,0.0,0.0,0.0,4.0,0.0,0.0,0.0,999.0,94.0,0.0,0.0,29,Regular,Bratislava,29,0,1,0,1,1,0.8937650587686666
C01149,1.0,0.0,0.0,1.0,5.0,0.0,1.0,1.0,999.0,166.0,0.2,0.0,50,Loyal,Central Slovakia,21,1,0,3,3,1,0.6218302625323043
C01077,1.0,0.0,0.0,1.0,7.0,0.0,0.0,1.0,999.0,85.0,0.14285714285714285,0.0,54,Regular,Western Slovakia,18,0,1,0,4,1,0.8113488719812799
C01909,2.0,1.0,285.56,3.0,9.0,0.5,0.5,0.0,218.0,218.0,0.3333333333333333,1.0,32,Regular,Western Slovakia,19,0,0,2,2,1,0.8813404924507671
C01951,0.0,0.0,0.0,0.0,0.0,0.0,0.0,0.0,999.0,0.0,0.0,0.0,39,New,Bratislava,34,0,1,1,3,1,0.9102235368669925
C00921,0.0,0.0,0.0,0.0,0.0,0.0,0.0,0.0,999.0,0.0,0.0,0.0,34,At-Risk,Bratislava,54,0,1,2,1,1,0.9538590449357602
C02199,2.0,0.0,0.0,0.0,6.0,0.5,0.5,1.0,999.0,3.0,0.0,0.0,35,Regular,Czech Republic,15,1,1,1,3,1,0.7458672565941512
C01223,1.0,0.0,0.0,0.0,31.0,0.0,0.0,0.0,999.0,169.0,0.0,0.0,43,Regular,Western Slovakia,25,0,0,0,16,1,0.9212850383799727
C00766,3.0,1.0,280.75,1.0,16.0,0.3333333333333333,0.3333333333333333,0.6666666666666666,251.0,251.0,0.0625,1.0,18,Loyal,Western Slovakia,43,0,1,1,6,1,0.6826329572659675
C01762,0.0,0.0,0.0,0.0,0.0,0.0,0.0,0.0,999.0,0.0,0.0,0.0,29,New,Eastern Slovakia,22,0,0,0,6,1,0.9363273022348664
C02153,1.0,0.0,0.0,1.0,2.0,0.0,1.0,0.0,999.0,83.0,0.5,0.0,28,New,Bratislava,52,0,0,0,2,1,0.9341274816776177
C00160,3.0,2.0,537.62,1.0,31.0,0.0,0.0,1.0,171.0,42.0,0.03225806451612903,1.0,24,At-Risk,Czech Republic,25,1,0,1,3,1,0.9396774262740386
C01506,0.0,0.0,0.0,0.0,0.0,0.0,0.0,0.0,999.0,0.0,0.0,0.0,44,Regular,Central Slovakia,50,0,0,3,2,1,0.8816871249817742
C00433,5.0,0.0,0.0,1.0,51.0,0.0,0.2,0.8,999.0,36.0,0.0196078431372549,0.0,36,New,Central Slovakia,20,0,0,2,2,1,0.8625319603619005
C01228,0.0,0.0,0.0,0.0,0.0,0.0,0.0,0.0,999.0,0.0,0.0,0.0,31,At-Risk,Central Slovakia,12,0,1,0,1,1,0.9614748737619117
C00031,1.0,0.0,0.0,0.0,17.0,0.0,0.0,1.0,999.0,40.0,0.0,0.0,64,Regular,Western Slovakia,36,0,0,2,4,1,0.8455415557528162
C00220,3.0,0.0,0.0,0.0,31.0,0.0,0.3333333333333333,0.3333333333333333,999.0,8.0,0.0,0.0,30,Regular,Bratislava,44,0,0,0,14,1,0.8827041540301169
C01726,2.0,0.0,0.0,0.0,13.0,0.5,0.0,0.0,999.0,239.0,0.0,0.0,39,New,Czech Republic,62,0,1,0,2,1,0.9125155333133361
C01244,0.0,0.0,0.0,0.0,0.0,0.0,0.0,0.0,999.0,0.0,0.0,0.0,32,Regular,Eastern Slovakia,7,0,1,0,0,0,0.9163335057282413
C01462,4.0,0.0,0.0,0.0,26.0,0.0,0.25,0.0,999.0,174.0,0.0,0.0,29,Loyal,Bratislava,51,0,1,4,13,1,0.5985865840345108
C02036,4.0,1.0,159.94,3.0,30.0,0.0,0.25,0.0,223.0,81.0,0.1,1.0,47,New,Eastern Slovakia,56,0,1,1,2,1,0.9037008971562777
C00322,0.0,0.0,0.0,0.0,0.0,0.0,0.0,0.0,999.0,0.0,0.0,0.0,36,Regular,Western Slovakia,32,0,1,4,9,0,0.8011223215487425
C01816,3.0,1.0,133.9,2.0,29.0,0.0,0.6666666666666666,0.0,107.0,29.0,0.06896551724137931,1.0,32,Loyal,Eastern Slovakia,38,1,1,9,21,0,0.5100797991916957
C01861,1.0,0.0,0.0,0.0,6.0,1.0,0.0,0.0,999.0,14.0,0.0,0.0,46,Regular,Bratislava,29,1,1,4,6,1,0.7700055192014393
C01012,3.0,1.0,195.44,2.0,30.0,0.0,0.0,0.0,92.0,92.0,0.06666666666666667,1.0,55,Loyal,Bratislava,23,0,0,1,13,1,0.8416575038908765
C01448,1.0,0.0,0.0,1.0,5.0,0.0,1.0,0.0,999.0,170.0,0.2,0.0,56,New,Eastern Slovakia,51,0,1,3,1,1,0.89534011434688
C00204,3.0,0.0,0.0,1.0,25.0,0.0,0.3333333333333333,0.0,999.0,184.0,0.04,0.0,46,Loyal,Bratislava,36,0,0,1,8,1,0.7851384235431936
C02028,2.0,2.0,565.12,1.0,21.0,0.0,0.0,1.0,30.0,30.0,0.047619047619047616,1.0,18,Loyal,Western Slovakia,66,1,1,5,7,1,0.5161401530046106
C01717,1.0,0.0,0.0,0.0,7.0,0.0,0.0,0.0,999.0,177.0,0.0,0.0,31,Regular,Central Slovakia,50,0,1,2,6,1,0.8524900822659214
C00743,1.0,0.0,0.0,1.0,3.0,0.0,1.0,0.0,999.0,217.0,0.3333333333333333,0.0,26,Regular,Bratislava,63,1,0,0,2,1,0.8894100447728341
C01508,1.0,0.0,0.0,0.0,10.0,0.0,0.0,0.0,999.0,184.0,0.0,0.0,37,New,Bratislava,28,0,1,2,8,1,0.8907431254831084
C00654,1.0,0.0,0.0,1.0,3.0,0.0,1.0,0.0,999.0,272.0,0.3333333333333333,0.0,25,At-Risk,Central Slovakia,35,0,1,0,1,1,0.9605483170574037
C01503,1.0,1.0,129.9,1.0,6.0,0.0,0.0,0.0,66.0,66.0,0.16666666666666666,1.0,54,Regular,Western Slovakia,54,0,1,1,11,1,0.892493082482608
C01931,5.0,0.0,0.0,2.0,43.0,0.0,0.2,0.8,999.0,1.0,0.046511627906976744,0.0,18,Loyal,Central Slovakia,25,1,1,7,17,1,0.2867224980178218
C01017,1.0,0.0,0.0,0.0,3.0,0.0,0.0,1.0,999.0,197.0,0.0,0.0,39,New,Eastern Slovakia,41,0,1,3,7,1,0.81551653947905
C01353,0.0,0.0,0.0,0.0,0.0,0.0,0.0,0.0,999.0,0.0,0.0,0.0,22,Regular,Eastern Slovakia,8,0,0,0,0,1,0.9325179633109455
C00430,2.0,0.0,0.0,0.0,12.0,0.0,0.5,0.0,999.0,240.0,0.0,0.0,43,Regular,Western Slovakia,14,0,0,2,2,1,0.8708725311339008
C01474,0.0,0.0,0.0,0.0,0.0,0.0,0.0,0.0,999.0,0.0,0.0,0.0,18,Regular,Western Slovakia,24,0,0,1,2,1,0.8971093872910556
C00338,1.0,0.0,0.0,0.0,2.0,0.0,0.0,0.0,999.0,298.0,0.0,0.0,42,New,Eastern Slovakia,51,0,0,1,3,1,0.92198371069246
C00067,0.0,0.0,0.0,0.0,0.0,0.0,0.0,0.0,999.0,0.0,0.0,0.0,34,New,Western Slovakia,9,1,1,1,2,1,0.8585349218748081
C00471,2.0,0.0,0.0,2.0,15.0,0.0,0.5,0.0,999.0,65.0,0.13333333333333333,0.0,42,Regular,Western Slovakia,1,0,1,4,2,0,0.7889697432333533
C00936,2.0,0.0,0.0,0.0,13.0,0.5,0.0,0.0,999.0,190.0,0.0,0.0,45,New,Eastern Slovakia,24,0,1,3,6,1,0.871384948766794
C01368,3.0,0.0,0.0,0.0,16.0,0.3333333333333333,0.0,1.0,999.0,74.0,0.0,0.0,54,New,Bratislava,36,0,1,2,1,1,0.8047384298038224
C01069,0.0,0.0,0.0,0.0,0.0,0.0,0.0,0.0,999.0,0.0,0.0,0.0,55,New,Bratislava,3,0,0,0,1,1,0.939147391691813
C01415,0.0,0.0,0.0,0.0,0.0,0.0,0.0,0.0,999.0,0.0,0.0,0.0,54,New,Central Slovakia,21,0,0,1,4,1,0.9199022784180211
C01461,0.0,0.0,0.0,0.0,0.0,0.0,0.0,0.0,999.0,0.0,0.0,0.0,50,Loyal,Czech Republic,17,0,1,0,6,0,0.8207284643956143
C00244,0.0,0.0,0.0,0.0,0.0,0.0,0.0,0.0,999.0,0.0,0.0,0.0,20,At-Risk,Eastern Slovakia,28,0,1,1,7,1,0.9573583140333175
C00321,1.0,0.0,0.0,1.0,5.0,0.0,1.0,0.0,999.0,79.0,0.2,0.0,47,New,Central Slovakia,50,0,0,0,9,0,0.9147187819920012
C01849,1.0,0.0,0.0,0.0,5.0,0.0,0.0,0.0,999.0,338.0,0.0,0.0,33,Loyal,Bratislava,33,1,0,3,0,1,0.7391308579433292
C02035,1.0,0.0,0.0,0.0,13.0,0.0,0.0,0.0,999.0,281.0,0.0,0.0,39,At-Risk,Czech Republic,23,0,1,2,1,1,0.961718533736792
C01414,1.0,0.0,0.0,0.0,14.0,0.0,0.0,1.0,999.0,181.0,0.0,0.0,53,Regular,Eastern Slovakia,26,0,0,4,4,0,0.847053305666068
C00139,2.0,1.0,156.46,2.0,14.0,0.0,0.5,1.0,310.0,235.0,0.14285714285714285,1.0,62,Loyal,Central Slovakia,64,1,1,1,9,1,0.6143769677706362
C00039,0.0,0.0,0.0,0.0,0.0,0.0,0.0,0.0,999.0,0.0,0.0,0.0,28,New,Bratislava,36,0,0,0,6,1,0.9309550229694863
C00337,1.0,1.0,210.62,2.0,6.0,0.0,1.0,1.0,68.0,68.0,0.3333333333333333,1.0,30,Regular,Western Slovakia,45,0,1,2,2,1,0.8597757099372326
C00519,2.0,0.0,0.0,1.0,12.0,0.0,0.0,0.0,999.0,94.0,0.08333333333333333,0.0,49,Loyal,Bratislava,65,0,1,1,3,1,0.7456279507095374
C01521,1.0,0.0,0.0,0.0,4.0,1.0,0.0,0.0,999.0,106.0,0.0,0.0,23,At-Risk,Western Slovakia,46,0,1,0,6,1,0.9445502100143478
C01243,1.0,0.0,0.0,0.0,3.0,0.0,1.0,0.0,999.0,307.0,0.0,0.0,58,Loyal,Central Slovakia,71,0,0,1,2,0,0.8206380278188088
C00845,2.0,1.0,211.27,1.0,11.0,0.5,0.0,1.0,171.0,171.0,0.09090909090909091,1.0,40,Regular,Eastern Slovakia,66,0,0,3,8,1,0.8515744947439654
C01373,1.0,0.0,0.0,1.0,4.0,1.0,0.0,0.0,999.0,327.0,0.25,0.0,43,Regular,Eastern Slovakia,33,1,1,3,7,1,0.8024991891911956
C01213,2.0,1.0,205.03,1.0,17.0,0.0,0.5,0.5,236.0,183.0,0.058823529411764705,1.0,36,New,Central Slovakia,43,0,1,3,1,1,0.8884243329052219
C00517,1.0,0.0,0.0,0.0,5.0,0.0,1.0,0.0,999.0,272.0,0.0,0.0,46,Regular,Western Slovakia,23,0,1,1,14,1,0.8427382260441502
C00069,2.0,0.0,0.0,0.0,13.0,0.0,0.5,1.0,999.0,160.0,0.0,0.0,48,Regular,Eastern Slovakia,11,0,1,0,3,1,0.8538333228148206
C01466,1.0,0.0,0.0,0.0,4.0,0.0,1.0,0.0,999.0,319.0,0.0,0.0,38,Loyal,Central Slovakia,16,0,1,0,3,1,0.811784980381335
C00166,3.0,0.0,0.0,0.0,29.0,0.0,0.0,0.0,999.0,22.0,0.0,0.0,27,New,Bratislava,11,1,1,2,27,1,0.7662146847532717
C00191,1.0,0.0,0.0,0.0,7.0,0.0,1.0,1.0,999.0,317.0,0.0,0.0,59,At-Risk,Bratislava,36,0,0,0,3,1,0.9583485191135384
C00884,1.0,0.0,0.0,0.0,3.0,1.0,0.0,1.0,999.0,327.0,0.0,0.0,24,New,Bratislava,62,0,0,1,5,1,0.8778359282583545
C00255,1.0,0.0,0.0,0.0,1.0,1.0,0.0,0.0,999.0,284.0,0.0,0.0,35,New,Bratislava,14,0,0,0,4,1,0.9249885526701203
C01709,1.0,0.0,0.0,0.0,9.0,0.0,0.0,1.0,999.0,91.0,0.0,0.0,50,New,Bratislava,36,0,0,0,1,1,0.9057040954180786
C01962,1.0,0.0,0.0,0.0,2.0,1.0,0.0,0.0,999.0,111.0,0.0,0.0,30,Regular,Eastern Slovakia,57,0,1,3,1,1,0.8570758923149038
C01176,1.0,0.0,0.0,0.0,4.0,0.0,1.0,1.0,999.0,49.0,0.0,0.0,19,Regular,Central Slovakia,54,1,1,1,15,1,0.7105984575941815
C01811,1.0,0.0,0.0,0.0,5.0,1.0,0.0,1.0,999.0,320.0,0.0,0.0,18,At-Risk,Eastern Slovakia,45,0,1,1,2,1,0.9398575644752262
C01435,0.0,0.0,0.0,0.0,0.0,0.0,0.0,0.0,999.0,0.0,0.0,0.0,41,New,Western Slovakia,48,0,1,1,2,1,0.8933105402020786
C02191,1.0,0.0,0.0,0.0,2.0,0.0,1.0,0.0,999.0,306.0,0.0,0.0,47,New,Bratislava,15,0,1,0,1,1,0.9216951490064126
C00806,1.0,0.0,0.0,0.0,3.0,0.0,0.0,0.0,999.0,65.0,0.0,0.0,51,Regular,Eastern Slovakia,51,0,0,0,1,1,0.9156566366852186
C01192,2.0,0.0,0.0,1.0,12.0,0.5,0.0,0.5,999.0,173.0,0.08333333333333333,0.0,50,New,Eastern Slovakia,21,0,1,2,1,1,0.8638942808818745
C01541,1.0,1.0,189.19,2.0,6.0,0.0,1.0,1.0,253.0,253.0,0.3333333333333333,1.0,35,New,Bratislava,3,1,1,0,2,1,0.8852756693924917
C00125,4.0,0.0,0.0,1.0,26.0,0.25,0.0,0.0,999.0,172.0,0.038461538461538464,0.0,48,Regular,Eastern Slovakia,19,0,1,0,4,1,0.8577837658705888
C00286,0.0,0.0,0.0,0.0,0.0,0.0,0.0,0.0,999.0,0.0,0.0,0.0,32,Regular,Eastern Slovakia,11,1,1,1,7,1,0.8522422253698895
C01757,3.0,1.0,263.5,1.0,23.0,0.0,0.3333333333333333,0.0,234.0,80.0,0.043478260869565216,1.0,59,Regular,Western Slovakia,26,0,1,0,2,1,0.891115108458641
C01264,1.0,0.0,0.0,0.0,12.0,0.0,0.0,0.0,999.0,191.0,0.0,0.0,33,At-Risk,Central Slovakia,26,0,0,3,9,1,0.9501443304402987
C00062,0.0,0.0,0.0,0.0,0.0,0.0,0.0,0.0,999.0,0.0,0.0,0.0,34,New,Western Slovakia,52,0,1,5,6,1,0.8233560699708934
C00698,3.0,0.0,0.0,1.0,32.0,0.3333333333333333,0.3333333333333333,0.3333333333333333,999.0,42.0,0.03125,0.0,26,Loyal,Western Slovakia,21,1,1,2,6,0,0.6076105814581684
C01578,1.0,0.0,0.0,0.0,6.0,1.0,0.0,0.0,999.0,95.0,0.0,0.0,50,Regular,Bratislava,44,0,1,1,1,1,0.8864638775387508
C00984,2.0,1.0,115.98,1.0,12.0,0.5,0.0,0.0,30.0,8.0,0.08333333333333333,1.0,47,New,Western Slovakia,1,1,0,2,6,1,0.8933381155113664
C00291,3.0,0.0,0.0,2.0,22.0,0.3333333333333333,0.3333333333333333,0.6666666666666666,999.0,98.0,0.09090909090909091,0.0,35,Regular,Bratislava,59,0,1,1,5,1,0.7990929054117825
C01056,1.0,0.0,0.0,1.0,6.0,0.0,0.0,0.0,999.0,311.0,0.16666666666666666,0.0,56,New,Western Slovakia,13,0,0,1,2,1,0.9082933273409256
C00223,2.0,0.0,0.0,0.0,19.0,0.0,0.0,0.0,999.0,68.0,0.0,0.0,40,Loyal,Bratislava,70,0,1,1,2,1,0.7895078431849181
C00676,1.0,0.0,0.0,0.0,14.0,0.0,0.0,0.0,999.0,176.0,0.0,0.0,42,Regular,Bratislava,44,0,0,1,8,1,0.9102595357824826
C00668,2.0,0.0,0.0,0.0,15.0,0.0,0.5,0.0,999.0,71.0,0.0,0.0,44,Loyal,Eastern Slovakia,70,1,1,7,10,1,0.5205191269760926
C01329,3.0,1.0,225.15,1.0,6.0,0.3333333333333333,0.6666666666666666,1.0,221.0,181.0,0.16666666666666666,1.0,37,Loyal,Eastern Slovakia,34,1,0,3,4,1,0.6136087376720564
C00232,2.0,0.0,0.0,1.0,8.0,0.0,1.0,1.0,999.0,224.0,0.125,0.0,31,New,Bratislava,12,0,1,2,4,1,0.8226039559543563
C02020,0.0,0.0,0.0,0.0,0.0,0.0,0.0,0.0,999.0,0.0,0.0,0.0,44,Loyal,Eastern Slovakia,36,0,1,2,10,1,0.7659152777047347
C00298,2.0,0.0,0.0,0.0,14.0,0.5,0.0,1.0,999.0,132.0,0.0,0.0,34,New,Central Slovakia,70,0,1,4,12,1,0.7392885781978404
C01502,1.0,0.0,0.0,2.0,5.0,1.0,0.0,0.0,999.0,188.0,0.4,0.0,31,Regular,Western Slovakia,38,0,0,5,12,1,0.7827365177303145
C00144,0.0,0.0,0.0,0.0,0.0,0.0,0.0,0.0,999.0,0.0,0.0,0.0,41,New,Bratislava,54,1,1,4,6,1,0.8190459882627847
C01091,2.0,1.0,282.23,3.0,10.0,0.0,1.0,0.0,56.0,56.0,0.3,1.0,31,Regular,Czech Republic,15,0,0,0,3,1,0.9347538321620044
