customer_id,customer_age,customer_segment,region,preferred_device,tenure_months,loyalty_member,email_opt_in,past_purchases_12m,app_sessions_30d
C00001,42,Regular,Eastern Slovakia,desktop,20,1,1,8,11
C00002,26,Loyal,Czech Republic,tablet,28,0,1,5,5
C00003,47,Regular,Central Slovakia,desktop,14,1,1,2,1
C00004,49,Regular,Central Slovakia,mobile,11,0,1,3,0
C00005,18,At-Risk,Central Slovakia,mobile,19,0,0,0,1
C00006,22,Regular,Western Slovakia,mobile,10,0,1,1,9
C00007,40,At-Risk,Bratislava,desktop,53,0,0,1,6
C00008,34,Loyal,Central Slovakia,tablet,43,0,0,2,4
C00009,38,New,Bratislava,desktop,28,1,1,1,9
C00010,28,Regular,Eastern Slovakia,mobile,39,0,1,0,17
C00011,49,Loyal,Western Slovakia,mobile,43,1,1,8,7
C00012,47,At-Risk,Western Slovakia,desktop,14,1,1,4,8
C00013,39,Regular,Western Slovakia,mobile,22,0,0,0,4
C00014,52,New,Czech Republic,desktop,63,0,1,5,2
C00015,44,Regular,Bratislava,mobile,1,1,0,0,1
C00016,28,New,Bratislava,desktop,68,0,1,0,5
C00017,42,Loyal,Bratislava,desktop,69,0,0,2,10
C00018,26,Regular,Central Slovakia,mobile,18,1,1,0,2
C00019,49,Loyal,Czech Republic,mobile,23,1,1,2,4
C00020,37,Loyal,Bratislava,desktop,15,0,1,2,2
C00021,36,Regular,Czech Republic,mobile,40,0,1,0,4
C00022,30,Regular,Bratislava,mobile,16,1,0,0,1
C00023,53,Loyal,Central Slovakia,mobile,57,1,1,0,3
C00024,36,Loyal,Bratislava,mobile,28,0,1,1,2
C00025,33,Loyal,Western Slovakia,desktop,69,1,1,4,7
C00026,34,New,Central Slovakia,mobile,61,1,0,0,1
C00027,44,Regular,Central Slovakia,mobile,29,0,0,2,6
C00028,42,New,Bratislava,desktop,43,0,1,2,11
C00029,43,Loyal,Eastern Slovakia,mobile,2,1,0,0,4
C00030,43,Regular,Czech Republic,mobile,5,0,0,1,9
C00031,64,Regular,Western Slovakia,desktop,36,0,0,2,4
C00032,33,New,Central Slovakia,desktop,34,0,1,1,2
C00033,32,Regular,Eastern Slovakia,desktop,29,0,1,0,2
C00034,28,Loyal,Bratislava,desktop,7,0,1,2,1
C00035,45,New,Eastern Slovakia,mobile,60,0,1,4,4
C00036,52,New,Bratislava,mobile,29,0,1,2,3
C00037,37,At-Risk,Eastern Slovakia,tablet,34,1,0,6,6
C00038,28,Loyal,Bratislava,desktop,29,0,1,3,13
C00039,28,New,Bratislava,mobile,36,0,0,0,6
C00040,46,New,Central Slovakia,mobile,47,1,1,1,6
C00041,47,At-Risk,Central Slovakia,mobile,55,0,1,2,2
C00042,45,Loyal,Eastern Slovakia,mobile,40,0,1,8,3
C00043,30,Regular,Czech Republic,desktop,12,1,0,2,2
C00044,41,Regular,Bratislava,desktop,63,1,0,2,4
C00045,39,New,Bratislava,mobile,21,0,0,0,3
C00046,41,New,Western Slovakia,mobile,2,0,1,0,1
C00047,48,Loyal,Western Slovakia,mobile,3,0,0,4,17
C00048,41,New,Western Slovakia,mobile,55,1,0,0,5
C00049,46,New,Eastern Slovakia,desktop,28,0,1,7,12
C00050,39,Loyal,Eastern Slovakia,mobile,2,1,0,1,2
C00051,41,At-Risk,Bratislava,mobile,58,0,1,0,1
C00052,46,Loyal,Western Slovakia,desktop,22,0,1,0,3
C00053,21,Regular,Central Slovakia,tablet,70,0,1,0,3
C00054,34,Regular,Western Slovakia,mobile,63,1,0,0,5
C00055,32,Regular,Bratislava,mobile,4,0,0,1,7
C00056,30,Regular,Western Slovakia,mobile,50,0,1,1,6
C00057,35,Regular,Western Slovakia,mobile,43,0,0,0,2
C00058,56,Regular,Bratislava,mobile,13,0,0,2,1
C00059,28,Regular,Eastern Slovakia,desktop,25,0,0,0,1
C00060,50,At-Risk,Western Slovakia,mobile,35,0,1,0,8
C00061,18,At-Risk,Central Slovakia,mobile,11,0,1,2,1
C00062,34,New,Western Slovakia,desktop,52,0,1,5,6
C00063,40,Regular,Eastern Slovakia,mobile,20,0,0,0,3
C00064,45,New,Bratislava,desktop,67,0,0,3,13
C00065,47,Regular,Bratislava,desktop,57,0,1,4,7
C00066,48,New,Western Slovakia,desktop,46,1,0,0,1
C00067,34,New,Western Slovakia,desktop,9,1,1,1,2
C00068,32,Loyal,Bratislava,desktop,2,1,1,2,1
C00069,48,Regular,Eastern Slovakia,desktop,11,0,1,0,3
C00070,36,At-Risk,Bratislava,mobile,36,0,1,3,5
C00071,23,New,Bratislava,mobile,56,0,1,0,1
C00072,24,New,Western Slovakia,mobile,11,0,1,0,5
C00073,27,Regular,Eastern Slovakia,mobile,51,0,1,0,5
C00074,44,New,Eastern Slovakia,mobile,4,0,1,2,2
C00075,40,New,Eastern Slovakia,mobile,19,0,1,1,7
C00076,46,At-Risk,Central Slovakia,mobile,43,0,1,0,4
C00077,33,New,Eastern Slovakia,mobile,59,1,1,1,7
C00078,40,New,Central Slovakia,mobile,56,0,1,0,3
C00079,46,Regular,Bratislava,desktop,38,0,0,4,4
C00080,34,Regular,Central Slovakia,mobile,3,0,1,1,0
C00081,43,Regular,Eastern Slovakia,desktop,21,1,1,0,6
C00082,30,Regular,Western Slovakia,mobile,56,0,1,0,5
C00083,34,Loyal,Central Slovakia,desktop,6,0,1,1,2
C00084,33,New,Western Slovakia,desktop,51,0,0,0,1
C00085,24,Regular,Western Slovakia,mobile,50,0,0,1,2
C00086,44,Loyal,Bratislava,tablet,54,1,0,0,13
C00087,32,Loyal,Central Slovakia,mobile,16,0,1,1,4
C00088,38,Regular,Eastern Slovakia,desktop,18,0,1,0,1
C00089,44,Regular,Bratislava,desktop,15,0,0,3,6
C00090,43,New,Western Slovakia,mobile,28,0,1,0,5
C00091,46,New,Bratislava,desktop,38,1,0,2,4
C00092,37,New,Bratislava,mobile,9,0,0,0,1
C00093,33,Loyal,Czech Republic,mobile,41,0,1,4,10
C00094,37,New,Western Slovakia,mobile,17,1,0,1,3
C00095,18,Loyal,Western Slovakia,mobile,40,0,1,2,12
C00096,21,New,Bratislava,mobile,22,0,1,0,4
C00097,22,Loyal,Czech Republic,desktop,68,0,0,3,6
C00098,26,Loyal,Bratislava,mobile,23,1,1,8,2
C00099,43,New,Eastern Slovakia,mobile,62,0,1,0,4
C00100,27,New,Bratislava,desktop,13,0,0,0,2
C00101,33,New,Bratislava,mobile,7,0,1,0,4
C00102,54,Loyal,Central Slovakia,mobile,14,0,1,2,7
C00103,34,New,Bratislava,desktop,30,0,1,1,13
C00104,47,Regular,Central Slovakia,desktop,65,0,0,0,2
C00105,27,Regular,Bratislava,mobile,13,0,1,1,3
C00106,36,Loyal,Eastern Slovakia,mobile,56,1,0,4,20
C00107,27,Regular,Eastern Slovakia,desktop,50,0,1,1,1
C00108,34,Regular,Eastern Slovakia,desktop,25,0,0,1,8
C00109,48,At-Risk,Bratislava,mobile,24,0,1,2,6
C00110,18,New,Central Slovakia,mobile,68,0,1,1,3
C00111,43,Loyal,Czech Republic,mobile,51,0,0,3,20
C00112,41,New,Bratislava,desktop,17,0,0,0,4
C00113,31,Regular,Bratislava,desktop,65,0,1,3,1
C00114,21,At-Risk,Eastern Slovakia,desktop,29,1,1,0,10
C00115,39,Regular,Bratislava,mobile,6,1,0,2,4
C00116,32,Loyal,Central Slovakia,desktop,58,0,1,5,7
C00117,41,New,Eastern Slovakia,desktop,62,0,1,3,6
C00118,38,Regular,Bratislava,mobile,32,1,0,0,4
C00119,57,Regular,Central Slovakia,desktop,50,0,0,1,11
C00120,35,Regular,Central Slovakia,mobile,17,0,0,3,5
C00121,26,Regular,Western Slovakia,mobile,61,1,1,5,8
C00122,40,Regular,Eastern Slovakia,desktop,27,0,0,0,1
C00123,41,Regular,Bratislava,mobile,19,1,1,2,4
C00124,54,New,Western Slovakia,tablet,36,0,0,4,9
C00125,48,Regular,Eastern Slovakia,mobile,19,0,1,0,4
C00126,42,New,Bratislava,mobile,45,0,0,1,3
C00127,56,Loyal,Eastern Slovakia,mobile,54,1,1,7,15
C00128,24,Regular,Bratislava,mobile,29,1,1,1,3
C00129,30,New,Western Slovakia,mobile,56,1,1,2,1
C00130,27,Loyal,Bratislava,desktop,31,0,0,4,2
C00131,33,Loyal,Central Slovakia,mobile,69,0,1,3,13
C00132,21,New,Eastern Slovakia,mobile,19,0,1,0,0
C00133,46,New,Eastern Slovakia,desktop,51,0,1,3,8
C00134,35,New,Czech Republic,mobile,39,1,0,4,6
C00135,20,New,Central Slovakia,desktop,67,1,1,2,17
C00136,26,Loyal,Eastern Slovakia,mobile,16,1,1,2,9
C00137,42,At-Risk,Western Slovakia,mobile,14,0,1,1,3
C00138,48,New,Czech Republic,desktop,62,1,0,3,6
C00139,62,Loyal,Central Slovakia,desktop,64,1,1,1,9
C00140,73,New,Eastern Slovakia,desktop,54,1,1,2,3
C00141,43,Regular,Bratislava,mobile,34,0,1,0,6
C00142,26,Loyal,Western Slovakia,mobile,30,0,1,3,5
C00143,18,Regular,Eastern Slovakia,desktop,48,0,0,0,6
C00144,41,New,Bratislava,desktop,54,1,1,4,6
C00145,28,Regular,Bratislava,desktop,20,1,1,3,7
C00146,33,At-Risk,Czech Republic,mobile,1,0,0,3,3
C00147,31,New,Western Slovakia,desktop,6,0,1,1,2
C00148,36,New,Bratislava,mobile,25,0,0,0,0
C00149,51,New,Western Slovakia,mobile,49,1,1,2,6
C00150,40,Regular,Western Slovakia,mobile,32,1,0,2,7
C00151,36,Regular,Central Slovakia,mobile,44,0,0,0,2
C00152,26,Loyal,Czech Republic,desktop,34,0,0,1,6
C00153,18,Loyal,Czech Republic,mobile,18,0,1,0,2
C00154,32,At-Risk,Central Slovakia,mobile,54,1,0,0,5
C00155,37,Loyal,Central Slovakia,desktop,52,1,0,1,10
C00156,59,New,Western Slovakia,desktop,69,0,1,0,4
C00157,40,Regular,Eastern Slovakia,mobile,59,1,1,2,4
C00158,50,New,Bratislava,tablet,27,0,1,6,2
C00159,32,Regular,Bratislava,mobile,51,0,0,0,4
C00160,24,At-Risk,Czech Republic,desktop,25,1,0,1,3
C00161,26,Loyal,Eastern Slovakia,mobile,62,1,1,1,11
C00162,29,At-Risk,Western Slovakia,mobile,44,0,0,0,1
C00163,64,Regular,Central Slovakia,mobile,60,1,1,3,3
C00164,28,Regular,Western Slovakia,mobile,20,1,1,2,2
C00165,48,Regular,Western Slovakia,mobile,2,0,0,5,3
C00166,27,New,Bratislava,mobile,11,1,1,2,27
C00167,49,New,Bratislava,desktop,38,0,0,0,1
C00168,43,Regular,Central Slovakia,mobile,69,1,1,0,8
C00169,36,New,Western Slovakia,mobile,45,0,1,1,2
C00170,38,At-Risk,Western Slovakia,tablet,58,0,0,0,3
C00171,30,New,Bratislava,desktop,34,0,1,1,11
C00172,43,New,Czech Republic,tablet,69,0,0,3,5
C00173,33,Loyal,Central Slovakia,mobile,67,0,0,1,6
C00174,23,New,Eastern Slovakia,mobile,16,1,0,4,7
C00175,23,At-Risk,Bratislava,mobile,62,0,0,0,3
C00176,40,Loyal,Central Slovakia,mobile,2,0,1,1,0
C00177,57,New,Eastern Slovakia,mobile,43,0,0,0,5
C00178,40,Loyal,Western Slovakia,desktop,32,1,0,1,15
C00179,37,Regular,Bratislava,desktop,22,0,1,0,3
C00180,41,Loyal,Bratislava,desktop,67,0,0,3,4
C00181,54,Loyal,Bratislava,mobile,48,0,1,4,6
C00182,41,Loyal,Western Slovakia,desktop,10,1,0,2,2
C00183,33,Regular,Western Slovakia,mobile,10,0,1,1,1
C00184,51,Regular,Bratislava,tablet,9,0,0,0,5
C00185,43,Loyal,Central Slovakia,mobile,22,0,1,2,0
C00186,56,At-Risk,Bratislava,mobile,5,0,1,0,3
C00187,40,Regular,Western Slovakia,mobile,19,0,0,1,1
C00188,23,Regular,Central Slovakia,desktop,55,1,1,3,5
C00189,22,Regular,Bratislava,tablet,63,1,1,2,3
C00190,58,Loyal,Bratislava,desktop,56,1,1,4,2
C00191,59,At-Risk,Bratislava,desktop,36,0,0,0,3
C00192,36,New,Bratislava,tablet,50,1,1,4,13
C00193,33,New,Western Slovakia,desktop,68,0,0,6,2
C00194,56,Regular,Bratislava,mobile,4,0,1,2,2
C00195,25,Regular,Bratislava,desktop,65,0,1,1,3
C00196,27,Regular,Czech Republic,mobile,52,0,0,1,1
C00197,46,New,Czech Republic,mobile,28,0,0,0,2
C00198,33,Regular,Bratislava,mobile,32,0,1,0,4
C00199,38,Regular,Western Slovakia,mobile,32,0,1,0,1
C00200,36,Regular,Western Slovakia,tablet,12,0,1,1,11
C00201,42,Regular,Eastern Slovakia,tablet,17,0,0,1,2
C00202,55,Loyal,Eastern Slovakia,mobile,21,1,0,3,5
C00203,39,Regular,Bratislava,desktop,1,1,0,0,2
C00204,46,Loyal,Bratislava,mobile,36,0,0,1,8
C00205,18,Regular,Western Slovakia,mobile,34,0,0,3,5
C00206,37,Regular,Eastern Slovakia,mobile,24,0,1,1,2
C00207,28,Regular,Eastern Slovakia,mobile,13,0,1,4,1
C00208,23,New,Bratislava,mobile,69,0,1,0,3
C00209,27,New,Central Slovakia,mobile,49,0,0,1,6
C00210,34,Regular,Bratislava,mobile,34,0,1,1,4
C00211,49,Loyal,Central Slovakia,mobile,52,0,1,4,8
C00212,22,Regular,Czech Republic,desktop,27,1,0,5,1
C00213,38,New,Western Slovakia,mobile,16,1,1,4,6
C00214,32,Regular,Bratislava,mobile,48,0,1,0,8
C00215,34,New,Central Slovakia,mobile,55,0,0,1,1
C00216,50,Loyal,Western Slovakia,mobile,47,0,0,2,6
C00217,44,Loyal,Eastern Slovakia,mobile,41,1,1,1,3
C00218,54,Regular,Western Slovakia,mobile,1,0,0,0,0
C00219,36,Regular,Eastern Slovakia,desktop,46,0,0,1,2
C00220,30,Regular,Bratislava,mobile,44,0,0,0,14
C00221,35,Regular,Bratislava,desktop,30,0,0,1,6
C00222,41,Loyal,Western Slovakia,mobile,18,1,1,1,8
C00223,40,Loyal,Bratislava,mobile,70,0,1,1,2
C00224,25,Regular,Bratislava,mobile,27,0,1,4,12
C00225,39,Regular,Central Slovakia,mobile,20,0,1,3,17
C00226,41,New,Bratislava,mobile,51,0,0,7,18
C00227,68,New,Bratislava,mobile,35,0,0,5,12
C00228,61,New,Bratislava,mobile,40,0,0,1,2
C00229,28,Regular,Bratislava,desktop,47,0,1,0,1
C00230,35,At-Risk,Eastern Slovakia,mobile,27,0,1,0,0
C00231,20,Regular,Czech Republic,mobile,11,0,0,2,2
C00232,31,New,Bratislava,desktop,12,0,1,2,4
C00233,42,New,Eastern Slovakia,mobile,67,0,1,7,3
C00234,52,Regular,Eastern Slovakia,desktop,36,0,1,1,6
C00235,29,Loyal,Czech Republic,tablet,30,0,1,3,14
C00236,30,Regular,Western Slovakia,tablet,23,1,1,2,8
C00237,18,Loyal,Bratislava,mobile,52,0,1,1,1
C00238,36,Loyal,Western Slovakia,mobile,65,1,1,7,11
C00239,25,New,Eastern Slovakia,desktop,55,0,1,0,2
C00240,32,Regular,Eastern Slovakia,desktop,38,0,0,3,7
C00241,27,At-Risk,Western Slovakia,desktop,34,0,0,0,1
C00242,37,Regular,Bratislava,mobile,62,1,1,2,5
C00243,18,New,Eastern Slovakia,mobile,61,0,0,1,1
C00244,20,At-Risk,Eastern Slovakia,mobile,28,0,1,1,7
C00245,64,At-Risk,Western Slovakia,mobile,69,0,1,0,0
C00246,23,Regular,Central Slovakia,mobile,59,1,1,4,22
C00247,25,Regular,Western Slovakia,tablet,61,0,0,1,4
C00248,60,New,Western Slovakia,mobile,5,0,0,0,1
C00249,73,Loyal,Central Slovakia,desktop,10,0,1,1,3
C00250,24,Regular,Eastern Slovakia,tablet,22,0,0,2,9
C00251,34,New,Czech Republic,mobile,55,0,0,0,0
C00252,42,Loyal,Western Slovakia,mobile,6,0,0,4,0
C00253,59,At-Risk,Western Slovakia,desktop,6,0,1,1,6
C00254,26,Loyal,Western Slovakia,mobile,3,0,0,1,3
C00255,35,New,Bratislava,mobile,14,0,0,0,4
C00256,47,New,Bratislava,desktop,66,0,0,1,3
C00257,43,At-Risk,Bratislava,desktop,52,0,0,0,6
C00258,33,At-Risk,Western Slovakia,desktop,51,0,0,1,1
C00259,36,Regular,Bratislava,tablet,21,0,0,0,1
C00260,22,Regular,Western Slovakia,mobile,45,0,0,0,3
C00261,35,Regular,Eastern Slovakia,desktop,56,1,0,2,7
C00262,35,Regular,Bratislava,desktop,38,0,1,1,5
C00263,41,New,Central Slovakia,desktop,61,0,0,2,6
C00264,31,New,Czech Republic,desktop,41,1,1,1,0
C00265,44,New,Central Slovakia,desktop,24,0,1,0,8
C00266,50,Loyal,Bratislava,desktop,46,1,1,3,1
C00267,40,New,Western Slovakia,mobile,67,0,0,1,7
C00268,42,New,Central Slovakia,desktop,59,0,0,4,11
C00269,39,Regular,Western Slovakia,mobile,36,0,1,0,1
C00270,38,New,Bratislava,desktop,43,0,0,1,4
C00271,29,New,Western Slovakia,desktop,70,0,0,1,7
C00272,42,Regular,Central Slovakia,desktop,54,0,1,3,2
C00273,37,Regular,Bratislava,mobile,36,0,1,0,5
C00274,63,Regular,Central Slovakia,mobile,20,0,1,0,5
C00275,57,At-Risk,Bratislava,mobile,65,1,0,2,2
C00276,43,New,Western Slovakia,mobile,70,0,0,0,3
C00277,29,At-Risk,Eastern Slovakia,mobile,6,1,1,5,2
C00278,25,At-Risk,Bratislava,desktop,3,0,1,0,1
C00279,52,Loyal,Central Slovakia,mobile,9,0,1,3,5
C00280,41,Regular,Western Slovakia,tablet,28,0,1,1,2
C00281,44,Regular,Western Slovakia,mobile,12,0,0,1,1
C00282,18,Regular,Czech Republic,desktop,63,0,1,1,2
C00283,49,Loyal,Western Slovakia,mobile,65,0,0,2,13
C00284,43,New,Bratislava,desktop,13,0,0,1,8
C00285,25,At-Risk,Czech Republic,desktop,59,1,0,1,3
C00286,32,Regular,Eastern Slovakia,desktop,11,1,1,1,7
C00287,41,Loyal,Central Slovakia,desktop,56,1,1,5,18
C00288,39,Regular,Bratislava,mobile,26,0,0,0,1
C00289,34,New,Bratislava,mobile,3,0,0,0,0
C00290,37,Regular,Central Slovakia,mobile,31,0,1,0,3
C00291,35,Regular,Bratislava,desktop,59,0,1,1,5
C00292,40,Regular,Bratislava,mobile,67,0,0,1,5
C00293,56,Regular,Eastern Slovakia,mobile,9,0,0,0,3
C00294,18,New,Bratislava,desktop,60,0,0,0,5
C00295,35,Regular,Bratislava,mobile,21,1,0,1,22
C00296,40,Regular,Bratislava,desktop,33,0,0,0,3
C00297,42,At-Risk,Western Slovakia,desktop,8,0,0,4,3
C00298,34,New,Central Slovakia,desktop,70,0,1,4,12
C00299,18,Regular,Eastern Slovakia,desktop,57,1,1,2,10
C00300,42,New,Bratislava,desktop,46,0,1,2,2
C00301,59,Regular,Bratislava,desktop,52,0,0,2,11
C00302,20,Regular,Central Slovakia,tablet,63,0,1,2,2
C00303,48,Regular,Western Slovakia,mobile,11,0,0,0,6
C00304,34,At-Risk,Western Slovakia,desktop,18,1,1,0,28
C00305,37,New,Czech Republic,desktop,3,0,1,0,1
C00306,25,Loyal,Central Slovakia,mobile,35,0,0,4,8
C00307,34,New,Western Slovakia,mobile,36,0,0,1,5
C00308,54,New,Czech Republic,mobile,3,0,0,0,3
C00309,45,Regular,Bratislava,mobile,47,1,1,1,2
C00310,59,New,Czech Republic,desktop,1,1,1,1,6
C00311,52,Regular,Western Slovakia,mobile,57,1,0,1,10
C00312,43,Regular,Western Slovakia,mobile,51,0,0,6,1
C00313,59,Loyal,Czech Republic,mobile,58,1,1,0,2
C00314,43,Regular,Western Slovakia,mobile,9,0,0,1,1
C00315,48,Regular,Western Slovakia,mobile,62,1,1,3,12
C00316,34,Regular,Bratislava,mobile,39,1,0,2,4
C00317,39,New,Central Slovakia,mobile,62,0,1,0,1
C00318,30,New,Central Slovakia,mobile,50,0,0,2,13
C00319,50,Regular,Bratislava,desktop,47,0,1,3,8
C00320,24,At-Risk,Central Slovakia,mobile,3,0,0,0,1
C00321,47,New,Central Slovakia,desktop,50,0,0,0,9
C00322,36,Regular,Western Slovakia,mobile,32,0,1,4,9
C00323,52,Loyal,Bratislava,mobile,61,1,1,3,7
C00324,47,Loyal,Western Slovakia,tablet,49,1,1,2,5
C00325,60,Regular,Bratislava,mobile,6,0,0,1,7
C00326,47,Regular,Bratislava,mobile,64,0,0,1,19
C00327,19,Loyal,Western Slovakia,desktop,5,1,1,7,12
C00328,37,Loyal,Bratislava,mobile,22,1,1,1,1
C00329,24,New,Bratislava,desktop,16,0,0,0,9
C00330,32,At-Risk,Central Slovakia,desktop,70,1,1,6,11
C00331,56,New,Western Slovakia,tablet,11,0,0,0,1
C00332,46,Loyal,Czech Republic,tablet,60,0,0,2,13
C00333,30,New,Czech Republic,mobile,16,1,0,0,8
C00334,26,New,Central Slovakia,desktop,47,0,1,0,2
C00335,38,New,Czech Republic,mobile,7,1,1,4,1
C00336,23,Regular,Eastern Slovakia,desktop,28,1,0,3,6
C00337,30,Regular,Western Slovakia,desktop,45,0,1,2,2
C00338,42,New,Eastern Slovakia,mobile,51,0,0,1,3
C00339,52,Regular,Bratislava,mobile,62,0,0,0,2
C00340,45,Regular,Central Slovakia,mobile,58,0,1,3,5
C00341,18,Loyal,Western Slovakia,mobile,37,0,1,7,7
C00342,42,At-Risk,Bratislava,mobile,22,0,0,1,8
C00343,39,Regular,Bratislava,desktop,19,0,0,3,7
C00344,43,New,Czech Republic,mobile,71,0,1,1,4
C00345,57,New,Western Slovakia,desktop,44,0,1,0,2
C00346,18,At-Risk,Bratislava,desktop,65,0,1,0,2
C00347,31,New,Bratislava,desktop,31,1,0,2,4
C00348,45,Regular,Western Slovakia,mobile,35,0,0,4,8
C00349,19,At-Risk,Eastern Slovakia,desktop,59,0,0,0,4
C00350,56,At-Risk,Eastern Slovakia,desktop,52,0,0,0,1
C00351,42,Regular,Western Slovakia,desktop,15,0,1,1,8
C00352,48,Regular,Bratislava,desktop,38,0,0,4,5
C00353,31,Regular,Bratislava,desktop,16,0,1,2,2
C00354,48,Loyal,Western Slovakia,mobile,55,0,0,1,1
C00355,51,New,Eastern Slovakia,desktop,3,0,0,0,2
C00356,41,New,Eastern Slovakia,mobile,59,0,0,0,1
C00357,41,Regular,Western Slovakia,desktop,66,1,0,0,1
C00358,41,New,Central Slovakia,mobile,2,0,1,2,2
C00359,28,Regular,Western Slovakia,mobile,45,1,0,4,7
C00360,36,Regular,Central Slovakia,mobile,6,0,0,1,3
C00361,36,At-Risk,Western Slovakia,mobile,26,0,0,0,1
C00362,43,Loyal,Central Slovakia,tablet,24,0,1,2,8
C00363,50,Regular,Western Slovakia,mobile,37,0,0,2,0
C00364,25,Loyal,Czech Republic,desktop,66,0,1,6,5
C00365,36,New,Western Slovakia,mobile,33,1,0,2,2
C00366,56,Regular,Bratislava,tablet,29,0,1,2,2
C00367,29,New,Bratislava,mobile,7,1,0,1,2
C00368,28,Loyal,Western Slovakia,mobile,64,1,1,5,11
C00369,40,Loyal,Central Slovakia,mobile,23,0,0,3,0
C00370,48,At-Risk,Central Slovakia,mobile,33,0,0,0,5
C00371,38,Loyal,Central Slovakia,tablet,7,0,1,3,3
C00372,54,At-Risk,Bratislava,tablet,21,0,0,1,2
C00373,48,New,Central Slovakia,mobile,40,0,1,1,3
C00374,48,At-Risk,Central Slovakia,mobile,64,0,0,1,2
C00375,45,Regular,Western Slovakia,mobile,24,0,1,0,4
C00376,66,Regular,Western Slovakia,mobile,40,0,1,2,1
C00377,36,Regular,Bratislava,desktop,63,0,1,0,1
C00378,18,Regular,Western Slovakia,mobile,26,0,1,0,1
C00379,57,New,Eastern Slovakia,desktop,21,0,1,1,7
C00380,33,New,Czech Republic,desktop,4,0,0,2,3
C00381,39,New,Central Slovakia,mobile,65,0,1,0,2
C00382,54,Regular,Bratislava,mobile,8,0,1,1,3
C00383,19,At-Risk,Central Slovakia,mobile,16,0,1,0,1
C00384,23,Regular,Eastern Slovakia,mobile,10,0,1,0,1
C00385,19,Regular,Western Slovakia,mobile,51,0,1,2,2
C00386,28,Regular,Eastern Slovakia,desktop,26,0,0,0,8
C00387,43,Regular,Bratislava,mobile,51,1,0,1,5
C00388,44,New,Bratislava,desktop,44,0,1,4,6
C00389,41,Loyal,Bratislava,desktop,2,0,0,1,2
C00390,21,New,Bratislava,tablet,22,1,1,1,7
C00391,18,Loyal,Eastern Slovakia,desktop,1,1,0,1,15
C00392,39,Loyal,Western Slovakia,mobile,5,0,0,4,9
C00393,32,Regular,Bratislava,mobile,34,1,1,3,13
C00394,44,Loyal,Western Slovakia,mobile,19,0,1,3,14
C00395,46,New,Western Slovakia,tablet,7,1,0,0,1
C00396,40,At-Risk,Western Slovakia,tablet,30,1,1,0,1
C00397,47,Loyal,Bratislava,mobile,33,1,1,7,13
C00398,41,Loyal,Central Slovakia,mobile,71,0,0,2,2
C00399,44,Regular,Bratislava,mobile,47,0,0,3,5
C00400,30,Loyal,Eastern Slovakia,mobile,28,0,1,3,8
C00401,36,At-Risk,Bratislava,tablet,34,0,0,3,1
C00402,40,Regular,Eastern Slovakia,mobile,7,1,1,2,11
C00403,48,Loyal,Eastern Slovakia,mobile,28,1,1,3,11
C00404,33,Loyal,Bratislava,mobile,42,1,0,1,4
C00405,44,Regular,Bratislava,mobile,2,0,0,0,1
C00406,35,At-Risk,Czech Republic,mobile,66,0,0,0,1
C00407,37,Regular,Western Slovakia,desktop,37,0,0,1,10
C00408,48,Regular,Central Slovakia,mobile,56,0,0,6,3
C00409,18,New,Bratislava,desktop,20,0,0,1,0
C00410,22,New,Bratislava,mobile,60,0,1,4,6
C00411,20,Loyal,Western Slovakia,mobile,27,0,1,3,1
C00412,18,Regular,Eastern Slovakia,mobile,66,0,0,0,3
C00413,30,Regular,Bratislava,mobile,38,0,1,0,2
C00414,47,New,Eastern Slovakia,mobile,46,0,0,0,4
C00415,35,Regular,Central Slovakia,mobile,15,0,1,0,1
C00416,40,Loyal,Bratislava,desktop,71,0,1,0,10
C00417,51,At-Risk,Bratislava,desktop,14,0,0,3,6
C00418,54,New,Bratislava,tablet,3,0,0,4,2
C00419,37,Regular,Western Slovakia,mobile,32,0,1,2,4
C00420,54,Regular,Central Slovakia,desktop,60,1,1,0,1
C00421,39,Regular,Western Slovakia,desktop,66,0,0,2,4
C00422,28,Regular,Bratislava,mobile,61,0,0,1,8
C00423,31,Regular,Central Slovakia,mobile,40,0,1,2,5
C00424,20,Regular,Central Slovakia,mobile,66,1,1,1,1
C00425,27,Regular,Western Slovakia,desktop,35,0,1,0,1
C00426,34,Regular,Central Slovakia,mobile,34,0,1,0,6
C00427,48,Regular,Bratislava,mobile,13,0,1,1,10
C00428,59,Loyal,Central Slovakia,tablet,56,1,0,4,7
C00429,21,Loyal,Western Slovakia,mobile,23,1,1,2,10
C00430,43,Regular,Western Slovakia,tablet,14,0,0,2,2
C00431,26,Loyal,Bratislava,desktop,27,1,1,3,8
C00432,44,Loyal,Central Slovakia,desktop,43,1,1,8,2
C00433,36,New,Central Slovakia,desktop,20,0,0,2,2
C00434,18,Regular,Western Slovakia,mobile,26,1,1,6,7
C00435,49,New,Eastern Slovakia,desktop,24,0,1,7,1
C00436,31,Loyal,Eastern Slovakia,desktop,43,1,1,5,5
C00437,32,New,Bratislava,desktop,51,1,1,4,4
C00438,25,Regular,Central Slovakia,mobile,48,0,1,3,3
C00439,30,New,Western Slovakia,mobile,11,0,0,0,4
C00440,43,Regular,Czech Republic,mobile,25,0,1,1,4
C00441,36,At-Risk,Bratislava,mobile,47,0,1,2,4
C00442,42,Regular,Bratislava,mobile,16,0,0,0,10
C00443,42,Loyal,Western Slovakia,desktop,5,0,1,3,12
C00444,54,At-Risk,Bratislava,desktop,23,0,1,3,6
C00445,34,Loyal,Central Slovakia,desktop,49,0,0,5,17
C00446,20,New,Western Slovakia,mobile,48,0,0,2,2
C00447,51,Loyal,Bratislava,mobile,10,1,0,0,4
C00448,34,New,Western Slovakia,mobile,49,0,1,1,12
C00449,51,Regular,Eastern Slovakia,mobile,14,0,0,0,2
C00450,43,Loyal,Eastern Slovakia,mobile,53,0,1,2,0
C00451,36,Loyal,Western Slovakia,mobile,41,1,1,4,1
C00452,42,Regular,Bratislava,mobile,9,0,0,0,2
C00453,61,Regular,Bratislava,mobile,25,0,1,0,1
C00454,63,Loyal,Eastern Slovakia,mobile,59,1,1,2,2
C00455,39,Loyal,Central Slovakia,mobile,31,0,1,6,8
C00456,40,Regular,Central Slovakia,mobile,49,1,1,2,10
C00457,51,At-Risk,Eastern Slovakia,desktop,54,0,1,2,0
C00458,28,New,Bratislava,mobile,3,0,0,2,9
C00459,42,New,Central Slovakia,mobile,67,0,1,1,16
C00460,38,Regular,Bratislava,mobile,24,0,0,0,1
C00461,42,At-Risk,Bratislava,tablet,57,0,1,1,4
C00462,28,New,Western Slovakia,desktop,34,0,1,4,2
C00463,19,New,Western Slovakia,desktop,41,0,0,0,2
C00464,18,New,Czech Republic,mobile,26,0,0,0,2
C00465,25,Loyal,Western Slovakia,desktop,61,1,1,2,5
C00466,32,New,Eastern Slovakia,desktop,9,0,1,0,1
C00467,34,Regular,Eastern Slovakia,mobile,64,0,0,1,3
C00468,61,At-Risk,Central Slovakia,desktop,15,0,0,0,0
C00469,51,New,Czech Republic,mobile,63,0,1,2,6
C00470,26,Regular,Western Slovakia,desktop,2,0,1,0,4
C00471,42,Regular,Western Slovakia,mobile,1,0,1,4,2
C00472,33,Loyal,Bratislava,mobile,7,0,0,3,12
C00473,35,Regular,Bratislava,tablet,39,1,0,2,3
C00474,40,Regular,Eastern Slovakia,desktop,19,0,1,2,1
C00475,45,New,Western Slovakia,mobile,43,0,1,0,3
C00476,34,Loyal,Western Slovakia,tablet,59,0,1,5,7
C00477,51,Loyal,Bratislava,mobile,2,0,0,5,2
C00478,24,New,Western Slovakia,mobile,38,1,0,0,2
C00479,38,Regular,Central Slovakia,desktop,53,0,0,0,2
C00480,69,At-Risk,Bratislava,mobile,31,1,0,0,1
C00481,41,New,Eastern Slovakia,mobile,66,0,1,0,2
C00482,55,New,Central Slovakia,desktop,48,0,0,0,4
C00483,39,Regular,Eastern Slovakia,mobile,3,0,0,0,2
C00484,45,Regular,Bratislava,mobile,39,1,1,4,10
C00485,37,New,Central Slovakia,mobile,28,0,1,5,7
C00486,36,Regular,Bratislava,desktop,10,0,0,0,3
C00487,29,New,Western Slovakia,mobile,68,0,1,1,0
C00488,43,Regular,Eastern Slovakia,mobile,16,0,1,3,1
C00489,28,Loyal,Central Slovakia,desktop,6,0,0,2,2
C00490,46,Regular,Bratislava,mobile,16,0,0,5,7
C00491,51,New,Eastern Slovakia,mobile,59,1,1,0,4
C00492,42,Loyal,Bratislava,desktop,43,0,1,1,5
C00493,35,New,Central Slovakia,desktop,59,1,0,0,5
C00494,43,Loyal,Czech Republic,mobile,33,0,1,2,8
C00495,34,Regular,Central Slovakia,desktop,9,0,1,1,3
C00496,49,Loyal,Eastern Slovakia,desktop,28,0,1,1,8
C00497,18,New,Central Slovakia,mobile,15,0,1,2,3
C00498,34,New,Eastern Slovakia,desktop,40,0,1,3,9
C00499,18,Regular,Central Slovakia,desktop,20,0,0,4,0
C00500,20,New,Central Slovakia,desktop,69,1,1,4,5
C00501,54,New,Bratislava,mobile,27,0,0,0,3
C00502,49,Loyal,Eastern Slovakia,desktop,23,1,1,2,6
C00503,29,Loyal,Bratislava,tablet,70,1,1,2,3
C00504,20,New,Czech Republic,mobile,37,1,1,5,7
C00505,18,At-Risk,Bratislava,desktop,13,0,1,1,2
C00506,31,Loyal,Bratislava,desktop,35,1,1,2,6
C00507,67,Loyal,Eastern Slovakia,desktop,19,0,0,2,3
C00508,43,Loyal,Bratislava,tablet,51,0,1,3,6
C00509,31,Regular,Western Slovakia,mobile,41,1,1,1,2
C00510,44,Regular,Central Slovakia,mobile,52,1,1,2,4
C00511,19,Regular,Bratislava,desktop,67,0,1,0,3
C00512,34,At-Risk,Bratislava,mobile,52,0,1,0,0
C00513,39,New,Western Slovakia,mobile,25,0,1,0,1
C00514,37,Regular,Bratislava,desktop,15,0,1,1,1
C00515,47,New,Bratislava,tablet,38,0,0,0,1
C00516,42,At-Risk,Bratislava,mobile,32,0,0,1,0
C00517,46,Regular,Western Slovakia,desktop,23,0,1,1,14
C00518,30,Regular,Western Slovakia,mobile,58,0,1,0,6
C00519,49,Loyal,Bratislava,mobile,65,0,1,1,3
C00520,58,At-Risk,Central Slovakia,mobile,28,0,1,1,5
C00521,26,New,Central Slovakia,mobile,49,1,0,0,2
C00522,27,Loyal,Bratislava,mobile,70,0,1,3,11
C00523,54,At-Risk,Western Slovakia,desktop,1,0,0,1,2
C00524,36,New,Eastern Slovakia,desktop,26,0,1,0,1
C00525,55,Loyal,Central Slovakia,mobile,53,0,0,2,11
C00526,33,Regular,Western Slovakia,mobile,36,0,0,2,8
C00527,55,Regular,Western Slovakia,mobile,57,0,1,4,7
C00528,40,Regular,Bratislava,tablet,34,1,0,3,10
C00529,41,New,Eastern Slovakia,tablet,5,0,0,0,3
C00530,57,New,Czech Republic,mobile,31,0,1,1,2
C00531,34,New,Czech Republic,mobile,29,0,1,7,2
C00532,27,New,Bratislava,mobile,61,0,0,0,4
C00533,33,Regular,Western Slovakia,desktop,11,0,0,1,4
C00534,43,Regular,Bratislava,mobile,12,0,1,2,8
C00535,19,New,Western Slovakia,mobile,11,0,0,3,2
C00536,46,Loyal,Western Slovakia,mobile,41,1,1,2,9
C00537,32,Loyal,Central Slovakia,mobile,71,0,1,3,3
C00538,52,Regular,Bratislava,mobile,44,1,1,2,2
C00539,18,At-Risk,Czech Republic,mobile,58,0,0,1,2
C00540,29,Regular,Bratislava,desktop,61,0,1,2,11
C00541,18,Loyal,Bratislava,mobile,43,1,0,3,6
C00542,28,New,Eastern Slovakia,mobile,44,0,1,2,12
C00543,41,Loyal,Central Slovakia,mobile,18,0,1,2,3
C00544,36,At-Risk,Western Slovakia,mobile,69,0,1,0,2
C00545,35,Loyal,Central Slovakia,desktop,56,0,1,1,13
C00546,36,Regular,Bratislava,tablet,62,0,0,2,4
C00547,40,Regular,Bratislava,mobile,70,0,0,1,1
C00548,26,Regular,Western Slovakia,desktop,25,1,1,3,12
C00549,46,Regular,Western Slovakia,desktop,11,0,0,3,6
C00550,46,Loyal,Central Slovakia,desktop,62,1,0,2,5
C00551,43,At-Risk,Bratislava,mobile,34,0,0,0,6
C00552,45,Regular,Central Slovakia,mobile,69,0,1,5,13
C00553,42,New,Eastern Slovakia,mobile,50,0,1,1,6
C00554,62,Regular,Bratislava,tablet,19,1,0,3,2
C00555,37,New,Bratislava,desktop,26,0,1,1,4
C00556,34,New,Western Slovakia,mobile,44,1,1,1,7
C00557,29,Regular,Eastern Slovakia,mobile,28,1,1,0,1
C00558,26,Loyal,Central Slovakia,mobile,21,0,1,5,1
C00559,23,New,Central Slovakia,mobile,15,1,1,3,5
C00560,27,New,Western Slovakia,desktop,47,1,0,7,11
C00561,37,New,Bratislava,mobile,3,0,0,0,0
C00562,42,Loyal,Central Slovakia,desktop,7,1,1,4,6
C00563,39,Loyal,Bratislava,desktop,4,1,0,5,3
C00564,29,New,Eastern Slovakia,desktop,53,0,1,1,12
C00565,49,New,Bratislava,desktop,3,0,1,1,5
C00566,47,Regular,Bratislava,mobile,30,1,0,1,1
C00567,36,New,Western Slovakia,desktop,9,0,0,1,6
C00568,30,Regular,Western Slovakia,desktop,42,0,0,0,2
C00569,45,Regular,Central Slovakia,mobile,3,0,1,0,2
C00570,40,At-Risk,Western Slovakia,mobile,2,1,1,1,14
C00571,21,New,Czech Republic,mobile,30,0,0,1,2
C00572,37,Regular,Eastern Slovakia,mobile,50,0,0,2,2
C00573,41,New,Eastern Slovakia,mobile,8,0,1,0,3
C00574,27,At-Risk,Central Slovakia,mobile,36,0,0,0,3
C00575,40,At-Risk,Central Slovakia,desktop,58,0,0,0,0
C00576,21,Loyal,Central Slovakia,mobile,45,0,1,1,13
C00577,54,Regular,Western Slovakia,mobile,54,1,1,0,7
C00578,53,New,Western Slovakia,mobile,23,1,1,1,4
C00579,35,Loyal,Central Slovakia,mobile,67,0,0,0,12
C00580,42,Loyal,Bratislava,tablet,11,1,1,1,6
C00581,18,New,Bratislava,mobile,43,0,0,0,3
C00582,24,Regular,Eastern Slovakia,mobile,31,0,1,2,4
C00583,34,Regular,Bratislava,mobile,3,0,0,6,13
C00584,25,Loyal,Central Slovakia,mobile,68,1,1,3,3
C00585,47,Loyal,Central Slovakia,desktop,50,0,0,1,6
C00586,62,Regular,Bratislava,desktop,17,0,1,0,6
C00587,24,Regular,Eastern Slovakia,mobile,4,0,0,2,10
C00588,28,New,Bratislava,desktop,48,0,0,2,7
C00589,41,Regular,Eastern Slovakia,mobile,39,1,1,3,7
C00590,57,New,Eastern Slovakia,desktop,4,0,0,0,4
C00591,23,Loyal,Bratislava,mobile,71,1,1,1,7
C00592,41,Regular,Bratislava,mobile,51,0,0,0,5
C00593,60,Regular,Western Slovakia,desktop,33,1,1,1,2
C00594,18,New,Western Slovakia,desktop,17,1,0,2,6
C00595,23,New,Bratislava,mobile,20,0,0,0,3
C00596,33,Regular,Czech Republic,tablet,33,1,0,2,2
C00597,32,New,Bratislava,desktop,5,0,0,0,5
C00598,48,New,Eastern Slovakia,mobile,27,0,1,2,13
C00599,41,Loyal,Bratislava,desktop,16,1,0,3,13
C00600,18,Regular,Czech Republic,desktop,9,1,1,3,3
C00601,44,Regular,Bratislava,mobile,9,0,0,7,5
C00602,31,Regular,Western Slovakia,mobile,25,1,1,3,1
C00603,53,Loyal,Central Slovakia,desktop,28,0,1,1,13
C00604,30,Regular,Bratislava,desktop,25,1,0,1,2
C00605,30,Loyal,Eastern Slovakia,mobile,49,0,1,5,5
C00606,44,At-Risk,Bratislava,mobile,38,0,1,1,2
C00607,47,Regular,Central Slovakia,mobile,14,1,1,0,2
C00608,43,Regular,Central Slovakia,desktop,70,0,0,6,1
C00609,18,Loyal,Central Slovakia,desktop,52,0,1,1,4
C00610,44,Regular,Bratislava,mobile,34,0,0,5,10
C00611,26,Regular,Bratislava,desktop,4,0,1,1,1
C00612,41,Regular,Bratislava,desktop,65,0,1,1,2
C00613,21,Regular,Western Slovakia,mobile,53,0,1,2,7
C00614,43,New,Bratislava,mobile,33,0,1,0,2
C00615,28,Regular,Czech Republic,mobile,12,1,1,1,2
C00616,23,New,Western Slovakia,mobile,8,0,1,2,5
C00617,47,Regular,Central Slovakia,mobile,21,0,0,1,1
C00618,41,Regular,Western Slovakia,desktop,17,1,0,1,4
C00619,31,At-Risk,Bratislava,desktop,15,0,0,0,2
C00620,55,New,Western Slovakia,mobile,29,1,1,1,2
C00621,33,Regular,Bratislava,desktop,4,0,0,0,1
C00622,38,Regular,Western Slovakia,desktop,24,1,1,1,3
C00623,41,New,Western Slovakia,mobile,62,1,0,1,4
C00624,31,New,Western Slovakia,mobile,62,1,0,5,6
C00625,44,New,Czech Republic,desktop,1,0,0,0,1
C00626,32,New,Bratislava,desktop,49,1,1,0,3
C00627,33,New,Western Slovakia,mobile,71,1,1,3,14
C00628,54,Regular,Bratislava,desktop,42,1,0,3,11
C00629,26,Regular,Western Slovakia,desktop,28,1,0,3,7
C00630,18,New,Central Slovakia,desktop,35,0,0,0,0
C00631,57,New,Bratislava,desktop,16,0,0,1,3
C00632,69,New,Central Slovakia,mobile,29,0,0,0,2
C00633,33,Regular,Western Slovakia,mobile,67,1,0,1,9
C00634,18,Regular,Bratislava,mobile,44,1,1,4,13
C00635,34,Regular,Czech Republic,tablet,31,0,1,3,4
C00636,35,New,Western Slovakia,desktop,9,0,0,2,2
C00637,36,New,Eastern Slovakia,desktop,65,1,0,1,2
C00638,25,At-Risk,Western Slovakia,mobile,12,0,1,1,1
C00639,45,New,Czech Republic,mobile,52,0,1,1,4
C00640,44,New,Bratislava,mobile,22,0,1,0,8
C00641,20,New,Western Slovakia,mobile,20,0,0,0,3
C00642,46,At-Risk,Eastern Slovakia,mobile,13,0,0,1,4
C00643,63,Regular,Western Slovakia,desktop,27,0,1,1,3
C00644,40,Regular,Western Slovakia,mobile,49,1,1,1,3
C00645,34,At-Risk,Czech Republic,desktop,30,0,0,3,7
C00646,36,New,Central Slovakia,tablet,2,0,1,1,4
C00647,45,At-Risk,Central Slovakia,desktop,19,0,1,4,4
C00648,18,New,Central Slovakia,mobile,12,1,1,2,1
C00649,40,Regular,Eastern Slovakia,desktop,29,1,1,2,3
C00650,33,Regular,Eastern Slovakia,desktop,65,1,0,3,20
C00651,60,Regular,Central Slovakia,mobile,69,0,1,0,1
C00652,36,At-Risk,Bratislava,desktop,71,0,0,3,7
C00653,58,New,Bratislava,desktop,8,0,0,0,2
C00654,25,At-Risk,Central Slovakia,mobile,35,0,1,0,1
C00655,45,Regular,Eastern Slovakia,mobile,4,0,0,0,3
C00656,42,Regular,Western Slovakia,mobile,36,0,1,2,1
C00657,28,At-Risk,Bratislava,mobile,41,0,0,4,9
C00658,40,New,Bratislava,desktop,55,0,1,2,4
C00659,53,At-Risk,Western Slovakia,mobile,24,0,0,1,2
C00660,34,Regular,Eastern Slovakia,mobile,3,0,1,3,5
C00661,18,Loyal,Bratislava,mobile,33,0,0,1,5
C00662,38,New,Central Slovakia,mobile,31,0,1,2,3
C00663,27,Regular,Eastern Slovakia,mobile,45,1,1,1,17
C00664,34,Regular,Czech Republic,desktop,8,1,1,1,8
C00665,37,Regular,Bratislava,mobile,44,1,1,2,9
C00666,18,New,Czech Republic,mobile,29,0,1,0,4
C00667,19,New,Central Slovakia,desktop,53,0,1,0,2
C00668,44,Loyal,Eastern Slovakia,tablet,70,1,1,7,10
C00669,32,New,Bratislava,mobile,17,0,1,1,2
C00670,18,Loyal,Western Slovakia,mobile,54,0,1,1,6
C00671,47,At-Risk,Central Slovakia,mobile,10,0,0,0,2
C00672,41,New,Western Slovakia,mobile,70,0,0,2,11
C00673,29,New,Western Slovakia,mobile,35,1,1,1,4
C00674,22,Regular,Central Slovakia,tablet,53,0,1,0,5
C00675,48,New,Central Slovakia,desktop,56,0,1,1,1
C00676,42,Regular,Bratislava,mobile,44,0,0,1,8
C00677,67,Loyal,Western Slovakia,tablet,28,0,0,1,14
C00678,43,Regular,Bratislava,mobile,54,1,1,5,13
C00679,43,Regular,Czech Republic,mobile,34,0,0,1,25
C00680,36,Loyal,Czech Republic,mobile,47,1,0,4,4
C00681,48,Regular,Bratislava,mobile,44,0,0,1,11
C00682,46,New,Bratislava,desktop,33,0,0,0,3
C00683,53,Regular,Bratislava,mobile,9,1,0,0,4
C00684,32,At-Risk,Western Slovakia,desktop,21,1,0,4,1
C00685,33,Regular,Eastern Slovakia,mobile,67,0,0,4,17
C00686,32,Regular,Western Slovakia,desktop,37,0,1,3,16
C00687,47,Regular,Bratislava,desktop,46,0,1,0,1
C00688,56,New,Bratislava,mobile,19,0,1,0,3
C00689,32,New,Bratislava,mobile,51,1,1,1,3
C00690,33,New,Eastern Slovakia,desktop,35,1,0,3,8
C00691,42,At-Risk,Central Slovakia,mobile,16,0,0,0,0
C00692,35,New,Central Slovakia,mobile,11,0,1,4,10
C00693,49,Loyal,Western Slovakia,desktop,29,0,1,0,4
C00694,18,New,Czech Republic,mobile,41,0,1,3,14
C00695,28,New,Western Slovakia,mobile,20,0,0,1,4
C00696,29,Regular,Eastern Slovakia,mobile,18,0,0,1,1
C00697,18,Regular,Eastern Slovakia,mobile,20,1,1,2,2
C00698,26,Loyal,Western Slovakia,mobile,21,1,1,2,6
C00699,27,At-Risk,Eastern Slovakia,mobile,53,1,0,0,3
C00700,36,Loyal,Bratislava,mobile,36,1,1,8,17
C00701,51,New,Central Slovakia,mobile,34,0,0,0,3
C00702,35,Loyal,Bratislava,mobile,12,1,1,2,24
C00703,26,New,Western Slovakia,tablet,39,0,1,1,8
C00704,37,At-Risk,Bratislava,mobile,69,1,0,0,10
C00705,51,Regular,Bratislava,mobile,53,0,1,0,5
C00706,26,Regular,Bratislava,mobile,32,0,0,2,1
C00707,27,New,Western Slovakia,desktop,22,1,0,6,9
C00708,45,New,Central Slovakia,mobile,26,0,1,1,7
C00709,35,New,Western Slovakia,mobile,2,1,0,0,9
C00710,46,At-Risk,Western Slovakia,desktop,3,1,0,8,2
C00711,38,Loyal,Czech Republic,mobile,56,1,0,4,15
C00712,46,At-Risk,Czech Republic,desktop,60,0,1,3,1
C00713,26,New,Bratislava,desktop,69,1,0,3,10
C00714,38,Regular,Western Slovakia,desktop,45,0,1,0,7
C00715,35,New,Central Slovakia,mobile,66,1,0,1,3
C00716,23,Regular,Eastern Slovakia,mobile,30,0,0,2,4
C00717,19,Regular,Western Slovakia,mobile,19,0,1,0,3
C00718,46,New,Eastern Slovakia,desktop,18,0,0,0,2
C00719,34,Regular,Bratislava,desktop,17,0,0,2,3
C00720,26,New,Western Slovakia,tablet,53,1,0,4,6
C00721,37,Regular,Central Slovakia,mobile,1,0,1,0,4
C00722,52,Regular,Central Slovakia,desktop,68,0,0,3,31
C00723,18,New,Eastern Slovakia,mobile,56,0,0,1,2
C00724,20,At-Risk,Bratislava,desktop,28,0,1,0,1
C00725,27,Regular,Bratislava,mobile,50,1,1,2,2
C00726,56,Loyal,Bratislava,mobile,10,1,0,4,14
C00727,41,Regular,Bratislava,mobile,31,0,0,6,29
C00728,47,Loyal,Bratislava,tablet,8,1,1,1,13
C00729,24,Loyal,Western Slovakia,mobile,8,0,0,3,5
C00730,25,Loyal,Central Slovakia,mobile,1,0,1,0,1
C00731,43,Regular,Central Slovakia,mobile,57,0,0,0,2
C00732,39,New,Western Slovakia,mobile,53,0,0,0,1
C00733,45,New,Bratislava,tablet,64,1,1,1,1
C00734,36,Regular,Central Slovakia,mobile,70,0,0,3,4
C00735,41,New,Bratislava,mobile,69,0,0,0,4
C00736,40,New,Eastern Slovakia,desktop,71,0,1,1,3
C00737,47,New,Bratislava,mobile,2,1,0,2,9
C00738,48,Regular,Central Slovakia,mobile,56,1,0,2,4
C00739,19,New,Eastern Slovakia,mobile,52,0,0,1,1
C00740,18,Regular,Central Slovakia,mobile,12,0,1,0,2
C00741,50,Loyal,Central Slovakia,mobile,10,0,1,8,4
C00742,52,Loyal,Central Slovakia,mobile,70,0,0,1,2
C00743,26,Regular,Bratislava,mobile,63,1,0,0,2
C00744,18,Regular,Central Slovakia,desktop,24,0,1,1,0
C00745,39,Regular,Eastern Slovakia,desktop,6,0,0,1,0
C00746,49,Regular,Czech Republic,desktop,24,0,1,0,3
C00747,60,Regular,Western Slovakia,mobile,1,0,1,2,2
C00748,44,New,Western Slovakia,mobile,49,1,0,0,18
C00749,34,At-Risk,Eastern Slovakia,tablet,27,0,1,1,1
C00750,27,New,Central Slovakia,desktop,4,0,0,0,1
C00751,38,Loyal,Bratislava,mobile,70,1,1,6,9
C00752,34,Regular,Bratislava,mobile,59,0,1,2,10
C00753,26,New,Bratislava,mobile,65,0,0,1,6
C00754,63,Loyal,Western Slovakia,mobile,71,1,1,6,8
C00755,59,New,Bratislava,mobile,2,1,1,12,7
C00756,52,Loyal,Bratislava,mobile,56,0,1,5,5
C00757,27,Regular,Bratislava,tablet,56,0,1,3,8
C00758,48,New,Czech Republic,mobile,56,0,1,0,7
C00759,46,New,Bratislava,desktop,19,1,0,1,5
C00760,43,Loyal,Bratislava,mobile,28,0,1,0,5
C00761,53,New,Western Slovakia,desktop,66,0,1,3,7
C00762,46,At-Risk,Bratislava,desktop,5,0,0,0,3
C00763,47,Loyal,Czech Republic,mobile,46,1,0,2,10
C00764,46,Loyal,Czech Republic,desktop,57,1,1,4,10
C00765,42,New,Western Slovakia,desktop,57,0,1,2,2
C00766,18,Loyal,Western Slovakia,desktop,43,0,1,1,6
C00767,39,At-Risk,Western Slovakia,mobile,55,0,1,0,3
C00768,31,New,Bratislava,desktop,65,1,1,1,12
C00769,23,Regular,Bratislava,mobile,55,0,0,0,3
C00770,58,New,Bratislava,mobile,9,1,1,7,10
C00771,59,Regular,Bratislava,mobile,18,1,1,1,5
C00772,54,Loyal,Central Slovakia,mobile,22,1,0,3,14
C00773,41,Regular,Bratislava,mobile,25,0,1,3,11
C00774,54,Regular,Bratislava,mobile,26,0,1,0,2
C00775,38,Regular,Western Slovakia,desktop,16,0,0,1,0
C00776,40,New,Western Slovakia,mobile,49,0,1,0,5
C00777,25,New,Bratislava,tablet,8,0,1,0,1
C00778,43,Loyal,Bratislava,mobile,56,1,1,2,1
C00779,39,Regular,Bratislava,desktop,47,1,1,0,10
C00780,22,Regular,Bratislava,tablet,69,1,1,1,8
C00781,37,Loyal,Eastern Slovakia,desktop,1,0,0,0,4
C00782,37,New,Czech Republic,desktop,21,0,0,0,1
C00783,60,New,Western Slovakia,desktop,64,1,0,1,1
C00784,49,New,Western Slovakia,mobile,36,1,1,1,0
C00785,38,At-Risk,Central Slovakia,mobile,40,0,0,1,3
C00786,41,Loyal,Central Slovakia,mobile,3,0,0,2,2
C00787,39,Regular,Bratislava,mobile,55,0,0,0,6
C00788,36,New,Bratislava,mobile,18,0,1,0,1
C00789,25,New,Western Slovakia,mobile,69,0,0,5,4
C00790,36,Regular,Central Slovakia,desktop,27,1,1,1,1
C00791,29,Regular,Bratislava,desktop,14,0,1,4,12
C00792,23,At-Risk,Bratislava,desktop,43,0,0,1,2
C00793,44,Loyal,Western Slovakia,desktop,34,0,1,2,5
C00794,43,Regular,Bratislava,mobile,34,1,1,4,3
C00795,18,Loyal,Western Slovakia,mobile,68,0,1,0,1
C00796,37,At-Risk,Central Slovakia,desktop,26,0,0,0,1
C00797,50,Regular,Western Slovakia,desktop,29,1,0,2,3
C00798,51,Regular,Bratislava,mobile,45,0,1,0,3
C00799,50,At-Risk,Bratislava,mobile,13,0,0,2,3
C00800,38,New,Eastern Slovakia,mobile,59,0,1,0,3
C00801,28,At-Risk,Western Slovakia,mobile,17,0,0,1,10
C00802,25,New,Bratislava,mobile,18,0,1,0,2
C00803,42,Regular,Bratislava,mobile,1,0,1,2,2
C00804,43,Loyal,Eastern Slovakia,desktop,25,1,1,4,10
C00805,53,Regular,Eastern Slovakia,tablet,42,0,1,1,5
C00806,51,Regular,Eastern Slovakia,mobile,51,0,0,0,1
C00807,36,Regular,Central Slovakia,desktop,64,0,1,0,1
C00808,23,New,Western Slovakia,desktop,56,0,0,0,2
C00809,34,New,Western Slovakia,mobile,23,1,1,2,2
C00810,41,New,Bratislava,desktop,59,1,1,1,6
C00811,36,Regular,Central Slovakia,mobile,14,1,1,2,20
C00812,31,Regular,Central Slovakia,mobile,15,0,1,1,6
C00813,41,New,Bratislava,mobile,26,0,1,0,5
C00814,32,At-Risk,Eastern Slovakia,desktop,39,1,0,1,4
C00815,30,Regular,Western Slovakia,tablet,15,1,0,0,4
C00816,42,Regular,Bratislava,mobile,64,1,1,2,6
C00817,33,Regular,Western Slovakia,mobile,20,0,1,1,5
C00818,41,New,Eastern Slovakia,mobile,28,1,1,1,7
C00819,41,Loyal,Czech Republic,desktop,43,1,1,1,3
C00820,24,Regular,Western Slovakia,desktop,31,0,1,2,4
C00821,32,New,Czech Republic,mobile,29,0,1,0,6
C00822,55,At-Risk,Eastern Slovakia,desktop,70,0,0,1,1
C00823,24,Loyal,Eastern Slovakia,mobile,31,1,0,2,6
C00824,18,Loyal,Eastern Slovakia,mobile,9,1,1,4,8
C00825,18,Loyal,Western Slovakia,mobile,52,1,1,3,10
C00826,38,At-Risk,Eastern Slovakia,mobile,51,0,1,2,1
C00827,38,Regular,Central Slovakia,mobile,16,0,1,1,1
C00828,37,Regular,Central Slovakia,mobile,61,0,1,2,9
C00829,53,Regular,Bratislava,mobile,28,0,1,0,7
C00830,18,New,Eastern Slovakia,desktop,11,0,1,0,2
C00831,43,New,Czech Republic,mobile,13,0,1,1,3
C00832,57,New,Western Slovakia,desktop,51,0,0,2,2
C00833,24,Regular,Czech Republic,mobile,16,1,1,7,2
C00834,33,Loyal,Western Slovakia,desktop,34,0,0,6,1
C00835,29,Loyal,Bratislava,mobile,53,1,1,3,2
C00836,27,Regular,Bratislava,desktop,61,0,1,3,9
C00837,34,New,Eastern Slovakia,mobile,35,0,0,0,2
C00838,55,Regular,Central Slovakia,mobile,65,0,0,2,4
C00839,60,Regular,Western Slovakia,mobile,22,1,1,1,5
C00840,34,At-Risk,Central Slovakia,mobile,62,0,1,3,1
C00841,61,Loyal,Western Slovakia,tablet,18,1,1,5,13
C00842,38,At-Risk,Western Slovakia,tablet,5,0,1,1,5
C00843,59,Loyal,Eastern Slovakia,desktop,52,0,1,4,2
C00844,37,At-Risk,Central Slovakia,mobile,54,1,0,1,3
C00845,40,Regular,Eastern Slovakia,desktop,66,0,0,3,8
C00846,42,New,Central Slovakia,desktop,66,0,0,0,4
C00847,75,New,Czech Republic,mobile,8,0,0,1,5
C00848,48,Regular,Bratislava,mobile,45,1,1,1,2
C00849,30,New,Bratislava,desktop,51,1,0,6,1
C00850,50,New,Bratislava,mobile,43,0,1,2,2
C00851,34,At-Risk,Central Slovakia,mobile,2,0,0,0,1
C00852,32,New,Central Slovakia,desktop,4,0,0,0,9
C00853,49,At-Risk,Eastern Slovakia,mobile,48,1,1,1,3
C00854,38,Loyal,Western Slovakia,mobile,61,1,1,7,3
C00855,41,Regular,Bratislava,mobile,13,1,1,2,4
C00856,38,Regular,Central Slovakia,desktop,4,1,1,1,7
C00857,42,Regular,Czech Republic,tablet,29,0,1,2,3
C00858,43,Regular,Bratislava,desktop,23,0,0,2,3
C00859,18,New,Bratislava,desktop,70,0,0,0,5
C00860,46,At-Risk,Bratislava,desktop,66,0,1,0,0
C00861,26,Regular,Western Slovakia,desktop,40,1,1,5,13
C00862,21,New,Bratislava,mobile,68,1,0,1,0
C00863,37,Loyal,Western Slovakia,mobile,17,0,0,2,11
C00864,39,Regular,Central Slovakia,desktop,71,1,0,1,5
C00865,30,Regular,Western Slovakia,desktop,32,0,1,0,5
C00866,48,Regular,Western Slovakia,mobile,34,0,1,1,4
C00867,22,New,Bratislava,desktop,4,0,1,1,5
C00868,33,Regular,Czech Republic,desktop,13,1,0,3,2
C00869,31,New,Western Slovakia,mobile,14,0,1,2,9
C00870,37,New,Western Slovakia,mobile,35,0,0,1,7
C00871,41,New,Bratislava,mobile,14,0,1,1,2
C00872,26,Regular,Central Slovakia,mobile,8,0,0,2,2
C00873,47,Regular,Eastern Slovakia,mobile,43,0,1,0,0
C00874,39,Regular,Bratislava,mobile,62,0,1,4,26
C00875,18,New,Bratislava,mobile,5,0,1,1,7
C00876,18,New,Bratislava,mobile,40,0,0,0,0
C00877,38,Regular,Central Slovakia,desktop,69,1,0,4,4
C00878,35,New,Czech Republic,desktop,29,0,1,0,2
C00879,37,Loyal,Western Slovakia,mobile,13,1,0,1,13
C00880,38,At-Risk,Western Slovakia,mobile,6,1,1,1,2
C00881,41,Regular,Eastern Slovakia,mobile,67,0,1,3,3
C00882,49,At-Risk,Eastern Slovakia,mobile,29,0,1,0,2
C00883,25,New,Bratislava,mobile,8,0,1,0,2
C00884,24,New,Bratislava,mobile,62,0,0,1,5
C00885,25,Loyal,Western Slovakia,mobile,57,1,1,5,2
C00886,41,Loyal,Eastern Slovakia,tablet,50,0,1,2,2
C00887,53,Loyal,Central Slovakia,mobile,6,0,1,3,2
C00888,33,New,Central Slovakia,desktop,6,0,0,3,5
C00889,18,Loyal,Eastern Slovakia,mobile,16,0,0,3,6
C00890,18,Regular,Bratislava,mobile,12,0,0,7,8
C00891,28,Regular,Western Slovakia,tablet,38,0,1,0,7
C00892,31,New,Bratislava,mobile,28,0,0,1,1
C00893,33,At-Risk,Eastern Slovakia,desktop,55,0,1,2,1
C00894,38,New,Central Slovakia,tablet,8,0,0,1,3
C00895,34,Loyal,Bratislava,mobile,52,1,1,3,6
C00896,51,Regular,Bratislava,mobile,67,0,0,4,8
C00897,30,Loyal,Eastern Slovakia,mobile,10,0,0,6,6
C00898,28,Loyal,Eastern Slovakia,mobile,47,0,1,4,6
C00899,44,Loyal,Central Slovakia,mobile,37,1,0,0,3
C00900,20,New,Bratislava,mobile,7,1,1,0,1
C00901,43,New,Czech Republic,desktop,21,0,1,2,13
C00902,39,Regular,Eastern Slovakia,desktop,56,0,1,0,10
C00903,36,Regular,Central Slovakia,mobile,62,0,1,1,8
C00904,57,New,Central Slovakia,mobile,27,0,0,0,1
C00905,31,New,Czech Republic,desktop,8,0,1,4,3
C00906,63,Regular,Czech Republic,desktop,18,0,0,0,4
C00907,35,New,Central Slovakia,mobile,60,0,0,0,1
C00908,23,New,Western Slovakia,mobile,41,0,1,4,4
C00909,39,At-Risk,Western Slovakia,desktop,31,0,1,0,1
C00910,25,Regular,Eastern Slovakia,desktop,1,0,0,0,0
C00911,29,At-Risk,Central Slovakia,desktop,56,0,1,1,6
C00912,43,At-Risk,Bratislava,mobile,34,0,0,0,2
C00913,45,New,Bratislava,mobile,39,0,0,0,0
C00914,31,Loyal,Czech Republic,mobile,60,1,0,3,11
C00915,50,Regular,Eastern Slovakia,mobile,40,0,1,1,2
C00916,52,Loyal,Czech Republic,desktop,66,0,1,7,18
C00917,55,New,Western Slovakia,mobile,40,0,0,1,2
C00918,44,New,Eastern Slovakia,desktop,25,1,0,1,7
C00919,54,New,Eastern Slovakia,desktop,66,0,0,1,4
C00920,18,Regular,Western Slovakia,tablet,46,1,0,2,6
C00921,34,At-Risk,Bratislava,desktop,54,0,1,2,1
C00922,28,Regular,Czech Republic,tablet,17,1,0,5,18
C00923,39,Loyal,Bratislava,mobile,48,1,1,4,11
C00924,31,At-Risk,Central Slovakia,mobile,40,0,1,0,1
C00925,36,Regular,Central Slovakia,mobile,8,0,0,1,1
C00926,61,New,Central Slovakia,tablet,19,0,1,0,3
C00927,36,Loyal,Bratislava,desktop,65,0,1,3,2
C00928,43,Regular,Eastern Slovakia,mobile,41,0,1,2,5
C00929,35,New,Bratislava,mobile,55,1,0,2,2
C00930,39,Regular,Eastern Slovakia,mobile,13,1,1,9,4
C00931,38,At-Risk,Bratislava,mobile,16,0,0,1,3
C00932,43,New,Central Slovakia,desktop,67,0,0,0,3
C00933,52,Regular,Eastern Slovakia,mobile,30,0,1,1,3
C00934,58,New,Bratislava,desktop,63,0,0,2,1
C00935,42,New,Bratislava,mobile,58,0,1,1,17
C00936,45,New,Eastern Slovakia,mobile,24,0,1,3,6
C00937,24,Loyal,Bratislava,mobile,68,1,0,3,19
C00938,37,Loyal,Bratislava,tablet,56,1,0,2,4
C00939,49,New,Western Slovakia,desktop,10,0,1,0,4
C00940,48,New,Czech Republic,mobile,7,1,0,4,13
C00941,41,New,Central Slovakia,mobile,9,0,1,1,3
C00942,49,New,Western Slovakia,desktop,53,0,0,0,5
C00943,44,Regular,Czech Republic,desktop,11,1,1,2,9
C00944,52,Loyal,Western Slovakia,desktop,21,0,1,3,7
C00945,41,Regular,Western Slovakia,desktop,31,0,0,1,4
C00946,34,Regular,Western Slovakia,desktop,10,0,0,1,4
C00947,42,Regular,Western Slovakia,mobile,24,1,1,2,4
C00948,18,New,Western Slovakia,desktop,49,0,0,0,7
C00949,43,New,Central Slovakia,mobile,70,1,0,2,1
C00950,18,At-Risk,Bratislava,desktop,34,1,1,1,5
C00951,18,Loyal,Central Slovakia,tablet,54,1,0,4,16
C00952,43,At-Risk,Bratislava,tablet,38,0,1,0,1
C00953,44,At-Risk,Western Slovakia,mobile,34,0,1,1,1
C00954,24,Regular,Bratislava,mobile,37,1,0,1,15
C00955,29,At-Risk,Central Slovakia,desktop,69,0,1,0,6
C00956,54,Regular,Eastern Slovakia,tablet,5,1,1,0,5
C00957,32,New,Western Slovakia,desktop,37,0,0,2,4
C00958,65,New,Bratislava,mobile,4,1,0,1,1
C00959,38,New,Bratislava,mobile,63,0,1,2,4
C00960,43,New,Eastern Slovakia,desktop,43,1,1,3,5
C00961,57,Regular,Bratislava,desktop,4,0,0,1,3
C00962,40,Loyal,Eastern Slovakia,desktop,45,0,0,8,8
C00963,26,Loyal,Western Slovakia,desktop,31,0,1,4,4
C00964,37,Regular,Bratislava,mobile,4,1,1,5,2
C00965,38,New,Eastern Slovakia,mobile,70,0,1,0,7
C00966,22,Loyal,Western Slovakia,desktop,27,0,1,1,3
C00967,35,Regular,Bratislava,mobile,2,0,1,1,3
C00968,29,New,Czech Republic,desktop,44,0,0,0,0
C00969,49,New,Bratislava,desktop,27,0,0,1,4
C00970,38,Regular,Western Slovakia,desktop,47,0,0,4,4
C00971,35,New,Western Slovakia,mobile,12,0,0,0,0
C00972,37,Loyal,Western Slovakia,desktop,59,1,1,5,10
C00973,41,Loyal,Eastern Slovakia,mobile,30,1,1,2,15
C00974,45,Loyal,Bratislava,mobile,30,0,1,1,3
C00975,26,New,Czech Republic,mobile,58,0,1,1,4
C00976,26,Loyal,Central Slovakia,mobile,39,0,0,0,7
C00977,51,Regular,Czech Republic,tablet,1,1,1,1,7
C00978,33,New,Eastern Slovakia,desktop,42,0,0,0,1
C00979,21,Regular,Czech Republic,mobile,46,0,1,1,3
C00980,43,Regular,Central Slovakia,desktop,23,0,0,0,5
C00981,44,Regular,Western Slovakia,mobile,13,0,0,1,28
C00982,20,New,Western Slovakia,desktop,4,1,0,1,0
C00983,41,Regular,Central Slovakia,desktop,61,1,1,2,8
C00984,47,New,Western Slovakia,mobile,1,1,0,2,6
C00985,42,New,Eastern Slovakia,mobile,42,0,1,1,2
C00986,46,New,Bratislava,mobile,60,0,0,0,9
C00987,21,At-Risk,Eastern Slovakia,mobile,26,0,1,0,1
C00988,42,New,Bratislava,tablet,15,0,0,2,11
C00989,34,Regular,Czech Republic,mobile,51,0,0,0,0
C00990,32,Regular,Bratislava,mobile,45,0,0,4,5
C00991,48,At-Risk,Bratislava,mobile,2,0,0,0,2
C00992,56,Regular,Eastern Slovakia,desktop,41,1,1,2,9
C00993,60,At-Risk,Eastern Slovakia,mobile,1,0,0,4,3
C00994,54,New,Eastern Slovakia,desktop,29,0,1,0,2
C00995,37,New,Czech Republic,desktop,22,0,1,0,2
C00996,42,Regular,Bratislava,mobile,60,1,1,1,2
C00997,47,Regular,Eastern Slovakia,mobile,70,1,1,3,18
C00998,39,Loyal,Western Slovakia,mobile,50,1,1,6,9
C00999,40,Loyal,Central Slovakia,mobile,53,0,1,3,8
C01000,48,Regular,Western Slovakia,desktop,2,0,1,3,8
C01001,37,At-Risk,Bratislava,desktop,5,0,0,0,0
C01002,29,Regular,Central Slovakia,mobile,56,0,1,0,3
C01003,33,New,Eastern Slovakia,mobile,31,0,0,0,9
C01004,46,Regular,Bratislava,mobile,36,1,1,1,5
C01005,38,New,Czech Republic,mobile,50,0,1,1,7
C01006,42,Loyal,Central Slovakia,desktop,25,0,1,7,13
C01007,46,New,Bratislava,desktop,49,1,0,0,10
C01008,34,Regular,Central Slovakia,desktop,52,0,0,0,3
C01009,47,Regular,Bratislava,mobile,18,0,1,1,2
C01010,43,New,Bratislava,mobile,49,0,0,2,10
C01011,23,New,Central Slovakia,mobile,13,0,0,0,1
C01012,55,Loyal,Bratislava,tablet,23,0,0,1,13
C01013,32,New,Bratislava,desktop,56,0,1,1,11
C01014,18,Regular,Eastern Slovakia,tablet,70,1,1,3,10
C01015,25,Regular,Bratislava,mobile,5,0,1,2,6
C01016,26,New,Eastern Slovakia,mobile,47,0,0,3,7
C01017,39,New,Eastern Slovakia,desktop,41,0,1,3,7
C01018,35,Loyal,Bratislava,mobile,44,0,1,2,10
C01019,34,At-Risk,Western Slovakia,desktop,56,0,0,0,1
C01020,45,New,Bratislava,mobile,5,1,0,0,5
C01021,42,At-Risk,Central Slovakia,tablet,53,0,0,2,1
C01022,42,Regular,Bratislava,mobile,20,0,0,0,1
C01023,43,Regular,Czech Republic,tablet,11,0,1,0,10
C01024,45,Loyal,Bratislava,mobile,32,1,1,5,4
C01025,18,Loyal,Central Slovakia,mobile,2,0,1,1,13
C01026,34,Loyal,Bratislava,mobile,45,0,1,0,2
C01027,18,Regular,Bratislava,mobile,41,0,1,1,3
C01028,38,Regular,Western Slovakia,tablet,37,0,1,3,7
C01029,38,Regular,Central Slovakia,desktop,3,0,0,0,1
C01030,51,New,Czech Republic,tablet,55,0,0,3,9
C01031,52,Regular,Bratislava,tablet,3,1,1,2,1
C01032,40,New,Bratislava,desktop,19,0,1,0,0
C01033,32,New,Western Slovakia,mobile,29,1,1,2,1
C01034,44,New,Western Slovakia,desktop,50,0,1,3,0
C01035,32,New,Eastern Slovakia,mobile,29,0,0,0,3
C01036,38,Regular,Czech Republic,desktop,58,0,0,3,3
C01037,50,Regular,Eastern Slovakia,mobile,67,0,1,3,4
C01038,31,Regular,Bratislava,desktop,55,0,1,3,4
C01039,48,New,Western Slovakia,mobile,3,1,0,1,3
C01040,46,Regular,Eastern Slovakia,mobile,55,0,0,1,1
C01041,27,Regular,Western Slovakia,mobile,15,0,0,1,3
C01042,50,Loyal,Central Slovakia,mobile,64,1,1,1,5
C01043,46,Regular,Bratislava,mobile,70,1,1,5,2
C01044,39,Regular,Western Slovakia,mobile,6,0,1,5,4
C01045,29,Regular,Eastern Slovakia,mobile,8,0,0,1,8
C01046,28,At-Risk,Bratislava,desktop,50,0,1,1,3
C01047,32,Loyal,Czech Republic,mobile,11,0,0,2,7
C01048,45,Regular,Western Slovakia,desktop,69,0,1,4,8
C01049,27,Regular,Bratislava,mobile,39,1,0,3,1
C01050,43,New,Bratislava,mobile,41,0,1,0,3
C01051,23,At-Risk,Bratislava,mobile,62,0,0,4,10
C01052,36,Regular,Western Slovakia,mobile,16,0,1,1,7
C01053,39,New,Bratislava,mobile,40,0,0,1,1
C01054,67,At-Risk,Central Slovakia,desktop,71,1,1,1,1
C01055,21,Loyal,Eastern Slovakia,mobile,2,1,0,0,7
C01056,56,New,Western Slovakia,mobile,13,0,0,1,2
C01057,40,New,Bratislava,mobile,11,0,1,0,4
C01058,43,New,Western Slovakia,mobile,24,0,1,2,2
C01059,39,Regular,Eastern Slovakia,mobile,10,0,1,1,3
C01060,43,New,Central Slovakia,desktop,13,0,1,0,2
C01061,36,At-Risk,Bratislava,mobile,61,0,0,0,1
C01062,55,At-Risk,Central Slovakia,desktop,33,0,1,0,2
C01063,33,Regular,Western Slovakia,mobile,26,1,1,2,8
C01064,52,Regular,Western Slovakia,mobile,30,0,1,1,6
C01065,30,New,Bratislava,mobile,69,0,1,1,12
C01066,37,New,Czech Republic,mobile,35,0,1,1,2
C01067,25,Loyal,Bratislava,mobile,34,1,1,2,4
C01068,43,New,Bratislava,desktop,66,0,1,0,0
C01069,55,New,Bratislava,desktop,3,0,0,0,1
C01070,37,Regular,Central Slovakia,mobile,34,0,0,1,2
C01071,36,New,Western Slovakia,mobile,54,0,1,1,3
C01072,25,Regular,Bratislava,desktop,37,0,0,6,3
C01073,35,Loyal,Western Slovakia,mobile,62,1,1,5,8
C01074,19,Loyal,Central Slovakia,mobile,63,0,1,5,5
C01075,27,Regular,Bratislava,desktop,24,0,1,2,5
C01076,41,Loyal,Czech Republic,mobile,59,1,1,4,11
C01077,54,Regular,Western Slovakia,mobile,18,0,1,0,4
C01078,72,Loyal,Bratislava,mobile,18,1,1,4,14
C01079,31,Regular,Czech Republic,desktop,70,0,1,1,5
C01080,55,New,Eastern Slovakia,mobile,1,0,1,0,4
C01081,41,At-Risk,Western Slovakia,desktop,26,1,0,3,2
C01082,36,New,Eastern Slovakia,mobile,45,0,1,1,3
C01083,43,New,Western Slovakia,mobile,30,0,1,0,0
C01084,39,New,Western Slovakia,mobile,60,0,0,0,7
C01085,39,Regular,Eastern Slovakia,desktop,18,0,1,0,1
C01086,33,Regular,Eastern Slovakia,mobile,40,0,1,1,1
C01087,21,Regular,Bratislava,desktop,9,1,1,1,1
C01088,19,At-Risk,Central Slovakia,mobile,15,0,0,1,1
C01089,46,New,Western Slovakia,mobile,13,0,0,2,3
C01090,35,Regular,Bratislava,mobile,53,0,0,0,6
C01091,31,Regular,Czech Republic,mobile,15,0,0,0,3
C01092,38,Loyal,Central Slovakia,mobile,48,0,1,4,16
C01093,48,New,Central Slovakia,desktop,25,1,0,2,10
C01094,40,New,Central Slovakia,desktop,41,0,0,0,4
C01095,30,Regular,Central Slovakia,desktop,63,1,0,0,4
C01096,53,Regular,Bratislava,desktop,62,0,0,2,1
C01097,57,Loyal,Czech Republic,mobile,1,0,1,15,21
C01098,44,Regular,Central Slovakia,desktop,56,0,1,4,1
C01099,50,Loyal,Central Slovakia,mobile,68,0,1,2,4
C01100,53,Regular,Western Slovakia,desktop,48,0,1,1,3
C01101,52,New,Bratislava,desktop,14,0,0,0,1
C01102,45,New,Bratislava,mobile,48,1,0,0,5
C01103,45,New,Western Slovakia,desktop,46,1,0,0,4
C01104,44,Regular,Bratislava,desktop,48,0,0,1,3
C01105,25,Regular,Central Slovakia,mobile,31,0,0,3,7
C01106,46,Regular,Eastern Slovakia,desktop,38,0,0,0,3
C01107,22,Regular,Western Slovakia,mobile,47,0,1,1,3
C01108,28,Regular,Western Slovakia,mobile,33,1,1,3,4
C01109,54,Regular,Central Slovakia,mobile,55,1,1,2,3
C01110,48,Regular,Bratislava,mobile,51,1,1,4,0
C01111,56,Regular,Czech Republic,mobile,22,0,1,4,9
C01112,35,Regular,Western Slovakia,tablet,44,0,1,4,2
C01113,24,Regular,Bratislava,mobile,54,1,1,12,4
C01114,35,Regular,Bratislava,mobile,35,1,1,3,2
C01115,39,Regular,Czech Republic,desktop,51,0,0,5,6
C01116,39,Regular,Bratislava,mobile,9,1,1,1,6
C01117,52,Loyal,Central Slovakia,desktop,28,0,0,5,4
C01118,34,Regular,Bratislava,mobile,50,1,1,1,4
C01119,42,New,Bratislava,tablet,64,1,0,3,4
C01120,26,Regular,Eastern Slovakia,desktop,46,0,0,1,6
C01121,43,At-Risk,Bratislava,mobile,48,0,0,1,3
C01122,38,New,Bratislava,mobile,25,0,1,4,1
C01123,29,Loyal,Western Slovakia,mobile,50,1,1,3,9
C01124,35,New,Eastern Slovakia,tablet,26,0,1,2,5
C01125,36,Regular,Western Slovakia,desktop,4,0,0,0,1
C01126,35,Regular,Bratislava,mobile,18,0,0,1,1
C01127,59,New,Czech Republic,mobile,44,1,1,0,8
C01128,37,At-Risk,Central Slovakia,desktop,69,0,1,0,3
C01129,35,Regular,Eastern Slovakia,mobile,36,0,0,2,4
C01130,18,At-Risk,Eastern Slovakia,desktop,62,0,1,4,3
C01131,27,New,Central Slovakia,desktop,56,0,0,0,2
C01132,35,Loyal,Western Slovakia,mobile,40,0,1,1,2
C01133,30,At-Risk,Western Slovakia,mobile,58,1,1,2,2
C01134,55,Regular,Central Slovakia,mobile,29,1,1,5,13
C01135,36,New,Central Slovakia,mobile,32,1,1,3,1
C01136,53,Loyal,Czech Republic,tablet,53,0,0,1,4
C01137,39,Regular,Central Slovakia,desktop,46,0,0,1,3
C01138,38,At-Risk,Bratislava,desktop,38,1,1,0,4
C01139,37,Regular,Western Slovakia,mobile,31,1,1,6,2
C01140,38,New,Central Slovakia,mobile,70,1,0,2,4
C01141,59,New,Western Slovakia,desktop,5,0,1,1,7
C01142,18,Loyal,Eastern Slovakia,mobile,4,1,1,3,6
C01143,18,At-Risk,Central Slovakia,mobile,35,0,0,0,1
C01144,31,New,Bratislava,mobile,3,0,0,0,1
C01145,38,Loyal,Central Slovakia,desktop,25,0,1,6,12
C01146,46,At-Risk,Central Slovakia,desktop,41,0,1,0,0
C01147,44,New,Czech Republic,mobile,29,0,0,2,9
C01148,33,New,Western Slovakia,desktop,15,0,0,0,2
C01149,50,Loyal,Central Slovakia,mobile,21,1,0,3,3
C01150,50,Regular,Western Slovakia,mobile,43,0,0,4,11
C01151,40,New,Central Slovakia,mobile,68,0,0,0,5
C01152,50,Loyal,Bratislava,desktop,56,1,1,5,7
C01153,41,Regular,Eastern Slovakia,mobile,39,1,0,4,9
C01154,31,At-Risk,Czech Republic,mobile,10,0,0,0,0
C01155,46,Loyal,Central Slovakia,mobile,18,0,1,2,4
C01156,39,Loyal,Central Slovakia,desktop,32,0,0,2,2
C01157,38,Regular,Bratislava,desktop,18,1,0,3,12
C01158,56,New,Central Slovakia,mobile,49,0,1,3,9
C01159,18,Regular,Western Slovakia,tablet,26,1,0,2,1
C01160,21,New,Central Slovakia,mobile,60,0,0,2,2
C01161,24,Regular,Bratislava,mobile,20,0,1,0,3
C01162,34,New,Central Slovakia,desktop,36,0,0,1,5
C01163,35,Regular,Bratislava,desktop,51,0,1,3,3
C01164,20,New,Central Slovakia,mobile,15,0,0,0,10
C01165,26,New,Central Slovakia,mobile,55,0,0,0,1
C01166,28,New,Bratislava,mobile,42,0,0,0,1
C01167,67,Regular,Western Slovakia,mobile,46,0,0,0,1
C01168,60,Loyal,Eastern Slovakia,desktop,33,1,0,4,4
C01169,33,New,Central Slovakia,tablet,67,1,1,1,3
C01170,34,Loyal,Bratislava,mobile,55,1,0,2,12
C01171,24,Loyal,Western Slovakia,desktop,14,0,1,2,3
C01172,18,Regular,Western Slovakia,mobile,40,0,0,0,4
C01173,37,Regular,Central Slovakia,mobile,65,1,1,1,2
C01174,26,Regular,Central Slovakia,mobile,20,0,1,1,3
C01175,37,New,Bratislava,tablet,39,1,1,6,1
C01176,19,Regular,Central Slovakia,mobile,54,1,1,1,15
C01177,29,New,Eastern Slovakia,desktop,20,1,1,3,5
C01178,40,Loyal,Eastern Slovakia,mobile,37,0,1,0,7
C01179,42,At-Risk,Bratislava,desktop,40,0,1,3,1
C01180,43,Loyal,Western Slovakia,mobile,13,1,1,2,1
C01181,22,Regular,Western Slovakia,tablet,13,1,0,3,2
C01182,48,Regular,Bratislava,desktop,40,0,1,3,2
C01183,28,At-Risk,Western Slovakia,mobile,13,0,0,0,2
C01184,46,New,Bratislava,desktop,68,1,1,4,4
C01185,38,New,Bratislava,desktop,38,0,0,2,9
C01186,21,Regular,Central Slovakia,mobile,51,0,0,0,11
C01187,34,Regular,Bratislava,mobile,29,1,0,6,6
C01188,42,Regular,Central Slovakia,desktop,22,1,0,3,1
C01189,45,New,Bratislava,desktop,35,0,0,0,2
C01190,36,Regular,Central Slovakia,mobile,51,0,1,1,7
C01191,56,New,Western Slovakia,desktop,29,0,1,0,3
C01192,50,New,Eastern Slovakia,mobile,21,0,1,2,1
C01193,35,New,Eastern Slovakia,mobile,11,0,0,3,27
C01194,47,Regular,Western Slovakia,desktop,39,0,0,3,7
C01195,61,Loyal,Central Slovakia,mobile,49,0,1,2,2
C01196,62,Regular,Bratislava,mobile,38,1,1,7,32
C01197,23,Regular,Central Slovakia,mobile,19,0,1,4,27
C01198,27,Loyal,Bratislava,mobile,18,1,1,10,32
C01199,56,Regular,Western Slovakia,mobile,27,0,0,1,1
C01200,25,Loyal,Bratislava,desktop,25,1,1,4,5
C01201,22,Loyal,Eastern Slovakia,mobile,15,1,0,2,7
C01202,32,Regular,Western Slovakia,desktop,67,1,1,5,4
C01203,43,New,Central Slovakia,desktop,24,0,0,1,8
C01204,37,New,Western Slovakia,mobile,18,0,0,3,5
C01205,30,At-Risk,Bratislava,mobile,44,0,1,1,6
C01206,30,Loyal,Bratislava,desktop,57,1,1,5,4
C01207,29,At-Risk,Czech Republic,mobile,33,0,1,0,2
C01208,27,At-Risk,Eastern Slovakia,mobile,48,0,0,0,1
C01209,65,New,Bratislava,desktop,7,0,0,1,2
C01210,42,Loyal,Eastern Slovakia,desktop,38,0,1,5,5
C01211,49,Regular,Western Slovakia,desktop,5,0,1,2,4
C01212,32,Loyal,Bratislava,mobile,10,1,1,7,17
C01213,36,New,Central Slovakia,mobile,43,0,1,3,1
C01214,29,New,Bratislava,mobile,15,0,1,0,2
C01215,18,Loyal,Bratislava,desktop,3,0,1,3,10
C01216,21,Loyal,Central Slovakia,mobile,13,0,1,5,11
C01217,18,Regular,Bratislava,mobile,55,0,0,6,10
C01218,18,Regular,Eastern Slovakia,mobile,42,0,1,2,2
C01219,24,Regular,Central Slovakia,desktop,28,0,0,2,9
C01220,54,At-Risk,Eastern Slovakia,desktop,70,1,1,0,2
C01221,37,Regular,Central Slovakia,mobile,28,0,1,2,6
C01222,53,Regular,Eastern Slovakia,mobile,63,0,1,3,3
C01223,43,Regular,Western Slovakia,mobile,25,0,0,0,16
C01224,47,Regular,Central Slovakia,mobile,2,1,0,3,2
C01225,27,Regular,Western Slovakia,mobile,8,0,1,0,11
C01226,44,Regular,Czech Republic,mobile,20,1,1,4,12
C01227,47,Loyal,Bratislava,desktop,14,1,1,7,2
C01228,31,At-Risk,Central Slovakia,desktop,12,0,1,0,1
C01229,45,At-Risk,Eastern Slovakia,tablet,28,0,0,0,1
C01230,45,Regular,Western Slovakia,tablet,70,0,1,1,7
C01231,31,Regular,Eastern Slovakia,mobile,15,0,0,0,4
C01232,25,Loyal,Western Slovakia,mobile,17,0,1,1,3
C01233,24,Loyal,Bratislava,mobile,71,0,1,4,1
C01234,39,Regular,Central Slovakia,desktop,15,0,0,1,9
C01235,42,Loyal,Western Slovakia,mobile,59,0,1,5,9
C01236,28,Loyal,Bratislava,mobile,45,0,0,2,1
C01237,38,Regular,Bratislava,mobile,66,1,0,0,5
C01238,45,Loyal,Bratislava,mobile,40,0,1,0,6
C01239,45,New,Eastern Slovakia,desktop,43,0,1,3,2
C01240,57,Regular,Eastern Slovakia,desktop,17,0,1,0,2
C01241,53,Regular,Central Slovakia,mobile,41,1,1,2,13
C01242,26,New,Bratislava,desktop,48,0,0,0,0
C01243,58,Loyal,Central Slovakia,mobile,71,0,0,1,2
C01244,32,Regular,Eastern Slovakia,mobile,7,0,1,0,0
C01245,51,New,Eastern Slovakia,mobile,12,0,0,2,3
C01246,39,Loyal,Bratislava,desktop,2,0,0,0,5
C01247,33,Loyal,Bratislava,desktop,57,0,0,2,4
C01248,18,Loyal,Czech Republic,mobile,6,1,1,0,4
C01249,36,Regular,Eastern Slovakia,tablet,65,0,1,2,6
C01250,19,Loyal,Bratislava,mobile,26,0,1,7,5
C01251,50,Regular,Eastern Slovakia,mobile,21,0,0,3,19
C01252,56,Regular,Bratislava,desktop,70,1,0,0,3
C01253,28,New,Bratislava,tablet,52,0,0,0,0
C01254,42,Regular,Eastern Slovakia,desktop,39,0,1,0,1
C01255,29,Loyal,Central Slovakia,tablet,64,1,0,4,12
C01256,30,Regular,Western Slovakia,mobile,54,0,0,0,5
C01257,47,Regular,Czech Republic,desktop,46,0,1,4,8
C01258,38,Loyal,Eastern Slovakia,desktop,23,0,1,4,10
C01259,59,Loyal,Bratislava,mobile,71,0,1,4,4
C01260,32,New,Central Slovakia,mobile,52,1,0,0,4
C01261,50,At-Risk,Eastern Slovakia,tablet,68,0,1,7,5
C01262,39,Loyal,Central Slovakia,mobile,69,1,1,4,3
C01263,48,At-Risk,Czech Republic,mobile,39,0,0,0,1
C01264,33,At-Risk,Central Slovakia,desktop,26,0,0,3,9
C01265,37,At-Risk,Bratislava,desktop,68,0,0,3,1
C01266,37,Loyal,Bratislava,tablet,71,0,0,1,2
C01267,28,Regular,Eastern Slovakia,desktop,9,0,0,2,6
C01268,46,New,Czech Republic,mobile,46,0,0,1,1
C01269,46,Regular,Bratislava,tablet,43,1,0,4,14
C01270,45,Loyal,Bratislava,mobile,54,1,1,4,4
C01271,56,Regular,Eastern Slovakia,desktop,70,0,0,0,10
C01272,55,Loyal,Bratislava,mobile,18,0,0,4,12
C01273,34,New,Bratislava,desktop,70,0,0,1,4
C01274,42,Regular,Eastern Slovakia,mobile,46,1,1,2,13
C01275,31,Regular,Eastern Slovakia,desktop,6,0,1,1,2
C01276,38,Regular,Eastern Slovakia,mobile,37,0,1,3,4
C01277,31,New,Central Slovakia,mobile,10,0,1,2,1
C01278,57,New,Western Slovakia,mobile,68,0,1,4,18
C01279,42,Loyal,Czech Republic,mobile,55,1,1,5,16
C01280,35,Regular,Bratislava,desktop,65,0,1,2,1
C01281,52,New,Bratislava,mobile,43,1,0,2,1
C01282,18,New,Eastern Slovakia,mobile,29,0,0,0,1
C01283,18,Regular,Central Slovakia,mobile,31,0,0,1,1
C01284,48,New,Eastern Slovakia,mobile,68,0,1,3,4
C01285,39,Loyal,Bratislava,desktop,11,1,1,1,9
C01286,41,Loyal,Czech Republic,mobile,63,1,1,5,15
C01287,22,New,Central Slovakia,mobile,30,0,0,2,5
C01288,38,Regular,Central Slovakia,mobile,42,1,1,1,1
C01289,62,New,Czech Republic,mobile,48,0,0,4,14
C01290,48,Regular,Western Slovakia,desktop,6,0,1,2,6
C01291,40,At-Risk,Central Slovakia,mobile,11,0,1,0,2
C01292,33,Regular,Central Slovakia,mobile,12,1,1,3,4
C01293,33,At-Risk,Eastern Slovakia,desktop,56,0,0,0,2
C01294,18,New,Eastern Slovakia,mobile,6,1,1,0,0
C01295,41,Regular,Central Slovakia,desktop,44,1,0,2,5
C01296,48,Regular,Bratislava,mobile,8,0,1,1,3
C01297,19,Regular,Bratislava,tablet,55,0,1,0,3
C01298,30,At-Risk,Czech Republic,mobile,70,1,1,3,3
C01299,24,New,Czech Republic,mobile,30,0,0,1,12
C01300,26,Loyal,Czech Republic,desktop,16,0,1,1,23
C01301,39,Loyal,Bratislava,desktop,32,1,0,2,6
C01302,18,Regular,Western Slovakia,desktop,50,0,0,0,6
C01303,45,Regular,Eastern Slovakia,desktop,52,0,0,4,5
C01304,47,Regular,Eastern Slovakia,mobile,46,0,1,2,3
C01305,35,New,Bratislava,desktop,42,0,0,3,11
C01306,18,Loyal,Central Slovakia,desktop,45,1,0,5,28
C01307,26,Regular,Bratislava,mobile,16,0,1,1,4
C01308,53,At-Risk,Western Slovakia,mobile,15,0,1,0,1
C01309,18,Regular,Bratislava,mobile,67,0,1,3,3
C01310,34,Regular,Bratislava,tablet,42,0,1,1,2
C01311,24,Loyal,Bratislava,mobile,62,0,1,6,13
C01312,48,Regular,Czech Republic,mobile,45,1,1,6,9
C01313,30,At-Risk,Eastern Slovakia,desktop,33,0,1,0,1
C01314,43,New,Czech Republic,desktop,41,0,0,1,3
C01315,45,At-Risk,Western Slovakia,mobile,50,1,1,3,2
C01316,60,Loyal,Western Slovakia,desktop,14,0,0,0,4
C01317,36,Loyal,Western Slovakia,mobile,33,1,1,5,3
C01318,43,Regular,Central Slovakia,desktop,52,1,1,3,4
C01319,20,Loyal,Western Slovakia,mobile,7,0,1,4,2
C01320,52,Regular,Eastern Slovakia,mobile,6,1,0,1,7
C01321,29,Loyal,Eastern Slovakia,desktop,12,0,1,2,5
C01322,31,New,Eastern Slovakia,mobile,42,0,0,0,5
C01323,38,Regular,Bratislava,mobile,17,1,0,0,3
C01324,19,Regular,Central Slovakia,mobile,31,0,0,2,2
C01325,41,Regular,Bratislava,desktop,10,1,1,4,5
C01326,50,Regular,Bratislava,desktop,18,0,1,3,21
C01327,42,Loyal,Central Slovakia,desktop,2,0,1,7,7
C01328,19,New,Central Slovakia,tablet,58,0,1,5,22
C01329,37,Loyal,Eastern Slovakia,desktop,34,1,0,3,4
C01330,47,New,Bratislava,mobile,13,0,0,0,4
C01331,18,Loyal,Czech Republic,mobile,38,0,1,4,12
C01332,25,Loyal,Czech Republic,desktop,67,0,0,5,8
C01333,49,Regular,Western Slovakia,tablet,59,1,0,0,2
C01334,41,Loyal,Eastern Slovakia,tablet,63,1,0,0,5
C01335,43,At-Risk,Bratislava,desktop,29,1,0,3,6
C01336,60,Loyal,Eastern Slovakia,mobile,26,1,1,1,8
C01337,44,Regular,Eastern Slovakia,tablet,23,0,0,4,2
C01338,46,Regular,Eastern Slovakia,tablet,22,0,0,2,1
C01339,71,Loyal,Eastern Slovakia,desktop,66,1,1,4,18
C01340,35,New,Western Slovakia,desktop,10,0,0,2,13
C01341,28,Loyal,Eastern Slovakia,mobile,61,0,1,3,11
C01342,43,Regular,Central Slovakia,tablet,66,0,1,1,2
C01343,43,Loyal,Bratislava,mobile,60,0,0,1,11
C01344,32,New,Bratislava,desktop,45,0,1,4,2
C01345,26,New,Eastern Slovakia,mobile,61,0,0,0,1
C01346,66,At-Risk,Central Slovakia,mobile,3,0,0,0,8
C01347,42,Loyal,Western Slovakia,mobile,59,1,0,4,30
C01348,29,At-Risk,Czech Republic,mobile,37,0,0,6,3
C01349,49,At-Risk,Central Slovakia,mobile,69,1,0,2,2
C01350,37,Regular,Western Slovakia,tablet,7,1,1,0,3
C01351,35,New,Western Slovakia,mobile,67,1,0,4,3
C01352,45,New,Central Slovakia,desktop,41,0,1,0,1
C01353,22,Regular,Eastern Slovakia,mobile,8,0,0,0,0
C01354,42,New,Central Slovakia,mobile,37,0,1,0,6
C01355,61,At-Risk,Western Slovakia,desktop,3,0,1,1,3
C01356,44,New,Eastern Slovakia,desktop,6,0,1,1,12
C01357,33,New,Central Slovakia,mobile,38,0,0,1,6
C01358,32,New,Eastern Slovakia,desktop,58,0,1,2,6
C01359,33,New,Bratislava,desktop,8,1,1,2,3
C01360,35,New,Eastern Slovakia,desktop,19,0,1,0,0
C01361,33,Regular,Western Slovakia,tablet,28,0,0,0,3
C01362,49,Regular,Bratislava,desktop,39,0,0,2,4
C01363,18,Regular,Central Slovakia,desktop,1,0,1,0,2
C01364,48,At-Risk,Central Slovakia,mobile,46,0,0,3,5
C01365,33,Regular,Central Slovakia,mobile,36,0,0,3,7
C01366,43,Loyal,Eastern Slovakia,mobile,69,1,0,4,8
C01367,24,Regular,Western Slovakia,desktop,22,0,1,5,27
C01368,54,New,Bratislava,desktop,36,0,1,2,1
C01369,53,Regular,Western Slovakia,mobile,6,0,1,2,5
C01370,50,At-Risk,Western Slovakia,desktop,66,1,0,0,3
C01371,20,Regular,Central Slovakia,mobile,60,1,0,3,4
C01372,48,New,Eastern Slovakia,mobile,26,0,0,0,1
C01373,43,Regular,Eastern Slovakia,tablet,33,1,1,3,7
C01374,19,Loyal,Bratislava,mobile,61,1,0,4,5
C01375,38,Regular,Western Slovakia,mobile,21,0,1,1,1
C01376,42,Regular,Bratislava,mobile,17,1,1,2,11
C01377,45,At-Risk,Central Slovakia,mobile,18,1,1,0,5
C01378,40,Regular,Bratislava,desktop,51,0,0,0,1
C01379,41,Regular,Central Slovakia,tablet,15,1,0,1,10
C01380,56,New,Eastern Slovakia,desktop,7,0,1,0,12
C01381,53,New,Central Slovakia,desktop,12,0,0,0,0
C01382,18,At-Risk,Bratislava,mobile,71,0,0,1,3
C01383,34,Regular,Western Slovakia,mobile,62,0,1,1,4
C01384,36,Regular,Central Slovakia,mobile,68,0,1,0,3
C01385,18,Regular,Central Slovakia,mobile,20,0,0,0,8
C01386,39,New,Bratislava,desktop,32,0,1,1,4
C01387,53,Loyal,Eastern Slovakia,mobile,35,0,1,1,6
C01388,25,New,Western Slovakia,mobile,38,1,0,1,3
C01389,42,Loyal,Western Slovakia,mobile,2,1,1,4,18
C01390,27,Regular,Bratislava,desktop,43,0,0,5,1
C01391,30,New,Western Slovakia,mobile,3,0,0,2,8
C01392,56,New,Western Slovakia,mobile,20,1,1,5,4
C01393,31,Loyal,Bratislava,desktop,21,1,0,3,8
C01394,44,New,Central Slovakia,mobile,48,1,1,1,2
C01395,18,New,Western Slovakia,tablet,64,1,1,1,3
C01396,60,Loyal,Eastern Slovakia,mobile,50,1,1,5,5
C01397,45,Regular,Czech Republic,desktop,31,0,0,1,3
C01398,36,Regular,Bratislava,tablet,38,1,1,1,9
C01399,45,New,Bratislava,mobile,37,0,0,0,1
C01400,21,Loyal,Eastern Slovakia,desktop,11,1,0,2,9
C01401,52,New,Czech Republic,mobile,68,0,0,0,2
C01402,34,New,Eastern Slovakia,desktop,66,0,1,2,4
C01403,36,Regular,Bratislava,desktop,18,1,1,1,4
C01404,32,New,Bratislava,desktop,9,0,0,0,0
C01405,31,Regular,Bratislava,tablet,12,0,1,1,2
C01406,46,New,Eastern Slovakia,desktop,45,1,1,3,17
C01407,41,New,Central Slovakia,mobile,3,1,1,3,6
C01408,46,Regular,Western Slovakia,mobile,8,0,0,4,9
C01409,38,Loyal,Central Slovakia,desktop,47,1,1,3,10
C01410,44,New,Bratislava,desktop,11,0,0,3,5
C01411,33,New,Central Slovakia,desktop,5,1,1,3,3
C01412,65,At-Risk,Bratislava,mobile,2,0,1,0,1
C01413,19,At-Risk,Central Slovakia,mobile,51,0,1,0,0
C01414,53,Regular,Eastern Slovakia,desktop,26,0,0,4,4
C01415,54,New,Central Slovakia,tablet,21,0,0,1,4
C01416,28,Regular,Western Slovakia,mobile,46,0,1,1,2
C01417,65,New,Eastern Slovakia,mobile,13,0,0,0,3
C01418,50,New,Central Slovakia,mobile,38,0,1,1,2
C01419,50,Regular,Bratislava,mobile,35,0,0,3,6
C01420,38,Regular,Bratislava,tablet,48,0,1,1,5
C01421,35,Regular,Central Slovakia,mobile,45,0,0,5,2
C01422,35,Regular,Bratislava,mobile,48,1,0,5,5
C01423,43,New,Bratislava,mobile,16,0,0,1,5
C01424,55,Regular,Bratislava,mobile,10,0,1,2,3
C01425,40,Loyal,Bratislava,tablet,38,0,1,2,13
C01426,27,Loyal,Western Slovakia,mobile,5,0,0,3,4
C01427,48,Regular,Central Slovakia,mobile,33,1,0,0,6
C01428,49,Regular,Bratislava,mobile,45,0,1,0,1
C01429,46,New,Central Slovakia,tablet,59,0,0,2,3
C01430,47,New,Bratislava,tablet,47,0,1,1,3
C01431,35,Loyal,Western Slovakia,mobile,71,0,1,4,2
C01432,27,New,Bratislava,desktop,40,1,1,1,5
C01433,28,Regular,Eastern Slovakia,mobile,32,0,0,2,0
C01434,18,Regular,Czech Republic,mobile,18,0,1,2,1
C01435,41,New,Western Slovakia,mobile,48,0,1,1,2
C01436,37,New,Bratislava,desktop,58,1,1,1,5
C01437,33,Regular,Bratislava,tablet,23,0,0,1,5
C01438,18,At-Risk,Bratislava,mobile,6,1,0,1,2
C01439,23,Regular,Eastern Slovakia,mobile,1,0,0,0,11
C01440,51,Regular,Bratislava,mobile,45,0,0,1,1
C01441,30,New,Czech Republic,mobile,48,0,0,0,1
C01442,42,Regular,Central Slovakia,mobile,9,1,1,2,4
C01443,21,New,Western Slovakia,mobile,2,1,0,2,3
C01444,55,Regular,Eastern Slovakia,tablet,47,1,1,3,6
C01445,36,Loyal,Bratislava,mobile,29,0,1,4,3
C01446,41,Regular,Eastern Slovakia,desktop,30,0,1,0,8
C01447,66,New,Bratislava,mobile,19,0,0,1,3
C01448,56,New,Eastern Slovakia,mobile,51,0,1,3,1
C01449,34,New,Central Slovakia,mobile,53,0,1,0,2
C01450,31,Regular,Bratislava,tablet,4,1,1,3,18
C01451,34,At-Risk,Eastern Slovakia,mobile,7,0,1,1,1
C01452,44,New,Bratislava,mobile,40,1,1,2,3
C01453,37,Regular,Bratislava,desktop,43,0,0,2,4
C01454,33,Loyal,Eastern Slovakia,desktop,11,1,0,5,4
C01455,56,New,Western Slovakia,desktop,12,0,0,2,1
C01456,37,New,Eastern Slovakia,mobile,49,0,1,1,9
C01457,66,Regular,Central Slovakia,mobile,33,0,0,0,0
C01458,39,Regular,Central Slovakia,desktop,9,0,1,1,2
C01459,59,Regular,Bratislava,desktop,44,0,0,1,3
C01460,42,Loyal,Bratislava,desktop,6,0,0,0,8
C01461,50,Loyal,Czech Republic,mobile,17,0,1,0,6
C01462,29,Loyal,Bratislava,mobile,51,0,1,4,13
C01463,28,At-Risk,Central Slovakia,tablet,16,1,1,4,8
C01464,44,Loyal,Bratislava,desktop,5,0,1,2,4
C01465,50,Loyal,Bratislava,mobile,69,0,1,4,4
C01466,38,Loyal,Central Slovakia,tablet,16,0,1,0,3
C01467,23,Loyal,Eastern Slovakia,desktop,37,0,1,2,2
C01468,22,Loyal,Eastern Slovakia,mobile,59,0,1,2,8
C01469,21,At-Risk,Eastern Slovakia,mobile,71,1,1,2,3
C01470,18,Regular,Bratislava,desktop,58,0,0,1,3
C01471,39,Regular,Western Slovakia,mobile,25,0,0,2,3
C01472,52,Regular,Bratislava,mobile,61,0,1,0,3
C01473,38,Loyal,Eastern Slovakia,desktop,1,0,1,2,6
C01474,18,Regular,Western Slovakia,mobile,24,0,0,1,2
C01475,36,Loyal,Central Slovakia,tablet,15,0,1,3,2
C01476,36,Loyal,Bratislava,mobile,38,0,1,4,4
C01477,63,At-Risk,Eastern Slovakia,mobile,64,0,0,0,0
C01478,21,New,Eastern Slovakia,desktop,55,0,1,2,6
C01479,33,Loyal,Eastern Slovakia,desktop,71,1,0,6,7
C01480,58,Loyal,Bratislava,mobile,10,0,0,1,3
C01481,43,At-Risk,Czech Republic,desktop,54,0,1,3,3
C01482,45,At-Risk,Bratislava,desktop,52,0,0,0,1
C01483,39,Regular,Western Slovakia,desktop,33,0,0,0,4
C01484,42,Regular,Bratislava,desktop,7,1,1,3,5
C01485,47,New,Bratislava,mobile,8,0,0,0,2
C01486,28,At-Risk,Central Slovakia,mobile,65,1,0,1,1
C01487,49,New,Bratislava,mobile,21,1,1,3,1
C01488,22,Loyal,Western Slovakia,mobile,46,0,1,1,3
C01489,42,Loyal,Central Slovakia,desktop,68,1,1,2,19
C01490,40,Regular,Eastern Slovakia,mobile,36,0,0,1,4
C01491,31,New,Central Slovakia,mobile,15,0,1,1,5
C01492,38,New,Central Slovakia,mobile,35,1,0,0,2
C01493,31,Loyal,Bratislava,mobile,17,1,1,2,6
C01494,25,Regular,Eastern Slovakia,mobile,13,1,0,4,3
C01495,34,New,Bratislava,desktop,58,0,0,2,4
C01496,25,Loyal,Bratislava,desktop,25,0,1,1,3
C01497,42,New,Bratislava,mobile,49,0,1,0,4
C01498,24,Loyal,Central Slovakia,mobile,52,0,1,3,1
C01499,47,Regular,Western Slovakia,desktop,40,0,0,1,7
C01500,24,New,Central Slovakia,mobile,39,0,0,0,1
C01501,31,New,Western Slovakia,mobile,13,0,1,3,3
C01502,31,Regular,Western Slovakia,mobile,38,0,0,5,12
C01503,54,Regular,Western Slovakia,mobile,54,0,1,1,11
C01504,42,Loyal,Bratislava,desktop,14,1,1,5,8
C01505,35,Regular,Western Slovakia,desktop,17,0,0,1,9
C01506,44,Regular,Central Slovakia,tablet,50,0,0,3,2
C01507,18,New,Central Slovakia,desktop,70,0,0,1,2
C01508,37,New,Bratislava,mobile,28,0,1,2,8
C01509,62,At-Risk,Central Slovakia,mobile,59,1,0,0,0
C01510,40,New,Western Slovakia,mobile,13,0,1,1,5
C01511,39,At-Risk,Bratislava,mobile,41,0,1,2,3
C01512,45,Regular,Bratislava,mobile,68,0,1,2,4
C01513,49,New,Western Slovakia,mobile,32,0,0,0,2
C01514,18,New,Western Slovakia,mobile,36,0,1,3,4
C01515,18,New,Central Slovakia,mobile,12,0,1,1,2
C01516,41,Loyal,Bratislava,desktop,38,0,1,2,5
C01517,29,Regular,Eastern Slovakia,desktop,42,0,1,1,6
C01518,54,Regular,Bratislava,tablet,70,0,0,0,3
C01519,34,Regular,Central Slovakia,mobile,15,0,0,0,4
C01520,18,Regular,Eastern Slovakia,mobile,27,0,0,0,2
C01521,23,At-Risk,Western Slovakia,tablet,46,0,1,0,6
C01522,18,At-Risk,Bratislava,desktop,67,1,0,0,0
C01523,35,Loyal,Central Slovakia,desktop,17,0,1,0,2
C01524,36,Loyal,Czech Republic,mobile,50,0,1,1,15
C01525,33,Loyal,Czech Republic,mobile,63,0,0,1,6
C01526,51,Regular,Bratislava,desktop,45,0,1,0,4
C01527,52,Loyal,Eastern Slovakia,desktop,31,1,0,5,37
C01528,36,New,Western Slovakia,mobile,17,0,1,1,2
C01529,18,Loyal,Bratislava,mobile,21,0,0,3,4
C01530,45,At-Risk,Central Slovakia,mobile,4,1,0,1,0
C01531,45,New,Western Slovakia,mobile,11,0,0,3,3
C01532,42,Loyal,Central Slovakia,desktop,32,0,0,0,4
C01533,50,At-Risk,Eastern Slovakia,mobile,10,0,1,0,4
C01534,24,New,Western Slovakia,mobile,1,0,0,1,2
C01535,62,Regular,Central Slovakia,mobile,50,0,1,12,13
C01536,26,At-Risk,Western Slovakia,tablet,6,0,0,1,7
C01537,47,At-Risk,Bratislava,mobile,11,0,1,0,2
C01538,18,New,Western Slovakia,mobile,43,1,1,0,1
C01539,27,Regular,Czech Republic,desktop,66,0,0,2,2
C01540,56,Loyal,Western Slovakia,desktop,52,0,1,8,7
C01541,35,New,Bratislava,desktop,3,1,1,0,2
C01542,48,Regular,Central Slovakia,desktop,12,1,1,2,6
C01543,41,New,Czech Republic,mobile,53,0,0,0,2
C01544,37,New,Czech Republic,tablet,53,0,0,4,7
C01545,54,Regular,Central Slovakia,desktop,28,0,0,0,22
C01546,35,Regular,Western Slovakia,mobile,68,1,1,2,3
C01547,18,Regular,Central Slovakia,desktop,64,0,1,1,5
C01548,28,Loyal,Eastern Slovakia,mobile,53,0,1,4,4
C01549,45,Regular,Eastern Slovakia,mobile,54,1,1,3,7
C01550,43,New,Eastern Slovakia,mobile,56,1,0,2,12
C01551,19,New,Western Slovakia,mobile,11,1,0,3,3
C01552,29,New,Bratislava,tablet,50,0,1,2,6
C01553,31,Regular,Central Slovakia,mobile,67,1,1,3,5
C01554,34,New,Bratislava,desktop,16,0,0,2,7
C01555,21,New,Bratislava,mobile,2,1,1,6,11
C01556,30,New,Western Slovakia,mobile,26,0,0,0,2
C01557,29,Regular,Central Slovakia,mobile,20,0,0,1,10
C01558,47,Regular,Eastern Slovakia,mobile,68,0,1,0,3
C01559,48,At-Risk,Eastern Slovakia,desktop,32,0,0,0,9
C01560,36,Loyal,Eastern Slovakia,tablet,47,0,1,5,18
C01561,33,Regular,Eastern Slovakia,mobile,70,1,0,6,2
C01562,40,New,Central Slovakia,tablet,57,0,1,3,2
C01563,28,Regular,Bratislava,desktop,54,1,1,1,6
C01564,24,New,Central Slovakia,desktop,69,0,0,2,1
C01565,27,Regular,Bratislava,mobile,49,0,0,0,5
C01566,30,Regular,Bratislava,mobile,17,0,1,0,3
C01567,24,Regular,Bratislava,desktop,52,1,0,2,8
C01568,40,New,Eastern Slovakia,mobile,23,0,1,1,5
C01569,47,Loyal,Eastern Slovakia,mobile,24,0,0,2,5
C01570,19,Loyal,Czech Republic,desktop,46,1,1,5,5
C01571,38,Loyal,Czech Republic,mobile,23,0,0,3,0
C01572,35,Regular,Eastern Slovakia,desktop,2,0,1,0,4
C01573,42,Regular,Bratislava,mobile,71,1,1,1,8
C01574,38,New,Eastern Slovakia,tablet,41,0,0,2,2
C01575,21,Loyal,Eastern Slovakia,mobile,48,0,0,1,4
C01576,23,Regular,Eastern Slovakia,mobile,58,0,1,3,8
C01577,38,New,Bratislava,desktop,46,0,1,0,4
C01578,50,Regular,Bratislava,mobile,44,0,1,1,1
C01579,18,At-Risk,Czech Republic,tablet,57,1,1,0,3
C01580,42,Regular,Bratislava,desktop,21,1,0,0,1
C01581,52,Regular,Western Slovakia,mobile,59,0,1,1,7
C01582,36,Regular,Western Slovakia,mobile,52,0,0,4,10
C01583,45,Regular,Bratislava,tablet,13,0,0,2,4
C01584,30,Regular,Bratislava,desktop,11,1,0,1,4
C01585,37,New,Czech Republic,desktop,63,0,1,2,3
C01586,19,Regular,Eastern Slovakia,mobile,64,0,1,1,4
C01587,18,Loyal,Czech Republic,tablet,71,0,1,3,2
C01588,49,New,Bratislava,mobile,8,0,1,0,1
C01589,26,Loyal,Bratislava,desktop,64,0,1,6,19
C01590,33,New,Western Slovakia,mobile,62,1,0,2,16
C01591,21,Loyal,Western Slovakia,mobile,55,0,0,0,4
C01592,21,Regular,Bratislava,tablet,36,0,1,1,7
C01593,36,Regular,Eastern Slovakia,tablet,37,0,1,0,1
C01594,29,Regular,Czech Republic,mobile,31,1,1,1,2
C01595,43,At-Risk,Central Slovakia,tablet,3,0,0,4,1
C01596,43,Regular,Western Slovakia,mobile,36,1,1,2,1
C01597,42,Loyal,Western Slovakia,mobile,17,0,0,6,5
C01598,41,Loyal,Bratislava,mobile,15,1,1,8,16
C01599,57,New,Bratislava,mobile,4,1,1,7,5
C01600,25,New,Western Slovakia,mobile,33,0,0,0,12
C01601,37,Regular,Western Slovakia,mobile,4,0,0,3,3
C01602,52,New,Central Slovakia,mobile,61,0,0,0,10
C01603,53,Regular,Eastern Slovakia,desktop,64,0,1,5,43
C01604,21,Regular,Bratislava,desktop,57,0,1,1,6
C01605,34,Regular,Bratislava,desktop,22,0,0,2,0
C01606,54,New,Bratislava,mobile,12,0,0,0,0
C01607,44,Loyal,Bratislava,desktop,36,0,0,5,2
C01608,40,Regular,Central Slovakia,mobile,48,0,1,4,3
C01609,35,Loyal,Eastern Slovakia,desktop,2,0,0,0,6
C01610,33,New,Eastern Slovakia,mobile,61,0,1,1,3
C01611,41,Regular,Central Slovakia,mobile,32,1,1,2,8
C01612,35,New,Western Slovakia,mobile,59,0,1,2,4
C01613,37,Regular,Bratislava,desktop,6,0,1,4,24
C01614,39,Regular,Western Slovakia,tablet,31,0,0,1,9
C01615,30,At-Risk,Western Slovakia,desktop,33,1,1,0,1
C01616,44,Regular,Eastern Slovakia,tablet,4,0,0,0,1
C01617,73,Regular,Western Slovakia,tablet,51,0,0,3,11
C01618,18,New,Bratislava,mobile,67,1,1,1,2
C01619,42,Regular,Bratislava,desktop,39,0,0,2,2
C01620,29,Regular,Bratislava,mobile,29,0,1,0,1
C01621,45,Regular,Czech Republic,mobile,46,0,1,4,6
C01622,39,New,Bratislava,mobile,26,1,0,2,9
C01623,47,New,Bratislava,tablet,26,1,1,1,4
C01624,52,New,Bratislava,desktop,54,0,1,1,7
C01625,40,At-Risk,Eastern Slovakia,mobile,42,1,0,3,6
C01626,52,Regular,Central Slovakia,mobile,19,1,1,0,2
C01627,18,New,Central Slovakia,mobile,29,0,1,0,1
C01628,57,At-Risk,Western Slovakia,desktop,60,0,0,0,0
C01629,43,New,Bratislava,tablet,38,1,0,1,8
C01630,51,Regular,Eastern Slovakia,mobile,6,0,0,0,2
C01631,23,Loyal,Bratislava,mobile,61,1,0,1,6
C01632,28,At-Risk,Bratislava,desktop,53,0,1,1,4
C01633,40,Loyal,Central Slovakia,mobile,19,0,1,1,2
C01634,38,Regular,Bratislava,mobile,69,1,1,4,6
C01635,41,At-Risk,Bratislava,mobile,68,0,1,0,2
C01636,51,New,Eastern Slovakia,mobile,71,0,0,0,1
C01637,18,At-Risk,Western Slovakia,mobile,27,0,0,3,0
C01638,50,Loyal,Bratislava,desktop,66,0,1,1,3
C01639,38,At-Risk,Western Slovakia,mobile,58,0,1,3,3
C01640,36,New,Eastern Slovakia,mobile,62,1,1,3,19
C01641,20,New,Bratislava,desktop,39,0,0,1,2
C01642,44,Regular,Bratislava,tablet,20,1,1,1,2
C01643,18,Regular,Central Slovakia,mobile,17,0,0,1,2
C01644,46,Regular,Central Slovakia,mobile,69,0,1,0,5
C01645,20,At-Risk,Czech Republic,desktop,36,0,1,0,3
C01646,39,Regular,Western Slovakia,mobile,66,1,0,3,25
C01647,37,Regular,Bratislava,desktop,40,0,0,2,1
C01648,52,Regular,Central Slovakia,mobile,38,1,1,6,2
C01649,36,New,Central Slovakia,mobile,6,0,0,0,6
C01650,30,New,Bratislava,mobile,29,0,0,5,10
C01651,32,New,Central Slovakia,desktop,40,0,0,1,1
C01652,53,Loyal,Bratislava,mobile,8,1,0,2,2
C01653,44,Loyal,Eastern Slovakia,mobile,12,1,1,4,3
C01654,33,Regular,Eastern Slovakia,mobile,42,1,0,2,13
C01655,35,Regular,Western Slovakia,desktop,18,0,0,2,1
C01656,19,Regular,Czech Republic,mobile,50,0,1,5,2
C01657,43,Loyal,Czech Republic,desktop,33,0,1,3,3
C01658,18,At-Risk,Bratislava,desktop,29,0,0,3,7
C01659,47,Regular,Western Slovakia,mobile,9,0,1,0,3
C01660,40,Loyal,Central Slovakia,tablet,29,1,1,3,16
C01661,67,Regular,Bratislava,desktop,39,0,1,1,23
C01662,25,Regular,Western Slovakia,mobile,41,0,1,2,4
C01663,37,Loyal,Bratislava,mobile,20,0,0,3,6
C01664,60,Regular,Czech Republic,mobile,2,0,1,2,2
C01665,52,Regular,Western Slovakia,mobile,67,1,0,0,4
C01666,30,Regular,Eastern Slovakia,mobile,69,1,1,3,1
C01667,41,Regular,Western Slovakia,desktop,65,0,1,0,5
C01668,38,Regular,Bratislava,desktop,21,0,1,4,11
C01669,41,Regular,Eastern Slovakia,mobile,43,0,1,2,2
C01670,30,Regular,Bratislava,mobile,11,0,0,2,14
C01671,37,New,Bratislava,mobile,65,0,0,1,3
C01672,19,Loyal,Western Slovakia,mobile,1,0,1,1,8
C01673,40,Regular,Central Slovakia,mobile,34,0,1,1,7
C01674,43,At-Risk,Western Slovakia,tablet,61,0,0,1,1
C01675,35,New,Bratislava,desktop,52,0,1,1,6
C01676,19,Regular,Western Slovakia,mobile,62,1,0,0,6
C01677,50,Regular,Bratislava,desktop,36,1,1,3,7
C01678,42,Loyal,Bratislava,mobile,7,1,1,6,4
C01679,29,New,Central Slovakia,desktop,1,0,1,2,4
C01680,35,At-Risk,Bratislava,mobile,11,0,1,0,0
C01681,20,Regular,Bratislava,mobile,5,0,0,7,9
C01682,26,Regular,Central Slovakia,desktop,32,0,0,3,6
C01683,32,Regular,Eastern Slovakia,mobile,4,0,0,2,4
C01684,53,New,Bratislava,desktop,14,0,0,0,4
C01685,30,Regular,Western Slovakia,mobile,30,1,0,2,7
C01686,46,New,Bratislava,desktop,53,0,0,2,6
C01687,32,Regular,Czech Republic,desktop,48,0,0,1,0
C01688,41,Regular,Bratislava,mobile,5,0,0,1,3
C01689,36,Regular,Bratislava,mobile,65,1,0,0,1
C01690,48,New,Western Slovakia,desktop,40,1,1,0,0
C01691,32,New,Bratislava,mobile,25,0,0,0,2
C01692,19,New,Bratislava,mobile,28,0,1,2,18
C01693,21,New,Bratislava,desktop,61,0,1,0,0
C01694,32,Regular,Central Slovakia,mobile,34,0,1,1,7
C01695,23,New,Central Slovakia,desktop,18,0,1,2,4
C01696,43,At-Risk,Central Slovakia,mobile,31,0,1,0,4
C01697,32,New,Eastern Slovakia,desktop,5,1,0,2,6
C01698,66,New,Western Slovakia,mobile,11,0,0,0,1
C01699,18,Loyal,Czech Republic,mobile,23,0,1,3,5
C01700,40,New,Eastern Slovakia,mobile,16,1,0,5,4
C01701,24,Regular,Eastern Slovakia,desktop,25,0,0,0,3
C01702,32,At-Risk,Eastern Slovakia,desktop,5,0,0,0,0
C01703,40,At-Risk,Western Slovakia,desktop,44,0,1,0,4
C01704,18,Loyal,Bratislava,mobile,9,0,1,3,3
C01705,41,New,Western Slovakia,mobile,16,0,1,2,14
C01706,61,Regular,Bratislava,desktop,70,0,0,0,3
C01707,33,At-Risk,Western Slovakia,desktop,1,0,0,0,3
C01708,41,At-Risk,Bratislava,mobile,20,0,0,0,0
C01709,50,New,Bratislava,desktop,36,0,0,0,1
C01710,36,Regular,Czech Republic,mobile,22,0,0,1,1
C01711,31,Regular,Central Slovakia,mobile,23,1,0,1,8
C01712,18,New,Central Slovakia,desktop,10,0,0,1,3
C01713,46,Loyal,Western Slovakia,mobile,31,1,1,5,5
C01714,37,New,Central Slovakia,mobile,54,0,1,2,6
C01715,26,Regular,Eastern Slovakia,mobile,42,0,0,0,2
C01716,40,New,Central Slovakia,tablet,66,0,1,3,5
C01717,31,Regular,Central Slovakia,mobile,50,0,1,2,6
C01718,32,New,Western Slovakia,desktop,57,0,0,1,3
C01719,45,Regular,Western Slovakia,mobile,31,1,1,4,6
C01720,22,New,Central Slovakia,mobile,44,0,1,0,3
C01721,51,At-Risk,Czech Republic,mobile,42,0,0,1,4
C01722,21,New,Western Slovakia,mobile,58,0,1,0,1
C01723,30,Regular,Western Slovakia,mobile,36,0,1,2,2
C01724,61,New,Western Slovakia,mobile,29,1,1,0,3
C01725,52,New,Western Slovakia,desktop,5,0,1,2,2
C01726,39,New,Czech Republic,mobile,62,0,1,0,2
C01727,27,New,Central Slovakia,desktop,31,0,1,0,2
C01728,32,New,Western Slovakia,desktop,57,0,0,4,3
C01729,39,Regular,Western Slovakia,mobile,49,0,1,2,2
C01730,38,Regular,Western Slovakia,mobile,1,0,0,0,10
C01731,37,New,Bratislava,mobile,47,1,1,4,1
C01732,38,Regular,Central Slovakia,mobile,35,0,1,1,2
C01733,35,Regular,Eastern Slovakia,mobile,18,0,0,0,3
C01734,21,New,Central Slovakia,mobile,19,0,0,0,2
C01735,32,Regular,Bratislava,mobile,46,0,1,4,6
C01736,49,New,Eastern Slovakia,mobile,7,0,1,0,0
C01737,22,New,Central Slovakia,tablet,44,0,1,3,1
C01738,36,Regular,Bratislava,desktop,61,0,1,1,2
C01739,28,At-Risk,Central Slovakia,mobile,7,0,0,0,1
C01740,39,At-Risk,Central Slovakia,mobile,1,0,1,1,2
C01741,33,At-Risk,Eastern Slovakia,desktop,5,0,1,0,6
C01742,56,Regular,Bratislava,mobile,52,0,1,1,1
C01743,44,New,Bratislava,mobile,61,0,0,0,2
C01744,22,Regular,Western Slovakia,desktop,71,0,1,2,6
C01745,46,New,Bratislava,mobile,3,0,1,3,5
C01746,29,New,Western Slovakia,mobile,35,0,0,3,10
C01747,31,New,Eastern Slovakia,mobile,4,1,1,5,6
C01748,42,Regular,Bratislava,desktop,27,0,1,0,1
C01749,32,Regular,Western Slovakia,tablet,22,0,1,4,12
C01750,49,New,Czech Republic,desktop,44,0,0,1,7
C01751,29,Loyal,Western Slovakia,mobile,65,1,1,3,9
C01752,31,Regular,Western Slovakia,mobile,58,0,1,3,8
C01753,30,Loyal,Central Slovakia,desktop,5,0,0,2,6
C01754,31,New,Bratislava,desktop,18,0,0,1,2
C01755,51,Regular,Bratislava,tablet,20,1,1,1,4
C01756,46,New,Central Slovakia,desktop,18,0,0,0,2
C01757,59,Regular,Western Slovakia,mobile,26,0,1,0,2
C01758,65,New,Bratislava,desktop,44,0,1,0,1
C01759,26,New,Bratislava,desktop,53,1,1,4,1
C01760,39,Regular,Eastern Slovakia,desktop,67,1,0,8,2
C01761,24,New,Bratislava,desktop,50,0,1,0,2
C01762,29,New,Eastern Slovakia,mobile,22,0,0,0,6
C01763,30,At-Risk,Western Slovakia,desktop,14,0,0,0,3
C01764,25,New,Central Slovakia,mobile,27,0,1,2,11
C01765,25,Regular,Bratislava,mobile,57,0,1,2,11
C01766,36,Regular,Bratislava,desktop,71,1,1,0,3
C01767,23,New,Central Slovakia,tablet,28,0,0,2,4
C01768,48,Regular,Central Slovakia,desktop,13,0,1,1,1
C01769,27,New,Bratislava,mobile,1,1,1,4,8
C01770,72,Loyal,Western Slovakia,mobile,6,0,1,2,6
C01771,33,New,Western Slovakia,mobile,46,1,0,3,1
C01772,39,New,Bratislava,desktop,42,0,0,6,9
C01773,22,Regular,Central Slovakia,desktop,46,0,0,1,1
C01774,58,At-Risk,Bratislava,tablet,2,1,1,1,3
C01775,51,Loyal,Western Slovakia,mobile,32,1,1,2,5
C01776,42,At-Risk,Bratislava,mobile,13,0,1,1,3
C01777,22,Regular,Western Slovakia,desktop,24,0,1,5,6
C01778,41,Regular,Western Slovakia,mobile,45,0,0,0,3
C01779,25,Regular,Western Slovakia,tablet,20,1,1,6,14
C01780,56,At-Risk,Western Slovakia,desktop,47,0,1,5,4
C01781,48,Regular,Czech Republic,mobile,21,0,1,0,4
C01782,39,Regular,Western Slovakia,mobile,37,0,1,0,2
C01783,18,Regular,Eastern Slovakia,desktop,33,0,0,0,10
C01784,26,Regular,Bratislava,desktop,28,1,0,2,10
C01785,46,New,Western Slovakia,desktop,9,0,0,0,5
C01786,53,Regular,Bratislava,desktop,41,1,1,2,5
C01787,51,Regular,Western Slovakia,mobile,71,1,0,1,7
C01788,19,Loyal,Central Slovakia,desktop,46,0,1,1,2
C01789,42,Regular,Eastern Slovakia,tablet,53,0,0,2,1
C01790,50,Loyal,Central Slovakia,mobile,58,0,0,1,5
C01791,18,Regular,Central Slovakia,desktop,3,0,0,0,2
C01792,38,Loyal,Bratislava,mobile,57,1,0,4,13
C01793,41,New,Bratislava,mobile,18,0,0,3,4
C01794,34,At-Risk,Eastern Slovakia,mobile,48,0,0,0,2
C01795,18,Regular,Bratislava,desktop,70,0,0,2,7
C01796,34,New,Bratislava,mobile,64,0,0,0,6
C01797,34,New,Czech Republic,mobile,30,0,1,3,8
C01798,36,New,Czech Republic,desktop,60,1,1,1,5
C01799,31,Regular,Central Slovakia,mobile,44,1,0,0,4
C01800,33,Loyal,Western Slovakia,desktop,10,1,1,1,11
C01801,38,At-Risk,Eastern Slovakia,tablet,18,0,1,1,6
C01802,43,Regular,Bratislava,mobile,68,1,1,3,9
C01803,34,Regular,Western Slovakia,mobile,65,0,1,2,5
C01804,33,Regular,Western Slovakia,tablet,64,1,1,4,16
C01805,39,Loyal,Czech Republic,mobile,28,0,1,3,1
C01806,18,Loyal,Czech Republic,mobile,23,0,1,6,9
C01807,44,New,Central Slovakia,tablet,58,1,1,2,3
C01808,38,At-Risk,Bratislava,desktop,2,1,1,1,4
C01809,38,Regular,Western Slovakia,desktop,64,0,1,2,1
C01810,50,Loyal,Bratislava,mobile,43,1,1,1,4
C01811,18,At-Risk,Eastern Slovakia,desktop,45,0,1,1,2
C01812,18,Loyal,Bratislava,desktop,32,0,1,4,9
C01813,41,New,Bratislava,desktop,70,0,1,0,1
C01814,38,Regular,Central Slovakia,desktop,54,0,0,1,2
C01815,40,New,Western Slovakia,desktop,4,0,0,1,5
C01816,32,Loyal,Eastern Slovakia,mobile,38,1,1,9,21
C01817,46,New,Bratislava,mobile,62,0,1,1,2
C01818,49,Loyal,Eastern Slovakia,mobile,6,1,1,5,22
C01819,44,At-Risk,Bratislava,mobile,53,0,1,0,5
C01820,35,New,Bratislava,mobile,18,0,0,0,4
C01821,18,Regular,Western Slovakia,mobile,36,0,0,2,5
C01822,47,Regular,Bratislava,desktop,63,0,0,3,4
C01823,53,Regular,Central Slovakia,mobile,35,0,0,0,4
C01824,46,New,Bratislava,mobile,3,0,0,1,3
C01825,27,New,Bratislava,mobile,2,0,0,0,2
C01826,46,Regular,Eastern Slovakia,mobile,53,1,1,2,5
C01827,48,Regular,Bratislava,desktop,67,0,1,0,4
C01828,57,Regular,Central Slovakia,mobile,21,0,1,0,2
C01829,27,New,Eastern Slovakia,mobile,67,1,1,3,7
C01830,35,Regular,Bratislava,desktop,33,0,1,2,1
C01831,47,Regular,Eastern Slovakia,mobile,5,0,1,2,4
C01832,39,New,Bratislava,mobile,38,0,0,2,2
C01833,25,Loyal,Western Slovakia,desktop,70,0,1,1,3
C01834,43,Regular,Bratislava,mobile,18,1,0,0,1
C01835,45,Regular,Eastern Slovakia,desktop,69,1,1,5,4
C01836,39,At-Risk,Central Slovakia,desktop,47,0,1,0,1
C01837,41,Regular,Western Slovakia,tablet,29,1,0,4,4
C01838,35,Regular,Czech Republic,mobile,50,0,1,3,1
C01839,56,New,Western Slovakia,desktop,29,0,0,1,6
C01840,27,New,Eastern Slovakia,desktop,7,1,0,1,16
C01841,31,New,Central Slovakia,mobile,62,0,1,2,2
C01842,38,Loyal,Czech Republic,tablet,27,0,1,5,27
C01843,49,Loyal,Czech Republic,mobile,41,0,1,6,1
C01844,20,New,Czech Republic,desktop,53,0,1,0,2
C01845,22,New,Bratislava,desktop,6,0,0,0,1
C01846,18,Regular,Eastern Slovakia,mobile,52,0,0,1,15
C01847,38,Regular,Eastern Slovakia,mobile,26,0,1,1,3
C01848,25,Regular,Central Slovakia,desktop,39,1,0,3,4
C01849,33,Loyal,Bratislava,mobile,33,1,0,3,0
C01850,46,At-Risk,Czech Republic,mobile,56,0,1,1,3
C01851,30,New,Bratislava,mobile,14,0,1,1,10
C01852,41,Regular,Western Slovakia,desktop,8,0,0,0,6
C01853,34,Regular,Central Slovakia,mobile,30,0,0,4,4
C01854,46,Regular,Bratislava,desktop,9,0,1,0,2
C01855,44,At-Risk,Eastern Slovakia,desktop,18,0,1,2,8
C01856,30,New,Bratislava,mobile,47,0,1,0,3
C01857,36,Loyal,Central Slovakia,mobile,59,0,1,2,1
C01858,51,Loyal,Eastern Slovakia,mobile,50,0,0,4,8
C01859,43,At-Risk,Western Slovakia,tablet,23,0,1,0,4
C01860,21,Regular,Central Slovakia,desktop,58,0,0,2,1
C01861,46,Regular,Bratislava,mobile,29,1,1,4,6
C01862,25,Loyal,Eastern Slovakia,mobile,13,0,0,2,7
C01863,55,Loyal,Czech Republic,mobile,54,0,1,5,4
C01864,50,Regular,Bratislava,tablet,37,0,0,0,5
C01865,41,Loyal,Central Slovakia,mobile,27,1,1,4,4
C01866,40,New,Western Slovakia,mobile,47,0,1,2,2
C01867,35,Regular,Central Slovakia,tablet,52,0,0,0,2
C01868,46,Loyal,Central Slovakia,mobile,16,1,0,5,2
C01869,34,Regular,Western Slovakia,mobile,9,0,1,0,2
C01870,41,Regular,Central Slovakia,mobile,37,0,0,2,5
C01871,48,At-Risk,Bratislava,desktop,4,0,0,0,1
C01872,31,Loyal,Western Slovakia,mobile,46,1,1,2,13
C01873,31,At-Risk,Eastern Slovakia,tablet,32,0,1,0,0
C01874,24,Regular,Bratislava,mobile,16,1,0,0,1
C01875,25,At-Risk,Central Slovakia,mobile,43,0,1,0,7
C01876,18,New,Bratislava,desktop,27,0,0,1,2
C01877,47,Regular,Eastern Slovakia,desktop,28,0,0,1,3
C01878,60,Regular,Central Slovakia,desktop,16,0,1,1,3
C01879,55,Loyal,Western Slovakia,desktop,49,0,1,1,1
C01880,18,At-Risk,Bratislava,mobile,65,0,1,3,2
C01881,47,Loyal,Western Slovakia,desktop,44,1,1,0,5
C01882,55,Regular,Czech Republic,mobile,17,0,1,1,2
C01883,33,Regular,Western Slovakia,mobile,60,0,0,3,3
C01884,39,Regular,Western Slovakia,tablet,9,0,0,0,1
C01885,18,Regular,Eastern Slovakia,desktop,21,0,0,1,11
C01886,41,New,Western Slovakia,mobile,3,0,1,1,5
C01887,25,Regular,Western Slovakia,mobile,61,0,1,2,6
C01888,40,Loyal,Western Slovakia,tablet,4,1,0,5,5
C01889,19,Loyal,Bratislava,mobile,39,1,1,1,7
C01890,45,Loyal,Central Slovakia,mobile,14,1,1,5,11
C01891,50,Regular,Eastern Slovakia,mobile,16,0,0,0,3
C01892,29,Regular,Czech Republic,mobile,44,0,0,1,2
C01893,24,New,Eastern Slovakia,mobile,58,0,0,2,3
C01894,18,Regular,Western Slovakia,tablet,2,0,0,0,1
C01895,35,Regular,Bratislava,mobile,12,0,0,0,4
C01896,31,New,Central Slovakia,mobile,21,1,0,1,5
C01897,19,New,Czech Republic,desktop,67,1,1,9,8
C01898,43,Loyal,Eastern Slovakia,mobile,5,1,1,5,10
C01899,33,Regular,Western Slovakia,desktop,13,1,0,0,1
C01900,25,Regular,Central Slovakia,desktop,29,1,1,4,1
C01901,31,New,Eastern Slovakia,desktop,24,0,0,1,2
C01902,51,Regular,Czech Republic,desktop,4,1,0,2,10
C01903,45,Regular,Eastern Slovakia,desktop,39,1,0,1,2
C01904,36,Regular,Western Slovakia,desktop,44,1,1,0,1
C01905,45,Regular,Bratislava,desktop,13,0,0,2,5
C01906,24,New,Western Slovakia,mobile,49,0,0,1,3
C01907,38,At-Risk,Western Slovakia,desktop,5,1,1,0,2
C01908,40,New,Czech Republic,desktop,52,1,1,1,3
C01909,32,Regular,Western Slovakia,mobile,19,0,0,2,2
C01910,43,New,Western Slovakia,desktop,16,0,0,1,3
C01911,29,Regular,Western Slovakia,mobile,14,1,0,1,18
C01912,44,New,Central Slovakia,mobile,62,1,1,6,5
C01913,45,Loyal,Central Slovakia,desktop,36,1,1,2,7
C01914,18,Regular,Bratislava,mobile,50,0,1,0,2
C01915,52,Regular,Eastern Slovakia,mobile,15,1,0,4,9
C01916,18,New,Western Slovakia,mobile,5,0,0,2,2
C01917,31,New,Western Slovakia,desktop,3,0,0,0,1
C01918,50,Regular,Bratislava,mobile,32,0,0,0,3
C01919,34,Regular,Central Slovakia,desktop,24,0,1,0,1
C01920,20,Regular,Central Slovakia,desktop,55,0,1,2,4
C01921,25,At-Risk,Eastern Slovakia,desktop,56,0,1,0,3
C01922,50,Loyal,Bratislava,tablet,23,0,1,3,11
C01923,18,At-Risk,Czech Republic,desktop,31,1,1,0,9
C01924,52,New,Central Slovakia,mobile,28,0,1,1,10
C01925,37,Loyal,Bratislava,tablet,48,1,1,5,9
C01926,24,Regular,Bratislava,mobile,45,0,0,1,2
C01927,31,Regular,Bratislava,mobile,47,1,0,1,11
C01928,26,At-Risk,Eastern Slovakia,mobile,4,0,0,1,6
C01929,48,Regular,Bratislava,desktop,24,0,1,1,2
C01930,47,At-Risk,Western Slovakia,mobile,69,0,0,1,7
C01931,18,Loyal,Central Slovakia,desktop,25,1,1,7,17
C01932,33,New,Eastern Slovakia,mobile,13,1,1,2,5
C01933,28,Loyal,Central Slovakia,mobile,15,0,1,3,4
C01934,54,Regular,Eastern Slovakia,mobile,2,1,1,1,2
C01935,22,At-Risk,Bratislava,desktop,56,0,0,0,12
C01936,57,Loyal,Eastern Slovakia,mobile,1,0,0,5,2
C01937,38,New,Bratislava,mobile,43,0,1,1,11
C01938,24,New,Bratislava,mobile,29,0,0,0,8
C01939,30,New,Czech Republic,mobile,7,1,1,1,2
C01940,28,Regular,Bratislava,desktop,63,0,1,2,1
C01941,23,New,Bratislava,mobile,53,0,0,1,2
C01942,39,Loyal,Central Slovakia,mobile,59,1,0,1,4
C01943,23,Regular,Western Slovakia,desktop,67,0,0,1,4
C01944,18,Loyal,Bratislava,mobile,65,1,1,1,5
C01945,33,New,Central Slovakia,mobile,50,1,1,4,4
C01946,18,Regular,Eastern Slovakia,desktop,38,0,1,1,14
C01947,29,New,Eastern Slovakia,desktop,50,0,1,4,6
C01948,27,At-Risk,Bratislava,desktop,32,0,1,0,4
C01949,28,New,Central Slovakia,mobile,13,0,1,1,1
C01950,62,New,Eastern Slovakia,mobile,28,1,1,1,5
C01951,39,New,Bratislava,mobile,34,0,1,1,3
C01952,41,Loyal,Bratislava,mobile,4,0,0,1,8
C01953,18,New,Bratislava,mobile,61,0,1,0,1
C01954,30,Regular,Central Slovakia,tablet,65,1,1,0,13
C01955,41,Loyal,Bratislava,desktop,30,1,0,1,4
C01956,26,Loyal,Eastern Slovakia,mobile,36,0,0,6,4
C01957,49,New,Czech Republic,mobile,60,1,1,6,11
C01958,24,New,Bratislava,desktop,33,1,1,0,5
C01959,35,Regular,Central Slovakia,mobile,49,0,1,2,2
C01960,31,New,Bratislava,mobile,37,0,0,0,1
C01961,40,Loyal,Bratislava,mobile,20,1,1,4,3
C01962,30,Regular,Eastern Slovakia,desktop,57,0,1,3,1
C01963,35,Regular,Western Slovakia,desktop,14,0,0,1,5
C01964,35,New,Czech Republic,mobile,16,0,0,1,3
C01965,29,Regular,Central Slovakia,mobile,50,0,1,3,5
C01966,44,New,Bratislava,desktop,51,0,1,1,4
C01967,41,Regular,Western Slovakia,mobile,68,0,1,2,3
C01968,37,New,Bratislava,desktop,51,0,1,0,5
C01969,33,At-Risk,Eastern Slovakia,mobile,2,0,1,0,1
C01970,48,Loyal,Central Slovakia,desktop,61,0,0,4,1
C01971,35,New,Western Slovakia,tablet,30,0,0,4,7
C01972,34,New,Central Slovakia,desktop,1,0,0,0,1
C01973,39,Regular,Central Slovakia,mobile,42,0,0,0,1
C01974,58,New,Eastern Slovakia,desktop,13,0,0,1,2
C01975,22,New,Bratislava,mobile,30,0,1,2,1
C01976,47,Loyal,Bratislava,mobile,34,1,0,4,5
C01977,18,Regular,Bratislava,mobile,6,0,1,0,3
C01978,41,New,Western Slovakia,desktop,61,0,1,3,6
C01979,57,Regular,Western Slovakia,mobile,37,1,1,2,5
C01980,44,New,Bratislava,desktop,69,0,0,4,2
C01981,40,At-Risk,Western Slovakia,mobile,34,0,0,0,5
C01982,31,New,Western Slovakia,mobile,43,0,1,1,3
C01983,38,Loyal,Bratislava,mobile,58,0,1,1,3
C01984,35,Loyal,Czech Republic,desktop,16,0,0,3,1
C01985,29,New,Central Slovakia,mobile,65,0,1,4,13
C01986,35,New,Western Slovakia,mobile,14,0,1,1,6
C01987,40,Regular,Western Slovakia,mobile,71,0,0,0,3
C01988,29,Loyal,Western Slovakia,mobile,46,1,1,1,9
C01989,28,Regular,Eastern Slovakia,mobile,37,1,1,1,6
C01990,22,Regular,Central Slovakia,mobile,15,0,1,0,3
C01991,43,Loyal,Western Slovakia,mobile,41,0,0,0,8
C01992,45,Loyal,Czech Republic,tablet,40,0,1,0,9
C01993,41,Regular,Eastern Slovakia,mobile,70,1,0,2,1
C01994,50,Regular,Eastern Slovakia,mobile,60,1,0,2,12
C01995,39,Loyal,Bratislava,mobile,35,0,0,1,3
C01996,43,New,Bratislava,mobile,28,1,1,0,1
C01997,42,Loyal,Central Slovakia,desktop,28,0,1,3,1
C01998,37,New,Western Slovakia,mobile,27,0,1,0,4
C01999,32,New,Central Slovakia,mobile,1,0,1,5,3
C02000,65,Loyal,Eastern Slovakia,desktop,3,0,1,1,3
C02001,33,Regular,Bratislava,mobile,54,0,1,2,7
C02002,30,New,Bratislava,tablet,19,0,0,0,9
C02003,43,New,Western Slovakia,tablet,30,1,0,1,5
C02004,41,Regular,Bratislava,mobile,50,0,1,1,3
C02005,21,Loyal,Central Slovakia,mobile,44,0,1,4,9
C02006,51,New,Eastern Slovakia,mobile,26,0,1,1,1
C02007,37,New,Western Slovakia,mobile,54,1,0,1,4
C02008,25,Regular,Eastern Slovakia,mobile,12,0,1,1,3
C02009,52,At-Risk,Western Slovakia,mobile,34,1,0,0,4
C02010,46,New,Central Slovakia,mobile,8,0,1,1,6
C02011,23,At-Risk,Bratislava,mobile,38,1,1,5,16
C02012,59,At-Risk,Eastern Slovakia,mobile,7,0,0,2,5
C02013,46,New,Central Slovakia,tablet,67,0,0,2,6
C02014,38,Loyal,Bratislava,tablet,47,0,1,4,22
C02015,57,Loyal,Central Slovakia,mobile,18,0,0,2,8
C02016,40,Regular,Eastern Slovakia,desktop,44,1,1,5,5
C02017,38,Regular,Bratislava,mobile,25,0,1,0,5
C02018,30,Loyal,Eastern Slovakia,desktop,37,0,0,0,1
C02019,45,Loyal,Czech Republic,desktop,12,0,1,6,17
C02020,44,Loyal,Eastern Slovakia,desktop,36,0,1,2,10
C02021,38,At-Risk,Western Slovakia,mobile,8,0,1,9,3
C02022,29,Regular,Central Slovakia,mobile,11,0,1,2,8
C02023,40,Loyal,Czech Republic,tablet,42,1,0,6,15
C02024,37,Loyal,Central Slovakia,mobile,36,1,0,5,9
C02025,22,New,Bratislava,mobile,21,0,1,2,3
C02026,20,New,Bratislava,desktop,5,0,1,0,5
C02027,45,Regular,Eastern Slovakia,desktop,31,0,0,0,1
C02028,18,Loyal,Western Slovakia,desktop,66,1,1,5,7
C02029,40,New,Bratislava,desktop,51,1,0,2,10
C02030,32,Loyal,Western Slovakia,desktop,5,1,1,4,12
C02031,54,New,Eastern Slovakia,mobile,67,0,1,2,9
C02032,32,Regular,Western Slovakia,desktop,31,1,1,4,2
C02033,46,Regular,Eastern Slovakia,desktop,41,0,0,0,4
C02034,33,New,Eastern Slovakia,desktop,1,1,1,5,8
C02035,39,At-Risk,Czech Republic,mobile,23,0,1,2,1
C02036,47,New,Eastern Slovakia,mobile,56,0,1,1,2
C02037,32,At-Risk,Bratislava,desktop,24,0,1,0,0
C02038,50,New,Central Slovakia,mobile,12,0,0,1,1
C02039,26,At-Risk,Bratislava,mobile,7,0,1,2,1
C02040,42,Regular,Czech Republic,desktop,66,0,0,3,2
C02041,49,New,Bratislava,mobile,58,0,0,1,2
C02042,46,New,Central Slovakia,mobile,4,0,1,0,2
C02043,61,New,Eastern Slovakia,mobile,66,0,0,1,2
C02044,29,Regular,Bratislava,mobile,59,0,0,2,8
C02045,21,Loyal,Eastern Slovakia,desktop,26,1,1,2,16
C02046,26,Regular,Bratislava,mobile,47,0,0,1,2
C02047,46,Regular,Western Slovakia,mobile,19,0,0,1,18
C02048,44,Regular,Western Slovakia,mobile,18,0,0,2,2
C02049,39,Regular,Western Slovakia,mobile,51,0,0,0,1
C02050,25,Loyal,Central Slovakia,mobile,15,0,1,2,11
C02051,47,Regular,Czech Republic,mobile,26,0,0,0,3
C02052,23,Loyal,Western Slovakia,mobile,26,0,1,2,3
C02053,52,At-Risk,Central Slovakia,mobile,11,0,1,0,1
C02054,72,Regular,Eastern Slovakia,mobile,59,0,1,0,5
C02055,42,New,Eastern Slovakia,mobile,48,1,0,4,6
C02056,45,New,Bratislava,mobile,62,0,1,1,19
C02057,32,Regular,Czech Republic,mobile,38,0,0,0,3
C02058,18,Regular,Bratislava,mobile,13,1,0,3,7
C02059,31,At-Risk,Central Slovakia,mobile,20,0,1,3,3
C02060,25,Regular,Central Slovakia,mobile,26,0,1,2,2
C02061,21,Regular,Eastern Slovakia,desktop,67,0,0,2,2
C02062,59,Loyal,Bratislava,mobile,17,1,1,5,5
C02063,41,New,Bratislava,desktop,50,0,0,2,6
C02064,43,Loyal,Eastern Slovakia,desktop,9,1,1,5,2
C02065,34,New,Bratislava,mobile,68,0,1,4,3
C02066,36,Regular,Western Slovakia,mobile,46,0,1,3,17
C02067,50,At-Risk,Eastern Slovakia,mobile,31,0,1,0,1
C02068,38,Loyal,Central Slovakia,mobile,25,0,0,3,18
C02069,44,Loyal,Bratislava,mobile,26,0,1,3,6
C02070,36,Regular,Western Slovakia,mobile,17,0,1,7,14
C02071,34,Loyal,Czech Republic,desktop,43,0,0,1,5
C02072,21,Regular,Western Slovakia,mobile,62,1,0,3,1
C02073,18,Regular,Bratislava,desktop,18,0,1,0,15
C02074,35,New,Bratislava,desktop,54,0,0,0,1
C02075,39,New,Western Slovakia,mobile,41,0,1,0,1
C02076,23,Regular,Czech Republic,tablet,55,0,0,1,12
C02077,38,New,Western Slovakia,tablet,55,0,0,2,6
C02078,39,Loyal,Bratislava,mobile,3,1,0,1,2
C02079,18,Loyal,Western Slovakia,mobile,2,0,0,1,5
C02080,27,At-Risk,Bratislava,mobile,65,0,0,1,4
C02081,43,New,Bratislava,mobile,12,1,1,2,7
C02082,43,At-Risk,Czech Republic,mobile,41,0,0,0,3
C02083,24,New,Central Slovakia,mobile,54,1,1,2,4
C02084,40,Regular,Bratislava,mobile,36,0,1,4,0
C02085,50,Loyal,Western Slovakia,desktop,1,0,0,3,8
C02086,47,New,Bratislava,mobile,1,0,0,2,3
C02087,37,New,Bratislava,mobile,48,1,0,5,15
C02088,32,New,Central Slovakia,mobile,64,1,1,0,3
C02089,30,Regular,Western Slovakia,desktop,25,1,0,3,8
C02090,44,Loyal,Eastern Slovakia,desktop,39,0,1,2,3
C02091,40,New,Eastern Slovakia,mobile,67,0,0,2,1
C02092,46,New,Bratislava,desktop,59,0,1,1,2
C02093,40,Regular,Czech Republic,mobile,39,0,0,3,1
C02094,48,New,Western Slovakia,desktop,47,1,1,2,4
C02095,39,Loyal,Bratislava,mobile,69,1,1,4,19
C02096,47,At-Risk,Eastern Slovakia,mobile,57,0,1,0,3
C02097,48,Loyal,Bratislava,desktop,30,1,0,4,3
C02098,28,Loyal,Central Slovakia,desktop,50,0,0,1,7
C02099,18,Regular,Eastern Slovakia,desktop,24,1,1,0,2
C02100,57,Loyal,Bratislava,mobile,66,0,0,1,5
C02101,41,New,Eastern Slovakia,desktop,7,0,0,3,3
C02102,18,New,Bratislava,mobile,17,0,1,4,5
C02103,29,Regular,Eastern Slovakia,desktop,25,0,1,4,4
C02104,47,New,Bratislava,desktop,15,0,1,0,2
C02105,35,At-Risk,Bratislava,mobile,43,0,1,4,3
C02106,32,Loyal,Western Slovakia,mobile,51,1,1,6,12
C02107,55,At-Risk,Eastern Slovakia,mobile,64,0,0,1,0
C02108,25,Regular,Bratislava,mobile,36,1,1,2,10
C02109,28,Regular,Eastern Slovakia,mobile,45,0,0,2,2
C02110,41,Loyal,Bratislava,mobile,43,0,1,1,9
C02111,43,New,Western Slovakia,desktop,1,1,0,1,2
C02112,44,Regular,Western Slovakia,mobile,51,0,0,3,10
C02113,49,Regular,Bratislava,mobile,2,0,0,0,0
C02114,40,At-Risk,Czech Republic,desktop,39,0,0,0,2
C02115,44,Loyal,Western Slovakia,mobile,71,1,1,2,3
C02116,35,New,Central Slovakia,mobile,56,0,0,1,4
C02117,39,Regular,Central Slovakia,desktop,36,1,0,1,3
C02118,39,Regular,Western Slovakia,tablet,23,0,0,3,6
C02119,41,New,Central Slovakia,mobile,60,0,1,0,4
C02120,47,Regular,Eastern Slovakia,mobile,61,0,1,1,3
C02121,45,New,Central Slovakia,mobile,27,0,1,2,7
C02122,39,New,Central Slovakia,tablet,8,0,0,0,2
C02123,28,Regular,Central Slovakia,desktop,42,0,0,2,5
C02124,39,New,Central Slovakia,desktop,46,0,1,0,3
C02125,38,Regular,Western Slovakia,desktop,67,0,1,2,2
C02126,40,New,Central Slovakia,mobile,64,0,1,6,8
C02127,64,Loyal,Western Slovakia,mobile,17,1,1,6,5
C02128,32,New,Eastern Slovakia,desktop,18,0,1,2,2
C02129,43,At-Risk,Czech Republic,desktop,71,0,1,3,2
C02130,51,New,Czech Republic,mobile,24,0,1,1,2
C02131,39,Regular,Eastern Slovakia,desktop,33,0,0,0,8
C02132,66,Regular,Central Slovakia,mobile,22,0,0,0,2
C02133,33,New,Eastern Slovakia,tablet,28,0,1,1,2
C02134,42,Regular,Bratislava,mobile,41,0,1,1,9
C02135,28,Loyal,Western Slovakia,desktop,21,1,0,2,3
C02136,34,At-Risk,Bratislava,mobile,30,0,1,0,3
C02137,41,Regular,Bratislava,desktop,26,0,1,0,10
C02138,48,New,Czech Republic,desktop,8,0,0,0,2
C02139,42,Loyal,Eastern Slovakia,mobile,56,0,0,3,7
C02140,53,Regular,Western Slovakia,desktop,64,1,1,0,3
C02141,37,New,Bratislava,desktop,35,0,0,5,11
C02142,34,Loyal,Central Slovakia,desktop,15,1,1,3,5
C02143,70,Regular,Western Slovakia,mobile,46,1,1,1,2
C02144,43,Regular,Eastern Slovakia,desktop,38,0,1,1,3
C02145,29,Regular,Czech Republic,mobile,40,1,0,3,7
C02146,30,Regular,Western Slovakia,desktop,43,0,0,0,3
C02147,27,New,Bratislava,mobile,51,0,1,2,2
C02148,49,Loyal,Bratislava,desktop,3,0,0,2,6
C02149,34,New,Bratislava,mobile,8,0,0,0,2
C02150,40,Loyal,Western Slovakia,mobile,7,1,1,2,3
C02151,37,Loyal,Bratislava,mobile,11,1,1,4,10
C02152,47,Loyal,Bratislava,mobile,69,1,1,9,12
C02153,28,New,Bratislava,mobile,52,0,0,0,2
C02154,25,New,Bratislava,mobile,48,0,0,0,1
C02155,41,Regular,Eastern Slovakia,desktop,50,0,1,5,3
C02156,45,Regular,Bratislava,mobile,3,0,1,0,2
C02157,42,At-Risk,Eastern Slovakia,mobile,16,0,0,0,0
C02158,28,Regular,Bratislava,desktop,57,1,1,0,3
C02159,46,Loyal,Bratislava,desktop,33,0,1,7,3
C02160,29,New,Bratislava,desktop,37,1,1,6,18
C02161,32,Regular,Central Slovakia,desktop,54,1,1,3,10
C02162,27,New,Bratislava,tablet,6,0,1,0,2
C02163,54,Loyal,Western Slovakia,desktop,57,1,1,5,6
C02164,46,New,Bratislava,tablet,49,0,1,2,2
C02165,45,New,Czech Republic,tablet,29,0,1,2,11
C02166,53,Loyal,Bratislava,mobile,36,0,0,1,4
C02167,72,Regular,Western Slovakia,desktop,6,0,1,0,3
C02168,18,New,Eastern Slovakia,desktop,15,0,1,6,6
C02169,29,New,Bratislava,desktop,18,1,0,0,9
C02170,31,Regular,Bratislava,desktop,63,0,1,4,1
C02171,28,Regular,Eastern Slovakia,mobile,9,0,0,0,2
C02172,25,New,Bratislava,mobile,21,1,0,4,2
C02173,34,Regular,Bratislava,desktop,10,0,1,2,6
C02174,23,New,Western Slovakia,desktop,21,0,1,3,1
C02175,42,Regular,Bratislava,desktop,1,1,1,4,4
C02176,39,Regular,Czech Republic,desktop,20,0,0,0,2
C02177,44,New,Central Slovakia,desktop,52,0,1,0,4
C02178,44,New,Central Slovakia,tablet,55,1,0,1,3
C02179,45,New,Bratislava,mobile,27,0,0,5,2
C02180,34,New,Central Slovakia,tablet,51,0,0,2,3
C02181,63,Regular,Central Slovakia,mobile,44,0,1,0,1
C02182,41,At-Risk,Bratislava,mobile,65,0,0,0,4
C02183,18,Loyal,Eastern Slovakia,mobile,58,1,0,4,4
C02184,26,Regular,Central Slovakia,mobile,17,0,1,1,9
C02185,18,Regular,Eastern Slovakia,mobile,42,1,0,5,5
C02186,38,Regular,Bratislava,mobile,56,1,1,1,7
C02187,37,Loyal,Bratislava,desktop,22,0,0,1,4
C02188,32,New,Central Slovakia,desktop,41,0,1,1,3
C02189,62,New,Eastern Slovakia,mobile,29,1,1,0,5
C02190,45,Regular,Western Slovakia,desktop,22,0,0,2,18
C02191,47,New,Bratislava,mobile,15,0,1,0,1
C02192,27,Regular,Eastern Slovakia,mobile,3,0,1,1,13
C02193,26,Loyal,Bratislava,mobile,54,1,1,0,5
C02194,38,At-Risk,Western Slovakia,desktop,59,0,0,1,1
C02195,40,New,Central Slovakia,desktop,47,0,1,2,5
C02196,18,Regular,Bratislava,desktop,18,1,0,5,2
C02197,36,Regular,Bratislava,desktop,2,0,0,1,1
C02198,38,Regular,Bratislava,desktop,45,0,0,1,7
C02199,35,Regular,Czech Republic,desktop,15,1,1,1,3
C02200,28,New,Western Slovakia,tablet,39,0,1,1,1
