interaction_id,campaign_id,channel,start_date,end_date,touch_date,budget,impressions,clicks,conversions,revenue,customer_id,customer_age,customer_segment,region,device_type
INT-000001,CMP-027,social,2024-01-10,2024-01-29,2024-01-10,2.8,5,0,0,0.0,C00019,49,Loyal,Czech Republic,mobile
INT-000002,CMP-027,social,2024-01-10,2024-01-29,2024-01-10,2.8,5,1,0,0.0,C00943,44,Regular,Czech Republic,desktop
INT-000003,CMP-027,social,2024-01-10,2024-01-29,2024-01-10,3.92,7,1,0,0.0,C00937,24,Loyal,Bratislava,mobile
INT-000004,CMP-027,social,2024-01-10,2024-01-29,2024-01-10,1.68,3,0,0,0.0,C00140,73,New,Eastern Slovakia,desktop
INT-000005,CMP-027,social,2024-01-10,2024-01-29,2024-01-10,1.68,3,0,0,0.0,C01700,40,New,Eastern Slovakia,mobile
INT-000006,CMP-027,social,2024-01-10,2024-01-29,2024-01-11,1.68,3,1,1,90.37,C01095,30,Regular,Central Slovakia,desktop
INT-000007,CMP-027,social,2024-01-10,2024-01-29,2024-01-14,2.8,5,0,0,0.0,C01852,41,Regular,Western Slovakia,desktop
INT-000008,CMP-027,social,2024-01-10,2024-01-29,2024-01-14,1.68,3,0,0,0.0,C01783,18,Regular,Eastern Slovakia,desktop
INT-000009,CMP-027,social,2024-01-10,2024-01-29,2024-01-15,3.36,6,0,0,0.0,C01990,22,Regular,Central Slovakia,mobile
INT-000010,CMP-027,social,2024-01-10,2024-01-29,2024-01-15,2.24,4,1,0,0.0,C01559,48,At-Risk,Eastern Slovakia,desktop
INT-000011,CMP-027,social,2024-01-10,2024-01-29,2024-01-16,3.92,7,1,0,0.0,C01554,34,New,Bratislava,desktop
INT-000012,CMP-027,social,2024-01-10,2024-01-29,2024-01-16,3.36,6,0,0,0.0,C01194,47,Regular,Western Slovakia,desktop
INT-000013,CMP-027,social,2024-01-10,2024-01-29,2024-01-17,2.8,5,1,0,0.0,C00571,21,New,Czech Republic,tablet
INT-000014,CMP-027,social,2024-01-10,2024-01-29,2024-01-17,3.36,6,1,1,131.46,C02125,38,Regular,Western Slovakia,desktop
INT-000015,CMP-027,social,2024-01-10,2024-01-29,2024-01-17,1.68,3,0,0,0.0,C01391,30,New,Western Slovakia,mobile
INT-000016,CMP-027,social,2024-01-10,2024-01-29,2024-01-17,2.8,5,0,0,0.0,C02037,32,At-Risk,Bratislava,desktop
INT-000017,CMP-027,social,2024-01-10,2024-01-29,2024-01-17,3.36,6,2,0,0.0,C01899,33,Regular,Western Slovakia,desktop
INT-000018,CMP-027,social,2024-01-10,2024-01-29,2024-01-20,2.8,5,0,0,0.0,C01797,34,New,Czech Republic,mobile
INT-000019,CMP-027,social,2024-01-10,2024-01-29,2024-01-20,1.68,3,0,0,0.0,C02101,41,New,Eastern Slovakia,desktop
INT-000020,CMP-027,social,2024-01-10,2024-01-29,2024-01-21,3.36,6,0,0,0.0,C02174,23,New,Western Slovakia,desktop
INT-000021,CMP-027,social,2024-01-10,2024-01-29,2024-01-21,1.68,3,0,0,0.0,C00410,22,New,Bratislava,mobile
INT-000022,CMP-027,social,2024-01-10,2024-01-29,2024-01-22,1.68,3,0,0,0.0,C01029,38,Regular,Central Slovakia,desktop
INT-000023,CMP-027,social,2024-01-10,2024-01-29,2024-01-22,2.24,4,1,1,143.91,C00311,52,Regular,Western Slovakia,mobile
INT-000024,CMP-027,social,2024-01-10,2024-01-29,2024-01-23,2.24,4,0,0,0.0,C01531,45,New,Western Slovakia,mobile
INT-000025,CMP-027,social,2024-01-10,2024-01-29,2024-01-24,1.68,3,0,0,0.0,C01426,27,Loyal,Western Slovakia,mobile
INT-000026,CMP-027,social,2024-01-10,2024-01-29,2024-01-25,1.68,3,1,0,0.0,C00790,36,Regular,Central Slovakia,desktop
INT-000027,CMP-027,social,2024-01-10,2024-01-29,2024-01-27,2.24,4,0,0,0.0,C00274,63,Regular,Central Slovakia,mobile
INT-000028,CMP-027,social,2024-01-10,2024-01-29,2024-01-28,2.8,5,0,0,0.0,C01849,33,Loyal,Bratislava,mobile
INT-000029,CMP-113,social,2024-01-14,2024-02-25,2024-01-18,10.6,11,1,0,0.0,C00549,46,Regular,Western Slovakia,desktop
INT-000030,CMP-113,social,2024-01-14,2024-02-25,2024-01-18,10.6,11,1,0,0.0,C00874,39,Regular,Bratislava,mobile
INT-000031,CMP-113,social,2024-01-14,2024-02-25,2024-01-19,9.63,10,0,0,0.0,C00017,42,Loyal,Bratislava,desktop
INT-000032,CMP-113,social,2024-01-14,2024-02-25,2024-01-20,7.71,8,0,0,0.0,C01733,35,Regular,Eastern Slovakia,mobile
INT-000033,CMP-113,social,2024-01-14,2024-02-25,2024-01-20,15.41,16,2,0,0.0,C00440,43,Regular,Czech Republic,mobile
INT-000034,CMP-113,social,2024-01-14,2024-02-25,2024-01-20,5.78,6,0,0,0.0,C00155,37,Loyal,Central Slovakia,desktop
INT-000035,CMP-113,social,2024-01-14,2024-02-25,2024-01-21,11.56,12,2,1,103.19,C00121,26,Regular,Western Slovakia,desktop
INT-000036,CMP-113,social,2024-01-14,2024-02-25,2024-01-23,9.63,10,2,0,0.0,C01420,38,Regular,Bratislava,tablet
INT-000037,CMP-113,social,2024-01-14,2024-02-25,2024-01-24,7.71,8,3,1,156.95,C02023,40,Loyal,Czech Republic,tablet
INT-000038,CMP-113,social,2024-01-14,2024-02-25,2024-01-24,7.71,8,0,0,0.0,C00545,35,Loyal,Central Slovakia,desktop
INT-000039,CMP-113,social,2024-01-14,2024-02-25,2024-01-25,13.49,14,1,0,0.0,C00890,18,Regular,Bratislava,mobile
INT-000040,CMP-113,social,2024-01-14,2024-02-25,2024-01-26,10.6,11,1,0,0.0,C00117,41,New,Eastern Slovakia,desktop
INT-000041,CMP-113,social,2024-01-14,2024-02-25,2024-01-28,10.6,11,0,0,0.0,C01395,18,New,Western Slovakia,tablet
INT-000042,CMP-113,social,2024-01-14,2024-02-25,2024-01-28,9.63,10,1,0,0.0,C02079,18,Loyal,Western Slovakia,mobile
INT-000043,CMP-113,social,2024-01-14,2024-02-25,2024-01-29,8.67,9,0,0,0.0,C01676,19,Regular,Western Slovakia,mobile
INT-000044,CMP-113,social,2024-01-14,2024-02-25,2024-02-01,9.63,10,0,0,0.0,C00213,38,New,Western Slovakia,mobile
INT-000045,CMP-113,social,2024-01-14,2024-02-25,2024-02-03,11.56,12,1,1,165.09,C00974,45,Loyal,Bratislava,mobile
INT-000046,CMP-113,social,2024-01-14,2024-02-25,2024-02-03,8.67,9,0,0,0.0,C01350,37,Regular,Western Slovakia,tablet
INT-000047,CMP-113,social,2024-01-14,2024-02-25,2024-02-03,8.67,9,0,0,0.0,C02183,18,Loyal,Eastern Slovakia,mobile
INT-000048,CMP-113,social,2024-01-14,2024-02-25,2024-02-04,9.63,10,0,0,0.0,C01131,27,New,Central Slovakia,desktop
INT-000049,CMP-113,social,2024-01-14,2024-02-25,2024-02-04,9.63,10,0,0,0.0,C01396,60,Loyal,Eastern Slovakia,mobile
INT-000050,CMP-113,social,2024-01-14,2024-02-25,2024-02-04,10.6,11,1,0,0.0,C00502,49,Loyal,Eastern Slovakia,desktop
INT-000051,CMP-113,social,2024-01-14,2024-02-25,2024-02-05,5.78,6,1,0,0.0,C00508,43,Loyal,Bratislava,tablet
INT-000052,CMP-113,social,2024-01-14,2024-02-25,2024-02-07,11.56,12,0,0,0.0,C02159,46,Loyal,Bratislava,desktop
INT-000053,CMP-113,social,2024-01-14,2024-02-25,2024-02-07,9.63,10,0,0,0.0,C01580,42,Regular,Bratislava,desktop
INT-000054,CMP-113,social,2024-01-14,2024-02-25,2024-02-09,12.52,13,0,0,0.0,C00083,34,Loyal,Central Slovakia,desktop
INT-000055,CMP-113,social,2024-01-14,2024-02-25,2024-02-09,11.56,12,0,0,0.0,C01886,41,New,Western Slovakia,mobile
INT-000056,CMP-113,social,2024-01-14,2024-02-25,2024-02-10,6.74,7,0,0,0.0,C01462,29,Loyal,Bratislava,mobile
INT-000057,CMP-113,social,2024-01-14,2024-02-25,2024-02-11,2.89,3,0,0,0.0,C02166,53,Loyal,Bratislava,mobile
INT-000058,CMP-113,social,2024-01-14,2024-02-25,2024-02-13,11.56,12,0,0,0.0,C01558,47,Regular,Eastern Slovakia,mobile
INT-000059,CMP-113,social,2024-01-14,2024-02-25,2024-02-14,8.67,9,0,0,0.0,C01646,39,Regular,Western Slovakia,mobile
INT-000060,CMP-113,social,2024-01-14,2024-02-25,2024-02-14,5.78,6,0,0,0.0,C00678,43,Regular,Bratislava,mobile
INT-000061,CMP-113,social,2024-01-14,2024-02-25,2024-02-15,11.56,12,0,0,0.0,C01587,18,Loyal,Czech Republic,tablet
INT-000062,CMP-113,social,2024-01-14,2024-02-25,2024-02-15,8.67,9,1,0,0.0,C02139,42,Loyal,Eastern Slovakia,mobile
INT-000063,CMP-113,social,2024-01-14,2024-02-25,2024-02-16,13.49,14,0,0,0.0,C01804,33,Regular,Western Slovakia,tablet
INT-000064,CMP-113,social,2024-01-14,2024-02-25,2024-02-16,11.56,12,0,0,0.0,C01595,43,At-Risk,Central Slovakia,tablet
INT-000065,CMP-113,social,2024-01-14,2024-02-25,2024-02-19,11.56,12,0,0,0.0,C01530,45,At-Risk,Central Slovakia,mobile
INT-000066,CMP-113,social,2024-01-14,2024-02-25,2024-02-20,8.67,9,0,0,0.0,C01097,57,Loyal,Czech Republic,mobile
INT-000067,CMP-113,social,2024-01-14,2024-02-25,2024-02-21,9.63,10,0,0,0.0,C00492,42,Loyal,Bratislava,desktop
INT-000068,CMP-113,social,2024-01-14,2024-02-25,2024-02-22,12.52,13,0,0,0.0,C01757,59,Regular,Western Slovakia,mobile
INT-000069,CMP-113,social,2024-01-14,2024-02-25,2024-02-23,9.63,10,1,0,0.0,C01792,38,Loyal,Bratislava,mobile
INT-000070,CMP-113,social,2024-01-14,2024-02-25,2024-02-23,9.63,10,1,0,0.0,C01354,42,New,Central Slovakia,mobile
INT-000071,CMP-113,social,2024-01-14,2024-02-25,2024-02-24,8.67,9,1,0,0.0,C01591,21,Loyal,Western Slovakia,mobile
INT-000072,CMP-050,social,2024-01-15,2024-01-28,2024-01-15,3.39,4,0,0,0.0,C01180,43,Loyal,Western Slovakia,mobile
INT-000073,CMP-050,social,2024-01-15,2024-01-28,2024-01-15,5.09,6,0,0,0.0,C01196,62,Regular,Bratislava,tablet
INT-000074,CMP-050,social,2024-01-15,2024-01-28,2024-01-15,5.94,7,2,0,0.0,C01387,53,Loyal,Eastern Slovakia,mobile
INT-000075,CMP-050,social,2024-01-15,2024-01-28,2024-01-15,11.88,14,1,0,0.0,C00408,48,Regular,Central Slovakia,mobile
INT-000076,CMP-050,social,2024-01-15,2024-01-28,2024-01-15,6.79,8,1,0,0.0,C00097,22,Loyal,Czech Republic,mobile
INT-000077,CMP-050,social,2024-01-15,2024-01-28,2024-01-15,0.85,1,0,0,0.0,C01446,41,Regular,Eastern Slovakia,desktop
INT-000078,CMP-050,social,2024-01-15,2024-01-28,2024-01-15,8.49,10,1,0,0.0,C00471,42,Regular,Western Slovakia,mobile
INT-000079,CMP-050,social,2024-01-15,2024-01-28,2024-01-15,4.24,5,0,0,0.0,C01660,40,Loyal,Central Slovakia,tablet
INT-000080,CMP-050,social,2024-01-15,2024-01-28,2024-01-15,6.79,8,0,0,0.0,C01123,29,Loyal,Western Slovakia,mobile
INT-000081,CMP-050,social,2024-01-15,2024-01-28,2024-01-15,8.49,10,1,0,0.0,C01012,55,Loyal,Bratislava,tablet
INT-000082,CMP-050,social,2024-01-15,2024-01-28,2024-01-15,3.39,4,0,0,0.0,C01673,40,Regular,Central Slovakia,mobile
INT-000083,CMP-050,social,2024-01-15,2024-01-28,2024-01-15,5.94,7,0,0,0.0,C01274,42,Regular,Eastern Slovakia,desktop
INT-000084,CMP-050,social,2024-01-15,2024-01-28,2024-01-15,5.09,6,1,0,0.0,C00720,26,New,Western Slovakia,tablet
INT-000085,CMP-050,social,2024-01-15,2024-01-28,2024-01-16,5.94,7,2,1,250.46,C00341,18,Loyal,Western Slovakia,mobile
INT-000086,CMP-050,social,2024-01-15,2024-01-28,2024-01-16,10.18,12,2,0,0.0,C00890,18,Regular,Bratislava,mobile
INT-000087,CMP-050,social,2024-01-15,2024-01-28,2024-01-16,6.79,8,0,0,0.0,C00252,42,Loyal,Western Slovakia,mobile
INT-000088,CMP-050,social,2024-01-15,2024-01-28,2024-01-16,5.09,6,0,0,0.0,C01697,32,New,Eastern Slovakia,mobile
INT-000089,CMP-050,social,2024-01-15,2024-01-28,2024-01-16,6.79,8,0,0,0.0,C00041,47,At-Risk,Central Slovakia,mobile
INT-000090,CMP-050,social,2024-01-15,2024-01-28,2024-01-16,10.18,12,0,0,0.0,C00355,51,New,Eastern Slovakia,desktop
INT-000091,CMP-050,social,2024-01-15,2024-01-28,2024-01-16,6.79,8,1,0,0.0,C01641,20,New,Bratislava,desktop
INT-000092,CMP-050,social,2024-01-15,2024-01-28,2024-01-17,5.94,7,0,0,0.0,C00397,47,Loyal,Bratislava,desktop
INT-000093,CMP-050,social,2024-01-15,2024-01-28,2024-01-17,4.24,5,1,0,0.0,C00297,42,At-Risk,Western Slovakia,desktop
INT-000094,CMP-050,social,2024-01-15,2024-01-28,2024-01-17,8.49,10,1,0,0.0,C01805,39,Loyal,Czech Republic,mobile
INT-000095,CMP-050,social,2024-01-15,2024-01-28,2024-01-17,6.79,8,0,0,0.0,C00166,27,New,Bratislava,mobile
INT-000096,CMP-050,social,2024-01-15,2024-01-28,2024-01-17,8.49,10,0,0,0.0,C00431,26,Loyal,Bratislava,desktop
INT-000097,CMP-050,social,2024-01-15,2024-01-28,2024-01-17,5.09,6,0,0,0.0,C01408,46,Regular,Western Slovakia,mobile
INT-000098,CMP-050,social,2024-01-15,2024-01-28,2024-01-17,9.33,11,1,0,0.0,C01364,48,At-Risk,Central Slovakia,mobile
INT-000099,CMP-050,social,2024-01-15,2024-01-28,2024-01-17,11.03,13,0,0,0.0,C01334,41,Loyal,Eastern Slovakia,tablet
INT-000100,CMP-050,social,2024-01-15,2024-01-28,2024-01-17,5.09,6,1,0,0.0,C00793,44,Loyal,Western Slovakia,desktop
INT-000101,CMP-050,social,2024-01-15,2024-01-28,2024-01-17,5.94,7,0,0,0.0,C01947,29,New,Eastern Slovakia,desktop
INT-000102,CMP-050,social,2024-01-15,2024-01-28,2024-01-18,6.79,8,0,0,0.0,C02106,32,Loyal,Western Slovakia,mobile
INT-000103,CMP-050,social,2024-01-15,2024-01-28,2024-01-18,5.09,6,0,0,0.0,C00394,44,Loyal,Western Slovakia,mobile
INT-000104,CMP-050,social,2024-01-15,2024-01-28,2024-01-18,5.09,6,1,0,0.0,C01766,36,Regular,Bratislava,mobile
INT-000105,CMP-050,social,2024-01-15,2024-01-28,2024-01-18,5.94,7,0,0,0.0,C00211,49,Loyal,Central Slovakia,mobile
INT-000106,CMP-050,social,2024-01-15,2024-01-28,2024-01-18,5.09,6,0,0,0.0,C01869,34,Regular,Western Slovakia,mobile
INT-000107,CMP-050,social,2024-01-15,2024-01-28,2024-01-18,6.79,8,0,0,0.0,C00851,34,At-Risk,Central Slovakia,desktop
INT-000108,CMP-050,social,2024-01-15,2024-01-28,2024-01-18,6.79,8,0,0,0.0,C00645,34,At-Risk,Czech Republic,desktop
INT-000109,CMP-050,social,2024-01-15,2024-01-28,2024-01-19,5.94,7,0,0,0.0,C01630,51,Regular,Eastern Slovakia,mobile
INT-000110,CMP-050,social,2024-01-15,2024-01-28,2024-01-19,8.49,10,1,0,0.0,C00722,52,Regular,Central Slovakia,desktop
INT-000111,CMP-050,social,2024-01-15,2024-01-28,2024-01-19,11.03,13,0,0,0.0,C00346,18,At-Risk,Bratislava,desktop
INT-000112,CMP-050,social,2024-01-15,2024-01-28,2024-01-19,10.18,12,0,0,0.0,C02165,45,New,Czech Republic,desktop
INT-000113,CMP-050,social,2024-01-15,2024-01-28,2024-01-19,6.79,8,0,0,0.0,C01851,30,New,Bratislava,mobile
INT-000114,CMP-050,social,2024-01-15,2024-01-28,2024-01-19,2.55,3,0,0,0.0,C01463,28,At-Risk,Central Slovakia,tablet
INT-000115,CMP-050,social,2024-01-15,2024-01-28,2024-01-20,6.79,8,0,0,0.0,C01712,18,New,Central Slovakia,desktop
INT-000116,CMP-050,social,2024-01-15,2024-01-28,2024-01-20,5.09,6,0,0,0.0,C02032,32,Regular,Western Slovakia,mobile
INT-000117,CMP-050,social,2024-01-15,2024-01-28,2024-01-20,8.49,10,0,0,0.0,C00889,18,Loyal,Eastern Slovakia,mobile
INT-000118,CMP-050,social,2024-01-15,2024-01-28,2024-01-20,11.03,13,0,0,0.0,C00160,24,At-Risk,Czech Republic,desktop
INT-000119,CMP-050,social,2024-01-15,2024-01-28,2024-01-20,8.49,10,0,0,0.0,C00368,28,Loyal,Western Slovakia,mobile
INT-000120,CMP-050,social,2024-01-15,2024-01-28,2024-01-20,8.49,10,1,1,194.99,C01753,30,Loyal,Central Slovakia,desktop
INT-000121,CMP-050,social,2024-01-15,2024-01-28,2024-01-20,2.55,3,0,0,0.0,C00455,39,Loyal,Central Slovakia,mobile
INT-000122,CMP-050,social,2024-01-15,2024-01-28,2024-01-20,7.64,9,0,0,0.0,C00040,46,New,Central Slovakia,mobile
INT-000123,CMP-050,social,2024-01-15,2024-01-28,2024-01-20,10.18,12,0,0,0.0,C00674,22,Regular,Central Slovakia,mobile
INT-000124,CMP-050,social,2024-01-15,2024-01-28,2024-01-20,5.94,7,0,0,0.0,C01760,39,Regular,Eastern Slovakia,desktop
INT-000125,CMP-050,social,2024-01-15,2024-01-28,2024-01-20,4.24,5,0,0,0.0,C01332,25,Loyal,Czech Republic,desktop
INT-000126,CMP-050,social,2024-01-15,2024-01-28,2024-01-21,8.49,10,2,0,0.0,C00164,28,Regular,Western Slovakia,mobile
INT-000127,CMP-050,social,2024-01-15,2024-01-28,2024-01-21,5.94,7,0,0,0.0,C01258,38,Loyal,Eastern Slovakia,desktop
INT-000128,CMP-050,social,2024-01-15,2024-01-28,2024-01-21,5.09,6,0,0,0.0,C00531,34,New,Czech Republic,mobile
INT-000129,CMP-050,social,2024-01-15,2024-01-28,2024-01-21,6.79,8,1,0,0.0,C00136,26,Loyal,Eastern Slovakia,mobile
INT-000130,CMP-050,social,2024-01-15,2024-01-28,2024-01-21,9.33,11,1,1,176.27,C01668,38,Regular,Bratislava,desktop
INT-000131,CMP-050,social,2024-01-15,2024-01-28,2024-01-21,4.24,5,1,0,0.0,C01371,20,Regular,Central Slovakia,mobile
INT-000132,CMP-050,social,2024-01-15,2024-01-28,2024-01-21,5.09,6,0,0,0.0,C00583,34,Regular,Bratislava,desktop
INT-000133,CMP-050,social,2024-01-15,2024-01-28,2024-01-21,9.33,11,2,0,0.0,C02021,38,At-Risk,Western Slovakia,mobile
INT-000134,CMP-050,social,2024-01-15,2024-01-28,2024-01-21,10.18,12,0,0,0.0,C00550,46,Loyal,Central Slovakia,desktop
INT-000135,CMP-050,social,2024-01-15,2024-01-28,2024-01-21,7.64,9,1,0,0.0,C01931,18,Loyal,Central Slovakia,desktop
INT-000136,CMP-050,social,2024-01-15,2024-01-28,2024-01-22,4.24,5,0,0,0.0,C00233,42,New,Eastern Slovakia,mobile
INT-000137,CMP-050,social,2024-01-15,2024-01-28,2024-01-22,6.79,8,0,0,0.0,C01425,40,Loyal,Bratislava,mobile
INT-000138,CMP-050,social,2024-01-15,2024-01-28,2024-01-22,6.79,8,1,0,0.0,C01856,30,New,Bratislava,mobile
INT-000139,CMP-050,social,2024-01-15,2024-01-28,2024-01-22,7.64,9,0,0,0.0,C01212,32,Loyal,Bratislava,mobile
INT-000140,CMP-050,social,2024-01-15,2024-01-28,2024-01-22,5.94,7,0,0,0.0,C02028,18,Loyal,Western Slovakia,desktop
INT-000141,CMP-050,social,2024-01-15,2024-01-28,2024-01-22,8.49,10,0,0,0.0,C01540,56,Loyal,Western Slovakia,desktop
INT-000142,CMP-050,social,2024-01-15,2024-01-28,2024-01-22,5.94,7,1,1,215.16,C01493,31,Loyal,Bratislava,desktop
INT-000143,CMP-050,social,2024-01-15,2024-01-28,2024-01-22,4.24,5,0,0,0.0,C01553,31,Regular,Central Slovakia,desktop
INT-000144,CMP-050,social,2024-01-15,2024-01-28,2024-01-23,5.94,7,0,0,0.0,C00400,30,Loyal,Eastern Slovakia,mobile
INT-000145,CMP-050,social,2024-01-15,2024-01-28,2024-01-23,10.18,12,1,0,0.0,C01132,35,Loyal,Western Slovakia,mobile
INT-000146,CMP-050,social,2024-01-15,2024-01-28,2024-01-23,6.79,8,0,0,0.0,C00363,50,Regular,Western Slovakia,mobile
INT-000147,CMP-050,social,2024-01-15,2024-01-28,2024-01-23,8.49,10,0,0,0.0,C01587,18,Loyal,Czech Republic,tablet
INT-000148,CMP-050,social,2024-01-15,2024-01-28,2024-01-24,6.79,8,0,0,0.0,C00445,34,Loyal,Central Slovakia,desktop
INT-000149,CMP-050,social,2024-01-15,2024-01-28,2024-01-24,5.94,7,0,0,0.0,C00326,47,Regular,Bratislava,mobile
INT-000150,CMP-050,social,2024-01-15,2024-01-28,2024-01-24,4.24,5,0,0,0.0,C00411,20,Loyal,Western Slovakia,mobile
INT-000151,CMP-050,social,2024-01-15,2024-01-28,2024-01-24,5.94,7,1,0,0.0,C01749,32,Regular,Western Slovakia,tablet
INT-000152,CMP-050,social,2024-01-15,2024-01-28,2024-01-24,4.24,5,0,0,0.0,C00279,52,Loyal,Central Slovakia,mobile
INT-000153,CMP-050,social,2024-01-15,2024-01-28,2024-01-24,3.39,4,0,0,0.0,C00729,24,Loyal,Western Slovakia,mobile
INT-000154,CMP-050,social,2024-01-15,2024-01-28,2024-01-24,6.79,8,1,1,155.02,C00765,42,New,Western Slovakia,desktop
INT-000155,CMP-050,social,2024-01-15,2024-01-28,2024-01-24,8.49,10,1,0,0.0,C00456,40,Regular,Central Slovakia,mobile
INT-000156,CMP-050,social,2024-01-15,2024-01-28,2024-01-24,4.24,5,1,0,0.0,C02068,38,Loyal,Central Slovakia,mobile
INT-000157,CMP-050,social,2024-01-15,2024-01-28,2024-01-24,6.79,8,0,0,0.0,C01676,19,Regular,Western Slovakia,desktop
INT-000158,CMP-050,social,2024-01-15,2024-01-28,2024-01-25,1.7,2,1,0,0.0,C00401,36,At-Risk,Bratislava,mobile
INT-000159,CMP-050,social,2024-01-15,2024-01-28,2024-01-25,5.09,6,0,0,0.0,C01943,23,Regular,Western Slovakia,desktop
INT-000160,CMP-050,social,2024-01-15,2024-01-28,2024-01-26,5.94,7,0,0,0.0,C00402,40,Regular,Eastern Slovakia,mobile
INT-000161,CMP-050,social,2024-01-15,2024-01-28,2024-01-26,7.64,9,1,0,0.0,C00732,39,New,Western Slovakia,mobile
INT-000162,CMP-050,social,2024-01-15,2024-01-28,2024-01-26,4.24,5,1,1,178.26,C00465,25,Loyal,Western Slovakia,desktop
INT-000163,CMP-050,social,2024-01-15,2024-01-28,2024-01-26,3.39,4,0,0,0.0,C01190,36,Regular,Central Slovakia,tablet
INT-000164,CMP-050,social,2024-01-15,2024-01-28,2024-01-26,2.55,3,0,0,0.0,C01439,23,Regular,Eastern Slovakia,mobile
INT-000165,CMP-050,social,2024-01-15,2024-01-28,2024-01-26,8.49,10,0,0,0.0,C01004,46,Regular,Bratislava,mobile
INT-000166,CMP-050,social,2024-01-15,2024-01-28,2024-01-26,6.79,8,0,0,0.0,C02042,46,New,Central Slovakia,mobile
INT-000167,CMP-050,social,2024-01-15,2024-01-28,2024-01-27,2.55,3,0,0,0.0,C01186,21,Regular,Central Slovakia,mobile
INT-000168,CMP-050,social,2024-01-15,2024-01-28,2024-01-27,5.09,6,1,0,0.0,C00227,68,New,Bratislava,mobile
INT-000169,CMP-050,social,2024-01-15,2024-01-28,2024-01-27,6.79,8,0,0,0.0,C01684,53,New,Bratislava,desktop
INT-000170,CMP-050,social,2024-01-15,2024-01-28,2024-01-27,6.79,8,0,0,0.0,C00204,46,Loyal,Bratislava,mobile
INT-000171,CMP-050,social,2024-01-15,2024-01-28,2024-01-27,5.94,7,0,0,0.0,C00634,18,Regular,Bratislava,mobile
INT-000172,CMP-050,social,2024-01-15,2024-01-28,2024-01-27,2.55,3,0,0,0.0,C01206,30,Loyal,Bratislava,desktop
INT-000173,CMP-044,email,2024-01-23,2024-03-04,2024-01-23,3.07,3,1,0,0.0,C01752,31,Regular,Western Slovakia,mobile
INT-000174,CMP-044,email,2024-01-23,2024-03-04,2024-01-24,2.04,2,0,0,0.0,C01940,28,Regular,Bratislava,desktop
INT-000175,CMP-044,email,2024-01-23,2024-03-04,2024-01-24,14.31,14,0,0,0.0,C02132,66,Regular,Central Slovakia,mobile
INT-000176,CMP-044,email,2024-01-23,2024-03-04,2024-01-27,3.07,3,2,1,280.71,C01400,21,Loyal,Eastern Slovakia,desktop
INT-000177,CMP-044,email,2024-01-23,2024-03-04,2024-01-27,4.09,4,0,0,0.0,C01074,19,Loyal,Central Slovakia,mobile
INT-000178,CMP-044,email,2024-01-23,2024-03-04,2024-01-27,6.13,6,1,0,0.0,C02044,29,Regular,Bratislava,mobile
INT-000179,CMP-044,email,2024-01-23,2024-03-04,2024-01-31,4.09,4,0,0,0.0,C01096,53,Regular,Bratislava,mobile
INT-000180,CMP-044,email,2024-01-23,2024-03-04,2024-01-31,8.18,8,1,0,0.0,C00341,18,Loyal,Western Slovakia,desktop
INT-000181,CMP-044,email,2024-01-23,2024-03-04,2024-01-31,4.09,4,0,0,0.0,C01535,62,Regular,Central Slovakia,mobile
INT-000182,CMP-044,email,2024-01-23,2024-03-04,2024-02-01,6.13,6,0,0,0.0,C01978,41,New,Western Slovakia,desktop
INT-000183,CMP-044,email,2024-01-23,2024-03-04,2024-02-02,4.09,4,0,0,0.0,C00414,47,New,Eastern Slovakia,mobile
INT-000184,CMP-044,email,2024-01-23,2024-03-04,2024-02-02,3.07,3,0,0,0.0,C01360,35,New,Eastern Slovakia,desktop
INT-000185,CMP-044,email,2024-01-23,2024-03-04,2024-02-02,9.2,9,0,0,0.0,C00623,41,New,Western Slovakia,mobile
INT-000186,CMP-044,email,2024-01-23,2024-03-04,2024-02-03,6.13,6,1,0,0.0,C00090,43,New,Western Slovakia,mobile
INT-000187,CMP-044,email,2024-01-23,2024-03-04,2024-02-04,4.09,4,1,0,0.0,C00913,45,New,Bratislava,mobile
INT-000188,CMP-044,email,2024-01-23,2024-03-04,2024-02-04,6.13,6,2,0,0.0,C00981,44,Regular,Western Slovakia,mobile
INT-000189,CMP-044,email,2024-01-23,2024-03-04,2024-02-06,5.11,5,1,0,0.0,C00036,52,New,Bratislava,mobile
INT-000190,CMP-044,email,2024-01-23,2024-03-04,2024-02-06,7.16,7,1,0,0.0,C00672,41,New,Western Slovakia,mobile
INT-000191,CMP-044,email,2024-01-23,2024-03-04,2024-02-07,5.11,5,0,0,0.0,C01269,46,Regular,Bratislava,tablet
INT-000192,CMP-044,email,2024-01-23,2024-03-04,2024-02-07,3.07,3,0,0,0.0,C01756,46,New,Central Slovakia,desktop
INT-000193,CMP-044,email,2024-01-23,2024-03-04,2024-02-08,3.07,3,0,0,0.0,C00884,24,New,Bratislava,desktop
INT-000194,CMP-044,email,2024-01-23,2024-03-04,2024-02-08,3.07,3,0,0,0.0,C00149,51,New,Western Slovakia,desktop
INT-000195,CMP-044,email,2024-01-23,2024-03-04,2024-02-12,3.07,3,1,0,0.0,C01680,35,At-Risk,Bratislava,mobile
INT-000196,CMP-044,email,2024-01-23,2024-03-04,2024-02-13,6.13,6,0,0,0.0,C00120,35,Regular,Central Slovakia,mobile
INT-000197,CMP-044,email,2024-01-23,2024-03-04,2024-02-14,5.11,5,1,1,209.33,C01833,25,Loyal,Western Slovakia,desktop
INT-000198,CMP-044,email,2024-01-23,2024-03-04,2024-02-15,5.11,5,0,0,0.0,C01811,18,At-Risk,Eastern Slovakia,desktop
INT-000199,CMP-044,email,2024-01-23,2024-03-04,2024-02-16,4.09,4,0,0,0.0,C00379,57,New,Eastern Slovakia,desktop
INT-000200,CMP-044,email,2024-01-23,2024-03-04,2024-02-17,5.11,5,0,0,0.0,C00845,40,Regular,Eastern Slovakia,desktop
INT-000201,CMP-044,email,2024-01-23,2024-03-04,2024-02-18,5.11,5,1,0,0.0,C01478,21,New,Eastern Slovakia,desktop
INT-000202,CMP-044,email,2024-01-23,2024-03-04,2024-02-20,6.13,6,1,0,0.0,C01928,26,At-Risk,Eastern Slovakia,mobile
INT-000203,CMP-044,email,2024-01-23,2024-03-04,2024-02-20,3.07,3,0,0,0.0,C01732,38,Regular,Central Slovakia,desktop
INT-000204,CMP-044,email,2024-01-23,2024-03-04,2024-02-21,6.13,6,0,0,0.0,C01003,33,New,Eastern Slovakia,mobile
INT-000205,CMP-044,email,2024-01-23,2024-03-04,2024-02-21,7.16,7,0,0,0.0,C02135,28,Loyal,Western Slovakia,desktop
INT-000206,CMP-044,email,2024-01-23,2024-03-04,2024-02-23,3.07,3,0,0,0.0,C00985,42,New,Eastern Slovakia,mobile
INT-000207,CMP-044,email,2024-01-23,2024-03-04,2024-02-23,6.13,6,0,0,0.0,C00366,56,Regular,Bratislava,tablet
INT-000208,CMP-044,email,2024-01-23,2024-03-04,2024-02-24,7.16,7,0,0,0.0,C00977,51,Regular,Czech Republic,tablet
INT-000209,CMP-044,email,2024-01-23,2024-03-04,2024-02-26,5.11,5,0,0,0.0,C01222,53,Regular,Eastern Slovakia,mobile
INT-000210,CMP-044,email,2024-01-23,2024-03-04,2024-02-27,6.13,6,0,0,0.0,C02141,37,New,Bratislava,desktop
INT-000211,CMP-044,email,2024-01-23,2024-03-04,2024-02-27,3.07,3,1,0,0.0,C02106,32,Loyal,Western Slovakia,mobile
INT-000212,CMP-044,email,2024-01-23,2024-03-04,2024-02-28,8.18,8,0,0,0.0,C00014,52,New,Czech Republic,mobile
INT-000213,CMP-044,email,2024-01-23,2024-03-04,2024-03-01,7.16,7,0,0,0.0,C00699,27,At-Risk,Eastern Slovakia,mobile
INT-000214,CMP-044,email,2024-01-23,2024-03-04,2024-03-01,8.18,8,2,0,0.0,C02163,54,Loyal,Western Slovakia,desktop
INT-000215,CMP-044,email,2024-01-23,2024-03-04,2024-03-03,5.11,5,1,0,0.0,C01034,44,New,Western Slovakia,desktop
INT-000216,CMP-078,email,2024-01-24,2024-02-23,2024-01-25,3.37,4,0,0,0.0,C01409,38,Loyal,Central Slovakia,desktop
INT-000217,CMP-078,email,2024-01-24,2024-02-23,2024-01-25,0.84,1,0,0,0.0,C01142,18,Loyal,Eastern Slovakia,mobile
INT-000218,CMP-078,email,2024-01-24,2024-02-23,2024-01-27,5.06,6,0,0,0.0,C01476,36,Loyal,Bratislava,mobile
INT-000219,CMP-078,email,2024-01-24,2024-02-23,2024-01-29,1.69,2,0,0,0.0,C01902,51,Regular,Czech Republic,desktop
INT-000220,CMP-078,email,2024-01-24,2024-02-23,2024-01-31,1.69,2,0,0,0.0,C01157,38,Regular,Bratislava,desktop
INT-000221,CMP-078,email,2024-01-24,2024-02-23,2024-01-31,1.69,2,0,0,0.0,C01569,47,Loyal,Eastern Slovakia,mobile
INT-000222,CMP-078,email,2024-01-24,2024-02-23,2024-02-01,4.22,5,0,0,0.0,C00186,56,At-Risk,Bratislava,mobile
INT-000223,CMP-078,email,2024-01-24,2024-02-23,2024-02-02,0.84,1,0,0,0.0,C00397,47,Loyal,Bratislava,mobile
INT-000224,CMP-078,email,2024-01-24,2024-02-23,2024-02-03,2.53,3,0,0,0.0,C00603,53,Loyal,Central Slovakia,desktop
INT-000225,CMP-078,email,2024-01-24,2024-02-23,2024-02-05,5.06,6,0,0,0.0,C01479,33,Loyal,Eastern Slovakia,desktop
INT-000226,CMP-078,email,2024-01-24,2024-02-23,2024-02-05,2.53,3,1,0,0.0,C00841,61,Loyal,Western Slovakia,tablet
INT-000227,CMP-078,email,2024-01-24,2024-02-23,2024-02-06,0.84,1,0,0,0.0,C00514,37,Regular,Bratislava,desktop
INT-000228,CMP-078,email,2024-01-24,2024-02-23,2024-02-08,3.37,4,0,0,0.0,C01803,34,Regular,Western Slovakia,mobile
INT-000229,CMP-078,email,2024-01-24,2024-02-23,2024-02-08,3.37,4,1,0,0.0,C01373,43,Regular,Eastern Slovakia,tablet
INT-000230,CMP-078,email,2024-01-24,2024-02-23,2024-02-08,4.22,5,1,1,137.76,C01354,42,New,Central Slovakia,mobile
INT-000231,CMP-078,email,2024-01-24,2024-02-23,2024-02-09,3.37,4,1,0,0.0,C01013,32,New,Bratislava,desktop
INT-000232,CMP-078,email,2024-01-24,2024-02-23,2024-02-09,1.69,2,0,0,0.0,C01883,33,Regular,Western Slovakia,mobile
INT-000233,CMP-078,email,2024-01-24,2024-02-23,2024-02-09,0.84,1,1,1,162.93,C00525,55,Loyal,Central Slovakia,mobile
INT-000234,CMP-078,email,2024-01-24,2024-02-23,2024-02-11,1.69,2,0,0,0.0,C00116,32,Loyal,Central Slovakia,desktop
INT-000235,CMP-078,email,2024-01-24,2024-02-23,2024-02-12,4.22,5,0,0,0.0,C01184,46,New,Bratislava,desktop
INT-000236,CMP-078,email,2024-01-24,2024-02-23,2024-02-12,1.69,2,1,0,0.0,C01626,52,Regular,Central Slovakia,mobile
INT-000237,CMP-078,email,2024-01-24,2024-02-23,2024-02-14,2.53,3,0,0,0.0,C01238,45,Loyal,Bratislava,desktop
INT-000238,CMP-078,email,2024-01-24,2024-02-23,2024-02-15,0.84,1,0,0,0.0,C00437,32,New,Bratislava,desktop
INT-000239,CMP-078,email,2024-01-24,2024-02-23,2024-02-16,2.53,3,1,0,0.0,C01423,43,New,Bratislava,mobile
INT-000240,CMP-078,email,2024-01-24,2024-02-23,2024-02-19,2.53,3,0,0,0.0,C00063,40,Regular,Eastern Slovakia,mobile
INT-000241,CMP-078,email,2024-01-24,2024-02-23,2024-02-22,3.37,4,0,0,0.0,C00388,44,New,Bratislava,desktop
INT-000242,CMP-078,email,2024-01-24,2024-02-23,2024-02-22,3.37,4,0,0,0.0,C00778,43,Loyal,Bratislava,desktop
INT-000243,CMP-002,search,2024-02-01,2024-03-02,2024-02-01,10.58,4,2,1,332.16,C01431,35,Loyal,Western Slovakia,mobile
INT-000244,CMP-002,search,2024-02-01,2024-03-02,2024-02-01,10.58,4,1,0,0.0,C01724,61,New,Western Slovakia,tablet
INT-000245,CMP-002,search,2024-02-01,2024-03-02,2024-02-01,2.65,1,0,0,0.0,C01329,37,Loyal,Eastern Slovakia,desktop
INT-000246,CMP-002,search,2024-02-01,2024-03-02,2024-02-01,10.58,4,0,0,0.0,C01589,26,Loyal,Bratislava,desktop
INT-000247,CMP-002,search,2024-02-01,2024-03-02,2024-02-02,7.94,3,1,0,0.0,C01899,33,Regular,Western Slovakia,desktop
INT-000248,CMP-002,search,2024-02-01,2024-03-02,2024-02-02,5.29,2,1,0,0.0,C00007,40,At-Risk,Bratislava,desktop
INT-000249,CMP-002,search,2024-02-01,2024-03-02,2024-02-02,18.52,7,1,1,252.46,C01409,38,Loyal,Central Slovakia,desktop
INT-000250,CMP-002,search,2024-02-01,2024-03-02,2024-02-03,10.58,4,1,0,0.0,C01548,28,Loyal,Eastern Slovakia,mobile
INT-000251,CMP-002,search,2024-02-01,2024-03-02,2024-02-03,13.23,5,1,0,0.0,C01092,38,Loyal,Central Slovakia,mobile
INT-000252,CMP-002,search,2024-02-01,2024-03-02,2024-02-04,13.23,5,0,0,0.0,C00061,18,At-Risk,Central Slovakia,mobile
INT-000253,CMP-002,search,2024-02-01,2024-03-02,2024-02-05,10.58,4,0,0,0.0,C00589,41,Regular,Eastern Slovakia,mobile
INT-000254,CMP-002,search,2024-02-01,2024-03-02,2024-02-06,7.94,3,0,0,0.0,C02133,33,New,Eastern Slovakia,tablet
INT-000255,CMP-002,search,2024-02-01,2024-03-02,2024-02-07,10.58,4,1,0,0.0,C01061,36,At-Risk,Bratislava,desktop
INT-000256,CMP-002,search,2024-02-01,2024-03-02,2024-02-07,7.94,3,1,0,0.0,C00705,51,Regular,Bratislava,mobile
INT-000257,CMP-002,search,2024-02-01,2024-03-02,2024-02-08,7.94,3,1,0,0.0,C00278,25,At-Risk,Bratislava,desktop
INT-000258,CMP-002,search,2024-02-01,2024-03-02,2024-02-08,10.58,4,0,0,0.0,C02022,29,Regular,Central Slovakia,mobile
INT-000259,CMP-002,search,2024-02-01,2024-03-02,2024-02-09,13.23,5,0,0,0.0,C01747,31,New,Eastern Slovakia,mobile
INT-000260,CMP-002,search,2024-02-01,2024-03-02,2024-02-10,18.52,7,1,0,0.0,C02051,47,Regular,Czech Republic,mobile
INT-000261,CMP-002,search,2024-02-01,2024-03-02,2024-02-10,7.94,3,0,0,0.0,C01764,25,New,Central Slovakia,mobile
INT-000262,CMP-002,search,2024-02-01,2024-03-02,2024-02-10,15.88,6,1,0,0.0,C00236,30,Regular,Western Slovakia,mobile
INT-000263,CMP-002,search,2024-02-01,2024-03-02,2024-02-10,10.58,4,1,0,0.0,C00071,23,New,Bratislava,mobile
INT-000264,CMP-002,search,2024-02-01,2024-03-02,2024-02-10,15.88,6,0,0,0.0,C00132,21,New,Eastern Slovakia,mobile
INT-000265,CMP-002,search,2024-02-01,2024-03-02,2024-02-12,10.58,4,2,1,189.56,C00077,33,New,Eastern Slovakia,desktop
INT-000266,CMP-002,search,2024-02-01,2024-03-02,2024-02-12,13.23,5,0,0,0.0,C00169,36,New,Western Slovakia,mobile
INT-000267,CMP-002,search,2024-02-01,2024-03-02,2024-02-13,7.94,3,0,0,0.0,C01809,38,Regular,Western Slovakia,tablet
INT-000268,CMP-002,search,2024-02-01,2024-03-02,2024-02-13,10.58,4,1,1,311.57,C00562,42,Loyal,Central Slovakia,desktop
INT-000269,CMP-002,search,2024-02-01,2024-03-02,2024-02-13,13.23,5,1,0,0.0,C00610,44,Regular,Bratislava,mobile
INT-000270,CMP-002,search,2024-02-01,2024-03-02,2024-02-13,15.88,6,0,0,0.0,C00290,37,Regular,Central Slovakia,mobile
INT-000271,CMP-002,search,2024-02-01,2024-03-02,2024-02-14,10.58,4,1,1,234.0,C02030,32,Loyal,Western Slovakia,mobile
INT-000272,CMP-002,search,2024-02-01,2024-03-02,2024-02-15,13.23,5,0,0,0.0,C01894,18,Regular,Western Slovakia,tablet
INT-000273,CMP-002,search,2024-02-01,2024-03-02,2024-02-16,10.58,4,0,0,0.0,C01466,38,Loyal,Central Slovakia,mobile
INT-000274,CMP-002,search,2024-02-01,2024-03-02,2024-02-16,10.58,4,1,1,183.37,C00672,41,New,Western Slovakia,desktop
INT-000275,CMP-002,search,2024-02-01,2024-03-02,2024-02-17,7.94,3,1,0,0.0,C01641,20,New,Bratislava,desktop
INT-000276,CMP-002,search,2024-02-01,2024-03-02,2024-02-18,18.52,7,0,0,0.0,C00191,59,At-Risk,Bratislava,desktop
INT-000277,CMP-002,search,2024-02-01,2024-03-02,2024-02-18,5.29,2,0,0,0.0,C01860,21,Regular,Central Slovakia,mobile
INT-000278,CMP-002,search,2024-02-01,2024-03-02,2024-02-19,7.94,3,1,0,0.0,C00489,28,Loyal,Central Slovakia,desktop
INT-000279,CMP-002,search,2024-02-01,2024-03-02,2024-02-19,10.58,4,1,0,0.0,C01367,24,Regular,Western Slovakia,desktop
INT-000280,CMP-002,search,2024-02-01,2024-03-02,2024-02-20,15.88,6,2,1,109.28,C01399,45,New,Bratislava,tablet
INT-000281,CMP-002,search,2024-02-01,2024-03-02,2024-02-22,10.58,4,0,0,0.0,C00202,55,Loyal,Eastern Slovakia,mobile
INT-000282,CMP-002,search,2024-02-01,2024-03-02,2024-02-22,10.58,4,0,0,0.0,C01610,33,New,Eastern Slovakia,mobile
INT-000283,CMP-002,search,2024-02-01,2024-03-02,2024-02-23,7.94,3,1,0,0.0,C01188,42,Regular,Central Slovakia,desktop
INT-000284,CMP-002,search,2024-02-01,2024-03-02,2024-02-23,7.94,3,1,0,0.0,C00662,38,New,Central Slovakia,mobile
INT-000285,CMP-002,search,2024-02-01,2024-03-02,2024-02-24,13.23,5,0,0,0.0,C00776,40,New,Western Slovakia,mobile
INT-000286,CMP-002,search,2024-02-01,2024-03-02,2024-02-24,15.88,6,1,0,0.0,C00280,41,Regular,Western Slovakia,tablet
INT-000287,CMP-002,search,2024-02-01,2024-03-02,2024-02-24,13.23,5,0,0,0.0,C01294,18,New,Eastern Slovakia,mobile
INT-000288,CMP-002,search,2024-02-01,2024-03-02,2024-02-25,7.94,3,0,0,0.0,C00685,33,Regular,Eastern Slovakia,mobile
INT-000289,CMP-002,search,2024-02-01,2024-03-02,2024-02-25,7.94,3,0,0,0.0,C01141,59,New,Western Slovakia,desktop
INT-000290,CMP-002,search,2024-02-01,2024-03-02,2024-02-25,10.58,4,0,0,0.0,C02003,43,New,Western Slovakia,tablet
INT-000291,CMP-002,search,2024-02-01,2024-03-02,2024-02-26,7.94,3,0,0,0.0,C00690,33,New,Eastern Slovakia,desktop
INT-000292,CMP-002,search,2024-02-01,2024-03-02,2024-02-27,10.58,4,0,0,0.0,C00172,43,New,Czech Republic,mobile
INT-000293,CMP-002,search,2024-02-01,2024-03-02,2024-02-28,15.88,6,1,1,182.32,C00205,18,Regular,Western Slovakia,mobile
INT-000294,CMP-002,search,2024-02-01,2024-03-02,2024-02-28,10.58,4,0,0,0.0,C01691,32,New,Bratislava,mobile
INT-000295,CMP-002,search,2024-02-01,2024-03-02,2024-02-28,15.88,6,1,0,0.0,C00682,46,New,Bratislava,desktop
INT-000296,CMP-002,search,2024-02-01,2024-03-02,2024-02-29,13.23,5,2,0,0.0,C01650,30,New,Bratislava,mobile
INT-000297,CMP-002,search,2024-02-01,2024-03-02,2024-02-29,5.29,2,0,0,0.0,C02191,47,New,Bratislava,mobile
INT-000298,CMP-002,search,2024-02-01,2024-03-02,2024-02-29,7.94,3,1,0,0.0,C01572,35,Regular,Eastern Slovakia,mobile
INT-000299,CMP-002,search,2024-02-01,2024-03-02,2024-02-29,7.94,3,0,0,0.0,C01152,50,Loyal,Bratislava,desktop
INT-000300,CMP-002,search,2024-02-01,2024-03-02,2024-03-01,5.29,2,0,0,0.0,C01606,54,New,Bratislava,mobile
INT-000301,CMP-002,search,2024-02-01,2024-03-02,2024-03-01,13.23,5,0,0,0.0,C00972,37,Loyal,Western Slovakia,desktop
INT-000302,CMP-002,search,2024-02-01,2024-03-02,2024-03-01,15.88,6,0,0,0.0,C01597,42,Loyal,Western Slovakia,mobile
INT-000303,CMP-002,search,2024-02-01,2024-03-02,2024-03-01,21.17,8,2,1,232.94,C00029,43,Loyal,Eastern Slovakia,desktop
INT-000304,CMP-006,tv,2024-02-08,2024-03-13,2024-02-08,6.45,5,0,0,0.0,C00153,18,Loyal,Czech Republic,mobile
INT-000305,CMP-006,tv,2024-02-08,2024-03-13,2024-02-09,11.61,9,0,0,0.0,C01992,45,Loyal,Czech Republic,tablet
INT-000306,CMP-006,tv,2024-02-08,2024-03-13,2024-02-11,9.03,7,0,0,0.0,C01067,25,Loyal,Bratislava,mobile
INT-000307,CMP-006,tv,2024-02-08,2024-03-13,2024-02-11,9.03,7,0,0,0.0,C00135,20,New,Central Slovakia,mobile
INT-000308,CMP-006,tv,2024-02-08,2024-03-13,2024-02-12,7.74,6,0,0,0.0,C01376,42,Regular,Bratislava,mobile
INT-000309,CMP-006,tv,2024-02-08,2024-03-13,2024-02-12,6.45,5,0,0,0.0,C01629,43,New,Bratislava,tablet
INT-000310,CMP-006,tv,2024-02-08,2024-03-13,2024-02-12,10.32,8,0,0,0.0,C00623,41,New,Western Slovakia,mobile
INT-000311,CMP-006,tv,2024-02-08,2024-03-13,2024-02-14,18.06,14,0,0,0.0,C00754,63,Loyal,Western Slovakia,mobile
INT-000312,CMP-006,tv,2024-02-08,2024-03-13,2024-02-14,19.35,15,0,0,0.0,C01886,41,New,Western Slovakia,mobile
INT-000313,CMP-006,tv,2024-02-08,2024-03-13,2024-02-14,11.61,9,0,0,0.0,C01465,50,Loyal,Bratislava,mobile
INT-000314,CMP-006,tv,2024-02-08,2024-03-13,2024-02-14,9.03,7,0,0,0.0,C01775,51,Loyal,Western Slovakia,mobile
INT-000315,CMP-006,tv,2024-02-08,2024-03-13,2024-02-15,12.9,10,0,0,0.0,C00064,45,New,Bratislava,desktop
INT-000316,CMP-006,tv,2024-02-08,2024-03-13,2024-02-15,12.9,10,0,0,0.0,C01527,52,Loyal,Eastern Slovakia,desktop
INT-000317,CMP-006,tv,2024-02-08,2024-03-13,2024-02-16,14.19,11,0,0,0.0,C00788,36,New,Bratislava,mobile
INT-000318,CMP-006,tv,2024-02-08,2024-03-13,2024-02-16,12.9,10,0,0,0.0,C00989,34,Regular,Czech Republic,mobile
INT-000319,CMP-006,tv,2024-02-08,2024-03-13,2024-02-17,14.19,11,0,0,0.0,C00922,28,Regular,Czech Republic,mobile
INT-000320,CMP-006,tv,2024-02-08,2024-03-13,2024-02-17,15.48,12,0,0,0.0,C00722,52,Regular,Central Slovakia,mobile
INT-000321,CMP-006,tv,2024-02-08,2024-03-13,2024-02-18,15.48,12,0,1,344.69,C01961,40,Loyal,Bratislava,mobile
INT-000322,CMP-006,tv,2024-02-08,2024-03-13,2024-02-19,15.48,12,0,0,0.0,C01544,37,New,Czech Republic,tablet
INT-000323,CMP-006,tv,2024-02-08,2024-03-13,2024-02-19,14.19,11,0,0,0.0,C00970,38,Regular,Western Slovakia,desktop
INT-000324,CMP-006,tv,2024-02-08,2024-03-13,2024-02-19,6.45,5,0,0,0.0,C01720,22,New,Central Slovakia,mobile
INT-000325,CMP-006,tv,2024-02-08,2024-03-13,2024-02-21,9.03,7,0,1,364.46,C00477,51,Loyal,Bratislava,desktop
INT-000326,CMP-006,tv,2024-02-08,2024-03-13,2024-02-22,16.77,13,0,0,0.0,C01177,29,New,Eastern Slovakia,desktop
INT-000327,CMP-006,tv,2024-02-08,2024-03-13,2024-02-22,6.45,5,0,0,0.0,C01531,45,New,Western Slovakia,mobile
INT-000328,CMP-006,tv,2024-02-08,2024-03-13,2024-02-22,14.19,11,0,0,0.0,C02076,23,Regular,Czech Republic,desktop
INT-000329,CMP-006,tv,2024-02-08,2024-03-13,2024-02-22,12.9,10,0,1,359.64,C01024,45,Loyal,Bratislava,mobile
INT-000330,CMP-006,tv,2024-02-08,2024-03-13,2024-02-24,12.9,10,0,0,0.0,C00455,39,Loyal,Central Slovakia,mobile
INT-000331,CMP-006,tv,2024-02-08,2024-03-13,2024-02-26,7.74,6,0,1,237.19,C01255,29,Loyal,Central Slovakia,tablet
INT-000332,CMP-006,tv,2024-02-08,2024-03-13,2024-02-26,14.19,11,0,1,419.57,C01516,41,Loyal,Bratislava,desktop
INT-000333,CMP-006,tv,2024-02-08,2024-03-13,2024-02-27,12.9,10,0,1,653.2,C01170,34,Loyal,Bratislava,desktop
INT-000334,CMP-006,tv,2024-02-08,2024-03-13,2024-02-27,10.32,8,0,0,0.0,C00454,63,Loyal,Eastern Slovakia,mobile
INT-000335,CMP-006,tv,2024-02-08,2024-03-13,2024-02-28,11.61,9,0,0,0.0,C00342,42,At-Risk,Bratislava,mobile
INT-000336,CMP-006,tv,2024-02-08,2024-03-13,2024-02-28,10.32,8,0,0,0.0,C01058,43,New,Western Slovakia,tablet
INT-000337,CMP-006,tv,2024-02-08,2024-03-13,2024-03-01,27.1,21,1,0,0.0,C00857,42,Regular,Czech Republic,tablet
INT-000338,CMP-006,tv,2024-02-08,2024-03-13,2024-03-03,18.06,14,0,0,0.0,C01290,48,Regular,Western Slovakia,desktop
INT-000339,CMP-006,tv,2024-02-08,2024-03-13,2024-03-03,18.06,14,0,2,433.16,C01915,52,Regular,Eastern Slovakia,mobile
INT-000340,CMP-006,tv,2024-02-08,2024-03-13,2024-03-03,12.9,10,0,0,0.0,C00238,36,Loyal,Western Slovakia,mobile
INT-000341,CMP-006,tv,2024-02-08,2024-03-13,2024-03-04,10.32,8,0,0,0.0,C01767,23,New,Central Slovakia,tablet
INT-000342,CMP-006,tv,2024-02-08,2024-03-13,2024-03-04,9.03,7,0,0,0.0,C00438,25,Regular,Central Slovakia,mobile
INT-000343,CMP-006,tv,2024-02-08,2024-03-13,2024-03-05,11.61,9,0,1,480.47,C01212,32,Loyal,Bratislava,mobile
INT-000344,CMP-006,tv,2024-02-08,2024-03-13,2024-03-06,18.06,14,0,1,476.5,C01634,38,Regular,Bratislava,tablet
INT-000345,CMP-006,tv,2024-02-08,2024-03-13,2024-03-06,11.61,9,0,0,0.0,C00252,42,Loyal,Western Slovakia,mobile
INT-000346,CMP-006,tv,2024-02-08,2024-03-13,2024-03-06,11.61,9,0,0,0.0,C00498,34,New,Eastern Slovakia,desktop
INT-000347,CMP-006,tv,2024-02-08,2024-03-13,2024-03-07,16.77,13,0,1,222.23,C01865,41,Loyal,Central Slovakia,mobile
INT-000348,CMP-006,tv,2024-02-08,2024-03-13,2024-03-08,9.03,7,0,0,0.0,C00306,25,Loyal,Central Slovakia,mobile
INT-000349,CMP-006,tv,2024-02-08,2024-03-13,2024-03-10,25.81,20,0,1,325.55,C01468,22,Loyal,Eastern Slovakia,mobile
INT-000350,CMP-006,tv,2024-02-08,2024-03-13,2024-03-11,11.61,9,1,0,0.0,C00172,43,New,Czech Republic,tablet
INT-000351,CMP-006,tv,2024-02-08,2024-03-13,2024-03-11,6.45,5,0,0,0.0,C00035,45,New,Eastern Slovakia,mobile
INT-000352,CMP-006,tv,2024-02-08,2024-03-13,2024-03-11,15.48,12,0,1,396.95,C00863,37,Loyal,Western Slovakia,mobile
INT-000353,CMP-006,tv,2024-02-08,2024-03-13,2024-03-11,14.19,11,0,0,0.0,C01979,57,Regular,Western Slovakia,mobile
INT-000354,CMP-077,search,2024-02-15,2024-03-22,2024-02-17,10.78,4,0,0,0.0,C01231,31,Regular,Eastern Slovakia,mobile
INT-000355,CMP-077,search,2024-02-15,2024-03-22,2024-02-18,10.78,4,0,0,0.0,C00275,57,At-Risk,Bratislava,mobile
INT-000356,CMP-077,search,2024-02-15,2024-03-22,2024-02-19,10.78,4,0,0,0.0,C01876,18,New,Bratislava,desktop
INT-000357,CMP-077,search,2024-02-15,2024-03-22,2024-02-22,10.78,4,1,1,250.18,C02084,40,Regular,Bratislava,mobile
INT-000358,CMP-077,search,2024-02-15,2024-03-22,2024-02-22,5.39,2,1,0,0.0,C00479,38,Regular,Central Slovakia,desktop
INT-000359,CMP-077,search,2024-02-15,2024-03-22,2024-02-23,10.78,4,0,0,0.0,C01302,18,Regular,Western Slovakia,desktop
INT-000360,CMP-077,search,2024-02-15,2024-03-22,2024-02-23,5.39,2,2,1,194.49,C00869,31,New,Western Slovakia,mobile
INT-000361,CMP-077,search,2024-02-15,2024-03-22,2024-02-24,10.78,4,0,0,0.0,C01851,30,New,Bratislava,mobile
INT-000362,CMP-077,search,2024-02-15,2024-03-22,2024-02-24,16.17,6,1,0,0.0,C01037,50,Regular,Eastern Slovakia,mobile
INT-000363,CMP-077,search,2024-02-15,2024-03-22,2024-02-25,24.25,9,2,0,0.0,C01273,34,New,Bratislava,desktop
INT-000364,CMP-077,search,2024-02-15,2024-03-22,2024-02-26,16.17,6,1,0,0.0,C00417,51,At-Risk,Bratislava,mobile
INT-000365,CMP-077,search,2024-02-15,2024-03-22,2024-02-26,13.47,5,1,0,0.0,C00084,33,New,Western Slovakia,desktop
INT-000366,CMP-077,search,2024-02-15,2024-03-22,2024-02-27,5.39,2,1,0,0.0,C00487,29,New,Western Slovakia,mobile
INT-000367,CMP-077,search,2024-02-15,2024-03-22,2024-02-27,24.25,9,2,0,0.0,C00070,36,At-Risk,Bratislava,mobile
INT-000368,CMP-077,search,2024-02-15,2024-03-22,2024-02-27,2.69,1,0,0,0.0,C01226,44,Regular,Czech Republic,desktop
INT-000369,CMP-077,search,2024-02-15,2024-03-22,2024-02-27,10.78,4,2,2,424.09,C01336,60,Loyal,Eastern Slovakia,mobile
INT-000370,CMP-077,search,2024-02-15,2024-03-22,2024-02-27,18.86,7,1,0,0.0,C01702,32,At-Risk,Eastern Slovakia,desktop
INT-000371,CMP-077,search,2024-02-15,2024-03-22,2024-02-28,10.78,4,1,0,0.0,C01845,22,New,Bratislava,desktop
INT-000372,CMP-077,search,2024-02-15,2024-03-22,2024-02-28,8.08,3,0,0,0.0,C00800,38,New,Eastern Slovakia,mobile
INT-000373,CMP-077,search,2024-02-15,2024-03-22,2024-02-28,8.08,3,0,0,0.0,C01243,58,Loyal,Central Slovakia,mobile
INT-000374,CMP-077,search,2024-02-15,2024-03-22,2024-03-01,18.86,7,1,1,193.11,C00562,42,Loyal,Central Slovakia,desktop
INT-000375,CMP-077,search,2024-02-15,2024-03-22,2024-03-01,10.78,4,0,0,0.0,C01218,18,Regular,Eastern Slovakia,mobile
INT-000376,CMP-077,search,2024-02-15,2024-03-22,2024-03-01,8.08,3,0,0,0.0,C01633,40,Loyal,Central Slovakia,mobile
INT-000377,CMP-077,search,2024-02-15,2024-03-22,2024-03-04,16.17,6,0,0,0.0,C01911,29,Regular,Western Slovakia,mobile
INT-000378,CMP-077,search,2024-02-15,2024-03-22,2024-03-04,24.25,9,0,0,0.0,C01610,33,New,Eastern Slovakia,mobile
INT-000379,CMP-077,search,2024-02-15,2024-03-22,2024-03-04,5.39,2,0,0,0.0,C01462,29,Loyal,Bratislava,mobile
INT-000380,CMP-077,search,2024-02-15,2024-03-22,2024-03-05,8.08,3,1,0,0.0,C00465,25,Loyal,Western Slovakia,mobile
INT-000381,CMP-077,search,2024-02-15,2024-03-22,2024-03-05,13.47,5,1,0,0.0,C01703,40,At-Risk,Western Slovakia,mobile
INT-000382,CMP-077,search,2024-02-15,2024-03-22,2024-03-06,18.86,7,1,0,0.0,C00494,43,Loyal,Czech Republic,mobile
INT-000383,CMP-077,search,2024-02-15,2024-03-22,2024-03-07,8.08,3,0,0,0.0,C00386,28,Regular,Eastern Slovakia,desktop
INT-000384,CMP-077,search,2024-02-15,2024-03-22,2024-03-07,8.08,3,1,0,0.0,C01080,55,New,Eastern Slovakia,mobile
INT-000385,CMP-077,search,2024-02-15,2024-03-22,2024-03-08,10.78,4,0,0,0.0,C00775,38,Regular,Western Slovakia,desktop
INT-000386,CMP-077,search,2024-02-15,2024-03-22,2024-03-09,16.17,6,0,0,0.0,C01067,25,Loyal,Bratislava,mobile
INT-000387,CMP-077,search,2024-02-15,2024-03-22,2024-03-09,13.47,5,0,0,0.0,C01014,18,Regular,Eastern Slovakia,desktop
INT-000388,CMP-077,search,2024-02-15,2024-03-22,2024-03-10,18.86,7,0,0,0.0,C00648,18,New,Central Slovakia,mobile
INT-000389,CMP-077,search,2024-02-15,2024-03-22,2024-03-11,13.47,5,1,0,0.0,C00554,62,Regular,Bratislava,tablet
INT-000390,CMP-077,search,2024-02-15,2024-03-22,2024-03-11,8.08,3,0,0,0.0,C00605,30,Loyal,Eastern Slovakia,mobile
INT-000391,CMP-077,search,2024-02-15,2024-03-22,2024-03-12,8.08,3,1,0,0.0,C01062,55,At-Risk,Central Slovakia,desktop
INT-000392,CMP-077,search,2024-02-15,2024-03-22,2024-03-12,5.39,2,0,0,0.0,C01764,25,New,Central Slovakia,mobile
INT-000393,CMP-077,search,2024-02-15,2024-03-22,2024-03-13,8.08,3,0,0,0.0,C01374,19,Loyal,Bratislava,mobile
INT-000394,CMP-077,search,2024-02-15,2024-03-22,2024-03-15,8.08,3,0,0,0.0,C01722,21,New,Western Slovakia,mobile
INT-000395,CMP-077,search,2024-02-15,2024-03-22,2024-03-18,13.47,5,1,1,235.95,C00306,25,Loyal,Central Slovakia,mobile
INT-000396,CMP-077,search,2024-02-15,2024-03-22,2024-03-20,10.78,4,1,1,323.22,C01136,53,Loyal,Czech Republic,tablet
INT-000397,CMP-077,search,2024-02-15,2024-03-22,2024-03-21,10.78,4,1,0,0.0,C01877,47,Regular,Eastern Slovakia,mobile
INT-000398,CMP-089,social,2024-02-17,2024-03-12,2024-02-18,4.23,5,0,0,0.0,C01129,35,Regular,Eastern Slovakia,mobile
INT-000399,CMP-089,social,2024-02-17,2024-03-12,2024-02-19,4.23,5,0,0,0.0,C01626,52,Regular,Central Slovakia,mobile
INT-000400,CMP-089,social,2024-02-17,2024-03-12,2024-02-19,2.54,3,0,0,0.0,C00324,47,Loyal,Western Slovakia,mobile
INT-000401,CMP-089,social,2024-02-17,2024-03-12,2024-02-20,5.07,6,1,0,0.0,C00181,54,Loyal,Bratislava,mobile
INT-000402,CMP-089,social,2024-02-17,2024-03-12,2024-02-20,5.92,7,0,0,0.0,C01706,61,Regular,Bratislava,mobile
INT-000403,CMP-089,social,2024-02-17,2024-03-12,2024-02-22,4.23,5,0,0,0.0,C00430,43,Regular,Western Slovakia,tablet
INT-000404,CMP-089,social,2024-02-17,2024-03-12,2024-02-22,5.92,7,0,0,0.0,C00491,51,New,Eastern Slovakia,mobile
INT-000405,CMP-089,social,2024-02-17,2024-03-12,2024-02-23,3.38,4,0,0,0.0,C01632,28,At-Risk,Bratislava,desktop
INT-000406,CMP-089,social,2024-02-17,2024-03-12,2024-02-23,6.76,8,2,0,0.0,C01719,45,Regular,Western Slovakia,mobile
INT-000407,CMP-089,social,2024-02-17,2024-03-12,2024-02-23,8.46,10,0,0,0.0,C01726,39,New,Czech Republic,mobile
INT-000408,CMP-089,social,2024-02-17,2024-03-12,2024-02-24,4.23,5,0,0,0.0,C01550,43,New,Eastern Slovakia,mobile
INT-000409,CMP-089,social,2024-02-17,2024-03-12,2024-02-24,7.61,9,1,0,0.0,C00364,25,Loyal,Czech Republic,desktop
INT-000410,CMP-089,social,2024-02-17,2024-03-12,2024-02-25,5.07,6,0,0,0.0,C01211,49,Regular,Western Slovakia,desktop
INT-000411,CMP-089,social,2024-02-17,2024-03-12,2024-02-25,6.76,8,0,0,0.0,C00977,51,Regular,Czech Republic,tablet
INT-000412,CMP-089,social,2024-02-17,2024-03-12,2024-02-25,4.23,5,0,0,0.0,C01882,55,Regular,Czech Republic,mobile
INT-000413,CMP-089,social,2024-02-17,2024-03-12,2024-02-26,5.92,7,0,0,0.0,C00304,34,At-Risk,Western Slovakia,desktop
INT-000414,CMP-089,social,2024-02-17,2024-03-12,2024-02-26,3.38,4,0,0,0.0,C01722,21,New,Western Slovakia,mobile
INT-000415,CMP-089,social,2024-02-17,2024-03-12,2024-02-26,5.92,7,2,0,0.0,C01225,27,Regular,Western Slovakia,desktop
INT-000416,CMP-089,social,2024-02-17,2024-03-12,2024-02-27,5.92,7,0,0,0.0,C01193,35,New,Eastern Slovakia,mobile
INT-000417,CMP-089,social,2024-02-17,2024-03-12,2024-02-28,7.61,9,0,0,0.0,C00125,48,Regular,Eastern Slovakia,mobile
INT-000418,CMP-089,social,2024-02-17,2024-03-12,2024-02-28,3.38,4,0,0,0.0,C00223,40,Loyal,Bratislava,mobile
INT-000419,CMP-089,social,2024-02-17,2024-03-12,2024-02-28,5.92,7,0,0,0.0,C01123,29,Loyal,Western Slovakia,mobile
INT-000420,CMP-089,social,2024-02-17,2024-03-12,2024-02-28,5.07,6,0,0,0.0,C01865,41,Loyal,Central Slovakia,mobile
INT-000421,CMP-089,social,2024-02-17,2024-03-12,2024-02-29,8.46,10,1,0,0.0,C02158,28,Regular,Bratislava,desktop
INT-000422,CMP-089,social,2024-02-17,2024-03-12,2024-02-29,2.54,3,0,0,0.0,C01594,29,Regular,Czech Republic,mobile
INT-000423,CMP-089,social,2024-02-17,2024-03-12,2024-02-29,5.92,7,0,0,0.0,C00311,52,Regular,Western Slovakia,mobile
INT-000424,CMP-089,social,2024-02-17,2024-03-12,2024-03-01,4.23,5,0,0,0.0,C01212,32,Loyal,Bratislava,mobile
INT-000425,CMP-089,social,2024-02-17,2024-03-12,2024-03-01,4.23,5,0,0,0.0,C00256,47,New,Bratislava,desktop
INT-000426,CMP-089,social,2024-02-17,2024-03-12,2024-03-01,7.61,9,0,0,0.0,C01672,19,Loyal,Western Slovakia,mobile
INT-000427,CMP-089,social,2024-02-17,2024-03-12,2024-03-02,6.76,8,0,0,0.0,C00318,30,New,Central Slovakia,mobile
INT-000428,CMP-089,social,2024-02-17,2024-03-12,2024-03-02,6.76,8,0,0,0.0,C00053,21,Regular,Central Slovakia,tablet
INT-000429,CMP-089,social,2024-02-17,2024-03-12,2024-03-03,6.76,8,0,0,0.0,C01023,43,Regular,Czech Republic,tablet
INT-000430,CMP-089,social,2024-02-17,2024-03-12,2024-03-05,5.92,7,1,0,0.0,C01248,18,Loyal,Czech Republic,mobile
INT-000431,CMP-089,social,2024-02-17,2024-03-12,2024-03-06,3.38,4,0,0,0.0,C00469,51,New,Czech Republic,mobile
INT-000432,CMP-089,social,2024-02-17,2024-03-12,2024-03-06,5.92,7,0,0,0.0,C00051,41,At-Risk,Bratislava,mobile
INT-000433,CMP-089,social,2024-02-17,2024-03-12,2024-03-06,7.61,9,0,0,0.0,C00696,29,Regular,Eastern Slovakia,mobile
INT-000434,CMP-089,social,2024-02-17,2024-03-12,2024-03-08,1.69,2,0,0,0.0,C00338,42,New,Eastern Slovakia,mobile
INT-000435,CMP-089,social,2024-02-17,2024-03-12,2024-03-08,6.76,8,1,0,0.0,C00087,32,Loyal,Central Slovakia,tablet
INT-000436,CMP-089,social,2024-02-17,2024-03-12,2024-03-09,4.23,5,0,0,0.0,C00480,69,At-Risk,Bratislava,mobile
INT-000437,CMP-089,social,2024-02-17,2024-03-12,2024-03-09,3.38,4,1,0,0.0,C00704,37,At-Risk,Bratislava,mobile
INT-000438,CMP-089,social,2024-02-17,2024-03-12,2024-03-10,6.76,8,0,0,0.0,C01114,35,Regular,Bratislava,mobile
INT-000439,CMP-089,social,2024-02-17,2024-03-12,2024-03-10,5.92,7,1,1,175.44,C01902,51,Regular,Czech Republic,desktop
INT-000440,CMP-089,social,2024-02-17,2024-03-12,2024-03-10,3.38,4,1,0,0.0,C00462,28,New,Western Slovakia,desktop
INT-000441,CMP-105,social,2024-02-24,2024-03-11,2024-02-24,5.07,6,0,0,0.0,C01523,35,Loyal,Central Slovakia,desktop
INT-000442,CMP-105,social,2024-02-24,2024-03-11,2024-02-24,3.38,4,0,0,0.0,C00815,30,Regular,Western Slovakia,tablet
INT-000443,CMP-105,social,2024-02-24,2024-03-11,2024-02-24,8.45,10,0,0,0.0,C00862,21,New,Bratislava,mobile
INT-000444,CMP-105,social,2024-02-24,2024-03-11,2024-02-24,5.07,6,1,0,0.0,C01056,56,New,Western Slovakia,mobile
INT-000445,CMP-105,social,2024-02-24,2024-03-11,2024-02-24,10.98,13,1,0,0.0,C01967,41,Regular,Western Slovakia,mobile
INT-000446,CMP-105,social,2024-02-24,2024-03-11,2024-02-24,11.83,14,1,0,0.0,C00547,40,Regular,Bratislava,desktop
INT-000447,CMP-105,social,2024-02-24,2024-03-11,2024-02-25,5.91,7,0,0,0.0,C00766,18,Loyal,Western Slovakia,mobile
INT-000448,CMP-105,social,2024-02-24,2024-03-11,2024-02-25,5.91,7,1,1,189.54,C01795,18,Regular,Bratislava,desktop
INT-000449,CMP-105,social,2024-02-24,2024-03-11,2024-02-25,5.91,7,0,0,0.0,C00800,38,New,Eastern Slovakia,mobile
INT-000450,CMP-105,social,2024-02-24,2024-03-11,2024-02-25,5.07,6,1,1,156.46,C00139,62,Loyal,Central Slovakia,desktop
INT-000451,CMP-105,social,2024-02-24,2024-03-11,2024-02-25,7.6,9,1,0,0.0,C01187,34,Regular,Bratislava,desktop
INT-000452,CMP-105,social,2024-02-24,2024-03-11,2024-02-25,5.07,6,0,0,0.0,C00868,33,Regular,Czech Republic,desktop
INT-000453,CMP-105,social,2024-02-24,2024-03-11,2024-02-25,5.07,6,0,0,0.0,C01545,54,Regular,Central Slovakia,desktop
INT-000454,CMP-105,social,2024-02-24,2024-03-11,2024-02-25,5.91,7,1,1,137.53,C00608,43,Regular,Central Slovakia,desktop
INT-000455,CMP-105,social,2024-02-24,2024-03-11,2024-02-26,9.29,11,2,0,0.0,C01281,52,New,Bratislava,mobile
INT-000456,CMP-105,social,2024-02-24,2024-03-11,2024-02-26,9.29,11,0,0,0.0,C00301,59,Regular,Bratislava,desktop
INT-000457,CMP-105,social,2024-02-24,2024-03-11,2024-02-26,5.91,7,0,0,0.0,C00190,58,Loyal,Bratislava,desktop
INT-000458,CMP-105,social,2024-02-24,2024-03-11,2024-02-26,6.76,8,1,0,0.0,C00809,34,New,Western Slovakia,mobile
INT-000459,CMP-105,social,2024-02-24,2024-03-11,2024-02-27,5.91,7,0,0,0.0,C00347,31,New,Bratislava,mobile
INT-000460,CMP-105,social,2024-02-24,2024-03-11,2024-02-27,5.07,6,0,0,0.0,C01613,37,Regular,Bratislava,mobile
INT-000461,CMP-105,social,2024-02-24,2024-03-11,2024-02-27,7.6,9,1,0,0.0,C00302,20,Regular,Central Slovakia,tablet
INT-000462,CMP-105,social,2024-02-24,2024-03-11,2024-02-27,6.76,8,0,0,0.0,C01083,43,New,Western Slovakia,mobile
INT-000463,CMP-105,social,2024-02-24,2024-03-11,2024-02-27,8.45,10,0,0,0.0,C01416,28,Regular,Western Slovakia,mobile
INT-000464,CMP-105,social,2024-02-24,2024-03-11,2024-02-27,5.07,6,0,0,0.0,C00384,23,Regular,Eastern Slovakia,mobile
INT-000465,CMP-105,social,2024-02-24,2024-03-11,2024-02-27,13.51,16,0,0,0.0,C01450,31,Regular,Bratislava,mobile
INT-000466,CMP-105,social,2024-02-24,2024-03-11,2024-02-27,5.91,7,1,0,0.0,C00791,29,Regular,Bratislava,desktop
INT-000467,CMP-105,social,2024-02-24,2024-03-11,2024-02-27,3.38,4,0,0,0.0,C01646,39,Regular,Western Slovakia,mobile
INT-000468,CMP-105,social,2024-02-24,2024-03-11,2024-02-28,7.6,9,0,0,0.0,C00851,34,At-Risk,Central Slovakia,mobile
INT-000469,CMP-105,social,2024-02-24,2024-03-11,2024-02-28,5.91,7,0,0,0.0,C00728,47,Loyal,Bratislava,tablet
INT-000470,CMP-105,social,2024-02-24,2024-03-11,2024-02-28,7.6,9,0,0,0.0,C02107,55,At-Risk,Eastern Slovakia,mobile
INT-000471,CMP-105,social,2024-02-24,2024-03-11,2024-02-28,7.6,9,0,0,0.0,C00528,40,Regular,Bratislava,desktop
INT-000472,CMP-105,social,2024-02-24,2024-03-11,2024-02-28,7.6,9,1,0,0.0,C00392,39,Loyal,Western Slovakia,mobile
INT-000473,CMP-105,social,2024-02-24,2024-03-11,2024-02-28,5.91,7,1,0,0.0,C02075,39,New,Western Slovakia,mobile
INT-000474,CMP-105,social,2024-02-24,2024-03-11,2024-02-28,5.91,7,0,0,0.0,C00892,31,New,Bratislava,mobile
INT-000475,CMP-105,social,2024-02-24,2024-03-11,2024-02-29,9.29,11,2,2,346.59,C01031,52,Regular,Bratislava,tablet
INT-000476,CMP-105,social,2024-02-24,2024-03-11,2024-02-29,6.76,8,0,0,0.0,C02160,29,New,Bratislava,desktop
INT-000477,CMP-105,social,2024-02-24,2024-03-11,2024-02-29,9.29,11,1,0,0.0,C00941,41,New,Central Slovakia,mobile
INT-000478,CMP-105,social,2024-02-24,2024-03-11,2024-02-29,7.6,9,0,0,0.0,C02101,41,New,Eastern Slovakia,desktop
INT-000479,CMP-105,social,2024-02-24,2024-03-11,2024-02-29,5.07,6,0,0,0.0,C00729,24,Loyal,Western Slovakia,mobile
INT-000480,CMP-105,social,2024-02-24,2024-03-11,2024-02-29,5.07,6,0,0,0.0,C01625,40,At-Risk,Eastern Slovakia,mobile
INT-000481,CMP-105,social,2024-02-24,2024-03-11,2024-03-01,6.76,8,1,0,0.0,C00353,31,Regular,Bratislava,desktop
INT-000482,CMP-105,social,2024-02-24,2024-03-11,2024-03-01,8.45,10,1,0,0.0,C01688,41,Regular,Bratislava,mobile
INT-000483,CMP-105,social,2024-02-24,2024-03-11,2024-03-01,8.45,10,0,0,0.0,C00346,18,At-Risk,Bratislava,desktop
INT-000484,CMP-105,social,2024-02-24,2024-03-11,2024-03-02,10.14,12,0,0,0.0,C01750,49,New,Czech Republic,desktop
INT-000485,CMP-105,social,2024-02-24,2024-03-11,2024-03-02,5.07,6,0,0,0.0,C00125,48,Regular,Eastern Slovakia,mobile
INT-000486,CMP-105,social,2024-02-24,2024-03-11,2024-03-02,4.22,5,0,0,0.0,C00678,43,Regular,Bratislava,mobile
INT-000487,CMP-105,social,2024-02-24,2024-03-11,2024-03-02,6.76,8,1,0,0.0,C00185,43,Loyal,Central Slovakia,mobile
INT-000488,CMP-105,social,2024-02-24,2024-03-11,2024-03-02,5.91,7,2,0,0.0,C00211,49,Loyal,Central Slovakia,mobile
INT-000489,CMP-105,social,2024-02-24,2024-03-11,2024-03-02,5.07,6,1,0,0.0,C00490,46,Regular,Bratislava,mobile
INT-000490,CMP-105,social,2024-02-24,2024-03-11,2024-03-02,7.6,9,1,0,0.0,C00551,43,At-Risk,Bratislava,mobile
INT-000491,CMP-105,social,2024-02-24,2024-03-11,2024-03-03,7.6,9,0,0,0.0,C02137,41,Regular,Bratislava,desktop
INT-000492,CMP-105,social,2024-02-24,2024-03-11,2024-03-04,5.07,6,1,1,104.71,C00529,41,New,Eastern Slovakia,tablet
INT-000493,CMP-105,social,2024-02-24,2024-03-11,2024-03-04,11.83,14,0,0,0.0,C01006,42,Loyal,Central Slovakia,desktop
INT-000494,CMP-105,social,2024-02-24,2024-03-11,2024-03-04,7.6,9,1,0,0.0,C01396,60,Loyal,Eastern Slovakia,mobile
INT-000495,CMP-105,social,2024-02-24,2024-03-11,2024-03-04,4.22,5,1,0,0.0,C00259,36,Regular,Bratislava,tablet
INT-000496,CMP-105,social,2024-02-24,2024-03-11,2024-03-04,3.38,4,0,0,0.0,C00854,38,Loyal,Western Slovakia,mobile
INT-000497,CMP-105,social,2024-02-24,2024-03-11,2024-03-04,4.22,5,0,0,0.0,C01669,41,Regular,Eastern Slovakia,mobile
INT-000498,CMP-105,social,2024-02-24,2024-03-11,2024-03-04,5.07,6,0,0,0.0,C02015,57,Loyal,Central Slovakia,mobile
INT-000499,CMP-105,social,2024-02-24,2024-03-11,2024-03-04,5.07,6,0,0,0.0,C01824,46,New,Bratislava,mobile
INT-000500,CMP-105,social,2024-02-24,2024-03-11,2024-03-05,3.38,4,0,0,0.0,C00192,36,New,Bratislava,tablet
INT-000501,CMP-105,social,2024-02-24,2024-03-11,2024-03-05,5.91,7,0,0,0.0,C00499,18,Regular,Central Slovakia,desktop
INT-000502,CMP-105,social,2024-02-24,2024-03-11,2024-03-05,7.6,9,0,0,0.0,C01182,48,Regular,Bratislava,desktop
INT-000503,CMP-105,social,2024-02-24,2024-03-11,2024-03-05,6.76,8,1,0,0.0,C01766,36,Regular,Bratislava,desktop
INT-000504,CMP-105,social,2024-02-24,2024-03-11,2024-03-06,5.91,7,2,0,0.0,C01975,22,New,Bratislava,mobile
INT-000505,CMP-105,social,2024-02-24,2024-03-11,2024-03-06,4.22,5,0,0,0.0,C00004,49,Regular,Central Slovakia,mobile
INT-000506,CMP-105,social,2024-02-24,2024-03-11,2024-03-06,5.07,6,0,0,0.0,C00844,37,At-Risk,Central Slovakia,mobile
INT-000507,CMP-105,social,2024-02-24,2024-03-11,2024-03-07,6.76,8,1,0,0.0,C00555,37,New,Bratislava,desktop
INT-000508,CMP-105,social,2024-02-24,2024-03-11,2024-03-07,5.91,7,0,0,0.0,C01078,72,Loyal,Bratislava,mobile
INT-000509,CMP-105,social,2024-02-24,2024-03-11,2024-03-07,6.76,8,0,0,0.0,C01756,46,New,Central Slovakia,mobile
INT-000510,CMP-105,social,2024-02-24,2024-03-11,2024-03-07,6.76,8,0,0,0.0,C00501,54,New,Bratislava,mobile
INT-000511,CMP-105,social,2024-02-24,2024-03-11,2024-03-07,5.91,7,0,0,0.0,C00609,18,Loyal,Central Slovakia,desktop
INT-000512,CMP-105,social,2024-02-24,2024-03-11,2024-03-07,10.14,12,2,0,0.0,C01507,18,New,Central Slovakia,desktop
INT-000513,CMP-105,social,2024-02-24,2024-03-11,2024-03-07,9.29,11,0,0,0.0,C01225,27,Regular,Western Slovakia,mobile
INT-000514,CMP-105,social,2024-02-24,2024-03-11,2024-03-07,2.53,3,0,0,0.0,C01203,43,New,Central Slovakia,desktop
INT-000515,CMP-105,social,2024-02-24,2024-03-11,2024-03-08,8.45,10,1,1,156.5,C01567,24,Regular,Bratislava,desktop
INT-000516,CMP-105,social,2024-02-24,2024-03-11,2024-03-08,11.83,14,1,0,0.0,C01851,30,New,Bratislava,mobile
INT-000517,CMP-105,social,2024-02-24,2024-03-11,2024-03-08,6.76,8,1,0,0.0,C00680,36,Loyal,Czech Republic,mobile
INT-000518,CMP-105,social,2024-02-24,2024-03-11,2024-03-08,3.38,4,0,0,0.0,C02012,59,At-Risk,Eastern Slovakia,mobile
INT-000519,CMP-105,social,2024-02-24,2024-03-11,2024-03-08,7.6,9,0,0,0.0,C00776,40,New,Western Slovakia,mobile
INT-000520,CMP-105,social,2024-02-24,2024-03-11,2024-03-08,7.6,9,0,0,0.0,C00329,24,New,Bratislava,desktop
INT-000521,CMP-105,social,2024-02-24,2024-03-11,2024-03-08,5.91,7,1,0,0.0,C01362,49,Regular,Bratislava,desktop
INT-000522,CMP-105,social,2024-02-24,2024-03-11,2024-03-09,7.6,9,0,0,0.0,C00944,52,Loyal,Western Slovakia,desktop
INT-000523,CMP-105,social,2024-02-24,2024-03-11,2024-03-09,8.45,10,0,0,0.0,C02132,66,Regular,Central Slovakia,mobile
INT-000524,CMP-105,social,2024-02-24,2024-03-11,2024-03-09,5.07,6,0,0,0.0,C02164,46,New,Bratislava,tablet
INT-000525,CMP-105,social,2024-02-24,2024-03-11,2024-03-09,5.91,7,0,0,0.0,C02069,44,Loyal,Bratislava,mobile
INT-000526,CMP-105,social,2024-02-24,2024-03-11,2024-03-09,3.38,4,0,0,0.0,C01671,37,New,Bratislava,mobile
INT-000527,CMP-105,social,2024-02-24,2024-03-11,2024-03-09,5.07,6,0,0,0.0,C01350,37,Regular,Western Slovakia,tablet
INT-000528,CMP-105,social,2024-02-24,2024-03-11,2024-03-10,4.22,5,0,0,0.0,C01570,19,Loyal,Czech Republic,desktop
INT-000529,CMP-105,social,2024-02-24,2024-03-11,2024-03-10,7.6,9,0,0,0.0,C01600,25,New,Western Slovakia,mobile
INT-000530,CMP-105,social,2024-02-24,2024-03-11,2024-03-10,6.76,8,0,0,0.0,C01643,18,Regular,Central Slovakia,mobile
INT-000531,CMP-105,social,2024-02-24,2024-03-11,2024-03-10,4.22,5,1,0,0.0,C01636,51,New,Eastern Slovakia,mobile
INT-000532,CMP-105,social,2024-02-24,2024-03-11,2024-03-10,10.14,12,0,0,0.0,C00647,45,At-Risk,Central Slovakia,desktop
INT-000533,CMP-105,social,2024-02-24,2024-03-11,2024-03-10,9.29,11,3,0,0.0,C01918,50,Regular,Bratislava,mobile
INT-000534,CMP-066,search,2024-03-01,2024-03-28,2024-03-01,14.87,6,0,0,0.0,C00572,37,Regular,Eastern Slovakia,mobile
INT-000535,CMP-066,search,2024-03-01,2024-03-28,2024-03-01,12.39,5,1,0,0.0,C01950,62,New,Eastern Slovakia,mobile
INT-000536,CMP-066,search,2024-03-01,2024-03-28,2024-03-02,17.35,7,1,1,367.54,C00398,41,Loyal,Central Slovakia,mobile
INT-000537,CMP-066,search,2024-03-01,2024-03-28,2024-03-02,7.43,3,0,0,0.0,C01657,43,Loyal,Czech Republic,desktop
INT-000538,CMP-066,search,2024-03-01,2024-03-28,2024-03-02,9.91,4,1,1,185.05,C01402,34,New,Eastern Slovakia,desktop
INT-000539,CMP-066,search,2024-03-01,2024-03-28,2024-03-02,12.39,5,0,0,0.0,C00997,47,Regular,Eastern Slovakia,desktop
INT-000540,CMP-066,search,2024-03-01,2024-03-28,2024-03-03,14.87,6,2,0,0.0,C01724,61,New,Western Slovakia,tablet
INT-000541,CMP-066,search,2024-03-01,2024-03-28,2024-03-03,12.39,5,1,1,346.59,C00477,51,Loyal,Bratislava,mobile
INT-000542,CMP-066,search,2024-03-01,2024-03-28,2024-03-04,9.91,4,0,0,0.0,C00340,45,Regular,Central Slovakia,mobile
INT-000543,CMP-066,search,2024-03-01,2024-03-28,2024-03-04,7.43,3,0,0,0.0,C00914,31,Loyal,Czech Republic,mobile
INT-000544,CMP-066,search,2024-03-01,2024-03-28,2024-03-05,17.35,7,0,0,0.0,C01200,25,Loyal,Bratislava,desktop
INT-000545,CMP-066,search,2024-03-01,2024-03-28,2024-03-05,7.43,3,1,0,0.0,C01124,35,New,Eastern Slovakia,tablet
INT-000546,CMP-066,search,2024-03-01,2024-03-28,2024-03-05,2.48,1,0,0,0.0,C01009,47,Regular,Bratislava,mobile
INT-000547,CMP-066,search,2024-03-01,2024-03-28,2024-03-06,9.91,4,0,0,0.0,C00469,51,New,Czech Republic,mobile
INT-000548,CMP-066,search,2024-03-01,2024-03-28,2024-03-07,9.91,4,0,0,0.0,C01934,54,Regular,Eastern Slovakia,mobile
INT-000549,CMP-066,search,2024-03-01,2024-03-28,2024-03-07,19.83,8,1,0,0.0,C01576,23,Regular,Eastern Slovakia,mobile
INT-000550,CMP-066,search,2024-03-01,2024-03-28,2024-03-07,9.91,4,0,0,0.0,C00681,48,Regular,Bratislava,mobile
INT-000551,CMP-066,search,2024-03-01,2024-03-28,2024-03-09,7.43,3,0,0,0.0,C01197,23,Regular,Central Slovakia,mobile
INT-000552,CMP-066,search,2024-03-01,2024-03-28,2024-03-09,9.91,4,0,0,0.0,C00841,61,Loyal,Western Slovakia,tablet
INT-000553,CMP-066,search,2024-03-01,2024-03-28,2024-03-09,12.39,5,1,1,271.75,C02095,39,Loyal,Bratislava,mobile
INT-000554,CMP-066,search,2024-03-01,2024-03-28,2024-03-10,14.87,6,1,1,201.56,C01915,52,Regular,Eastern Slovakia,mobile
INT-000555,CMP-066,search,2024-03-01,2024-03-28,2024-03-10,4.96,2,0,0,0.0,C01072,25,Regular,Bratislava,desktop
INT-000556,CMP-066,search,2024-03-01,2024-03-28,2024-03-10,9.91,4,0,0,0.0,C02069,44,Loyal,Bratislava,desktop
INT-000557,CMP-066,search,2024-03-01,2024-03-28,2024-03-10,12.39,5,1,0,0.0,C01652,53,Loyal,Bratislava,mobile
INT-000558,CMP-066,search,2024-03-01,2024-03-28,2024-03-10,7.43,3,0,0,0.0,C01239,45,New,Eastern Slovakia,desktop
INT-000559,CMP-066,search,2024-03-01,2024-03-28,2024-03-11,17.35,7,1,0,0.0,C00879,37,Loyal,Western Slovakia,mobile
INT-000560,CMP-066,search,2024-03-01,2024-03-28,2024-03-11,9.91,4,0,0,0.0,C00390,21,New,Bratislava,tablet
INT-000561,CMP-066,search,2024-03-01,2024-03-28,2024-03-12,9.91,4,1,1,165.79,C00423,31,Regular,Central Slovakia,mobile
INT-000562,CMP-066,search,2024-03-01,2024-03-28,2024-03-12,12.39,5,0,0,0.0,C00266,50,Loyal,Bratislava,desktop
INT-000563,CMP-066,search,2024-03-01,2024-03-28,2024-03-12,4.96,2,0,0,0.0,C01403,36,Regular,Bratislava,desktop
INT-000564,CMP-066,search,2024-03-01,2024-03-28,2024-03-13,17.35,7,0,0,0.0,C01250,19,Loyal,Bratislava,mobile
INT-000565,CMP-066,search,2024-03-01,2024-03-28,2024-03-13,7.43,3,0,0,0.0,C00042,45,Loyal,Eastern Slovakia,mobile
INT-000566,CMP-066,search,2024-03-01,2024-03-28,2024-03-13,4.96,2,1,0,0.0,C00608,43,Regular,Central Slovakia,desktop
INT-000567,CMP-066,search,2024-03-01,2024-03-28,2024-03-14,12.39,5,1,0,0.0,C00224,25,Regular,Bratislava,mobile
INT-000568,CMP-066,search,2024-03-01,2024-03-28,2024-03-14,7.43,3,0,0,0.0,C00408,48,Regular,Central Slovakia,mobile
INT-000569,CMP-066,search,2024-03-01,2024-03-28,2024-03-15,12.39,5,1,0,0.0,C01015,25,Regular,Bratislava,mobile
INT-000570,CMP-066,search,2024-03-01,2024-03-28,2024-03-17,9.91,4,0,0,0.0,C01472,52,Regular,Bratislava,mobile
INT-000571,CMP-066,search,2024-03-01,2024-03-28,2024-03-17,7.43,3,2,0,0.0,C00556,34,New,Western Slovakia,mobile
INT-000572,CMP-066,search,2024-03-01,2024-03-28,2024-03-17,9.91,4,0,0,0.0,C00263,41,New,Central Slovakia,desktop
INT-000573,CMP-066,search,2024-03-01,2024-03-28,2024-03-17,7.43,3,1,0,0.0,C00343,39,Regular,Bratislava,desktop
INT-000574,CMP-066,search,2024-03-01,2024-03-28,2024-03-20,7.43,3,0,0,0.0,C00795,18,Loyal,Western Slovakia,mobile
INT-000575,CMP-066,search,2024-03-01,2024-03-28,2024-03-21,4.96,2,0,0,0.0,C00044,41,Regular,Bratislava,desktop
INT-000576,CMP-066,search,2024-03-01,2024-03-28,2024-03-21,2.48,1,0,0,0.0,C01621,45,Regular,Czech Republic,desktop
INT-000577,CMP-066,search,2024-03-01,2024-03-28,2024-03-22,4.96,2,0,0,0.0,C02165,45,New,Czech Republic,tablet
INT-000578,CMP-066,search,2024-03-01,2024-03-28,2024-03-22,14.87,6,2,2,582.87,C00963,26,Loyal,Western Slovakia,desktop
INT-000579,CMP-066,search,2024-03-01,2024-03-28,2024-03-23,17.35,7,0,0,0.0,C01778,41,Regular,Western Slovakia,mobile
INT-000580,CMP-066,search,2024-03-01,2024-03-28,2024-03-23,4.96,2,0,0,0.0,C01076,41,Loyal,Czech Republic,mobile
INT-000581,CMP-066,search,2024-03-01,2024-03-28,2024-03-24,9.91,4,1,0,0.0,C00331,56,New,Western Slovakia,tablet
INT-000582,CMP-066,search,2024-03-01,2024-03-28,2024-03-24,12.39,5,0,0,0.0,C01672,19,Loyal,Western Slovakia,mobile
INT-000583,CMP-066,search,2024-03-01,2024-03-28,2024-03-24,14.87,6,1,1,193.72,C00601,44,Regular,Bratislava,mobile
INT-000584,CMP-066,search,2024-03-01,2024-03-28,2024-03-25,9.91,4,0,0,0.0,C01900,25,Regular,Central Slovakia,desktop
INT-000585,CMP-066,search,2024-03-01,2024-03-28,2024-03-26,9.91,4,0,0,0.0,C00433,36,New,Central Slovakia,desktop
INT-000586,CMP-066,search,2024-03-01,2024-03-28,2024-03-26,4.96,2,0,0,0.0,C02087,37,New,Bratislava,mobile
INT-000587,CMP-066,search,2024-03-01,2024-03-28,2024-03-26,17.35,7,2,0,0.0,C00387,43,Regular,Bratislava,mobile
INT-000588,CMP-066,search,2024-03-01,2024-03-28,2024-03-27,7.43,3,0,0,0.0,C01816,32,Loyal,Eastern Slovakia,mobile
INT-000589,CMP-094,email,2024-03-07,2024-04-16,2024-03-07,0.55,1,1,0,0.0,C02163,54,Loyal,Western Slovakia,mobile
INT-000590,CMP-094,email,2024-03-07,2024-04-16,2024-03-07,1.1,2,0,0,0.0,C00757,27,Regular,Bratislava,tablet
INT-000591,CMP-094,email,2024-03-07,2024-04-16,2024-03-08,0.55,1,1,0,0.0,C01610,33,New,Eastern Slovakia,tablet
INT-000592,CMP-094,email,2024-03-07,2024-04-16,2024-03-09,0.55,1,0,0,0.0,C01089,46,New,Western Slovakia,mobile
INT-000593,CMP-094,email,2024-03-07,2024-04-16,2024-03-09,0.55,1,0,0,0.0,C01408,46,Regular,Western Slovakia,mobile
INT-000594,CMP-094,email,2024-03-07,2024-04-16,2024-03-09,0.55,1,0,0,0.0,C00364,25,Loyal,Czech Republic,desktop
INT-000595,CMP-094,email,2024-03-07,2024-04-16,2024-03-10,1.1,2,0,0,0.0,C00970,38,Regular,Western Slovakia,desktop
INT-000596,CMP-094,email,2024-03-07,2024-04-16,2024-03-13,1.65,3,0,0,0.0,C01968,37,New,Bratislava,desktop
INT-000597,CMP-094,email,2024-03-07,2024-04-16,2024-03-14,1.65,3,0,0,0.0,C01669,41,Regular,Eastern Slovakia,mobile
INT-000598,CMP-094,email,2024-03-07,2024-04-16,2024-03-15,1.1,2,0,0,0.0,C01987,40,Regular,Western Slovakia,mobile
INT-000599,CMP-094,email,2024-03-07,2024-04-16,2024-03-17,1.1,2,0,0,0.0,C01658,18,At-Risk,Bratislava,desktop
INT-000600,CMP-094,email,2024-03-07,2024-04-16,2024-03-19,1.1,2,0,0,0.0,C00432,44,Loyal,Central Slovakia,desktop
INT-000601,CMP-094,email,2024-03-07,2024-04-16,2024-03-19,1.65,3,0,0,0.0,C02062,59,Loyal,Bratislava,desktop
INT-000602,CMP-094,email,2024-03-07,2024-04-16,2024-03-19,1.1,2,0,0,0.0,C01733,35,Regular,Eastern Slovakia,mobile
INT-000603,CMP-094,email,2024-03-07,2024-04-16,2024-03-20,0.55,1,0,0,0.0,C00704,37,At-Risk,Bratislava,mobile
INT-000604,CMP-094,email,2024-03-07,2024-04-16,2024-03-21,1.65,3,0,0,0.0,C01212,32,Loyal,Bratislava,mobile
INT-000605,CMP-094,email,2024-03-07,2024-04-16,2024-03-21,1.1,2,0,0,0.0,C00766,18,Loyal,Western Slovakia,desktop
INT-000606,CMP-094,email,2024-03-07,2024-04-16,2024-03-21,0.55,1,0,0,0.0,C02077,38,New,Western Slovakia,tablet
INT-000607,CMP-094,email,2024-03-07,2024-04-16,2024-03-23,2.75,5,0,0,0.0,C01396,60,Loyal,Eastern Slovakia,mobile
INT-000608,CMP-094,email,2024-03-07,2024-04-16,2024-03-23,2.2,4,0,0,0.0,C01078,72,Loyal,Bratislava,desktop
INT-000609,CMP-094,email,2024-03-07,2024-04-16,2024-03-23,2.2,4,0,0,0.0,C01933,28,Loyal,Central Slovakia,mobile
INT-000610,CMP-094,email,2024-03-07,2024-04-16,2024-03-25,2.2,4,0,0,0.0,C01337,44,Regular,Eastern Slovakia,tablet
INT-000611,CMP-094,email,2024-03-07,2024-04-16,2024-03-26,0.55,1,0,0,0.0,C02100,57,Loyal,Bratislava,mobile
INT-000612,CMP-094,email,2024-03-07,2024-04-16,2024-03-29,0.55,1,0,0,0.0,C00919,54,New,Eastern Slovakia,desktop
INT-000613,CMP-094,email,2024-03-07,2024-04-16,2024-03-29,1.1,2,1,1,220.46,C00664,34,Regular,Czech Republic,desktop
INT-000614,CMP-094,email,2024-03-07,2024-04-16,2024-03-31,2.2,4,0,0,0.0,C00143,18,Regular,Eastern Slovakia,desktop
INT-000615,CMP-094,email,2024-03-07,2024-04-16,2024-03-31,2.2,4,1,0,0.0,C01671,37,New,Bratislava,mobile
INT-000616,CMP-094,email,2024-03-07,2024-04-16,2024-04-03,0.55,1,1,1,242.98,C00047,48,Loyal,Western Slovakia,mobile
INT-000617,CMP-094,email,2024-03-07,2024-04-16,2024-04-04,1.1,2,0,0,0.0,C01787,51,Regular,Western Slovakia,mobile
INT-000618,CMP-094,email,2024-03-07,2024-04-16,2024-04-04,1.1,2,0,0,0.0,C01884,39,Regular,Western Slovakia,tablet
INT-000619,CMP-094,email,2024-03-07,2024-04-16,2024-04-04,1.1,2,0,0,0.0,C00855,41,Regular,Bratislava,mobile
INT-000620,CMP-094,email,2024-03-07,2024-04-16,2024-04-04,0.55,1,0,0,0.0,C00190,58,Loyal,Bratislava,desktop
INT-000621,CMP-094,email,2024-03-07,2024-04-16,2024-04-05,1.1,2,1,1,167.53,C00145,28,Regular,Bratislava,desktop
INT-000622,CMP-094,email,2024-03-07,2024-04-16,2024-04-05,0.55,1,0,0,0.0,C02186,38,Regular,Bratislava,mobile
INT-000623,CMP-094,email,2024-03-07,2024-04-16,2024-04-05,1.1,2,0,0,0.0,C01783,18,Regular,Eastern Slovakia,desktop
INT-000624,CMP-094,email,2024-03-07,2024-04-16,2024-04-05,1.1,2,0,0,0.0,C00389,41,Loyal,Bratislava,desktop
INT-000625,CMP-094,email,2024-03-07,2024-04-16,2024-04-07,0.55,1,0,0,0.0,C01567,24,Regular,Bratislava,desktop
INT-000626,CMP-094,email,2024-03-07,2024-04-16,2024-04-07,1.1,2,0,0,0.0,C00531,34,New,Czech Republic,mobile
INT-000627,CMP-094,email,2024-03-07,2024-04-16,2024-04-07,1.65,3,0,0,0.0,C02152,47,Loyal,Bratislava,mobile
INT-000628,CMP-094,email,2024-03-07,2024-04-16,2024-04-08,1.1,2,0,0,0.0,C00494,43,Loyal,Czech Republic,mobile
INT-000629,CMP-094,email,2024-03-07,2024-04-16,2024-04-08,2.2,4,0,0,0.0,C00306,25,Loyal,Central Slovakia,mobile
INT-000630,CMP-094,email,2024-03-07,2024-04-16,2024-04-09,0.55,1,0,0,0.0,C02002,30,New,Bratislava,tablet
INT-000631,CMP-094,email,2024-03-07,2024-04-16,2024-04-09,1.65,3,0,0,0.0,C01258,38,Loyal,Eastern Slovakia,desktop
INT-000632,CMP-094,email,2024-03-07,2024-04-16,2024-04-10,1.1,2,1,0,0.0,C00227,68,New,Bratislava,mobile
INT-000633,CMP-094,email,2024-03-07,2024-04-16,2024-04-11,1.1,2,0,0,0.0,C00171,30,New,Bratislava,desktop
INT-000634,CMP-094,email,2024-03-07,2024-04-16,2024-04-12,1.1,2,1,1,121.53,C00253,59,At-Risk,Western Slovakia,desktop
INT-000635,CMP-094,email,2024-03-07,2024-04-16,2024-04-14,1.65,3,1,0,0.0,C02010,46,New,Central Slovakia,mobile
INT-000636,CMP-094,email,2024-03-07,2024-04-16,2024-04-14,0.55,1,0,0,0.0,C01988,29,Loyal,Western Slovakia,mobile
INT-000637,CMP-094,email,2024-03-07,2024-04-16,2024-04-15,1.1,2,1,1,175.08,C01409,38,Loyal,Central Slovakia,desktop
INT-000638,CMP-094,email,2024-03-07,2024-04-16,2024-04-15,2.2,4,1,0,0.0,C01221,37,Regular,Central Slovakia,mobile
INT-000639,CMP-023,social,2024-03-13,2024-03-31,2024-03-13,11.94,12,1,0,0.0,C01135,36,New,Central Slovakia,mobile
INT-000640,CMP-023,social,2024-03-13,2024-03-31,2024-03-13,9.95,10,0,0,0.0,C01967,41,Regular,Western Slovakia,desktop
INT-000641,CMP-023,social,2024-03-13,2024-03-31,2024-03-14,7.96,8,1,0,0.0,C01745,46,New,Bratislava,desktop
INT-000642,CMP-023,social,2024-03-13,2024-03-31,2024-03-16,9.95,10,0,0,0.0,C01801,38,At-Risk,Eastern Slovakia,desktop
INT-000643,CMP-023,social,2024-03-13,2024-03-31,2024-03-16,16.91,17,1,0,0.0,C00915,50,Regular,Eastern Slovakia,mobile
INT-000644,CMP-023,social,2024-03-13,2024-03-31,2024-03-17,11.94,12,0,0,0.0,C00973,41,Loyal,Eastern Slovakia,mobile
INT-000645,CMP-023,social,2024-03-13,2024-03-31,2024-03-17,7.96,8,1,0,0.0,C00831,43,New,Czech Republic,mobile
INT-000646,CMP-023,social,2024-03-13,2024-03-31,2024-03-17,10.94,11,1,1,99.98,C01240,57,Regular,Eastern Slovakia,desktop
INT-000647,CMP-023,social,2024-03-13,2024-03-31,2024-03-17,8.95,9,1,0,0.0,C00309,45,Regular,Bratislava,mobile
INT-000648,CMP-023,social,2024-03-13,2024-03-31,2024-03-18,8.95,9,1,0,0.0,C00772,54,Loyal,Central Slovakia,mobile
INT-000649,CMP-023,social,2024-03-13,2024-03-31,2024-03-18,8.95,9,0,0,0.0,C00840,34,At-Risk,Central Slovakia,mobile
INT-000650,CMP-023,social,2024-03-13,2024-03-31,2024-03-19,3.98,4,0,0,0.0,C01600,25,New,Western Slovakia,mobile
INT-000651,CMP-023,social,2024-03-13,2024-03-31,2024-03-19,9.95,10,1,0,0.0,C00605,30,Loyal,Eastern Slovakia,mobile
INT-000652,CMP-023,social,2024-03-13,2024-03-31,2024-03-19,5.97,6,0,0,0.0,C01587,18,Loyal,Czech Republic,tablet
INT-000653,CMP-023,social,2024-03-13,2024-03-31,2024-03-19,6.96,7,0,0,0.0,C01090,35,Regular,Bratislava,mobile
INT-000654,CMP-023,social,2024-03-13,2024-03-31,2024-03-20,8.95,9,0,0,0.0,C01652,53,Loyal,Bratislava,mobile
INT-000655,CMP-023,social,2024-03-13,2024-03-31,2024-03-20,9.95,10,1,0,0.0,C01338,46,Regular,Eastern Slovakia,tablet
INT-000656,CMP-023,social,2024-03-13,2024-03-31,2024-03-20,9.95,10,0,0,0.0,C02012,59,At-Risk,Eastern Slovakia,mobile
INT-000657,CMP-023,social,2024-03-13,2024-03-31,2024-03-20,7.96,8,1,0,0.0,C01239,45,New,Eastern Slovakia,desktop
INT-000658,CMP-023,social,2024-03-13,2024-03-31,2024-03-20,14.92,15,0,0,0.0,C01370,50,At-Risk,Western Slovakia,desktop
INT-000659,CMP-023,social,2024-03-13,2024-03-31,2024-03-21,7.96,8,0,0,0.0,C00556,34,New,Western Slovakia,mobile
INT-000660,CMP-023,social,2024-03-13,2024-03-31,2024-03-21,14.92,15,2,1,209.42,C00773,41,Regular,Bratislava,mobile
INT-000661,CMP-023,social,2024-03-13,2024-03-31,2024-03-21,16.91,17,0,0,0.0,C01036,38,Regular,Czech Republic,desktop
INT-000662,CMP-023,social,2024-03-13,2024-03-31,2024-03-21,11.94,12,0,0,0.0,C01425,40,Loyal,Bratislava,mobile
INT-000663,CMP-023,social,2024-03-13,2024-03-31,2024-03-22,13.93,14,2,0,0.0,C01763,30,At-Risk,Western Slovakia,desktop
INT-000664,CMP-023,social,2024-03-13,2024-03-31,2024-03-22,11.94,12,0,0,0.0,C00861,26,Regular,Western Slovakia,desktop
INT-000665,CMP-023,social,2024-03-13,2024-03-31,2024-03-23,9.95,10,1,0,0.0,C00569,45,Regular,Central Slovakia,mobile
INT-000666,CMP-023,social,2024-03-13,2024-03-31,2024-03-24,14.92,15,2,1,102.15,C02124,39,New,Central Slovakia,desktop
INT-000667,CMP-023,social,2024-03-13,2024-03-31,2024-03-24,6.96,7,0,0,0.0,C00317,39,New,Central Slovakia,mobile
INT-000668,CMP-023,social,2024-03-13,2024-03-31,2024-03-25,9.95,10,1,0,0.0,C00291,35,Regular,Bratislava,desktop
INT-000669,CMP-023,social,2024-03-13,2024-03-31,2024-03-25,6.96,7,0,0,0.0,C01289,62,New,Czech Republic,desktop
INT-000670,CMP-023,social,2024-03-13,2024-03-31,2024-03-25,12.93,13,0,0,0.0,C02035,39,At-Risk,Czech Republic,mobile
INT-000671,CMP-023,social,2024-03-13,2024-03-31,2024-03-26,9.95,10,0,0,0.0,C00498,34,New,Eastern Slovakia,desktop
INT-000672,CMP-023,social,2024-03-13,2024-03-31,2024-03-26,9.95,10,0,0,0.0,C01451,34,At-Risk,Eastern Slovakia,mobile
INT-000673,CMP-023,social,2024-03-13,2024-03-31,2024-03-28,11.94,12,0,0,0.0,C01970,48,Loyal,Central Slovakia,desktop
INT-000674,CMP-023,social,2024-03-13,2024-03-31,2024-03-28,10.94,11,0,0,0.0,C01047,32,Loyal,Czech Republic,mobile
INT-000675,CMP-023,social,2024-03-13,2024-03-31,2024-03-29,6.96,7,0,0,0.0,C01387,53,Loyal,Eastern Slovakia,mobile
INT-000676,CMP-023,social,2024-03-13,2024-03-31,2024-03-30,7.96,8,1,0,0.0,C01911,29,Regular,Western Slovakia,mobile
INT-000677,CMP-033,email,2024-03-15,2024-04-23,2024-03-15,0.61,1,0,0,0.0,C00480,69,At-Risk,Bratislava,tablet
INT-000678,CMP-033,email,2024-03-15,2024-04-23,2024-03-16,1.82,3,0,0,0.0,C02119,41,New,Central Slovakia,mobile
INT-000679,CMP-033,email,2024-03-15,2024-04-23,2024-03-17,0.61,1,0,0,0.0,C00814,32,At-Risk,Eastern Slovakia,desktop
INT-000680,CMP-033,email,2024-03-15,2024-04-23,2024-03-18,2.43,4,1,0,0.0,C01627,18,New,Central Slovakia,tablet
INT-000681,CMP-033,email,2024-03-15,2024-04-23,2024-03-19,1.22,2,1,0,0.0,C00125,48,Regular,Eastern Slovakia,mobile
INT-000682,CMP-033,email,2024-03-15,2024-04-23,2024-03-20,2.43,4,0,0,0.0,C01805,39,Loyal,Czech Republic,mobile
INT-000683,CMP-033,email,2024-03-15,2024-04-23,2024-03-20,2.43,4,0,0,0.0,C01192,50,New,Eastern Slovakia,mobile
INT-000684,CMP-033,email,2024-03-15,2024-04-23,2024-03-22,0.61,1,0,0,0.0,C00255,35,New,Bratislava,mobile
INT-000685,CMP-033,email,2024-03-15,2024-04-23,2024-03-22,1.82,3,0,0,0.0,C00137,42,At-Risk,Western Slovakia,mobile
INT-000686,CMP-033,email,2024-03-15,2024-04-23,2024-03-23,1.82,3,1,0,0.0,C01132,35,Loyal,Western Slovakia,mobile
INT-000687,CMP-033,email,2024-03-15,2024-04-23,2024-03-23,1.22,2,0,0,0.0,C00589,41,Regular,Eastern Slovakia,mobile
INT-000688,CMP-033,email,2024-03-15,2024-04-23,2024-03-24,1.82,3,0,0,0.0,C00902,39,Regular,Eastern Slovakia,desktop
INT-000689,CMP-033,email,2024-03-15,2024-04-23,2024-03-24,1.22,2,0,0,0.0,C00716,23,Regular,Eastern Slovakia,mobile
INT-000690,CMP-033,email,2024-03-15,2024-04-23,2024-03-24,1.22,2,0,0,0.0,C02159,46,Loyal,Bratislava,desktop
INT-000691,CMP-033,email,2024-03-15,2024-04-23,2024-03-24,1.82,3,2,0,0.0,C00293,56,Regular,Eastern Slovakia,mobile
INT-000692,CMP-033,email,2024-03-15,2024-04-23,2024-03-25,3.04,5,2,0,0.0,C00101,33,New,Bratislava,mobile
INT-000693,CMP-033,email,2024-03-15,2024-04-23,2024-03-25,1.82,3,1,0,0.0,C01909,32,Regular,Western Slovakia,mobile
INT-000694,CMP-033,email,2024-03-15,2024-04-23,2024-03-25,2.43,4,0,0,0.0,C01590,33,New,Western Slovakia,mobile
INT-000695,CMP-033,email,2024-03-15,2024-04-23,2024-03-26,1.22,2,0,0,0.0,C00633,33,Regular,Western Slovakia,desktop
INT-000696,CMP-033,email,2024-03-15,2024-04-23,2024-03-27,2.43,4,0,0,0.0,C00745,39,Regular,Eastern Slovakia,desktop
INT-000697,CMP-033,email,2024-03-15,2024-04-23,2024-03-27,2.43,4,0,0,0.0,C01438,18,At-Risk,Bratislava,mobile
INT-000698,CMP-033,email,2024-03-15,2024-04-23,2024-03-27,2.43,4,0,0,0.0,C00279,52,Loyal,Central Slovakia,mobile
INT-000699,CMP-033,email,2024-03-15,2024-04-23,2024-03-28,1.82,3,0,0,0.0,C01450,31,Regular,Bratislava,mobile
INT-000700,CMP-033,email,2024-03-15,2024-04-23,2024-03-28,1.22,2,0,0,0.0,C01500,24,New,Central Slovakia,mobile
INT-000701,CMP-033,email,2024-03-15,2024-04-23,2024-03-29,1.82,3,0,0,0.0,C00581,18,New,Bratislava,mobile
INT-000702,CMP-033,email,2024-03-15,2024-04-23,2024-03-30,1.22,2,0,0,0.0,C01140,38,New,Central Slovakia,mobile
INT-000703,CMP-033,email,2024-03-15,2024-04-23,2024-03-30,2.43,4,0,0,0.0,C00493,35,New,Central Slovakia,desktop
INT-000704,CMP-033,email,2024-03-15,2024-04-23,2024-03-30,1.82,3,0,0,0.0,C00124,54,New,Western Slovakia,tablet
INT-000705,CMP-033,email,2024-03-15,2024-04-23,2024-03-31,1.82,3,0,0,0.0,C01419,50,Regular,Bratislava,desktop
INT-000706,CMP-033,email,2024-03-15,2024-04-23,2024-03-31,1.82,3,0,0,0.0,C01515,18,New,Central Slovakia,mobile
INT-000707,CMP-033,email,2024-03-15,2024-04-23,2024-04-01,0.61,1,1,0,0.0,C00901,43,New,Czech Republic,desktop
INT-000708,CMP-033,email,2024-03-15,2024-04-23,2024-04-01,1.22,2,0,0,0.0,C01102,45,New,Bratislava,mobile
INT-000709,CMP-033,email,2024-03-15,2024-04-23,2024-04-01,0.61,1,0,0,0.0,C00010,28,Regular,Eastern Slovakia,mobile
INT-000710,CMP-033,email,2024-03-15,2024-04-23,2024-04-02,1.22,2,0,0,0.0,C01787,51,Regular,Western Slovakia,mobile
INT-000711,CMP-033,email,2024-03-15,2024-04-23,2024-04-02,3.04,5,1,0,0.0,C01784,26,Regular,Bratislava,desktop
INT-000712,CMP-033,email,2024-03-15,2024-04-23,2024-04-04,1.22,2,0,0,0.0,C00393,32,Regular,Bratislava,mobile
INT-000713,CMP-033,email,2024-03-15,2024-04-23,2024-04-04,1.22,2,0,0,0.0,C00456,40,Regular,Central Slovakia,mobile
INT-000714,CMP-033,email,2024-03-15,2024-04-23,2024-04-05,1.82,3,1,0,0.0,C02001,33,Regular,Bratislava,mobile
INT-000715,CMP-033,email,2024-03-15,2024-04-23,2024-04-05,0.61,1,0,0,0.0,C00936,45,New,Eastern Slovakia,mobile
INT-000716,CMP-033,email,2024-03-15,2024-04-23,2024-04-06,3.04,5,0,0,0.0,C00640,44,New,Bratislava,mobile
INT-000717,CMP-033,email,2024-03-15,2024-04-23,2024-04-09,1.22,2,0,0,0.0,C02105,35,At-Risk,Bratislava,mobile
INT-000718,CMP-033,email,2024-03-15,2024-04-23,2024-04-09,1.22,2,0,0,0.0,C01632,28,At-Risk,Bratislava,desktop
INT-000719,CMP-033,email,2024-03-15,2024-04-23,2024-04-10,3.04,5,0,0,0.0,C00300,42,New,Bratislava,desktop
INT-000720,CMP-033,email,2024-03-15,2024-04-23,2024-04-14,1.22,2,0,0,0.0,C01004,46,Regular,Bratislava,mobile
INT-000721,CMP-033,email,2024-03-15,2024-04-23,2024-04-15,0.61,1,0,0,0.0,C00566,47,Regular,Bratislava,desktop
INT-000722,CMP-033,email,2024-03-15,2024-04-23,2024-04-15,1.22,2,0,0,0.0,C02027,45,Regular,Eastern Slovakia,desktop
INT-000723,CMP-033,email,2024-03-15,2024-04-23,2024-04-15,1.82,3,0,0,0.0,C01042,50,Loyal,Central Slovakia,mobile
INT-000724,CMP-033,email,2024-03-15,2024-04-23,2024-04-15,1.82,3,0,0,0.0,C00292,40,Regular,Bratislava,mobile
INT-000725,CMP-033,email,2024-03-15,2024-04-23,2024-04-16,1.22,2,0,0,0.0,C00838,55,Regular,Central Slovakia,mobile
INT-000726,CMP-033,email,2024-03-15,2024-04-23,2024-04-17,1.82,3,1,1,168.11,C01160,21,New,Central Slovakia,mobile
INT-000727,CMP-033,email,2024-03-15,2024-04-23,2024-04-18,1.22,2,0,0,0.0,C00511,19,Regular,Bratislava,desktop
INT-000728,CMP-033,email,2024-03-15,2024-04-23,2024-04-18,1.22,2,0,0,0.0,C00754,63,Loyal,Western Slovakia,mobile
INT-000729,CMP-033,email,2024-03-15,2024-04-23,2024-04-18,0.61,1,0,0,0.0,C01790,50,Loyal,Central Slovakia,mobile
INT-000730,CMP-033,email,2024-03-15,2024-04-23,2024-04-20,1.22,2,2,0,0.0,C01746,29,New,Western Slovakia,mobile
INT-000731,CMP-033,email,2024-03-15,2024-04-23,2024-04-21,1.82,3,0,0,0.0,C00660,34,Regular,Eastern Slovakia,mobile
INT-000732,CMP-033,email,2024-03-15,2024-04-23,2024-04-21,0.61,1,0,0,0.0,C01977,18,Regular,Bratislava,mobile
INT-000733,CMP-033,email,2024-03-15,2024-04-23,2024-04-21,0.61,1,0,0,0.0,C00076,46,At-Risk,Central Slovakia,mobile
INT-000734,CMP-096,search,2024-03-22,2024-04-12,2024-03-22,15.29,7,0,0,0.0,C02060,25,Regular,Central Slovakia,mobile
INT-000735,CMP-096,search,2024-03-22,2024-04-12,2024-03-22,8.73,4,0,0,0.0,C01862,25,Loyal,Eastern Slovakia,tablet
INT-000736,CMP-096,search,2024-03-22,2024-04-12,2024-03-22,4.37,2,1,0,0.0,C02049,39,Regular,Western Slovakia,mobile
INT-000737,CMP-096,search,2024-03-22,2024-04-12,2024-03-22,13.1,6,0,0,0.0,C00003,47,Regular,Central Slovakia,tablet
INT-000738,CMP-096,search,2024-03-22,2024-04-12,2024-03-22,6.55,3,0,0,0.0,C00076,46,At-Risk,Central Slovakia,mobile
INT-000739,CMP-096,search,2024-03-22,2024-04-12,2024-03-22,13.1,6,0,0,0.0,C01804,33,Regular,Western Slovakia,tablet
INT-000740,CMP-096,search,2024-03-22,2024-04-12,2024-03-22,15.29,7,2,0,0.0,C01836,39,At-Risk,Central Slovakia,desktop
INT-000741,CMP-096,search,2024-03-22,2024-04-12,2024-03-22,4.37,2,0,0,0.0,C00730,25,Loyal,Central Slovakia,mobile
INT-000742,CMP-096,search,2024-03-22,2024-04-12,2024-03-22,8.73,4,0,0,0.0,C00363,50,Regular,Western Slovakia,mobile
INT-000743,CMP-096,search,2024-03-22,2024-04-12,2024-03-23,10.92,5,0,0,0.0,C01169,33,New,Central Slovakia,mobile
INT-000744,CMP-096,search,2024-03-22,2024-04-12,2024-03-23,6.55,3,0,0,0.0,C00348,45,Regular,Western Slovakia,mobile
INT-000745,CMP-096,search,2024-03-22,2024-04-12,2024-03-23,6.55,3,2,1,241.87,C01317,36,Loyal,Western Slovakia,mobile
INT-000746,CMP-096,search,2024-03-22,2024-04-12,2024-03-24,8.73,4,0,0,0.0,C00768,31,New,Bratislava,desktop
INT-000747,CMP-096,search,2024-03-22,2024-04-12,2024-03-24,8.73,4,1,0,0.0,C00869,31,New,Western Slovakia,mobile
INT-000748,CMP-096,search,2024-03-22,2024-04-12,2024-03-24,10.92,5,0,0,0.0,C00763,47,Loyal,Czech Republic,mobile
INT-000749,CMP-096,search,2024-03-22,2024-04-12,2024-03-24,6.55,3,1,0,0.0,C01624,52,New,Bratislava,tablet
INT-000750,CMP-096,search,2024-03-22,2024-04-12,2024-03-24,4.37,2,0,0,0.0,C00996,42,Regular,Bratislava,mobile
INT-000751,CMP-096,search,2024-03-22,2024-04-12,2024-03-24,17.47,8,1,0,0.0,C00261,35,Regular,Eastern Slovakia,desktop
INT-000752,CMP-096,search,2024-03-22,2024-04-12,2024-03-24,13.1,6,1,1,239.58,C01664,60,Regular,Czech Republic,mobile
INT-000753,CMP-096,search,2024-03-22,2024-04-12,2024-03-24,8.73,4,2,1,133.36,C01478,21,New,Eastern Slovakia,desktop
INT-000754,CMP-096,search,2024-03-22,2024-04-12,2024-03-24,4.37,2,0,0,0.0,C02193,26,Loyal,Bratislava,mobile
INT-000755,CMP-096,search,2024-03-22,2024-04-12,2024-03-25,4.37,2,0,0,0.0,C01107,22,Regular,Western Slovakia,mobile
INT-000756,CMP-096,search,2024-03-22,2024-04-12,2024-03-25,6.55,3,0,0,0.0,C01732,38,Regular,Central Slovakia,mobile
INT-000757,CMP-096,search,2024-03-22,2024-04-12,2024-03-25,8.73,4,1,1,257.29,C01706,61,Regular,Bratislava,desktop
INT-000758,CMP-096,search,2024-03-22,2024-04-12,2024-03-25,13.1,6,1,1,146.2,C01826,46,Regular,Eastern Slovakia,tablet
INT-000759,CMP-096,search,2024-03-22,2024-04-12,2024-03-25,2.18,1,0,0,0.0,C01491,31,New,Central Slovakia,mobile
INT-000760,CMP-096,search,2024-03-22,2024-04-12,2024-03-25,8.73,4,1,1,323.84,C02161,32,Regular,Central Slovakia,mobile
INT-000761,CMP-096,search,2024-03-22,2024-04-12,2024-03-26,2.18,1,0,0,0.0,C01777,22,Regular,Western Slovakia,desktop
INT-000762,CMP-096,search,2024-03-22,2024-04-12,2024-03-26,6.55,3,1,0,0.0,C01776,42,At-Risk,Bratislava,mobile
INT-000763,CMP-096,search,2024-03-22,2024-04-12,2024-03-26,8.73,4,0,0,0.0,C00562,42,Loyal,Central Slovakia,desktop
INT-000764,CMP-096,search,2024-03-22,2024-04-12,2024-03-26,8.73,4,1,1,443.61,C01246,39,Loyal,Bratislava,desktop
INT-000765,CMP-096,search,2024-03-22,2024-04-12,2024-03-26,4.37,2,0,0,0.0,C02194,38,At-Risk,Western Slovakia,desktop
INT-000766,CMP-096,search,2024-03-22,2024-04-12,2024-03-26,13.1,6,0,0,0.0,C02043,61,New,Eastern Slovakia,mobile
INT-000767,CMP-096,search,2024-03-22,2024-04-12,2024-03-26,15.29,7,2,0,0.0,C00419,37,Regular,Western Slovakia,desktop
INT-000768,CMP-096,search,2024-03-22,2024-04-12,2024-03-26,15.29,7,0,0,0.0,C00906,63,Regular,Czech Republic,desktop
INT-000769,CMP-096,search,2024-03-22,2024-04-12,2024-03-27,8.73,4,1,0,0.0,C00922,28,Regular,Czech Republic,mobile
INT-000770,CMP-096,search,2024-03-22,2024-04-12,2024-03-27,10.92,5,1,0,0.0,C00393,32,Regular,Bratislava,mobile
INT-000771,CMP-096,search,2024-03-22,2024-04-12,2024-03-27,4.37,2,0,0,0.0,C01631,23,Loyal,Bratislava,mobile
INT-000772,CMP-096,search,2024-03-22,2024-04-12,2024-03-27,6.55,3,0,0,0.0,C01433,28,Regular,Eastern Slovakia,desktop
INT-000773,CMP-096,search,2024-03-22,2024-04-12,2024-03-27,8.73,4,0,0,0.0,C00490,46,Regular,Bratislava,mobile
INT-000774,CMP-096,search,2024-03-22,2024-04-12,2024-03-27,4.37,2,0,0,0.0,C01518,54,Regular,Bratislava,tablet
INT-000775,CMP-096,search,2024-03-22,2024-04-12,2024-03-28,13.1,6,0,0,0.0,C00291,35,Regular,Bratislava,mobile
INT-000776,CMP-096,search,2024-03-22,2024-04-12,2024-03-28,6.55,3,1,1,198.59,C00458,28,New,Bratislava,mobile
INT-000777,CMP-096,search,2024-03-22,2024-04-12,2024-03-28,10.92,5,1,0,0.0,C01887,25,Regular,Western Slovakia,mobile
INT-000778,CMP-096,search,2024-03-22,2024-04-12,2024-03-28,6.55,3,0,0,0.0,C02138,48,New,Czech Republic,desktop
INT-000779,CMP-096,search,2024-03-22,2024-04-12,2024-03-28,10.92,5,2,1,258.98,C00052,46,Loyal,Western Slovakia,desktop
INT-000780,CMP-096,search,2024-03-22,2024-04-12,2024-03-29,6.55,3,0,0,0.0,C01685,30,Regular,Western Slovakia,mobile
INT-000781,CMP-096,search,2024-03-22,2024-04-12,2024-03-29,10.92,5,0,0,0.0,C00178,40,Loyal,Western Slovakia,desktop
INT-000782,CMP-096,search,2024-03-22,2024-04-12,2024-03-29,8.73,4,1,1,284.26,C00764,46,Loyal,Czech Republic,desktop
INT-000783,CMP-096,search,2024-03-22,2024-04-12,2024-03-30,13.1,6,2,0,0.0,C00626,32,New,Bratislava,desktop
INT-000784,CMP-096,search,2024-03-22,2024-04-12,2024-03-30,2.18,1,1,1,452.72,C00757,27,Regular,Bratislava,tablet
INT-000785,CMP-096,search,2024-03-22,2024-04-12,2024-03-31,8.73,4,2,0,0.0,C00382,54,Regular,Bratislava,mobile
INT-000786,CMP-096,search,2024-03-22,2024-04-12,2024-03-31,17.47,8,2,1,243.8,C01912,44,New,Central Slovakia,mobile
INT-000787,CMP-096,search,2024-03-22,2024-04-12,2024-03-31,17.47,8,1,0,0.0,C00373,48,New,Central Slovakia,mobile
INT-000788,CMP-096,search,2024-03-22,2024-04-12,2024-04-01,6.55,3,1,1,242.51,C01773,22,Regular,Central Slovakia,desktop
INT-000789,CMP-096,search,2024-03-22,2024-04-12,2024-04-01,6.55,3,1,1,513.73,C00580,42,Loyal,Bratislava,tablet
INT-000790,CMP-096,search,2024-03-22,2024-04-12,2024-04-01,4.37,2,1,0,0.0,C01083,43,New,Western Slovakia,mobile
INT-000791,CMP-096,search,2024-03-22,2024-04-12,2024-04-01,13.1,6,0,0,0.0,C01781,48,Regular,Czech Republic,mobile
INT-000792,CMP-096,search,2024-03-22,2024-04-12,2024-04-01,13.1,6,0,0,0.0,C00232,31,New,Bratislava,desktop
INT-000793,CMP-096,search,2024-03-22,2024-04-12,2024-04-01,6.55,3,0,0,0.0,C00417,51,At-Risk,Bratislava,desktop
INT-000794,CMP-096,search,2024-03-22,2024-04-12,2024-04-02,4.37,2,0,0,0.0,C01449,34,New,Central Slovakia,mobile
INT-000795,CMP-096,search,2024-03-22,2024-04-12,2024-04-02,10.92,5,0,0,0.0,C00239,25,New,Eastern Slovakia,desktop
INT-000796,CMP-096,search,2024-03-22,2024-04-12,2024-04-02,4.37,2,1,0,0.0,C01725,52,New,Western Slovakia,desktop
INT-000797,CMP-096,search,2024-03-22,2024-04-12,2024-04-03,4.37,2,0,0,0.0,C01666,30,Regular,Eastern Slovakia,mobile
INT-000798,CMP-096,search,2024-03-22,2024-04-12,2024-04-03,6.55,3,1,0,0.0,C00654,25,At-Risk,Central Slovakia,mobile
INT-000799,CMP-096,search,2024-03-22,2024-04-12,2024-04-03,4.37,2,0,0,0.0,C01190,36,Regular,Central Slovakia,desktop
INT-000800,CMP-096,search,2024-03-22,2024-04-12,2024-04-03,13.1,6,1,0,0.0,C00731,43,Regular,Central Slovakia,mobile
INT-000801,CMP-096,search,2024-03-22,2024-04-12,2024-04-04,6.55,3,0,0,0.0,C01612,35,New,Western Slovakia,mobile
INT-000802,CMP-096,search,2024-03-22,2024-04-12,2024-04-04,13.1,6,1,0,0.0,C00204,46,Loyal,Bratislava,mobile
INT-000803,CMP-096,search,2024-03-22,2024-04-12,2024-04-04,8.73,4,1,0,0.0,C01592,21,Regular,Bratislava,tablet
INT-000804,CMP-096,search,2024-03-22,2024-04-12,2024-04-04,10.92,5,1,0,0.0,C01050,43,New,Bratislava,mobile
INT-000805,CMP-096,search,2024-03-22,2024-04-12,2024-04-04,6.55,3,0,0,0.0,C01988,29,Loyal,Western Slovakia,mobile
INT-000806,CMP-096,search,2024-03-22,2024-04-12,2024-04-04,17.47,8,0,0,0.0,C00679,43,Regular,Czech Republic,desktop
INT-000807,CMP-096,search,2024-03-22,2024-04-12,2024-04-05,8.73,4,0,0,0.0,C00811,36,Regular,Central Slovakia,mobile
INT-000808,CMP-096,search,2024-03-22,2024-04-12,2024-04-05,8.73,4,1,0,0.0,C00120,35,Regular,Central Slovakia,desktop
INT-000809,CMP-096,search,2024-03-22,2024-04-12,2024-04-05,13.1,6,0,0,0.0,C00940,48,New,Czech Republic,mobile
INT-000810,CMP-096,search,2024-03-22,2024-04-12,2024-04-05,2.18,1,0,0,0.0,C00703,26,New,Western Slovakia,tablet
INT-000811,CMP-096,search,2024-03-22,2024-04-12,2024-04-06,19.65,9,2,2,501.79,C00937,24,Loyal,Bratislava,mobile
INT-000812,CMP-096,search,2024-03-22,2024-04-12,2024-04-06,13.1,6,0,0,0.0,C00299,18,Regular,Eastern Slovakia,desktop
INT-000813,CMP-096,search,2024-03-22,2024-04-12,2024-04-07,10.92,5,1,0,0.0,C01865,41,Loyal,Central Slovakia,mobile
INT-000814,CMP-096,search,2024-03-22,2024-04-12,2024-04-07,15.29,7,4,1,203.46,C00102,54,Loyal,Central Slovakia,mobile
INT-000815,CMP-096,search,2024-03-22,2024-04-12,2024-04-08,8.73,4,0,0,0.0,C00615,28,Regular,Czech Republic,desktop
INT-000816,CMP-096,search,2024-03-22,2024-04-12,2024-04-09,8.73,4,0,0,0.0,C01690,48,New,Western Slovakia,mobile
INT-000817,CMP-096,search,2024-03-22,2024-04-12,2024-04-09,2.18,1,0,0,0.0,C01103,45,New,Western Slovakia,mobile
INT-000818,CMP-096,search,2024-03-22,2024-04-12,2024-04-09,4.37,2,2,2,639.18,C00152,26,Loyal,Czech Republic,desktop
INT-000819,CMP-096,search,2024-03-22,2024-04-12,2024-04-09,6.55,3,0,0,0.0,C00364,25,Loyal,Czech Republic,desktop
INT-000820,CMP-096,search,2024-03-22,2024-04-12,2024-04-10,10.92,5,2,0,0.0,C01927,31,Regular,Bratislava,mobile
INT-000821,CMP-096,search,2024-03-22,2024-04-12,2024-04-11,10.92,5,0,0,0.0,C00100,27,New,Bratislava,mobile
INT-000822,CMP-096,search,2024-03-22,2024-04-12,2024-04-11,2.18,1,1,0,0.0,C00123,41,Regular,Bratislava,mobile
INT-000823,CMP-096,search,2024-03-22,2024-04-12,2024-04-11,8.73,4,1,0,0.0,C02188,32,New,Central Slovakia,desktop
INT-000824,CMP-096,search,2024-03-22,2024-04-12,2024-04-11,19.65,9,4,1,133.74,C00081,43,Regular,Eastern Slovakia,desktop
INT-000825,CMP-096,search,2024-03-22,2024-04-12,2024-04-11,15.29,7,0,0,0.0,C00447,51,Loyal,Bratislava,mobile
INT-000826,CMP-096,search,2024-03-22,2024-04-12,2024-04-11,8.73,4,0,0,0.0,C00020,37,Loyal,Bratislava,desktop
INT-000827,CMP-096,search,2024-03-22,2024-04-12,2024-04-11,6.55,3,0,0,0.0,C00069,48,Regular,Eastern Slovakia,desktop
INT-000828,CMP-096,search,2024-03-22,2024-04-12,2024-04-11,15.29,7,0,0,0.0,C01459,59,Regular,Bratislava,desktop
INT-000829,CMP-096,search,2024-03-22,2024-04-12,2024-04-11,6.55,3,0,0,0.0,C01733,35,Regular,Eastern Slovakia,mobile
INT-000830,CMP-045,search,2024-04-01,2024-05-14,2024-04-01,8.53,3,0,0,0.0,C01975,22,New,Bratislava,mobile
INT-000831,CMP-045,search,2024-04-01,2024-05-14,2024-04-02,22.75,8,2,0,0.0,C00837,34,New,Eastern Slovakia,mobile
INT-000832,CMP-045,search,2024-04-01,2024-05-14,2024-04-02,11.38,4,0,0,0.0,C00647,45,At-Risk,Central Slovakia,tablet
INT-000833,CMP-045,search,2024-04-01,2024-05-14,2024-04-02,8.53,3,1,0,0.0,C01471,39,Regular,Western Slovakia,mobile
INT-000834,CMP-045,search,2024-04-01,2024-05-14,2024-04-02,5.69,2,0,0,0.0,C02178,44,New,Central Slovakia,tablet
INT-000835,CMP-045,search,2024-04-01,2024-05-14,2024-04-03,14.22,5,0,0,0.0,C00517,46,Regular,Western Slovakia,mobile
INT-000836,CMP-045,search,2024-04-01,2024-05-14,2024-04-03,25.6,9,0,0,0.0,C02022,29,Regular,Central Slovakia,mobile
INT-000837,CMP-045,search,2024-04-01,2024-05-14,2024-04-05,19.91,7,2,0,0.0,C01224,47,Regular,Central Slovakia,mobile
INT-000838,CMP-045,search,2024-04-01,2024-05-14,2024-04-06,19.91,7,1,1,231.11,C01566,30,Regular,Bratislava,mobile
INT-000839,CMP-045,search,2024-04-01,2024-05-14,2024-04-06,11.38,4,1,1,239.9,C00508,43,Loyal,Bratislava,tablet
INT-000840,CMP-045,search,2024-04-01,2024-05-14,2024-04-06,11.38,4,1,1,178.58,C00165,48,Regular,Western Slovakia,mobile
INT-000841,CMP-045,search,2024-04-01,2024-05-14,2024-04-06,22.75,8,0,0,0.0,C01536,26,At-Risk,Western Slovakia,tablet
INT-000842,CMP-045,search,2024-04-01,2024-05-14,2024-04-07,8.53,3,0,0,0.0,C01231,31,Regular,Eastern Slovakia,mobile
INT-000843,CMP-045,search,2024-04-01,2024-05-14,2024-04-07,14.22,5,1,1,141.26,C01636,51,New,Eastern Slovakia,mobile
INT-000844,CMP-045,search,2024-04-01,2024-05-14,2024-04-08,25.6,9,2,1,177.16,C01858,51,Loyal,Eastern Slovakia,desktop
INT-000845,CMP-045,search,2024-04-01,2024-05-14,2024-04-08,14.22,5,1,0,0.0,C00817,33,Regular,Western Slovakia,tablet
INT-000846,CMP-045,search,2024-04-01,2024-05-14,2024-04-10,25.6,9,3,0,0.0,C01199,56,Regular,Western Slovakia,desktop
INT-000847,CMP-045,search,2024-04-01,2024-05-14,2024-04-10,17.07,6,1,0,0.0,C01923,18,At-Risk,Czech Republic,desktop
INT-000848,CMP-045,search,2024-04-01,2024-05-14,2024-04-11,2.84,1,0,0,0.0,C00585,47,Loyal,Central Slovakia,desktop
INT-000849,CMP-045,search,2024-04-01,2024-05-14,2024-04-11,17.07,6,1,1,191.79,C00757,27,Regular,Bratislava,tablet
INT-000850,CMP-045,search,2024-04-01,2024-05-14,2024-04-12,14.22,5,1,1,136.29,C00552,45,Regular,Central Slovakia,mobile
INT-000851,CMP-045,search,2024-04-01,2024-05-14,2024-04-12,22.75,8,0,0,0.0,C00669,32,New,Bratislava,mobile
INT-000852,CMP-045,search,2024-04-01,2024-05-14,2024-04-13,22.75,8,0,0,0.0,C01425,40,Loyal,Bratislava,tablet
INT-000853,CMP-045,search,2024-04-01,2024-05-14,2024-04-13,14.22,5,1,1,143.57,C00500,20,New,Central Slovakia,desktop
INT-000854,CMP-045,search,2024-04-01,2024-05-14,2024-04-13,17.07,6,1,1,197.8,C01479,33,Loyal,Eastern Slovakia,desktop
INT-000855,CMP-045,search,2024-04-01,2024-05-14,2024-04-13,14.22,5,1,1,215.41,C00163,64,Regular,Central Slovakia,mobile
INT-000856,CMP-045,search,2024-04-01,2024-05-14,2024-04-13,25.6,9,1,1,185.62,C00342,42,At-Risk,Bratislava,mobile
INT-000857,CMP-045,search,2024-04-01,2024-05-14,2024-04-13,14.22,5,2,2,1154.66,C00563,39,Loyal,Bratislava,desktop
INT-000858,CMP-045,search,2024-04-01,2024-05-14,2024-04-13,8.53,3,2,0,0.0,C00710,46,At-Risk,Western Slovakia,desktop
INT-000859,CMP-045,search,2024-04-01,2024-05-14,2024-04-13,11.38,4,1,0,0.0,C01669,41,Regular,Eastern Slovakia,mobile
INT-000860,CMP-045,search,2024-04-01,2024-05-14,2024-04-13,14.22,5,1,1,353.87,C01992,45,Loyal,Czech Republic,mobile
INT-000861,CMP-045,search,2024-04-01,2024-05-14,2024-04-14,25.6,9,0,0,0.0,C01331,18,Loyal,Czech Republic,mobile
INT-000862,CMP-045,search,2024-04-01,2024-05-14,2024-04-14,14.22,5,1,0,0.0,C00021,36,Regular,Czech Republic,mobile
INT-000863,CMP-045,search,2024-04-01,2024-05-14,2024-04-15,11.38,4,0,0,0.0,C00080,34,Regular,Central Slovakia,mobile
INT-000864,CMP-045,search,2024-04-01,2024-05-14,2024-04-16,17.07,6,0,0,0.0,C00258,33,At-Risk,Western Slovakia,mobile
INT-000865,CMP-045,search,2024-04-01,2024-05-14,2024-04-16,17.07,6,0,0,0.0,C00094,37,New,Western Slovakia,mobile
INT-000866,CMP-045,search,2024-04-01,2024-05-14,2024-04-16,2.84,1,1,0,0.0,C02059,31,At-Risk,Central Slovakia,mobile
INT-000867,CMP-045,search,2024-04-01,2024-05-14,2024-04-16,14.22,5,0,0,0.0,C01790,50,Loyal,Central Slovakia,desktop
INT-000868,CMP-045,search,2024-04-01,2024-05-14,2024-04-17,11.38,4,0,0,0.0,C01830,35,Regular,Bratislava,mobile
INT-000869,CMP-045,search,2024-04-01,2024-05-14,2024-04-17,11.38,4,0,0,0.0,C00874,39,Regular,Bratislava,mobile
INT-000870,CMP-045,search,2024-04-01,2024-05-14,2024-04-17,17.07,6,1,0,0.0,C01559,48,At-Risk,Eastern Slovakia,desktop
INT-000871,CMP-045,search,2024-04-01,2024-05-14,2024-04-17,19.91,7,0,0,0.0,C02136,34,At-Risk,Bratislava,mobile
INT-000872,CMP-045,search,2024-04-01,2024-05-14,2024-04-18,14.22,5,1,0,0.0,C00983,41,Regular,Central Slovakia,desktop
INT-000873,CMP-045,search,2024-04-01,2024-05-14,2024-04-18,17.07,6,0,0,0.0,C00153,18,Loyal,Czech Republic,mobile
INT-000874,CMP-045,search,2024-04-01,2024-05-14,2024-04-18,8.53,3,0,0,0.0,C01007,46,New,Bratislava,desktop
INT-000875,CMP-045,search,2024-04-01,2024-05-14,2024-04-18,17.07,6,2,0,0.0,C00988,42,New,Bratislava,desktop
INT-000876,CMP-045,search,2024-04-01,2024-05-14,2024-04-19,8.53,3,0,0,0.0,C01755,51,Regular,Bratislava,tablet
INT-000877,CMP-045,search,2024-04-01,2024-05-14,2024-04-19,17.07,6,1,0,0.0,C00567,36,New,Western Slovakia,desktop
INT-000878,CMP-045,search,2024-04-01,2024-05-14,2024-04-19,11.38,4,1,1,304.52,C01272,55,Loyal,Bratislava,mobile
INT-000879,CMP-045,search,2024-04-01,2024-05-14,2024-04-19,17.07,6,1,0,0.0,C01033,32,New,Western Slovakia,mobile
INT-000880,CMP-045,search,2024-04-01,2024-05-14,2024-04-19,14.22,5,1,0,0.0,C01667,41,Regular,Western Slovakia,desktop
INT-000881,CMP-045,search,2024-04-01,2024-05-14,2024-04-19,19.91,7,0,0,0.0,C01828,57,Regular,Central Slovakia,mobile
INT-000882,CMP-045,search,2024-04-01,2024-05-14,2024-04-19,5.69,2,1,1,195.64,C02087,37,New,Bratislava,mobile
INT-000883,CMP-045,search,2024-04-01,2024-05-14,2024-04-20,19.91,7,0,0,0.0,C00562,42,Loyal,Central Slovakia,desktop
INT-000884,CMP-045,search,2024-04-01,2024-05-14,2024-04-20,25.6,9,0,0,0.0,C01492,38,New,Central Slovakia,mobile
INT-000885,CMP-045,search,2024-04-01,2024-05-14,2024-04-20,28.44,10,1,0,0.0,C02054,72,Regular,Eastern Slovakia,mobile
INT-000886,CMP-045,search,2024-04-01,2024-05-14,2024-04-21,11.38,4,0,0,0.0,C02033,46,Regular,Eastern Slovakia,mobile
INT-000887,CMP-045,search,2024-04-01,2024-05-14,2024-04-21,17.07,6,1,1,201.13,C00112,41,New,Bratislava,desktop
INT-000888,CMP-045,search,2024-04-01,2024-05-14,2024-04-21,11.38,4,0,0,0.0,C01876,18,New,Bratislava,desktop
INT-000889,CMP-045,search,2024-04-01,2024-05-14,2024-04-21,11.38,4,1,0,0.0,C01378,40,Regular,Bratislava,desktop
INT-000890,CMP-045,search,2024-04-01,2024-05-14,2024-04-21,14.22,5,0,0,0.0,C01878,60,Regular,Central Slovakia,desktop
INT-000891,CMP-045,search,2024-04-01,2024-05-14,2024-04-21,17.07,6,1,0,0.0,C01302,18,Regular,Western Slovakia,desktop
INT-000892,CMP-045,search,2024-04-01,2024-05-14,2024-04-21,19.91,7,2,2,502.39,C02004,41,Regular,Bratislava,mobile
INT-000893,CMP-045,search,2024-04-01,2024-05-14,2024-04-21,17.07,6,1,0,0.0,C00075,40,New,Eastern Slovakia,mobile
INT-000894,CMP-045,search,2024-04-01,2024-05-14,2024-04-21,8.53,3,1,1,180.29,C00832,57,New,Western Slovakia,desktop
INT-000895,CMP-045,search,2024-04-01,2024-05-14,2024-04-22,17.07,6,2,1,189.19,C01541,35,New,Bratislava,desktop
INT-000896,CMP-045,search,2024-04-01,2024-05-14,2024-04-22,17.07,6,1,1,241.33,C02073,18,Regular,Bratislava,desktop
INT-000897,CMP-045,search,2024-04-01,2024-05-14,2024-04-22,8.53,3,0,0,0.0,C00902,39,Regular,Eastern Slovakia,desktop
INT-000898,CMP-045,search,2024-04-01,2024-05-14,2024-04-22,8.53,3,0,0,0.0,C02135,28,Loyal,Western Slovakia,tablet
INT-000899,CMP-045,search,2024-04-01,2024-05-14,2024-04-23,19.91,7,1,1,232.61,C01059,39,Regular,Eastern Slovakia,mobile
INT-000900,CMP-045,search,2024-04-01,2024-05-14,2024-04-24,17.07,6,1,1,191.15,C00049,46,New,Eastern Slovakia,desktop
INT-000901,CMP-045,search,2024-04-01,2024-05-14,2024-04-24,19.91,7,1,1,280.75,C00766,18,Loyal,Western Slovakia,desktop
INT-000902,CMP-045,search,2024-04-01,2024-05-14,2024-04-25,2.84,1,0,0,0.0,C00229,28,Regular,Bratislava,desktop
INT-000903,CMP-045,search,2024-04-01,2024-05-14,2024-04-25,8.53,3,0,0,0.0,C00999,40,Loyal,Central Slovakia,mobile
INT-000904,CMP-045,search,2024-04-01,2024-05-14,2024-04-25,14.22,5,0,0,0.0,C02038,50,New,Central Slovakia,mobile
INT-000905,CMP-045,search,2024-04-01,2024-05-14,2024-04-25,19.91,7,1,0,0.0,C01546,35,Regular,Western Slovakia,mobile
INT-000906,CMP-045,search,2024-04-01,2024-05-14,2024-04-25,11.38,4,1,0,0.0,C00394,44,Loyal,Western Slovakia,mobile
INT-000907,CMP-045,search,2024-04-01,2024-05-14,2024-04-26,11.38,4,1,0,0.0,C01712,18,New,Central Slovakia,desktop
INT-000908,CMP-045,search,2024-04-01,2024-05-14,2024-04-26,11.38,4,0,0,0.0,C02060,25,Regular,Central Slovakia,mobile
INT-000909,CMP-045,search,2024-04-01,2024-05-14,2024-04-27,14.22,5,1,0,0.0,C00793,44,Loyal,Western Slovakia,desktop
INT-000910,CMP-045,search,2024-04-01,2024-05-14,2024-04-27,28.44,10,3,1,176.35,C00227,68,New,Bratislava,mobile
INT-000911,CMP-045,search,2024-04-01,2024-05-14,2024-04-27,8.53,3,1,0,0.0,C00506,31,Loyal,Bratislava,desktop
INT-000912,CMP-045,search,2024-04-01,2024-05-14,2024-04-27,14.22,5,1,0,0.0,C00623,41,New,Western Slovakia,mobile
INT-000913,CMP-045,search,2024-04-01,2024-05-14,2024-04-28,17.07,6,1,1,146.71,C01654,33,Regular,Eastern Slovakia,mobile
INT-000914,CMP-045,search,2024-04-01,2024-05-14,2024-04-28,11.38,4,1,0,0.0,C02190,45,Regular,Western Slovakia,mobile
INT-000915,CMP-045,search,2024-04-01,2024-05-14,2024-04-28,11.38,4,0,0,0.0,C00403,48,Loyal,Eastern Slovakia,mobile
INT-000916,CMP-045,search,2024-04-01,2024-05-14,2024-04-28,17.07,6,0,0,0.0,C00799,50,At-Risk,Bratislava,mobile
INT-000917,CMP-045,search,2024-04-01,2024-05-14,2024-04-28,14.22,5,0,0,0.0,C01020,45,New,Bratislava,mobile
INT-000918,CMP-045,search,2024-04-01,2024-05-14,2024-04-29,2.84,1,0,0,0.0,C01114,35,Regular,Bratislava,mobile
INT-000919,CMP-045,search,2024-04-01,2024-05-14,2024-04-29,5.69,2,1,0,0.0,C00109,48,At-Risk,Bratislava,mobile
INT-000920,CMP-045,search,2024-04-01,2024-05-14,2024-04-29,11.38,4,1,0,0.0,C01295,41,Regular,Central Slovakia,desktop
INT-000921,CMP-045,search,2024-04-01,2024-05-14,2024-04-29,22.75,8,1,0,0.0,C00786,41,Loyal,Central Slovakia,mobile
INT-000922,CMP-045,search,2024-04-01,2024-05-14,2024-04-29,17.07,6,0,0,0.0,C00808,23,New,Western Slovakia,desktop
INT-000923,CMP-045,search,2024-04-01,2024-05-14,2024-04-29,19.91,7,1,1,193.39,C00456,40,Regular,Central Slovakia,mobile
INT-000924,CMP-045,search,2024-04-01,2024-05-14,2024-04-30,22.75,8,1,0,0.0,C01236,28,Loyal,Bratislava,mobile
INT-000925,CMP-045,search,2024-04-01,2024-05-14,2024-04-30,14.22,5,1,0,0.0,C00991,48,At-Risk,Bratislava,mobile
INT-000926,CMP-045,search,2024-04-01,2024-05-14,2024-04-30,17.07,6,3,0,0.0,C00588,28,New,Bratislava,desktop
INT-000927,CMP-045,search,2024-04-01,2024-05-14,2024-05-01,19.91,7,2,1,154.8,C00122,40,Regular,Eastern Slovakia,desktop
INT-000928,CMP-045,search,2024-04-01,2024-05-14,2024-05-01,11.38,4,2,1,353.5,C01384,36,Regular,Central Slovakia,mobile
INT-000929,CMP-045,search,2024-04-01,2024-05-14,2024-05-01,5.69,2,0,0,0.0,C00304,34,At-Risk,Western Slovakia,desktop
INT-000930,CMP-045,search,2024-04-01,2024-05-14,2024-05-02,14.22,5,1,0,0.0,C01091,31,Regular,Czech Republic,mobile
INT-000931,CMP-045,search,2024-04-01,2024-05-14,2024-05-02,14.22,5,0,0,0.0,C00375,45,Regular,Western Slovakia,mobile
INT-000932,CMP-045,search,2024-04-01,2024-05-14,2024-05-03,17.07,6,0,0,0.0,C01988,29,Loyal,Western Slovakia,mobile
INT-000933,CMP-045,search,2024-04-01,2024-05-14,2024-05-03,5.69,2,0,0,0.0,C01041,27,Regular,Western Slovakia,mobile
INT-000934,CMP-045,search,2024-04-01,2024-05-14,2024-05-03,25.6,9,1,0,0.0,C00056,30,Regular,Western Slovakia,mobile
INT-000935,CMP-045,search,2024-04-01,2024-05-14,2024-05-04,25.6,9,0,0,0.0,C01490,40,Regular,Eastern Slovakia,mobile
INT-000936,CMP-045,search,2024-04-01,2024-05-14,2024-05-05,5.69,2,0,0,0.0,C01245,51,New,Eastern Slovakia,mobile
INT-000937,CMP-045,search,2024-04-01,2024-05-14,2024-05-05,19.91,7,1,0,0.0,C01764,25,New,Central Slovakia,mobile
INT-000938,CMP-045,search,2024-04-01,2024-05-14,2024-05-05,17.07,6,0,0,0.0,C01287,22,New,Central Slovakia,mobile
INT-000939,CMP-045,search,2024-04-01,2024-05-14,2024-05-05,14.22,5,0,0,0.0,C01494,25,Regular,Eastern Slovakia,desktop
INT-000940,CMP-045,search,2024-04-01,2024-05-14,2024-05-05,11.38,4,0,0,0.0,C00854,38,Loyal,Western Slovakia,mobile
INT-000941,CMP-045,search,2024-04-01,2024-05-14,2024-05-05,11.38,4,1,0,0.0,C01945,33,New,Central Slovakia,mobile
INT-000942,CMP-045,search,2024-04-01,2024-05-14,2024-05-07,8.53,3,0,0,0.0,C00106,36,Loyal,Eastern Slovakia,desktop
INT-000943,CMP-045,search,2024-04-01,2024-05-14,2024-05-07,14.22,5,0,0,0.0,C00117,41,New,Eastern Slovakia,desktop
INT-000944,CMP-045,search,2024-04-01,2024-05-14,2024-05-09,14.22,5,1,1,198.5,C02034,33,New,Eastern Slovakia,desktop
INT-000945,CMP-045,search,2024-04-01,2024-05-14,2024-05-09,8.53,3,0,0,0.0,C02047,46,Regular,Western Slovakia,mobile
INT-000946,CMP-045,search,2024-04-01,2024-05-14,2024-05-10,17.07,6,0,0,0.0,C01564,24,New,Central Slovakia,desktop
INT-000947,CMP-045,search,2024-04-01,2024-05-14,2024-05-10,11.38,4,2,0,0.0,C01723,30,Regular,Western Slovakia,mobile
INT-000948,CMP-045,search,2024-04-01,2024-05-14,2024-05-10,17.07,6,0,0,0.0,C01783,18,Regular,Eastern Slovakia,desktop
INT-000949,CMP-045,search,2024-04-01,2024-05-14,2024-05-10,22.75,8,1,0,0.0,C00139,62,Loyal,Central Slovakia,desktop
INT-000950,CMP-045,search,2024-04-01,2024-05-14,2024-05-10,8.53,3,0,0,0.0,C00673,29,New,Western Slovakia,mobile
INT-000951,CMP-045,search,2024-04-01,2024-05-14,2024-05-10,17.07,6,0,0,0.0,C00240,32,Regular,Eastern Slovakia,desktop
INT-000952,CMP-045,search,2024-04-01,2024-05-14,2024-05-11,14.22,5,1,1,263.5,C01757,59,Regular,Western Slovakia,mobile
INT-000953,CMP-045,search,2024-04-01,2024-05-14,2024-05-11,14.22,5,1,0,0.0,C02056,45,New,Bratislava,mobile
INT-000954,CMP-045,search,2024-04-01,2024-05-14,2024-05-11,14.22,5,1,1,150.19,C00685,33,Regular,Eastern Slovakia,mobile
INT-000955,CMP-045,search,2024-04-01,2024-05-14,2024-05-13,19.91,7,0,0,0.0,C00550,46,Loyal,Central Slovakia,mobile
INT-000956,CMP-091,social,2024-04-02,2024-05-15,2024-04-02,6.08,8,0,0,0.0,C01462,29,Loyal,Bratislava,mobile
INT-000957,CMP-091,social,2024-04-02,2024-05-15,2024-04-02,5.32,7,1,1,163.38,C00081,43,Regular,Eastern Slovakia,desktop
INT-000958,CMP-091,social,2024-04-02,2024-05-15,2024-04-03,2.28,3,0,0,0.0,C00141,43,Regular,Bratislava,mobile
INT-000959,CMP-091,social,2024-04-02,2024-05-15,2024-04-05,5.32,7,1,0,0.0,C00853,49,At-Risk,Eastern Slovakia,mobile
INT-000960,CMP-091,social,2024-04-02,2024-05-15,2024-04-05,6.08,8,0,0,0.0,C00771,59,Regular,Bratislava,mobile
INT-000961,CMP-091,social,2024-04-02,2024-05-15,2024-04-08,4.56,6,0,0,0.0,C00959,38,New,Bratislava,mobile
INT-000962,CMP-091,social,2024-04-02,2024-05-15,2024-04-09,2.28,3,0,0,0.0,C01131,27,New,Central Slovakia,desktop
INT-000963,CMP-091,social,2024-04-02,2024-05-15,2024-04-10,3.8,5,0,0,0.0,C00029,43,Loyal,Eastern Slovakia,mobile
INT-000964,CMP-091,social,2024-04-02,2024-05-15,2024-04-12,8.37,11,1,0,0.0,C00127,56,Loyal,Eastern Slovakia,mobile
INT-000965,CMP-091,social,2024-04-02,2024-05-15,2024-04-15,6.84,9,1,0,0.0,C00124,54,New,Western Slovakia,tablet
INT-000966,CMP-091,social,2024-04-02,2024-05-15,2024-04-15,6.08,8,1,0,0.0,C01374,19,Loyal,Bratislava,mobile
INT-000967,CMP-091,social,2024-04-02,2024-05-15,2024-04-15,6.08,8,0,0,0.0,C01922,50,Loyal,Bratislava,tablet
INT-000968,CMP-091,social,2024-04-02,2024-05-15,2024-04-17,2.28,3,1,0,0.0,C00661,18,Loyal,Bratislava,mobile
INT-000969,CMP-091,social,2024-04-02,2024-05-15,2024-04-19,5.32,7,0,0,0.0,C00996,42,Regular,Bratislava,mobile
INT-000970,CMP-091,social,2024-04-02,2024-05-15,2024-04-22,3.04,4,0,0,0.0,C01955,41,Loyal,Bratislava,desktop
INT-000971,CMP-091,social,2024-04-02,2024-05-15,2024-04-22,8.37,11,1,0,0.0,C00116,32,Loyal,Central Slovakia,mobile
INT-000972,CMP-091,social,2024-04-02,2024-05-15,2024-04-22,3.04,4,0,0,0.0,C00047,48,Loyal,Western Slovakia,mobile
INT-000973,CMP-091,social,2024-04-02,2024-05-15,2024-04-23,6.08,8,2,1,252.66,C00757,27,Regular,Bratislava,tablet
INT-000974,CMP-091,social,2024-04-02,2024-05-15,2024-04-23,4.56,6,0,0,0.0,C00785,38,At-Risk,Central Slovakia,mobile
INT-000975,CMP-091,social,2024-04-02,2024-05-15,2024-04-25,4.56,6,0,0,0.0,C00548,26,Regular,Western Slovakia,desktop
INT-000976,CMP-091,social,2024-04-02,2024-05-15,2024-04-26,3.04,4,0,0,0.0,C01113,24,Regular,Bratislava,desktop
INT-000977,CMP-091,social,2024-04-02,2024-05-15,2024-04-27,3.04,4,0,0,0.0,C00987,21,At-Risk,Eastern Slovakia,mobile
INT-000978,CMP-091,social,2024-04-02,2024-05-15,2024-04-27,4.56,6,1,0,0.0,C00803,42,Regular,Bratislava,mobile
INT-000979,CMP-091,social,2024-04-02,2024-05-15,2024-04-29,6.84,9,1,0,0.0,C00376,66,Regular,Western Slovakia,desktop
INT-000980,CMP-091,social,2024-04-02,2024-05-15,2024-04-30,6.84,9,0,0,0.0,C00070,36,At-Risk,Bratislava,mobile
INT-000981,CMP-091,social,2024-04-02,2024-05-15,2024-05-01,3.04,4,0,0,0.0,C02092,46,New,Bratislava,desktop
INT-000982,CMP-091,social,2024-04-02,2024-05-15,2024-05-01,3.8,5,0,0,0.0,C01222,53,Regular,Eastern Slovakia,mobile
INT-000983,CMP-091,social,2024-04-02,2024-05-15,2024-05-02,5.32,7,0,0,0.0,C01904,36,Regular,Western Slovakia,desktop
INT-000984,CMP-091,social,2024-04-02,2024-05-15,2024-05-02,5.32,7,1,0,0.0,C01537,47,At-Risk,Bratislava,mobile
INT-000985,CMP-091,social,2024-04-02,2024-05-15,2024-05-03,3.04,4,1,0,0.0,C00891,28,Regular,Western Slovakia,tablet
INT-000986,CMP-091,social,2024-04-02,2024-05-15,2024-05-08,3.04,4,0,0,0.0,C01632,28,At-Risk,Bratislava,desktop
INT-000987,CMP-091,social,2024-04-02,2024-05-15,2024-05-09,7.6,10,1,0,0.0,C02139,42,Loyal,Eastern Slovakia,mobile
INT-000988,CMP-091,social,2024-04-02,2024-05-15,2024-05-09,7.6,10,0,0,0.0,C01622,39,New,Bratislava,mobile
INT-000989,CMP-091,social,2024-04-02,2024-05-15,2024-05-10,6.08,8,0,0,0.0,C00774,54,Regular,Bratislava,mobile
INT-000990,CMP-091,social,2024-04-02,2024-05-15,2024-05-10,4.56,6,0,0,0.0,C00858,43,Regular,Bratislava,desktop
INT-000991,CMP-091,social,2024-04-02,2024-05-15,2024-05-12,6.08,8,1,0,0.0,C00433,36,New,Central Slovakia,desktop
INT-000992,CMP-091,social,2024-04-02,2024-05-15,2024-05-12,5.32,7,0,0,0.0,C00120,35,Regular,Central Slovakia,mobile
INT-000993,CMP-091,social,2024-04-02,2024-05-15,2024-05-13,7.6,10,2,0,0.0,C01752,31,Regular,Western Slovakia,mobile
INT-000994,CMP-091,social,2024-04-02,2024-05-15,2024-05-14,3.8,5,0,0,0.0,C01138,38,At-Risk,Bratislava,desktop
INT-000995,CMP-091,social,2024-04-02,2024-05-15,2024-05-14,3.04,4,0,0,0.0,C00650,33,Regular,Eastern Slovakia,desktop
INT-000996,CMP-031,email,2024-04-11,2024-05-08,2024-04-11,1.92,2,0,0,0.0,C00209,27,New,Central Slovakia,mobile
INT-000997,CMP-031,email,2024-04-11,2024-05-08,2024-04-11,4.8,5,0,0,0.0,C00613,21,Regular,Western Slovakia,mobile
INT-000998,CMP-031,email,2024-04-11,2024-05-08,2024-04-12,1.92,2,0,0,0.0,C00593,60,Regular,Western Slovakia,desktop
INT-000999,CMP-031,email,2024-04-11,2024-05-08,2024-04-12,3.84,4,0,0,0.0,C01748,42,Regular,Bratislava,desktop
INT-001000,CMP-031,email,2024-04-11,2024-05-08,2024-04-13,4.8,5,0,0,0.0,C00900,20,New,Bratislava,mobile
INT-001001,CMP-031,email,2024-04-11,2024-05-08,2024-04-13,3.84,4,0,0,0.0,C00877,38,Regular,Central Slovakia,desktop
INT-001002,CMP-031,email,2024-04-11,2024-05-08,2024-04-13,0.96,1,0,0,0.0,C01714,37,New,Central Slovakia,desktop
INT-001003,CMP-031,email,2024-04-11,2024-05-08,2024-04-13,5.76,6,0,0,0.0,C00527,55,Regular,Western Slovakia,mobile
INT-001004,CMP-031,email,2024-04-11,2024-05-08,2024-04-13,2.88,3,1,0,0.0,C01553,31,Regular,Central Slovakia,mobile
INT-001005,CMP-031,email,2024-04-11,2024-05-08,2024-04-14,4.8,5,0,0,0.0,C01015,25,Regular,Bratislava,mobile
INT-001006,CMP-031,email,2024-04-11,2024-05-08,2024-04-14,3.84,4,0,0,0.0,C00545,35,Loyal,Central Slovakia,desktop
INT-001007,CMP-031,email,2024-04-11,2024-05-08,2024-04-14,4.8,5,1,0,0.0,C01894,18,Regular,Western Slovakia,tablet
INT-001008,CMP-031,email,2024-04-11,2024-05-08,2024-04-15,3.84,4,0,0,0.0,C01576,23,Regular,Eastern Slovakia,mobile
INT-001009,CMP-031,email,2024-04-11,2024-05-08,2024-04-15,2.88,3,0,0,0.0,C02089,30,Regular,Western Slovakia,mobile
INT-001010,CMP-031,email,2024-04-11,2024-05-08,2024-04-15,3.84,4,0,0,0.0,C01452,44,New,Bratislava,mobile
INT-001011,CMP-031,email,2024-04-11,2024-05-08,2024-04-15,8.65,9,0,0,0.0,C00663,27,Regular,Eastern Slovakia,mobile
INT-001012,CMP-031,email,2024-04-11,2024-05-08,2024-04-16,0.96,1,1,0,0.0,C00313,59,Loyal,Czech Republic,mobile
INT-001013,CMP-031,email,2024-04-11,2024-05-08,2024-04-16,1.92,2,0,0,0.0,C01158,56,New,Central Slovakia,mobile
INT-001014,CMP-031,email,2024-04-11,2024-05-08,2024-04-16,1.92,2,0,0,0.0,C01925,37,Loyal,Bratislava,mobile
INT-001015,CMP-031,email,2024-04-11,2024-05-08,2024-04-17,1.92,2,0,0,0.0,C00287,41,Loyal,Central Slovakia,desktop
INT-001016,CMP-031,email,2024-04-11,2024-05-08,2024-04-17,3.84,4,0,0,0.0,C01239,45,New,Eastern Slovakia,desktop
INT-001017,CMP-031,email,2024-04-11,2024-05-08,2024-04-18,6.72,7,0,0,0.0,C01037,50,Regular,Eastern Slovakia,mobile
INT-001018,CMP-031,email,2024-04-11,2024-05-08,2024-04-19,3.84,4,0,0,0.0,C01319,20,Loyal,Western Slovakia,mobile
INT-001019,CMP-031,email,2024-04-11,2024-05-08,2024-04-19,2.88,3,1,0,0.0,C01340,35,New,Western Slovakia,desktop
INT-001020,CMP-031,email,2024-04-11,2024-05-08,2024-04-20,3.84,4,0,0,0.0,C00534,43,Regular,Bratislava,mobile
INT-001021,CMP-031,email,2024-04-11,2024-05-08,2024-04-20,1.92,2,0,0,0.0,C00179,37,Regular,Bratislava,desktop
INT-001022,CMP-031,email,2024-04-11,2024-05-08,2024-04-20,3.84,4,0,0,0.0,C00802,25,New,Bratislava,mobile
INT-001023,CMP-031,email,2024-04-11,2024-05-08,2024-04-21,0.96,1,0,0,0.0,C00603,53,Loyal,Central Slovakia,desktop
INT-001024,CMP-031,email,2024-04-11,2024-05-08,2024-04-22,2.88,3,0,0,0.0,C01934,54,Regular,Eastern Slovakia,mobile
INT-001025,CMP-031,email,2024-04-11,2024-05-08,2024-04-22,6.72,7,1,0,0.0,C01956,26,Loyal,Eastern Slovakia,mobile
INT-001026,CMP-031,email,2024-04-11,2024-05-08,2024-04-22,2.88,3,0,0,0.0,C00826,38,At-Risk,Eastern Slovakia,mobile
INT-001027,CMP-031,email,2024-04-11,2024-05-08,2024-04-23,3.84,4,0,0,0.0,C01998,37,New,Western Slovakia,mobile
INT-001028,CMP-031,email,2024-04-11,2024-05-08,2024-04-23,2.88,3,1,0,0.0,C01406,46,New,Eastern Slovakia,mobile
INT-001029,CMP-031,email,2024-04-11,2024-05-08,2024-04-23,2.88,3,0,0,0.0,C00235,29,Loyal,Czech Republic,mobile
INT-001030,CMP-031,email,2024-04-11,2024-05-08,2024-04-24,1.92,2,0,0,0.0,C01418,50,New,Central Slovakia,mobile
INT-001031,CMP-031,email,2024-04-11,2024-05-08,2024-04-24,2.88,3,0,0,0.0,C00366,56,Regular,Bratislava,tablet
INT-001032,CMP-031,email,2024-04-11,2024-05-08,2024-04-25,3.84,4,2,2,372.3,C00711,38,Loyal,Czech Republic,mobile
INT-001033,CMP-031,email,2024-04-11,2024-05-08,2024-04-26,0.96,1,0,0,0.0,C00659,53,At-Risk,Western Slovakia,mobile
INT-001034,CMP-031,email,2024-04-11,2024-05-08,2024-04-26,2.88,3,1,0,0.0,C00905,31,New,Czech Republic,desktop
INT-001035,CMP-031,email,2024-04-11,2024-05-08,2024-04-26,4.8,5,0,0,0.0,C01825,27,New,Bratislava,mobile
INT-001036,CMP-031,email,2024-04-11,2024-05-08,2024-04-27,2.88,3,0,0,0.0,C01587,18,Loyal,Czech Republic,tablet
INT-001037,CMP-031,email,2024-04-11,2024-05-08,2024-04-28,1.92,2,0,0,0.0,C01519,34,Regular,Central Slovakia,mobile
INT-001038,CMP-031,email,2024-04-11,2024-05-08,2024-04-29,4.8,5,0,0,0.0,C00775,38,Regular,Western Slovakia,desktop
INT-001039,CMP-031,email,2024-04-11,2024-05-08,2024-05-01,4.8,5,2,2,467.11,C00432,44,Loyal,Central Slovakia,desktop
INT-001040,CMP-031,email,2024-04-11,2024-05-08,2024-05-01,4.8,5,0,0,0.0,C00730,25,Loyal,Central Slovakia,mobile
INT-001041,CMP-031,email,2024-04-11,2024-05-08,2024-05-02,3.84,4,0,0,0.0,C00575,40,At-Risk,Central Slovakia,desktop
INT-001042,CMP-031,email,2024-04-11,2024-05-08,2024-05-02,5.76,6,1,1,179.34,C01525,33,Loyal,Czech Republic,mobile
INT-001043,CMP-031,email,2024-04-11,2024-05-08,2024-05-02,2.88,3,0,0,0.0,C01303,45,Regular,Eastern Slovakia,desktop
INT-001044,CMP-031,email,2024-04-11,2024-05-08,2024-05-02,2.88,3,0,0,0.0,C00269,39,Regular,Western Slovakia,desktop
INT-001045,CMP-031,email,2024-04-11,2024-05-08,2024-05-03,2.88,3,0,0,0.0,C00023,53,Loyal,Central Slovakia,mobile
INT-001046,CMP-031,email,2024-04-11,2024-05-08,2024-05-03,4.8,5,0,0,0.0,C02060,25,Regular,Central Slovakia,mobile
INT-001047,CMP-031,email,2024-04-11,2024-05-08,2024-05-04,1.92,2,0,0,0.0,C00476,34,Loyal,Western Slovakia,tablet
INT-001048,CMP-031,email,2024-04-11,2024-05-08,2024-05-04,2.88,3,1,0,0.0,C01207,29,At-Risk,Czech Republic,mobile
INT-001049,CMP-031,email,2024-04-11,2024-05-08,2024-05-05,4.8,5,1,0,0.0,C00947,42,Regular,Western Slovakia,mobile
INT-001050,CMP-031,email,2024-04-11,2024-05-08,2024-05-05,5.76,6,0,0,0.0,C01175,37,New,Bratislava,tablet
INT-001051,CMP-031,email,2024-04-11,2024-05-08,2024-05-05,6.72,7,2,2,353.04,C01774,58,At-Risk,Bratislava,desktop
INT-001052,CMP-031,email,2024-04-11,2024-05-08,2024-05-05,1.92,2,0,0,0.0,C01677,50,Regular,Bratislava,desktop
INT-001053,CMP-031,email,2024-04-11,2024-05-08,2024-05-06,1.92,2,0,0,0.0,C01907,38,At-Risk,Western Slovakia,desktop
INT-001054,CMP-031,email,2024-04-11,2024-05-08,2024-05-06,2.88,3,0,0,0.0,C01963,35,Regular,Western Slovakia,desktop
INT-001055,CMP-031,email,2024-04-11,2024-05-08,2024-05-06,3.84,4,0,0,0.0,C00908,23,New,Western Slovakia,mobile
INT-001056,CMP-031,email,2024-04-11,2024-05-08,2024-05-06,2.88,3,0,0,0.0,C01726,39,New,Czech Republic,mobile
INT-001057,CMP-031,email,2024-04-11,2024-05-08,2024-05-06,4.8,5,0,0,0.0,C01549,45,Regular,Eastern Slovakia,mobile
INT-001058,CMP-110,tv,2024-04-13,2024-05-09,2024-04-13,5.88,5,0,0,0.0,C01865,41,Loyal,Central Slovakia,mobile
INT-001059,CMP-110,tv,2024-04-13,2024-05-09,2024-04-13,8.24,7,0,0,0.0,C01305,35,New,Bratislava,desktop
INT-001060,CMP-110,tv,2024-04-13,2024-05-09,2024-04-13,9.41,8,1,1,192.89,C01086,33,Regular,Eastern Slovakia,mobile
INT-001061,CMP-110,tv,2024-04-13,2024-05-09,2024-04-15,9.41,8,0,0,0.0,C01837,41,Regular,Western Slovakia,tablet
INT-001062,CMP-110,tv,2024-04-13,2024-05-09,2024-04-17,4.71,4,0,0,0.0,C02083,24,New,Central Slovakia,mobile
INT-001063,CMP-110,tv,2024-04-13,2024-05-09,2024-04-18,3.53,3,0,0,0.0,C01322,31,New,Eastern Slovakia,mobile
INT-001064,CMP-110,tv,2024-04-13,2024-05-09,2024-04-21,5.88,5,0,0,0.0,C00082,30,Regular,Western Slovakia,mobile
INT-001065,CMP-110,tv,2024-04-13,2024-05-09,2024-04-24,2.35,2,0,0,0.0,C01956,26,Loyal,Eastern Slovakia,mobile
INT-001066,CMP-110,tv,2024-04-13,2024-05-09,2024-04-26,4.71,4,0,0,0.0,C00625,44,New,Czech Republic,desktop
INT-001067,CMP-110,tv,2024-04-13,2024-05-09,2024-04-29,3.53,3,0,0,0.0,C01185,38,New,Bratislava,desktop
INT-001068,CMP-110,tv,2024-04-13,2024-05-09,2024-04-30,14.12,12,0,0,0.0,C01491,31,New,Central Slovakia,mobile
INT-001069,CMP-110,tv,2024-04-13,2024-05-09,2024-05-01,3.53,3,0,0,0.0,C01493,31,Loyal,Bratislava,mobile
INT-001070,CMP-110,tv,2024-04-13,2024-05-09,2024-05-01,9.41,8,0,0,0.0,C00465,25,Loyal,Western Slovakia,desktop
INT-001071,CMP-110,tv,2024-04-13,2024-05-09,2024-05-02,8.24,7,0,1,300.6,C00211,49,Loyal,Central Slovakia,mobile
INT-001072,CMP-110,tv,2024-04-13,2024-05-09,2024-05-02,7.06,6,0,0,0.0,C00423,31,Regular,Central Slovakia,mobile
INT-001073,CMP-110,tv,2024-04-13,2024-05-09,2024-05-03,2.35,2,0,0,0.0,C01074,19,Loyal,Central Slovakia,mobile
INT-001074,CMP-110,tv,2024-04-13,2024-05-09,2024-05-03,5.88,5,0,0,0.0,C00901,43,New,Czech Republic,desktop
INT-001075,CMP-110,tv,2024-04-13,2024-05-09,2024-05-04,5.88,5,0,0,0.0,C00327,19,Loyal,Western Slovakia,desktop
INT-001076,CMP-110,tv,2024-04-13,2024-05-09,2024-05-04,5.88,5,1,0,0.0,C01898,43,Loyal,Eastern Slovakia,mobile
INT-001077,CMP-074,search,2024-04-24,2024-05-15,2024-04-24,9.07,3,0,0,0.0,C01177,29,New,Eastern Slovakia,desktop
INT-001078,CMP-074,search,2024-04-24,2024-05-15,2024-04-24,12.09,4,2,0,0.0,C02138,48,New,Czech Republic,desktop
INT-001079,CMP-074,search,2024-04-24,2024-05-15,2024-04-24,15.11,5,0,0,0.0,C00499,18,Regular,Central Slovakia,desktop
INT-001080,CMP-074,search,2024-04-24,2024-05-15,2024-04-24,12.09,4,0,0,0.0,C01205,30,At-Risk,Bratislava,mobile
INT-001081,CMP-074,search,2024-04-24,2024-05-15,2024-04-25,27.2,9,1,0,0.0,C00487,29,New,Western Slovakia,mobile
INT-001082,CMP-074,search,2024-04-24,2024-05-15,2024-04-26,9.07,3,1,0,0.0,C02176,39,Regular,Czech Republic,desktop
INT-001083,CMP-074,search,2024-04-24,2024-05-15,2024-04-27,6.05,2,1,0,0.0,C01204,37,New,Western Slovakia,mobile
INT-001084,CMP-074,search,2024-04-24,2024-05-15,2024-04-27,18.14,6,1,0,0.0,C02188,32,New,Central Slovakia,tablet
INT-001085,CMP-074,search,2024-04-24,2024-05-15,2024-04-28,12.09,4,1,0,0.0,C02048,44,Regular,Western Slovakia,mobile
INT-001086,CMP-074,search,2024-04-24,2024-05-15,2024-04-28,21.16,7,0,0,0.0,C00656,42,Regular,Western Slovakia,mobile
INT-001087,CMP-074,search,2024-04-24,2024-05-15,2024-04-28,9.07,3,0,0,0.0,C01830,35,Regular,Bratislava,mobile
INT-001088,CMP-074,search,2024-04-24,2024-05-15,2024-04-29,18.14,6,0,0,0.0,C00484,45,Regular,Bratislava,mobile
INT-001089,CMP-074,search,2024-04-24,2024-05-15,2024-04-29,21.16,7,0,0,0.0,C01900,25,Regular,Central Slovakia,desktop
INT-001090,CMP-074,search,2024-04-24,2024-05-15,2024-04-29,12.09,4,0,0,0.0,C02199,35,Regular,Czech Republic,desktop
INT-001091,CMP-074,search,2024-04-24,2024-05-15,2024-04-29,21.16,7,0,0,0.0,C01066,37,New,Czech Republic,mobile
INT-001092,CMP-074,search,2024-04-24,2024-05-15,2024-04-29,6.05,2,0,0,0.0,C00108,34,Regular,Eastern Slovakia,mobile
INT-001093,CMP-074,search,2024-04-24,2024-05-15,2024-04-30,15.11,5,1,0,0.0,C00769,23,Regular,Bratislava,mobile
INT-001094,CMP-074,search,2024-04-24,2024-05-15,2024-04-30,15.11,5,0,0,0.0,C01071,36,New,Western Slovakia,mobile
INT-001095,CMP-074,search,2024-04-24,2024-05-15,2024-05-01,18.14,6,0,0,0.0,C01352,45,New,Central Slovakia,desktop
INT-001096,CMP-074,search,2024-04-24,2024-05-15,2024-05-02,15.11,5,0,0,0.0,C02139,42,Loyal,Eastern Slovakia,mobile
INT-001097,CMP-074,search,2024-04-24,2024-05-15,2024-05-02,12.09,4,0,0,0.0,C01522,18,At-Risk,Bratislava,desktop
INT-001098,CMP-074,search,2024-04-24,2024-05-15,2024-05-02,6.05,2,0,0,0.0,C01657,43,Loyal,Czech Republic,desktop
INT-001099,CMP-074,search,2024-04-24,2024-05-15,2024-05-02,15.11,5,1,0,0.0,C01991,43,Loyal,Western Slovakia,mobile
INT-001100,CMP-074,search,2024-04-24,2024-05-15,2024-05-02,18.14,6,1,1,165.45,C00048,41,New,Western Slovakia,mobile
INT-001101,CMP-074,search,2024-04-24,2024-05-15,2024-05-02,15.11,5,1,0,0.0,C01768,48,Regular,Central Slovakia,tablet
INT-001102,CMP-074,search,2024-04-24,2024-05-15,2024-05-03,12.09,4,1,0,0.0,C00149,51,New,Western Slovakia,mobile
INT-001103,CMP-074,search,2024-04-24,2024-05-15,2024-05-03,12.09,4,0,0,0.0,C00063,40,Regular,Eastern Slovakia,mobile
INT-001104,CMP-074,search,2024-04-24,2024-05-15,2024-05-04,12.09,4,1,0,0.0,C00986,46,New,Bratislava,mobile
INT-001105,CMP-074,search,2024-04-24,2024-05-15,2024-05-04,12.09,4,0,0,0.0,C00372,54,At-Risk,Bratislava,tablet
INT-001106,CMP-074,search,2024-04-24,2024-05-15,2024-05-04,15.11,5,1,0,0.0,C00784,49,New,Western Slovakia,mobile
INT-001107,CMP-074,search,2024-04-24,2024-05-15,2024-05-04,9.07,3,0,0,0.0,C02077,38,New,Western Slovakia,tablet
INT-001108,CMP-074,search,2024-04-24,2024-05-15,2024-05-04,12.09,4,0,0,0.0,C01328,19,New,Central Slovakia,tablet
INT-001109,CMP-074,search,2024-04-24,2024-05-15,2024-05-04,9.07,3,0,0,0.0,C00765,42,New,Western Slovakia,desktop
INT-001110,CMP-074,search,2024-04-24,2024-05-15,2024-05-05,30.23,10,0,0,0.0,C02107,55,At-Risk,Eastern Slovakia,mobile
INT-001111,CMP-074,search,2024-04-24,2024-05-15,2024-05-05,21.16,7,0,0,0.0,C00430,43,Regular,Western Slovakia,tablet
INT-001112,CMP-074,search,2024-04-24,2024-05-15,2024-05-05,21.16,7,0,0,0.0,C00719,34,Regular,Bratislava,desktop
INT-001113,CMP-074,search,2024-04-24,2024-05-15,2024-05-06,18.14,6,1,0,0.0,C00243,18,New,Eastern Slovakia,mobile
INT-001114,CMP-074,search,2024-04-24,2024-05-15,2024-05-06,15.11,5,2,1,210.24,C00582,24,Regular,Eastern Slovakia,mobile
INT-001115,CMP-074,search,2024-04-24,2024-05-15,2024-05-06,24.18,8,1,1,380.29,C01765,25,Regular,Bratislava,mobile
INT-001116,CMP-074,search,2024-04-24,2024-05-15,2024-05-07,12.09,4,1,0,0.0,C01659,47,Regular,Western Slovakia,mobile
INT-001117,CMP-074,search,2024-04-24,2024-05-15,2024-05-08,27.2,9,0,0,0.0,C01100,53,Regular,Western Slovakia,desktop
INT-001118,CMP-074,search,2024-04-24,2024-05-15,2024-05-09,9.07,3,1,0,0.0,C00979,21,Regular,Czech Republic,mobile
INT-001119,CMP-074,search,2024-04-24,2024-05-15,2024-05-09,15.11,5,1,1,205.03,C01213,36,New,Central Slovakia,mobile
INT-001120,CMP-074,search,2024-04-24,2024-05-15,2024-05-09,18.14,6,0,0,0.0,C00297,42,At-Risk,Western Slovakia,desktop
INT-001121,CMP-074,search,2024-04-24,2024-05-15,2024-05-09,12.09,4,0,0,0.0,C00285,25,At-Risk,Czech Republic,desktop
INT-001122,CMP-074,search,2024-04-24,2024-05-15,2024-05-09,24.18,8,3,0,0.0,C00385,19,Regular,Western Slovakia,mobile
INT-001123,CMP-074,search,2024-04-24,2024-05-15,2024-05-10,12.09,4,0,0,0.0,C01633,40,Loyal,Central Slovakia,mobile
INT-001124,CMP-074,search,2024-04-24,2024-05-15,2024-05-10,18.14,6,2,0,0.0,C02179,45,New,Bratislava,mobile
INT-001125,CMP-074,search,2024-04-24,2024-05-15,2024-05-10,18.14,6,1,0,0.0,C01720,22,New,Central Slovakia,mobile
INT-001126,CMP-074,search,2024-04-24,2024-05-15,2024-05-10,12.09,4,1,0,0.0,C00351,42,Regular,Western Slovakia,desktop
INT-001127,CMP-074,search,2024-04-24,2024-05-15,2024-05-10,6.05,2,0,0,0.0,C00875,18,New,Bratislava,mobile
INT-001128,CMP-074,search,2024-04-24,2024-05-15,2024-05-10,21.16,7,0,0,0.0,C00629,26,Regular,Western Slovakia,desktop
INT-001129,CMP-074,search,2024-04-24,2024-05-15,2024-05-11,24.18,8,1,1,213.6,C01202,32,Regular,Western Slovakia,desktop
INT-001130,CMP-074,search,2024-04-24,2024-05-15,2024-05-12,18.14,6,0,0,0.0,C02154,25,New,Bratislava,desktop
INT-001131,CMP-074,search,2024-04-24,2024-05-15,2024-05-12,15.11,5,1,0,0.0,C01705,41,New,Western Slovakia,desktop
INT-001132,CMP-074,search,2024-04-24,2024-05-15,2024-05-12,12.09,4,0,0,0.0,C01634,38,Regular,Bratislava,desktop
INT-001133,CMP-074,search,2024-04-24,2024-05-15,2024-05-13,15.11,5,0,0,0.0,C01138,38,At-Risk,Bratislava,desktop
INT-001134,CMP-074,search,2024-04-24,2024-05-15,2024-05-13,15.11,5,0,0,0.0,C02061,21,Regular,Eastern Slovakia,desktop
INT-001135,CMP-074,search,2024-04-24,2024-05-15,2024-05-13,18.14,6,1,0,0.0,C01379,41,Regular,Central Slovakia,tablet
INT-001136,CMP-074,search,2024-04-24,2024-05-15,2024-05-14,12.09,4,1,0,0.0,C01602,52,New,Central Slovakia,desktop
INT-001137,CMP-074,search,2024-04-24,2024-05-15,2024-05-14,6.05,2,0,0,0.0,C01990,22,Regular,Central Slovakia,mobile
INT-001138,CMP-074,search,2024-04-24,2024-05-15,2024-05-14,15.11,5,0,0,0.0,C01845,22,New,Bratislava,desktop
INT-001139,CMP-021,search,2024-05-03,2024-05-25,2024-05-03,5.32,2,0,0,0.0,C02120,47,Regular,Eastern Slovakia,mobile
INT-001140,CMP-021,search,2024-05-03,2024-05-25,2024-05-04,7.98,3,1,0,0.0,C01439,23,Regular,Eastern Slovakia,mobile
INT-001141,CMP-021,search,2024-05-03,2024-05-25,2024-05-04,10.64,4,1,0,0.0,C00361,36,At-Risk,Western Slovakia,mobile
INT-001142,CMP-021,search,2024-05-03,2024-05-25,2024-05-07,18.62,7,2,0,0.0,C02174,23,New,Western Slovakia,desktop
INT-001143,CMP-021,search,2024-05-03,2024-05-25,2024-05-07,13.3,5,1,0,0.0,C01446,41,Regular,Eastern Slovakia,desktop
INT-001144,CMP-021,search,2024-05-03,2024-05-25,2024-05-08,18.62,7,1,1,214.54,C01290,48,Regular,Western Slovakia,desktop
INT-001145,CMP-021,search,2024-05-03,2024-05-25,2024-05-09,18.62,7,0,0,0.0,C01147,44,New,Czech Republic,mobile
INT-001146,CMP-021,search,2024-05-03,2024-05-25,2024-05-09,29.26,11,0,0,0.0,C01759,26,New,Bratislava,desktop
INT-001147,CMP-021,search,2024-05-03,2024-05-25,2024-05-10,13.3,5,0,0,0.0,C01277,31,New,Central Slovakia,mobile
INT-001148,CMP-021,search,2024-05-03,2024-05-25,2024-05-10,7.98,3,0,0,0.0,C01405,31,Regular,Bratislava,desktop
INT-001149,CMP-021,search,2024-05-03,2024-05-25,2024-05-11,7.98,3,0,0,0.0,C01350,37,Regular,Western Slovakia,tablet
INT-001150,CMP-021,search,2024-05-03,2024-05-25,2024-05-11,13.3,5,1,0,0.0,C01520,18,Regular,Eastern Slovakia,mobile
INT-001151,CMP-021,search,2024-05-03,2024-05-25,2024-05-13,13.3,5,0,0,0.0,C00115,39,Regular,Bratislava,mobile
INT-001152,CMP-021,search,2024-05-03,2024-05-25,2024-05-17,18.62,7,1,0,0.0,C01450,31,Regular,Bratislava,tablet
INT-001153,CMP-021,search,2024-05-03,2024-05-25,2024-05-17,7.98,3,1,1,275.96,C01254,42,Regular,Eastern Slovakia,desktop
INT-001154,CMP-021,search,2024-05-03,2024-05-25,2024-05-19,5.32,2,0,0,0.0,C00486,36,Regular,Bratislava,desktop
INT-001155,CMP-021,search,2024-05-03,2024-05-25,2024-05-21,13.3,5,1,0,0.0,C00356,41,New,Eastern Slovakia,mobile
INT-001156,CMP-021,search,2024-05-03,2024-05-25,2024-05-22,15.96,6,0,0,0.0,C01276,38,Regular,Eastern Slovakia,mobile
INT-001157,CMP-021,search,2024-05-03,2024-05-25,2024-05-23,10.64,4,0,0,0.0,C00484,45,Regular,Bratislava,mobile
INT-001158,CMP-072,search,2024-05-13,2024-05-31,2024-05-13,7.59,4,0,0,0.0,C01469,21,At-Risk,Eastern Slovakia,mobile
INT-001159,CMP-072,search,2024-05-13,2024-05-31,2024-05-13,5.69,3,0,0,0.0,C01848,25,Regular,Central Slovakia,desktop
INT-001160,CMP-072,search,2024-05-13,2024-05-31,2024-05-13,7.59,4,0,0,0.0,C01450,31,Regular,Bratislava,mobile
INT-001161,CMP-072,search,2024-05-13,2024-05-31,2024-05-14,9.48,5,2,2,469.15,C01258,38,Loyal,Eastern Slovakia,desktop
INT-001162,CMP-072,search,2024-05-13,2024-05-31,2024-05-15,11.38,6,1,1,336.36,C00266,50,Loyal,Bratislava,mobile
INT-001163,CMP-072,search,2024-05-13,2024-05-31,2024-05-15,3.79,2,0,0,0.0,C00938,37,Loyal,Bratislava,tablet
INT-001164,CMP-072,search,2024-05-13,2024-05-31,2024-05-15,9.48,5,1,1,203.02,C00998,39,Loyal,Western Slovakia,desktop
INT-001165,CMP-072,search,2024-05-13,2024-05-31,2024-05-15,3.79,2,0,0,0.0,C00889,18,Loyal,Eastern Slovakia,mobile
INT-001166,CMP-072,search,2024-05-13,2024-05-31,2024-05-15,3.79,2,1,0,0.0,C00231,20,Regular,Czech Republic,mobile
INT-001167,CMP-072,search,2024-05-13,2024-05-31,2024-05-16,7.59,4,0,0,0.0,C00440,43,Regular,Czech Republic,mobile
INT-001168,CMP-072,search,2024-05-13,2024-05-31,2024-05-17,5.69,3,0,0,0.0,C01261,50,At-Risk,Eastern Slovakia,mobile
INT-001169,CMP-072,search,2024-05-13,2024-05-31,2024-05-17,5.69,3,0,0,0.0,C00549,46,Regular,Western Slovakia,desktop
INT-001170,CMP-072,search,2024-05-13,2024-05-31,2024-05-18,9.48,5,1,1,339.28,C01806,18,Loyal,Czech Republic,mobile
INT-001171,CMP-072,search,2024-05-13,2024-05-31,2024-05-18,5.69,3,1,0,0.0,C01406,46,New,Eastern Slovakia,desktop
INT-001172,CMP-072,search,2024-05-13,2024-05-31,2024-05-18,5.69,3,0,0,0.0,C00778,43,Loyal,Bratislava,mobile
INT-001173,CMP-072,search,2024-05-13,2024-05-31,2024-05-19,7.59,4,1,1,295.54,C00397,47,Loyal,Bratislava,mobile
INT-001174,CMP-072,search,2024-05-13,2024-05-31,2024-05-19,7.59,4,1,0,0.0,C01765,25,Regular,Bratislava,mobile
INT-001175,CMP-072,search,2024-05-13,2024-05-31,2024-05-19,3.79,2,0,0,0.0,C00220,30,Regular,Bratislava,mobile
INT-001176,CMP-072,search,2024-05-13,2024-05-31,2024-05-19,1.9,1,0,0,0.0,C00221,35,Regular,Bratislava,tablet
INT-001177,CMP-072,search,2024-05-13,2024-05-31,2024-05-20,5.69,3,1,0,0.0,C00770,58,New,Bratislava,mobile
INT-001178,CMP-072,search,2024-05-13,2024-05-31,2024-05-20,5.69,3,0,0,0.0,C00836,27,Regular,Bratislava,desktop
INT-001179,CMP-072,search,2024-05-13,2024-05-31,2024-05-20,1.9,1,0,0,0.0,C01596,43,Regular,Western Slovakia,mobile
INT-001180,CMP-072,search,2024-05-13,2024-05-31,2024-05-20,11.38,6,3,2,378.37,C01202,32,Regular,Western Slovakia,desktop
INT-001181,CMP-072,search,2024-05-13,2024-05-31,2024-05-20,5.69,3,0,0,0.0,C00247,25,Regular,Western Slovakia,tablet
INT-001182,CMP-072,search,2024-05-13,2024-05-31,2024-05-20,3.79,2,0,0,0.0,C01952,41,Loyal,Bratislava,mobile
INT-001183,CMP-072,search,2024-05-13,2024-05-31,2024-05-20,11.38,6,0,0,0.0,C01038,31,Regular,Bratislava,desktop
INT-001184,CMP-072,search,2024-05-13,2024-05-31,2024-05-21,1.9,1,0,0,0.0,C01634,38,Regular,Bratislava,mobile
INT-001185,CMP-072,search,2024-05-13,2024-05-31,2024-05-22,9.48,5,1,0,0.0,C01947,29,New,Eastern Slovakia,mobile
INT-001186,CMP-072,search,2024-05-13,2024-05-31,2024-05-22,5.69,3,2,0,0.0,C00413,30,Regular,Bratislava,mobile
INT-001187,CMP-072,search,2024-05-13,2024-05-31,2024-05-22,5.69,3,2,1,159.94,C02036,47,New,Eastern Slovakia,mobile
INT-001188,CMP-072,search,2024-05-13,2024-05-31,2024-05-22,5.69,3,0,0,0.0,C01393,31,Loyal,Bratislava,desktop
INT-001189,CMP-072,search,2024-05-13,2024-05-31,2024-05-23,3.79,2,0,0,0.0,C00726,56,Loyal,Bratislava,mobile
INT-001190,CMP-072,search,2024-05-13,2024-05-31,2024-05-23,5.69,3,0,0,0.0,C00957,32,New,Western Slovakia,desktop
INT-001191,CMP-072,search,2024-05-13,2024-05-31,2024-05-23,5.69,3,0,0,0.0,C01863,55,Loyal,Czech Republic,mobile
INT-001192,CMP-072,search,2024-05-13,2024-05-31,2024-05-23,1.9,1,1,1,352.92,C01233,24,Loyal,Bratislava,mobile
INT-001193,CMP-072,search,2024-05-13,2024-05-31,2024-05-25,5.69,3,0,0,0.0,C00238,36,Loyal,Western Slovakia,mobile
INT-001194,CMP-072,search,2024-05-13,2024-05-31,2024-05-26,1.9,1,0,0,0.0,C00964,37,Regular,Bratislava,mobile
INT-001195,CMP-072,search,2024-05-13,2024-05-31,2024-05-26,11.38,6,0,0,0.0,C00190,58,Loyal,Bratislava,desktop
INT-001196,CMP-072,search,2024-05-13,2024-05-31,2024-05-26,3.79,2,0,0,0.0,C01358,32,New,Eastern Slovakia,desktop
INT-001197,CMP-072,search,2024-05-13,2024-05-31,2024-05-26,9.48,5,2,0,0.0,C01605,34,Regular,Bratislava,desktop
INT-001198,CMP-072,search,2024-05-13,2024-05-31,2024-05-27,7.59,4,0,0,0.0,C00635,34,Regular,Czech Republic,tablet
INT-001199,CMP-072,search,2024-05-13,2024-05-31,2024-05-27,5.69,3,0,0,0.0,C01493,31,Loyal,Bratislava,mobile
INT-001200,CMP-072,search,2024-05-13,2024-05-31,2024-05-27,5.69,3,1,0,0.0,C01420,38,Regular,Bratislava,desktop
INT-001201,CMP-072,search,2024-05-13,2024-05-31,2024-05-28,3.79,2,0,0,0.0,C01392,56,New,Western Slovakia,mobile
INT-001202,CMP-072,search,2024-05-13,2024-05-31,2024-05-28,3.79,2,1,0,0.0,C01608,40,Regular,Central Slovakia,mobile
INT-001203,CMP-072,search,2024-05-13,2024-05-31,2024-05-28,11.38,6,3,1,146.97,C00037,37,At-Risk,Eastern Slovakia,desktop
INT-001204,CMP-072,search,2024-05-13,2024-05-31,2024-05-29,7.59,4,0,0,0.0,C00537,32,Loyal,Central Slovakia,mobile
INT-001205,CMP-072,search,2024-05-13,2024-05-31,2024-05-29,9.48,5,0,0,0.0,C00627,33,New,Western Slovakia,mobile
INT-001206,CMP-072,search,2024-05-13,2024-05-31,2024-05-29,9.48,5,0,0,0.0,C00419,37,Regular,Western Slovakia,mobile
INT-001207,CMP-072,search,2024-05-13,2024-05-31,2024-05-29,1.9,1,0,0,0.0,C00758,48,New,Czech Republic,desktop
INT-001208,CMP-072,search,2024-05-13,2024-05-31,2024-05-30,3.79,2,0,0,0.0,C00800,38,New,Eastern Slovakia,mobile
INT-001209,CMP-072,search,2024-05-13,2024-05-31,2024-05-30,9.48,5,1,0,0.0,C01359,33,New,Bratislava,desktop
INT-001210,CMP-072,search,2024-05-13,2024-05-31,2024-05-30,1.9,1,0,0,0.0,C01526,51,Regular,Bratislava,mobile
INT-001211,CMP-072,search,2024-05-13,2024-05-31,2024-05-30,1.9,1,0,0,0.0,C00649,40,Regular,Eastern Slovakia,desktop
INT-001212,CMP-040,search,2024-05-14,2024-06-03,2024-05-14,16.94,6,0,0,0.0,C00002,26,Loyal,Czech Republic,tablet
INT-001213,CMP-040,search,2024-05-14,2024-06-03,2024-05-14,8.47,3,1,0,0.0,C00993,60,At-Risk,Eastern Slovakia,mobile
INT-001214,CMP-040,search,2024-05-14,2024-06-03,2024-05-14,22.59,8,1,0,0.0,C01437,33,Regular,Bratislava,tablet
INT-001215,CMP-040,search,2024-05-14,2024-06-03,2024-05-15,25.42,9,1,0,0.0,C01380,56,New,Eastern Slovakia,mobile
INT-001216,CMP-040,search,2024-05-14,2024-06-03,2024-05-15,28.24,10,3,0,0.0,C01829,27,New,Eastern Slovakia,mobile
INT-001217,CMP-040,search,2024-05-14,2024-06-03,2024-05-17,11.3,4,0,0,0.0,C01706,61,Regular,Bratislava,mobile
INT-001218,CMP-040,search,2024-05-14,2024-06-03,2024-05-17,19.77,7,0,0,0.0,C00681,48,Regular,Bratislava,mobile
INT-001219,CMP-040,search,2024-05-14,2024-06-03,2024-05-18,11.3,4,0,0,0.0,C00547,40,Regular,Bratislava,mobile
INT-001220,CMP-040,search,2024-05-14,2024-06-03,2024-05-18,16.94,6,3,0,0.0,C01133,30,At-Risk,Western Slovakia,mobile
INT-001221,CMP-040,search,2024-05-14,2024-06-03,2024-05-18,14.12,5,0,0,0.0,C00674,22,Regular,Central Slovakia,tablet
INT-001222,CMP-040,search,2024-05-14,2024-06-03,2024-05-18,8.47,3,0,0,0.0,C02155,41,Regular,Eastern Slovakia,desktop
INT-001223,CMP-040,search,2024-05-14,2024-06-03,2024-05-19,19.77,7,0,0,0.0,C01041,27,Regular,Western Slovakia,desktop
INT-001224,CMP-040,search,2024-05-14,2024-06-03,2024-05-19,11.3,4,1,1,311.89,C00677,67,Loyal,Western Slovakia,tablet
INT-001225,CMP-040,search,2024-05-14,2024-06-03,2024-05-20,11.3,4,1,0,0.0,C01047,32,Loyal,Czech Republic,mobile
INT-001226,CMP-040,search,2024-05-14,2024-06-03,2024-05-20,11.3,4,0,0,0.0,C00963,26,Loyal,Western Slovakia,desktop
INT-001227,CMP-040,search,2024-05-14,2024-06-03,2024-05-20,11.3,4,0,0,0.0,C00174,23,New,Eastern Slovakia,mobile
INT-001228,CMP-040,search,2024-05-14,2024-06-03,2024-05-20,11.3,4,0,0,0.0,C01938,24,New,Bratislava,mobile
INT-001229,CMP-040,search,2024-05-14,2024-06-03,2024-05-20,14.12,5,0,0,0.0,C02125,38,Regular,Western Slovakia,mobile
INT-001230,CMP-040,search,2024-05-14,2024-06-03,2024-05-20,8.47,3,0,0,0.0,C00550,46,Loyal,Central Slovakia,desktop
INT-001231,CMP-040,search,2024-05-14,2024-06-03,2024-05-20,19.77,7,1,0,0.0,C00669,32,New,Bratislava,mobile
INT-001232,CMP-040,search,2024-05-14,2024-06-03,2024-05-21,16.94,6,1,0,0.0,C01179,42,At-Risk,Bratislava,desktop
INT-001233,CMP-040,search,2024-05-14,2024-06-03,2024-05-22,14.12,5,0,0,0.0,C01534,24,New,Western Slovakia,mobile
INT-001234,CMP-040,search,2024-05-14,2024-06-03,2024-05-22,14.12,5,0,0,0.0,C00140,73,New,Eastern Slovakia,desktop
INT-001235,CMP-040,search,2024-05-14,2024-06-03,2024-05-22,19.77,7,1,0,0.0,C00149,51,New,Western Slovakia,mobile
INT-001236,CMP-040,search,2024-05-14,2024-06-03,2024-05-23,11.3,4,0,0,0.0,C02077,38,New,Western Slovakia,tablet
INT-001237,CMP-040,search,2024-05-14,2024-06-03,2024-05-23,11.3,4,1,0,0.0,C00578,53,New,Western Slovakia,mobile
INT-001238,CMP-040,search,2024-05-14,2024-06-03,2024-05-24,11.3,4,0,0,0.0,C02049,39,Regular,Western Slovakia,desktop
INT-001239,CMP-040,search,2024-05-14,2024-06-03,2024-05-24,19.77,7,0,0,0.0,C00830,18,New,Eastern Slovakia,desktop
INT-001240,CMP-040,search,2024-05-14,2024-06-03,2024-05-25,11.3,4,0,0,0.0,C02090,44,Loyal,Eastern Slovakia,desktop
INT-001241,CMP-040,search,2024-05-14,2024-06-03,2024-05-26,22.59,8,5,1,170.41,C00115,39,Regular,Bratislava,mobile
INT-001242,CMP-040,search,2024-05-14,2024-06-03,2024-05-27,16.94,6,2,1,285.56,C01909,32,Regular,Western Slovakia,tablet
INT-001243,CMP-040,search,2024-05-14,2024-06-03,2024-05-28,16.94,6,0,0,0.0,C00950,18,At-Risk,Bratislava,desktop
INT-001244,CMP-040,search,2024-05-14,2024-06-03,2024-05-28,14.12,5,1,0,0.0,C00434,18,Regular,Western Slovakia,mobile
INT-001245,CMP-040,search,2024-05-14,2024-06-03,2024-05-28,19.77,7,0,0,0.0,C02122,39,New,Central Slovakia,tablet
INT-001246,CMP-040,search,2024-05-14,2024-06-03,2024-05-28,8.47,3,0,0,0.0,C00865,30,Regular,Western Slovakia,desktop
INT-001247,CMP-040,search,2024-05-14,2024-06-03,2024-05-29,14.12,5,0,0,0.0,C00190,58,Loyal,Bratislava,desktop
INT-001248,CMP-040,search,2024-05-14,2024-06-03,2024-05-29,11.3,4,0,0,0.0,C00369,40,Loyal,Central Slovakia,mobile
INT-001249,CMP-040,search,2024-05-14,2024-06-03,2024-06-02,14.12,5,0,0,0.0,C02006,51,New,Eastern Slovakia,mobile
INT-001250,CMP-040,search,2024-05-14,2024-06-03,2024-06-02,28.24,10,2,0,0.0,C00833,24,Regular,Czech Republic,mobile
INT-001251,CMP-040,search,2024-05-14,2024-06-03,2024-06-02,11.3,4,1,0,0.0,C01120,26,Regular,Eastern Slovakia,desktop
INT-001252,CMP-051,search,2024-05-14,2024-06-01,2024-05-14,7.12,3,0,0,0.0,C01931,18,Loyal,Central Slovakia,desktop
INT-001253,CMP-051,search,2024-05-14,2024-06-01,2024-05-14,7.12,3,0,0,0.0,C00972,37,Loyal,Western Slovakia,desktop
INT-001254,CMP-051,search,2024-05-14,2024-06-01,2024-05-14,14.24,6,1,0,0.0,C00323,52,Loyal,Bratislava,mobile
INT-001255,CMP-051,search,2024-05-14,2024-06-01,2024-05-15,16.62,7,2,0,0.0,C00918,44,New,Eastern Slovakia,desktop
INT-001256,CMP-051,search,2024-05-14,2024-06-01,2024-05-16,11.87,5,1,1,160.26,C00123,41,Regular,Bratislava,mobile
INT-001257,CMP-051,search,2024-05-14,2024-06-01,2024-05-16,7.12,3,0,0,0.0,C00133,46,New,Eastern Slovakia,desktop
INT-001258,CMP-051,search,2024-05-14,2024-06-01,2024-05-16,7.12,3,0,0,0.0,C01631,23,Loyal,Bratislava,mobile
INT-001259,CMP-051,search,2024-05-14,2024-06-01,2024-05-17,4.75,2,0,0,0.0,C01127,59,New,Czech Republic,mobile
INT-001260,CMP-051,search,2024-05-14,2024-06-01,2024-05-17,11.87,5,1,1,261.11,C01134,55,Regular,Central Slovakia,mobile
INT-001261,CMP-051,search,2024-05-14,2024-06-01,2024-05-17,7.12,3,1,0,0.0,C02071,34,Loyal,Czech Republic,mobile
INT-001262,CMP-051,search,2024-05-14,2024-06-01,2024-05-19,9.49,4,1,0,0.0,C01959,35,Regular,Central Slovakia,mobile
INT-001263,CMP-051,search,2024-05-14,2024-06-01,2024-05-20,9.49,4,1,0,0.0,C01041,27,Regular,Western Slovakia,mobile
INT-001264,CMP-051,search,2024-05-14,2024-06-01,2024-05-20,11.87,5,2,0,0.0,C01505,35,Regular,Western Slovakia,desktop
INT-001265,CMP-051,search,2024-05-14,2024-06-01,2024-05-21,9.49,4,0,0,0.0,C00605,30,Loyal,Eastern Slovakia,mobile
INT-001266,CMP-051,search,2024-05-14,2024-06-01,2024-05-21,7.12,3,1,1,252.76,C01970,48,Loyal,Central Slovakia,desktop
INT-001267,CMP-051,search,2024-05-14,2024-06-01,2024-05-21,4.75,2,1,0,0.0,C00232,31,New,Bratislava,desktop
INT-001268,CMP-051,search,2024-05-14,2024-06-01,2024-05-21,11.87,5,1,1,308.88,C00771,59,Regular,Bratislava,mobile
INT-001269,CMP-051,search,2024-05-14,2024-06-01,2024-05-22,4.75,2,0,0,0.0,C00158,50,New,Bratislava,tablet
INT-001270,CMP-051,search,2024-05-14,2024-06-01,2024-05-22,11.87,5,0,0,0.0,C01612,35,New,Western Slovakia,mobile
INT-001271,CMP-051,search,2024-05-14,2024-06-01,2024-05-22,9.49,4,1,1,143.63,C00902,39,Regular,Eastern Slovakia,desktop
INT-001272,CMP-051,search,2024-05-14,2024-06-01,2024-05-23,7.12,3,0,0,0.0,C01496,25,Loyal,Bratislava,desktop
INT-001273,CMP-051,search,2024-05-14,2024-06-01,2024-05-23,14.24,6,2,1,298.74,C00576,21,Loyal,Central Slovakia,mobile
INT-001274,CMP-051,search,2024-05-14,2024-06-01,2024-05-23,11.87,5,0,0,0.0,C01928,26,At-Risk,Eastern Slovakia,mobile
INT-001275,CMP-051,search,2024-05-14,2024-06-01,2024-05-23,14.24,6,0,0,0.0,C00872,26,Regular,Central Slovakia,mobile
INT-001276,CMP-051,search,2024-05-14,2024-06-01,2024-05-23,4.75,2,1,0,0.0,C00767,39,At-Risk,Western Slovakia,mobile
INT-001277,CMP-051,search,2024-05-14,2024-06-01,2024-05-24,9.49,4,1,1,225.15,C01329,37,Loyal,Eastern Slovakia,desktop
INT-001278,CMP-051,search,2024-05-14,2024-06-01,2024-05-24,7.12,3,1,0,0.0,C01184,46,New,Bratislava,mobile
INT-001279,CMP-051,search,2024-05-14,2024-06-01,2024-05-24,11.87,5,1,0,0.0,C01642,44,Regular,Bratislava,mobile
INT-001280,CMP-051,search,2024-05-14,2024-06-01,2024-05-25,2.37,1,0,0,0.0,C01561,33,Regular,Eastern Slovakia,mobile
INT-001281,CMP-051,search,2024-05-14,2024-06-01,2024-05-25,7.12,3,0,0,0.0,C01682,26,Regular,Central Slovakia,desktop
INT-001282,CMP-051,search,2024-05-14,2024-06-01,2024-05-25,18.99,8,0,0,0.0,C00402,40,Regular,Eastern Slovakia,mobile
INT-001283,CMP-051,search,2024-05-14,2024-06-01,2024-05-25,2.37,1,0,0,0.0,C01398,36,Regular,Bratislava,tablet
INT-001284,CMP-051,search,2024-05-14,2024-06-01,2024-05-26,2.37,1,0,0,0.0,C01598,41,Loyal,Bratislava,mobile
INT-001285,CMP-051,search,2024-05-14,2024-06-01,2024-05-26,18.99,8,1,1,134.64,C00436,31,Loyal,Eastern Slovakia,desktop
INT-001286,CMP-051,search,2024-05-14,2024-06-01,2024-05-26,7.12,3,1,0,0.0,C00739,19,New,Eastern Slovakia,mobile
INT-001287,CMP-051,search,2024-05-14,2024-06-01,2024-05-27,4.75,2,0,0,0.0,C00784,49,New,Western Slovakia,mobile
INT-001288,CMP-051,search,2024-05-14,2024-06-01,2024-05-27,11.87,5,0,0,0.0,C01157,38,Regular,Bratislava,desktop
INT-001289,CMP-051,search,2024-05-14,2024-06-01,2024-05-27,4.75,2,0,0,0.0,C01688,41,Regular,Bratislava,mobile
INT-001290,CMP-051,search,2024-05-14,2024-06-01,2024-05-28,9.49,4,0,0,0.0,C00787,39,Regular,Bratislava,mobile
INT-001291,CMP-051,search,2024-05-14,2024-06-01,2024-05-28,7.12,3,1,0,0.0,C00743,26,Regular,Bratislava,mobile
INT-001292,CMP-051,search,2024-05-14,2024-06-01,2024-05-28,9.49,4,1,1,308.81,C00678,43,Regular,Bratislava,mobile
INT-001293,CMP-051,search,2024-05-14,2024-06-01,2024-05-28,4.75,2,1,0,0.0,C01772,39,New,Bratislava,desktop
INT-001294,CMP-051,search,2024-05-14,2024-06-01,2024-05-28,14.24,6,2,2,646.68,C00020,37,Loyal,Bratislava,desktop
INT-001295,CMP-051,search,2024-05-14,2024-06-01,2024-05-29,9.49,4,1,1,225.03,C00693,49,Loyal,Western Slovakia,desktop
INT-001296,CMP-051,search,2024-05-14,2024-06-01,2024-05-29,7.12,3,0,0,0.0,C01714,37,New,Central Slovakia,mobile
INT-001297,CMP-051,search,2024-05-14,2024-06-01,2024-05-29,9.49,4,1,0,0.0,C00624,31,New,Western Slovakia,mobile
INT-001298,CMP-051,search,2024-05-14,2024-06-01,2024-05-30,14.24,6,0,0,0.0,C01676,19,Regular,Western Slovakia,mobile
INT-001299,CMP-051,search,2024-05-14,2024-06-01,2024-05-30,4.75,2,0,0,0.0,C00710,46,At-Risk,Western Slovakia,mobile
INT-001300,CMP-051,search,2024-05-14,2024-06-01,2024-05-30,9.49,4,2,0,0.0,C01288,38,Regular,Central Slovakia,mobile
INT-001301,CMP-051,search,2024-05-14,2024-06-01,2024-05-30,9.49,4,0,0,0.0,C00922,28,Regular,Czech Republic,tablet
INT-001302,CMP-051,search,2024-05-14,2024-06-01,2024-05-31,7.12,3,0,0,0.0,C01524,36,Loyal,Czech Republic,mobile
INT-001303,CMP-051,search,2024-05-14,2024-06-01,2024-05-31,7.12,3,0,0,0.0,C01833,25,Loyal,Western Slovakia,desktop
INT-001304,CMP-009,display,2024-05-18,2024-06-01,2024-05-18,5.34,14,0,0,0.0,C02109,28,Regular,Eastern Slovakia,mobile
INT-001305,CMP-009,display,2024-05-18,2024-06-01,2024-05-18,4.57,12,2,0,0.0,C00648,18,New,Central Slovakia,mobile
INT-001306,CMP-009,display,2024-05-18,2024-06-01,2024-05-21,4.19,11,1,1,161.78,C02095,39,Loyal,Bratislava,mobile
INT-001307,CMP-009,display,2024-05-18,2024-06-01,2024-05-22,6.86,18,0,0,0.0,C00527,55,Regular,Western Slovakia,mobile
INT-001308,CMP-009,display,2024-05-18,2024-06-01,2024-05-22,4.57,12,0,0,0.0,C01766,36,Regular,Bratislava,desktop
INT-001309,CMP-009,display,2024-05-18,2024-06-01,2024-05-22,3.81,10,0,0,0.0,C00098,26,Loyal,Bratislava,mobile
INT-001310,CMP-009,display,2024-05-18,2024-06-01,2024-05-22,3.81,10,1,0,0.0,C02190,45,Regular,Western Slovakia,desktop
INT-001311,CMP-009,display,2024-05-18,2024-06-01,2024-05-23,3.81,10,0,0,0.0,C00306,25,Loyal,Central Slovakia,mobile
INT-001312,CMP-009,display,2024-05-18,2024-06-01,2024-05-23,3.81,10,1,0,0.0,C00560,27,New,Western Slovakia,tablet
INT-001313,CMP-009,display,2024-05-18,2024-06-01,2024-05-23,4.57,12,0,0,0.0,C01643,18,Regular,Central Slovakia,desktop
INT-001314,CMP-009,display,2024-05-18,2024-06-01,2024-05-24,4.19,11,0,0,0.0,C00854,38,Loyal,Western Slovakia,mobile
INT-001315,CMP-009,display,2024-05-18,2024-06-01,2024-05-24,5.34,14,1,0,0.0,C02123,28,Regular,Central Slovakia,desktop
INT-001316,CMP-009,display,2024-05-18,2024-06-01,2024-05-25,4.57,12,0,0,0.0,C01983,38,Loyal,Bratislava,mobile
INT-001317,CMP-009,display,2024-05-18,2024-06-01,2024-05-25,5.34,14,0,0,0.0,C00106,36,Loyal,Eastern Slovakia,mobile
INT-001318,CMP-009,display,2024-05-18,2024-06-01,2024-05-25,3.43,9,0,0,0.0,C00818,41,New,Eastern Slovakia,mobile
INT-001319,CMP-009,display,2024-05-18,2024-06-01,2024-05-25,3.43,9,1,0,0.0,C01574,38,New,Eastern Slovakia,tablet
INT-001320,CMP-009,display,2024-05-18,2024-06-01,2024-05-26,3.43,9,1,0,0.0,C00770,58,New,Bratislava,desktop
INT-001321,CMP-009,display,2024-05-18,2024-06-01,2024-05-26,5.34,14,0,0,0.0,C01527,52,Loyal,Eastern Slovakia,mobile
INT-001322,CMP-009,display,2024-05-18,2024-06-01,2024-05-27,6.48,17,0,0,0.0,C00010,28,Regular,Eastern Slovakia,mobile
INT-001323,CMP-009,display,2024-05-18,2024-06-01,2024-05-28,5.34,14,0,0,0.0,C01150,50,Regular,Western Slovakia,mobile
INT-001324,CMP-009,display,2024-05-18,2024-06-01,2024-05-28,3.81,10,0,0,0.0,C00677,67,Loyal,Western Slovakia,tablet
INT-001325,CMP-009,display,2024-05-18,2024-06-01,2024-05-28,4.19,11,0,0,0.0,C02139,42,Loyal,Eastern Slovakia,mobile
INT-001326,CMP-009,display,2024-05-18,2024-06-01,2024-05-29,7.62,20,0,0,0.0,C00490,46,Regular,Bratislava,mobile
INT-001327,CMP-009,display,2024-05-18,2024-06-01,2024-05-30,2.67,7,0,0,0.0,C01212,32,Loyal,Bratislava,mobile
INT-001328,CMP-009,display,2024-05-18,2024-06-01,2024-05-30,5.34,14,0,0,0.0,C01187,34,Regular,Bratislava,mobile
INT-001329,CMP-009,display,2024-05-18,2024-06-01,2024-05-31,3.43,9,0,0,0.0,C02170,31,Regular,Bratislava,mobile
INT-001330,CMP-009,display,2024-05-18,2024-06-01,2024-05-31,4.96,13,1,0,0.0,C01139,37,Regular,Western Slovakia,mobile
INT-001331,CMP-009,display,2024-05-18,2024-06-01,2024-05-31,5.72,15,1,1,107.65,C02127,64,Loyal,Western Slovakia,mobile
INT-001332,CMP-018,tv,2024-06-04,2024-07-17,2024-06-04,9.41,8,0,0,0.0,C01918,50,Regular,Bratislava,mobile
INT-001333,CMP-018,tv,2024-06-04,2024-07-17,2024-06-04,4.71,4,0,0,0.0,C00519,49,Loyal,Bratislava,mobile
INT-001334,CMP-018,tv,2024-06-04,2024-07-17,2024-06-04,8.24,7,0,0,0.0,C01592,21,Regular,Bratislava,tablet
INT-001335,CMP-018,tv,2024-06-04,2024-07-17,2024-06-05,7.06,6,0,0,0.0,C00717,19,Regular,Western Slovakia,mobile
INT-001336,CMP-018,tv,2024-06-04,2024-07-17,2024-06-07,10.59,9,0,0,0.0,C00554,62,Regular,Bratislava,tablet
INT-001337,CMP-018,tv,2024-06-04,2024-07-17,2024-06-07,8.24,7,0,0,0.0,C00070,36,At-Risk,Bratislava,mobile
INT-001338,CMP-018,tv,2024-06-04,2024-07-17,2024-06-13,9.41,8,0,0,0.0,C00210,34,Regular,Bratislava,mobile
INT-001339,CMP-018,tv,2024-06-04,2024-07-17,2024-06-13,8.24,7,0,0,0.0,C01229,45,At-Risk,Eastern Slovakia,tablet
INT-001340,CMP-018,tv,2024-06-04,2024-07-17,2024-06-13,10.59,9,0,1,142.77,C00662,38,New,Central Slovakia,mobile
INT-001341,CMP-018,tv,2024-06-04,2024-07-17,2024-06-13,4.71,4,0,0,0.0,C00520,58,At-Risk,Central Slovakia,mobile
INT-001342,CMP-018,tv,2024-06-04,2024-07-17,2024-06-15,7.06,6,0,0,0.0,C02194,38,At-Risk,Western Slovakia,desktop
INT-001343,CMP-018,tv,2024-06-04,2024-07-17,2024-06-16,11.76,10,0,0,0.0,C00012,47,At-Risk,Western Slovakia,desktop
INT-001344,CMP-018,tv,2024-06-04,2024-07-17,2024-06-16,2.35,2,0,0,0.0,C01331,18,Loyal,Czech Republic,mobile
INT-001345,CMP-018,tv,2024-06-04,2024-07-17,2024-06-18,5.88,5,0,0,0.0,C01082,36,New,Eastern Slovakia,mobile
INT-001346,CMP-018,tv,2024-06-04,2024-07-17,2024-06-19,5.88,5,0,0,0.0,C01786,53,Regular,Bratislava,desktop
INT-001347,CMP-018,tv,2024-06-04,2024-07-17,2024-06-19,7.06,6,0,0,0.0,C00381,39,New,Central Slovakia,mobile
INT-001348,CMP-018,tv,2024-06-04,2024-07-17,2024-06-22,8.24,7,0,0,0.0,C01870,41,Regular,Central Slovakia,mobile
INT-001349,CMP-018,tv,2024-06-04,2024-07-17,2024-06-26,4.71,4,0,1,181.43,C00271,29,New,Western Slovakia,desktop
INT-001350,CMP-018,tv,2024-06-04,2024-07-17,2024-06-26,5.88,5,0,0,0.0,C02154,25,New,Bratislava,mobile
INT-001351,CMP-018,tv,2024-06-04,2024-07-17,2024-06-27,12.94,11,0,0,0.0,C01588,49,New,Bratislava,mobile
INT-001352,CMP-018,tv,2024-06-04,2024-07-17,2024-06-29,7.06,6,0,0,0.0,C01310,34,Regular,Bratislava,tablet
INT-001353,CMP-018,tv,2024-06-04,2024-07-17,2024-06-29,5.88,5,0,0,0.0,C01037,50,Regular,Eastern Slovakia,mobile
INT-001354,CMP-018,tv,2024-06-04,2024-07-17,2024-07-02,9.41,8,0,0,0.0,C01177,29,New,Eastern Slovakia,desktop
INT-001355,CMP-018,tv,2024-06-04,2024-07-17,2024-07-02,9.41,8,0,0,0.0,C01275,31,Regular,Eastern Slovakia,desktop
INT-001356,CMP-018,tv,2024-06-04,2024-07-17,2024-07-04,11.76,10,0,0,0.0,C02190,45,Regular,Western Slovakia,desktop
INT-001357,CMP-018,tv,2024-06-04,2024-07-17,2024-07-06,2.35,2,0,0,0.0,C01905,45,Regular,Bratislava,desktop
INT-001358,CMP-018,tv,2024-06-04,2024-07-17,2024-07-08,9.41,8,0,0,0.0,C01505,35,Regular,Western Slovakia,desktop
INT-001359,CMP-018,tv,2024-06-04,2024-07-17,2024-07-09,8.24,7,0,0,0.0,C01380,56,New,Eastern Slovakia,mobile
INT-001360,CMP-018,tv,2024-06-04,2024-07-17,2024-07-09,4.71,4,0,0,0.0,C00355,51,New,Eastern Slovakia,desktop
INT-001361,CMP-018,tv,2024-06-04,2024-07-17,2024-07-12,10.59,9,0,0,0.0,C00125,48,Regular,Eastern Slovakia,mobile
INT-001362,CMP-018,tv,2024-06-04,2024-07-17,2024-07-13,9.41,8,0,0,0.0,C01387,53,Loyal,Eastern Slovakia,mobile
INT-001363,CMP-018,tv,2024-06-04,2024-07-17,2024-07-15,11.76,10,0,0,0.0,C00559,23,New,Central Slovakia,mobile
INT-001364,CMP-018,tv,2024-06-04,2024-07-17,2024-07-16,7.06,6,0,0,0.0,C01253,28,New,Bratislava,tablet
INT-001365,CMP-024,social,2024-06-07,2024-07-19,2024-06-07,2.19,3,0,0,0.0,C01979,57,Regular,Western Slovakia,mobile
INT-001366,CMP-024,social,2024-06-07,2024-07-19,2024-06-07,0.73,1,0,0,0.0,C01108,28,Regular,Western Slovakia,mobile
INT-001367,CMP-024,social,2024-06-07,2024-07-19,2024-06-08,1.46,2,0,0,0.0,C02049,39,Regular,Western Slovakia,desktop
INT-001368,CMP-024,social,2024-06-07,2024-07-19,2024-06-09,3.65,5,0,0,0.0,C00726,56,Loyal,Bratislava,mobile
INT-001369,CMP-024,social,2024-06-07,2024-07-19,2024-06-09,4.38,6,0,0,0.0,C00951,18,Loyal,Central Slovakia,tablet
INT-001370,CMP-024,social,2024-06-07,2024-07-19,2024-06-09,2.19,3,0,0,0.0,C00267,40,New,Western Slovakia,mobile
INT-001371,CMP-024,social,2024-06-07,2024-07-19,2024-06-13,5.84,8,0,0,0.0,C00711,38,Loyal,Czech Republic,mobile
INT-001372,CMP-024,social,2024-06-07,2024-07-19,2024-06-14,3.65,5,1,0,0.0,C00077,33,New,Eastern Slovakia,mobile
INT-001373,CMP-024,social,2024-06-07,2024-07-19,2024-06-17,2.19,3,0,0,0.0,C01611,41,Regular,Central Slovakia,mobile
INT-001374,CMP-024,social,2024-06-07,2024-07-19,2024-06-17,2.19,3,0,0,0.0,C01017,39,New,Eastern Slovakia,desktop
INT-001375,CMP-024,social,2024-06-07,2024-07-19,2024-06-18,4.38,6,0,0,0.0,C00472,33,Loyal,Bratislava,mobile
INT-001376,CMP-024,social,2024-06-07,2024-07-19,2024-06-18,2.92,4,1,0,0.0,C01547,18,Regular,Central Slovakia,desktop
INT-001377,CMP-024,social,2024-06-07,2024-07-19,2024-06-21,5.11,7,0,0,0.0,C00127,56,Loyal,Eastern Slovakia,mobile
INT-001378,CMP-024,social,2024-06-07,2024-07-19,2024-06-22,2.19,3,0,0,0.0,C00764,46,Loyal,Czech Republic,desktop
INT-001379,CMP-024,social,2024-06-07,2024-07-19,2024-06-22,2.92,4,0,0,0.0,C00553,42,New,Eastern Slovakia,mobile
INT-001380,CMP-024,social,2024-06-07,2024-07-19,2024-06-23,5.11,7,0,0,0.0,C00869,31,New,Western Slovakia,tablet
INT-001381,CMP-024,social,2024-06-07,2024-07-19,2024-06-26,1.46,2,0,0,0.0,C00690,33,New,Eastern Slovakia,desktop
INT-001382,CMP-024,social,2024-06-07,2024-07-19,2024-06-29,2.19,3,0,0,0.0,C00615,28,Regular,Czech Republic,mobile
INT-001383,CMP-024,social,2024-06-07,2024-07-19,2024-07-01,2.92,4,0,0,0.0,C02103,29,Regular,Eastern Slovakia,desktop
INT-001384,CMP-024,social,2024-06-07,2024-07-19,2024-07-02,2.92,4,2,0,0.0,C00899,44,Loyal,Central Slovakia,mobile
INT-001385,CMP-024,social,2024-06-07,2024-07-19,2024-07-04,5.11,7,0,0,0.0,C00429,21,Loyal,Western Slovakia,mobile
INT-001386,CMP-024,social,2024-06-07,2024-07-19,2024-07-05,4.38,6,0,0,0.0,C01268,46,New,Czech Republic,mobile
INT-001387,CMP-024,social,2024-06-07,2024-07-19,2024-07-08,4.38,6,0,0,0.0,C00445,34,Loyal,Central Slovakia,desktop
INT-001388,CMP-024,social,2024-06-07,2024-07-19,2024-07-10,4.38,6,0,0,0.0,C01872,31,Loyal,Western Slovakia,mobile
INT-001389,CMP-024,social,2024-06-07,2024-07-19,2024-07-11,3.65,5,0,0,0.0,C01660,40,Loyal,Central Slovakia,tablet
INT-001390,CMP-024,social,2024-06-07,2024-07-19,2024-07-12,0.73,1,0,0,0.0,C00020,37,Loyal,Bratislava,desktop
INT-001391,CMP-024,social,2024-06-07,2024-07-19,2024-07-12,4.38,6,0,0,0.0,C01952,41,Loyal,Bratislava,mobile
INT-001392,CMP-024,social,2024-06-07,2024-07-19,2024-07-12,5.11,7,0,0,0.0,C01206,30,Loyal,Bratislava,desktop
INT-001393,CMP-024,social,2024-06-07,2024-07-19,2024-07-13,4.38,6,1,1,211.27,C00845,40,Regular,Eastern Slovakia,desktop
INT-001394,CMP-024,social,2024-06-07,2024-07-19,2024-07-13,6.57,9,0,0,0.0,C00807,36,Regular,Central Slovakia,desktop
INT-001395,CMP-024,social,2024-06-07,2024-07-19,2024-07-14,2.92,4,0,0,0.0,C00709,35,New,Western Slovakia,mobile
INT-001396,CMP-024,social,2024-06-07,2024-07-19,2024-07-14,2.92,4,0,0,0.0,C00769,23,Regular,Bratislava,mobile
INT-001397,CMP-024,social,2024-06-07,2024-07-19,2024-07-14,5.11,7,2,0,0.0,C00637,36,New,Eastern Slovakia,desktop
INT-001398,CMP-024,social,2024-06-07,2024-07-19,2024-07-15,4.38,6,0,0,0.0,C02003,43,New,Western Slovakia,tablet
INT-001399,CMP-024,social,2024-06-07,2024-07-19,2024-07-15,7.3,10,1,1,139.33,C00855,41,Regular,Bratislava,desktop
INT-001400,CMP-024,social,2024-06-07,2024-07-19,2024-07-16,3.65,5,0,0,0.0,C00098,26,Loyal,Bratislava,mobile
INT-001401,CMP-070,tv,2024-06-23,2024-07-15,2024-06-23,19.43,14,0,0,0.0,C00927,36,Loyal,Bratislava,desktop
INT-001402,CMP-070,tv,2024-06-23,2024-07-15,2024-06-23,24.98,18,0,1,168.63,C01590,33,New,Western Slovakia,mobile
INT-001403,CMP-070,tv,2024-06-23,2024-07-15,2024-06-23,9.71,7,0,0,0.0,C00152,26,Loyal,Czech Republic,mobile
INT-001404,CMP-070,tv,2024-06-23,2024-07-15,2024-06-23,11.1,8,0,1,237.82,C00454,63,Loyal,Eastern Slovakia,desktop
INT-001405,CMP-070,tv,2024-06-23,2024-07-15,2024-06-23,9.71,7,0,0,0.0,C00721,37,Regular,Central Slovakia,mobile
INT-001406,CMP-070,tv,2024-06-23,2024-07-15,2024-06-23,13.88,10,0,0,0.0,C01219,24,Regular,Central Slovakia,mobile
INT-001407,CMP-070,tv,2024-06-23,2024-07-15,2024-06-23,16.65,12,0,0,0.0,C01264,33,At-Risk,Central Slovakia,mobile
INT-001408,CMP-070,tv,2024-06-23,2024-07-15,2024-06-23,8.33,6,0,0,0.0,C00730,25,Loyal,Central Slovakia,mobile
INT-001409,CMP-070,tv,2024-06-23,2024-07-15,2024-06-23,19.43,14,0,0,0.0,C00822,55,At-Risk,Eastern Slovakia,desktop
INT-001410,CMP-070,tv,2024-06-23,2024-07-15,2024-06-23,9.71,7,0,0,0.0,C01523,35,Loyal,Central Slovakia,desktop
INT-001411,CMP-070,tv,2024-06-23,2024-07-15,2024-06-23,13.88,10,0,0,0.0,C00097,22,Loyal,Czech Republic,desktop
INT-001412,CMP-070,tv,2024-06-23,2024-07-15,2024-06-23,6.94,5,0,0,0.0,C02150,40,Loyal,Western Slovakia,mobile
INT-001413,CMP-070,tv,2024-06-23,2024-07-15,2024-06-23,12.49,9,0,0,0.0,C01130,18,At-Risk,Eastern Slovakia,desktop
INT-001414,CMP-070,tv,2024-06-23,2024-07-15,2024-06-23,18.04,13,0,1,500.01,C00754,63,Loyal,Western Slovakia,mobile
INT-001415,CMP-070,tv,2024-06-23,2024-07-15,2024-06-23,16.65,12,0,0,0.0,C01737,22,New,Central Slovakia,tablet
INT-001416,CMP-070,tv,2024-06-23,2024-07-15,2024-06-23,18.04,13,0,0,0.0,C01694,32,Regular,Central Slovakia,tablet
INT-001417,CMP-070,tv,2024-06-23,2024-07-15,2024-06-23,15.26,11,1,0,0.0,C00012,47,At-Risk,Western Slovakia,desktop
INT-001418,CMP-070,tv,2024-06-23,2024-07-15,2024-06-24,15.26,11,0,1,351.01,C00498,34,New,Eastern Slovakia,desktop
INT-001419,CMP-070,tv,2024-06-23,2024-07-15,2024-06-24,18.04,13,0,0,0.0,C00433,36,New,Central Slovakia,desktop
INT-001420,CMP-070,tv,2024-06-23,2024-07-15,2024-06-24,12.49,9,0,0,0.0,C00295,35,Regular,Bratislava,mobile
INT-001421,CMP-070,tv,2024-06-23,2024-07-15,2024-06-24,9.71,7,0,0,0.0,C01367,24,Regular,Western Slovakia,desktop
INT-001422,CMP-070,tv,2024-06-23,2024-07-15,2024-06-24,9.71,7,0,0,0.0,C00375,45,Regular,Western Slovakia,mobile
INT-001423,CMP-070,tv,2024-06-23,2024-07-15,2024-06-24,11.1,8,0,0,0.0,C00021,36,Regular,Czech Republic,mobile
INT-001424,CMP-070,tv,2024-06-23,2024-07-15,2024-06-24,19.43,14,0,0,0.0,C00327,19,Loyal,Western Slovakia,desktop
INT-001425,CMP-070,tv,2024-06-23,2024-07-15,2024-06-24,19.43,14,0,0,0.0,C00829,53,Regular,Bratislava,mobile
INT-001426,CMP-070,tv,2024-06-23,2024-07-15,2024-06-24,23.59,17,0,0,0.0,C00832,57,New,Western Slovakia,tablet
INT-001427,CMP-070,tv,2024-06-23,2024-07-15,2024-06-24,16.65,12,0,0,0.0,C01026,34,Loyal,Bratislava,mobile
INT-001428,CMP-070,tv,2024-06-23,2024-07-15,2024-06-24,16.65,12,0,0,0.0,C00936,45,New,Eastern Slovakia,mobile
INT-001429,CMP-070,tv,2024-06-23,2024-07-15,2024-06-24,8.33,6,0,1,252.21,C00189,22,Regular,Bratislava,tablet
INT-001430,CMP-070,tv,2024-06-23,2024-07-15,2024-06-24,11.1,8,0,0,0.0,C01862,25,Loyal,Eastern Slovakia,mobile
INT-001431,CMP-070,tv,2024-06-23,2024-07-15,2024-06-24,16.65,12,0,0,0.0,C00898,28,Loyal,Eastern Slovakia,mobile
INT-001432,CMP-070,tv,2024-06-23,2024-07-15,2024-06-24,19.43,14,0,0,0.0,C01738,36,Regular,Bratislava,desktop
INT-001433,CMP-070,tv,2024-06-23,2024-07-15,2024-06-24,11.1,8,0,0,0.0,C00560,27,New,Western Slovakia,desktop
INT-001434,CMP-070,tv,2024-06-23,2024-07-15,2024-06-24,15.26,11,0,0,0.0,C00824,18,Loyal,Eastern Slovakia,mobile
INT-001435,CMP-070,tv,2024-06-23,2024-07-15,2024-06-24,16.65,12,0,0,0.0,C01067,25,Loyal,Bratislava,mobile
INT-001436,CMP-070,tv,2024-06-23,2024-07-15,2024-06-24,11.1,8,0,0,0.0,C00301,59,Regular,Bratislava,desktop
INT-001437,CMP-070,tv,2024-06-23,2024-07-15,2024-06-24,15.26,11,0,2,587.36,C00065,47,Regular,Bratislava,desktop
INT-001438,CMP-070,tv,2024-06-23,2024-07-15,2024-06-24,12.49,9,0,0,0.0,C00485,37,New,Central Slovakia,mobile
INT-001439,CMP-070,tv,2024-06-23,2024-07-15,2024-06-25,18.04,13,0,0,0.0,C01888,40,Loyal,Western Slovakia,tablet
INT-001440,CMP-070,tv,2024-06-23,2024-07-15,2024-06-25,11.1,8,1,0,0.0,C00129,30,New,Western Slovakia,mobile
INT-001441,CMP-070,tv,2024-06-23,2024-07-15,2024-06-25,13.88,10,0,0,0.0,C01097,57,Loyal,Czech Republic,mobile
INT-001442,CMP-070,tv,2024-06-23,2024-07-15,2024-06-25,16.65,12,0,0,0.0,C01647,37,Regular,Bratislava,desktop
INT-001443,CMP-070,tv,2024-06-23,2024-07-15,2024-06-25,8.33,6,0,0,0.0,C00999,40,Loyal,Central Slovakia,mobile
INT-001444,CMP-070,tv,2024-06-23,2024-07-15,2024-06-25,13.88,10,0,0,0.0,C01115,39,Regular,Czech Republic,desktop
INT-001445,CMP-070,tv,2024-06-23,2024-07-15,2024-06-25,16.65,12,0,0,0.0,C02019,45,Loyal,Czech Republic,mobile
INT-001446,CMP-070,tv,2024-06-23,2024-07-15,2024-06-25,22.2,16,0,0,0.0,C00279,52,Loyal,Central Slovakia,mobile
INT-001447,CMP-070,tv,2024-06-23,2024-07-15,2024-06-25,19.43,14,0,0,0.0,C01585,37,New,Czech Republic,desktop
INT-001448,CMP-070,tv,2024-06-23,2024-07-15,2024-06-25,9.71,7,0,0,0.0,C00186,56,At-Risk,Bratislava,mobile
INT-001449,CMP-070,tv,2024-06-23,2024-07-15,2024-06-25,9.71,7,0,0,0.0,C00444,54,At-Risk,Bratislava,desktop
INT-001450,CMP-070,tv,2024-06-23,2024-07-15,2024-06-25,13.88,10,0,0,0.0,C00841,61,Loyal,Western Slovakia,tablet
INT-001451,CMP-070,tv,2024-06-23,2024-07-15,2024-06-25,12.49,9,0,0,0.0,C01383,34,Regular,Western Slovakia,mobile
INT-001452,CMP-070,tv,2024-06-23,2024-07-15,2024-06-25,18.04,13,0,0,0.0,C01008,34,Regular,Central Slovakia,desktop
INT-001453,CMP-070,tv,2024-06-23,2024-07-15,2024-06-25,18.04,13,0,0,0.0,C00638,25,At-Risk,Western Slovakia,mobile
INT-001454,CMP-070,tv,2024-06-23,2024-07-15,2024-06-25,11.1,8,0,0,0.0,C01438,18,At-Risk,Bratislava,mobile
INT-001455,CMP-070,tv,2024-06-23,2024-07-15,2024-06-25,16.65,12,0,0,0.0,C01426,27,Loyal,Western Slovakia,mobile
INT-001456,CMP-070,tv,2024-06-23,2024-07-15,2024-06-25,8.33,6,0,0,0.0,C02065,34,New,Bratislava,mobile
INT-001457,CMP-070,tv,2024-06-23,2024-07-15,2024-06-25,6.94,5,0,0,0.0,C00004,49,Regular,Central Slovakia,mobile
INT-001458,CMP-070,tv,2024-06-23,2024-07-15,2024-06-26,13.88,10,0,0,0.0,C00757,27,Regular,Bratislava,tablet
INT-001459,CMP-070,tv,2024-06-23,2024-07-15,2024-06-26,12.49,9,0,0,0.0,C01356,44,New,Eastern Slovakia,desktop
INT-001460,CMP-070,tv,2024-06-23,2024-07-15,2024-06-26,16.65,12,1,1,429.53,C01805,39,Loyal,Czech Republic,mobile
INT-001461,CMP-070,tv,2024-06-23,2024-07-15,2024-06-26,15.26,11,0,0,0.0,C00213,38,New,Western Slovakia,desktop
INT-001462,CMP-070,tv,2024-06-23,2024-07-15,2024-06-26,19.43,14,0,0,0.0,C01273,34,New,Bratislava,desktop
INT-001463,CMP-070,tv,2024-06-23,2024-07-15,2024-06-26,15.26,11,1,0,0.0,C01948,27,At-Risk,Bratislava,desktop
INT-001464,CMP-070,tv,2024-06-23,2024-07-15,2024-06-26,20.81,15,0,0,0.0,C00747,60,Regular,Western Slovakia,mobile
INT-001465,CMP-070,tv,2024-06-23,2024-07-15,2024-06-26,15.26,11,0,0,0.0,C01567,24,Regular,Bratislava,desktop
INT-001466,CMP-070,tv,2024-06-23,2024-07-15,2024-06-26,4.16,3,0,0,0.0,C01713,46,Loyal,Western Slovakia,mobile
INT-001467,CMP-070,tv,2024-06-23,2024-07-15,2024-06-26,20.81,15,0,0,0.0,C02079,18,Loyal,Western Slovakia,mobile
INT-001468,CMP-070,tv,2024-06-23,2024-07-15,2024-06-26,9.71,7,0,0,0.0,C00741,50,Loyal,Central Slovakia,desktop
INT-001469,CMP-070,tv,2024-06-23,2024-07-15,2024-06-26,19.43,14,0,1,209.54,C01328,19,New,Central Slovakia,tablet
INT-001470,CMP-070,tv,2024-06-23,2024-07-15,2024-06-26,11.1,8,0,0,0.0,C02141,37,New,Bratislava,desktop
INT-001471,CMP-070,tv,2024-06-23,2024-07-15,2024-06-26,13.88,10,0,1,284.36,C01898,43,Loyal,Eastern Slovakia,mobile
INT-001472,CMP-070,tv,2024-06-23,2024-07-15,2024-06-26,20.81,15,0,0,0.0,C01059,39,Regular,Eastern Slovakia,mobile
INT-001473,CMP-070,tv,2024-06-23,2024-07-15,2024-06-26,16.65,12,0,0,0.0,C00828,37,Regular,Central Slovakia,mobile
INT-001474,CMP-070,tv,2024-06-23,2024-07-15,2024-06-26,16.65,12,0,0,0.0,C00434,18,Regular,Western Slovakia,mobile
INT-001475,CMP-070,tv,2024-06-23,2024-07-15,2024-06-26,16.65,12,0,0,0.0,C00027,44,Regular,Central Slovakia,desktop
INT-001476,CMP-070,tv,2024-06-23,2024-07-15,2024-06-27,13.88,10,0,0,0.0,C00771,59,Regular,Bratislava,mobile
INT-001477,CMP-070,tv,2024-06-23,2024-07-15,2024-06-27,23.59,17,0,0,0.0,C00380,33,New,Czech Republic,mobile
INT-001478,CMP-070,tv,2024-06-23,2024-07-15,2024-06-27,8.33,6,0,0,0.0,C01945,33,New,Central Slovakia,mobile
INT-001479,CMP-070,tv,2024-06-23,2024-07-15,2024-06-27,16.65,12,0,0,0.0,C01891,50,Regular,Eastern Slovakia,mobile
INT-001480,CMP-070,tv,2024-06-23,2024-07-15,2024-06-27,23.59,17,0,0,0.0,C00411,20,Loyal,Western Slovakia,mobile
INT-001481,CMP-070,tv,2024-06-23,2024-07-15,2024-06-27,18.04,13,0,0,0.0,C00685,33,Regular,Eastern Slovakia,mobile
INT-001482,CMP-070,tv,2024-06-23,2024-07-15,2024-06-27,9.71,7,0,0,0.0,C00362,43,Loyal,Central Slovakia,desktop
INT-001483,CMP-070,tv,2024-06-23,2024-07-15,2024-06-27,19.43,14,0,0,0.0,C01633,40,Loyal,Central Slovakia,desktop
INT-001484,CMP-070,tv,2024-06-23,2024-07-15,2024-06-27,15.26,11,0,0,0.0,C00849,30,New,Bratislava,desktop
INT-001485,CMP-070,tv,2024-06-23,2024-07-15,2024-06-27,15.26,11,0,0,0.0,C01286,41,Loyal,Czech Republic,mobile
INT-001486,CMP-070,tv,2024-06-23,2024-07-15,2024-06-27,12.49,9,0,0,0.0,C01616,44,Regular,Eastern Slovakia,desktop
INT-001487,CMP-070,tv,2024-06-23,2024-07-15,2024-06-27,16.65,12,0,0,0.0,C00348,45,Regular,Western Slovakia,mobile
INT-001488,CMP-070,tv,2024-06-23,2024-07-15,2024-06-27,18.04,13,0,0,0.0,C01275,31,Regular,Eastern Slovakia,desktop
INT-001489,CMP-070,tv,2024-06-23,2024-07-15,2024-06-27,11.1,8,0,1,267.47,C00168,43,Regular,Central Slovakia,mobile
INT-001490,CMP-070,tv,2024-06-23,2024-07-15,2024-06-27,20.81,15,0,0,0.0,C01889,19,Loyal,Bratislava,mobile
INT-001491,CMP-070,tv,2024-06-23,2024-07-15,2024-06-27,16.65,12,0,0,0.0,C00171,30,New,Bratislava,mobile
INT-001492,CMP-070,tv,2024-06-23,2024-07-15,2024-06-28,19.43,14,0,0,0.0,C01233,24,Loyal,Bratislava,mobile
INT-001493,CMP-070,tv,2024-06-23,2024-07-15,2024-06-28,12.49,9,0,0,0.0,C01639,38,At-Risk,Western Slovakia,mobile
INT-001494,CMP-070,tv,2024-06-23,2024-07-15,2024-06-28,13.88,10,0,0,0.0,C01306,18,Loyal,Central Slovakia,desktop
INT-001495,CMP-070,tv,2024-06-23,2024-07-15,2024-06-28,11.1,8,0,0,0.0,C01289,62,New,Czech Republic,mobile
INT-001496,CMP-070,tv,2024-06-23,2024-07-15,2024-06-28,9.71,7,0,0,0.0,C00479,38,Regular,Central Slovakia,desktop
INT-001497,CMP-070,tv,2024-06-23,2024-07-15,2024-06-28,12.49,9,0,0,0.0,C00457,51,At-Risk,Eastern Slovakia,desktop
INT-001498,CMP-070,tv,2024-06-23,2024-07-15,2024-06-28,12.49,9,0,0,0.0,C01423,43,New,Bratislava,mobile
INT-001499,CMP-070,tv,2024-06-23,2024-07-15,2024-06-28,16.65,12,0,0,0.0,C01941,23,New,Bratislava,desktop
INT-001500,CMP-070,tv,2024-06-23,2024-07-15,2024-06-28,18.04,13,0,0,0.0,C00668,44,Loyal,Eastern Slovakia,tablet
INT-001501,CMP-070,tv,2024-06-23,2024-07-15,2024-06-28,15.26,11,0,0,0.0,C01446,41,Regular,Eastern Slovakia,desktop
INT-001502,CMP-070,tv,2024-06-23,2024-07-15,2024-06-28,12.49,9,0,0,0.0,C00983,41,Regular,Central Slovakia,desktop
INT-001503,CMP-070,tv,2024-06-23,2024-07-15,2024-06-28,8.33,6,0,1,231.26,C00192,36,New,Bratislava,tablet
INT-001504,CMP-070,tv,2024-06-23,2024-07-15,2024-06-28,9.71,7,0,0,0.0,C00705,51,Regular,Bratislava,mobile
INT-001505,CMP-070,tv,2024-06-23,2024-07-15,2024-06-28,16.65,12,0,0,0.0,C00368,28,Loyal,Western Slovakia,mobile
INT-001506,CMP-070,tv,2024-06-23,2024-07-15,2024-06-28,9.71,7,0,0,0.0,C02044,29,Regular,Bratislava,mobile
INT-001507,CMP-070,tv,2024-06-23,2024-07-15,2024-06-28,13.88,10,0,0,0.0,C00903,36,Regular,Central Slovakia,mobile
INT-001508,CMP-070,tv,2024-06-23,2024-07-15,2024-06-28,26.36,19,1,0,0.0,C00548,26,Regular,Western Slovakia,mobile
INT-001509,CMP-070,tv,2024-06-23,2024-07-15,2024-06-28,9.71,7,0,0,0.0,C01473,38,Loyal,Eastern Slovakia,desktop
INT-001510,CMP-070,tv,2024-06-23,2024-07-15,2024-06-28,13.88,10,1,1,318.14,C00216,50,Loyal,Western Slovakia,mobile
INT-001511,CMP-070,tv,2024-06-23,2024-07-15,2024-06-28,9.71,7,0,0,0.0,C01374,19,Loyal,Bratislava,mobile
INT-001512,CMP-070,tv,2024-06-23,2024-07-15,2024-06-28,9.71,7,0,0,0.0,C01955,41,Loyal,Bratislava,desktop
INT-001513,CMP-070,tv,2024-06-23,2024-07-15,2024-06-28,12.49,9,0,0,0.0,C01331,18,Loyal,Czech Republic,mobile
INT-001514,CMP-070,tv,2024-06-23,2024-07-15,2024-06-28,19.43,14,1,0,0.0,C01661,67,Regular,Bratislava,mobile
INT-001515,CMP-070,tv,2024-06-23,2024-07-15,2024-06-28,13.88,10,1,0,0.0,C00024,36,Loyal,Bratislava,desktop
INT-001516,CMP-070,tv,2024-06-23,2024-07-15,2024-06-28,12.49,9,0,0,0.0,C00801,28,At-Risk,Western Slovakia,mobile
INT-001517,CMP-070,tv,2024-06-23,2024-07-15,2024-06-28,13.88,10,0,1,210.3,C00770,58,New,Bratislava,mobile
INT-001518,CMP-070,tv,2024-06-23,2024-07-15,2024-06-28,18.04,13,0,0,0.0,C01484,42,Regular,Bratislava,desktop
INT-001519,CMP-070,tv,2024-06-23,2024-07-15,2024-06-28,12.49,9,0,0,0.0,C02118,39,Regular,Western Slovakia,mobile
INT-001520,CMP-070,tv,2024-06-23,2024-07-15,2024-06-28,11.1,8,0,0,0.0,C02050,25,Loyal,Central Slovakia,mobile
INT-001521,CMP-070,tv,2024-06-23,2024-07-15,2024-06-28,20.81,15,0,0,0.0,C00041,47,At-Risk,Central Slovakia,desktop
INT-001522,CMP-070,tv,2024-06-23,2024-07-15,2024-06-28,13.88,10,0,0,0.0,C01295,41,Regular,Central Slovakia,mobile
INT-001523,CMP-070,tv,2024-06-23,2024-07-15,2024-06-28,22.2,16,0,0,0.0,C00856,38,Regular,Central Slovakia,desktop
INT-001524,CMP-070,tv,2024-06-23,2024-07-15,2024-06-28,16.65,12,0,2,820.04,C01583,45,Regular,Bratislava,tablet
INT-001525,CMP-070,tv,2024-06-23,2024-07-15,2024-06-28,18.04,13,0,0,0.0,C00836,27,Regular,Bratislava,desktop
INT-001526,CMP-070,tv,2024-06-23,2024-07-15,2024-06-28,18.04,13,0,0,0.0,C00121,26,Regular,Western Slovakia,mobile
INT-001527,CMP-070,tv,2024-06-23,2024-07-15,2024-06-28,9.71,7,0,0,0.0,C01989,28,Regular,Eastern Slovakia,mobile
INT-001528,CMP-070,tv,2024-06-23,2024-07-15,2024-06-29,9.71,7,0,0,0.0,C02170,31,Regular,Bratislava,desktop
INT-001529,CMP-070,tv,2024-06-23,2024-07-15,2024-06-29,18.04,13,0,0,0.0,C00070,36,At-Risk,Bratislava,mobile
INT-001530,CMP-070,tv,2024-06-23,2024-07-15,2024-06-29,12.49,9,0,1,209.6,C01326,50,Regular,Bratislava,desktop
INT-001531,CMP-070,tv,2024-06-23,2024-07-15,2024-06-29,19.43,14,0,1,307.09,C00794,43,Regular,Bratislava,mobile
INT-001532,CMP-070,tv,2024-06-23,2024-07-15,2024-06-29,19.43,14,0,0,0.0,C01269,46,Regular,Bratislava,tablet
INT-001533,CMP-070,tv,2024-06-23,2024-07-15,2024-06-29,18.04,13,0,0,0.0,C00702,35,Loyal,Bratislava,mobile
INT-001534,CMP-070,tv,2024-06-23,2024-07-15,2024-06-29,19.43,14,0,0,0.0,C01108,28,Regular,Western Slovakia,tablet
INT-001535,CMP-070,tv,2024-06-23,2024-07-15,2024-06-29,5.55,4,0,0,0.0,C01971,35,New,Western Slovakia,tablet
INT-001536,CMP-070,tv,2024-06-23,2024-07-15,2024-06-29,19.43,14,0,0,0.0,C00994,54,New,Eastern Slovakia,desktop
INT-001537,CMP-070,tv,2024-06-23,2024-07-15,2024-06-29,15.26,11,0,1,312.73,C01956,26,Loyal,Eastern Slovakia,mobile
INT-001538,CMP-070,tv,2024-06-23,2024-07-15,2024-06-29,16.65,12,0,0,0.0,C01386,39,New,Bratislava,desktop
INT-001539,CMP-070,tv,2024-06-23,2024-07-15,2024-06-29,11.1,8,0,0,0.0,C00839,60,Regular,Western Slovakia,mobile
INT-001540,CMP-070,tv,2024-06-23,2024-07-15,2024-06-29,9.71,7,0,0,0.0,C00044,41,Regular,Bratislava,desktop
INT-001541,CMP-070,tv,2024-06-23,2024-07-15,2024-06-29,13.88,10,0,1,467.13,C00106,36,Loyal,Eastern Slovakia,mobile
INT-001542,CMP-070,tv,2024-06-23,2024-07-15,2024-06-29,18.04,13,0,0,0.0,C00742,52,Loyal,Central Slovakia,mobile
INT-001543,CMP-070,tv,2024-06-23,2024-07-15,2024-06-29,19.43,14,0,2,847.63,C01488,22,Loyal,Western Slovakia,mobile
INT-001544,CMP-070,tv,2024-06-23,2024-07-15,2024-06-29,18.04,13,0,0,0.0,C01160,21,New,Central Slovakia,mobile
INT-001545,CMP-070,tv,2024-06-23,2024-07-15,2024-06-29,22.2,16,1,0,0.0,C00040,46,New,Central Slovakia,desktop
INT-001546,CMP-070,tv,2024-06-23,2024-07-15,2024-06-29,15.26,11,0,0,0.0,C01795,18,Regular,Bratislava,desktop
INT-001547,CMP-070,tv,2024-06-23,2024-07-15,2024-06-29,9.71,7,0,0,0.0,C01826,46,Regular,Eastern Slovakia,mobile
INT-001548,CMP-070,tv,2024-06-23,2024-07-15,2024-06-30,11.1,8,1,0,0.0,C00197,46,New,Czech Republic,mobile
INT-001549,CMP-070,tv,2024-06-23,2024-07-15,2024-06-30,16.65,12,0,0,0.0,C00985,42,New,Eastern Slovakia,mobile
INT-001550,CMP-070,tv,2024-06-23,2024-07-15,2024-06-30,11.1,8,0,1,583.23,C00786,41,Loyal,Central Slovakia,mobile
INT-001551,CMP-070,tv,2024-06-23,2024-07-15,2024-06-30,19.43,14,0,0,0.0,C00220,30,Regular,Bratislava,desktop
INT-001552,CMP-070,tv,2024-06-23,2024-07-15,2024-06-30,18.04,13,0,0,0.0,C00135,20,New,Central Slovakia,mobile
INT-001553,CMP-070,tv,2024-06-23,2024-07-15,2024-06-30,19.43,14,0,0,0.0,C00584,25,Loyal,Central Slovakia,mobile
INT-001554,CMP-070,tv,2024-06-23,2024-07-15,2024-06-30,15.26,11,0,1,525.77,C01631,23,Loyal,Bratislava,mobile
INT-001555,CMP-070,tv,2024-06-23,2024-07-15,2024-06-30,15.26,11,0,0,0.0,C00204,46,Loyal,Bratislava,mobile
INT-001556,CMP-070,tv,2024-06-23,2024-07-15,2024-06-30,13.88,10,0,0,0.0,C01931,18,Loyal,Central Slovakia,desktop
INT-001557,CMP-070,tv,2024-06-23,2024-07-15,2024-06-30,12.49,9,0,0,0.0,C02165,45,New,Czech Republic,mobile
INT-001558,CMP-070,tv,2024-06-23,2024-07-15,2024-06-30,15.26,11,0,0,0.0,C01657,43,Loyal,Czech Republic,desktop
INT-001559,CMP-070,tv,2024-06-23,2024-07-15,2024-06-30,12.49,9,0,0,0.0,C00507,67,Loyal,Eastern Slovakia,desktop
INT-001560,CMP-070,tv,2024-06-23,2024-07-15,2024-06-30,12.49,9,0,1,213.7,C01646,39,Regular,Western Slovakia,mobile
INT-001561,CMP-070,tv,2024-06-23,2024-07-15,2024-06-30,22.2,16,0,1,517.77,C00963,26,Loyal,Western Slovakia,desktop
INT-001562,CMP-070,tv,2024-06-23,2024-07-15,2024-06-30,8.33,6,0,0,0.0,C00887,53,Loyal,Central Slovakia,desktop
INT-001563,CMP-070,tv,2024-06-23,2024-07-15,2024-06-30,13.88,10,0,0,0.0,C01508,37,New,Bratislava,mobile
INT-001564,CMP-070,tv,2024-06-23,2024-07-15,2024-07-01,19.43,14,0,0,0.0,C01924,52,New,Central Slovakia,mobile
INT-001565,CMP-070,tv,2024-06-23,2024-07-15,2024-07-01,24.98,18,0,0,0.0,C00335,38,New,Czech Republic,mobile
INT-001566,CMP-070,tv,2024-06-23,2024-07-15,2024-07-01,29.14,21,0,1,410.05,C00923,39,Loyal,Bratislava,mobile
INT-001567,CMP-070,tv,2024-06-23,2024-07-15,2024-07-01,19.43,14,0,0,0.0,C00678,43,Regular,Bratislava,mobile
INT-001568,CMP-070,tv,2024-06-23,2024-07-15,2024-07-01,12.49,9,1,0,0.0,C01478,21,New,Eastern Slovakia,desktop
INT-001569,CMP-070,tv,2024-06-23,2024-07-15,2024-07-01,12.49,9,0,1,319.41,C02152,47,Loyal,Bratislava,mobile
INT-001570,CMP-070,tv,2024-06-23,2024-07-15,2024-07-01,15.26,11,0,0,0.0,C01838,35,Regular,Czech Republic,mobile
INT-001571,CMP-070,tv,2024-06-23,2024-07-15,2024-07-01,13.88,10,0,0,0.0,C01162,34,New,Central Slovakia,mobile
INT-001572,CMP-070,tv,2024-06-23,2024-07-15,2024-07-01,18.04,13,0,0,0.0,C00210,34,Regular,Bratislava,mobile
INT-001573,CMP-070,tv,2024-06-23,2024-07-15,2024-07-01,4.16,3,0,0,0.0,C01689,36,Regular,Bratislava,mobile
INT-001574,CMP-070,tv,2024-06-23,2024-07-15,2024-07-01,5.55,4,0,0,0.0,C00497,18,New,Central Slovakia,mobile
INT-001575,CMP-070,tv,2024-06-23,2024-07-15,2024-07-01,13.88,10,0,0,0.0,C00180,41,Loyal,Bratislava,mobile
INT-001576,CMP-070,tv,2024-06-23,2024-07-15,2024-07-01,11.1,8,0,0,0.0,C02016,40,Regular,Eastern Slovakia,desktop
INT-001577,CMP-070,tv,2024-06-23,2024-07-15,2024-07-01,11.1,8,0,1,259.96,C01099,50,Loyal,Central Slovakia,mobile
INT-001578,CMP-070,tv,2024-06-23,2024-07-15,2024-07-01,15.26,11,0,0,0.0,C01288,38,Regular,Central Slovakia,mobile
INT-001579,CMP-070,tv,2024-06-23,2024-07-15,2024-07-01,15.26,11,1,0,0.0,C00918,44,New,Eastern Slovakia,desktop
INT-001580,CMP-070,tv,2024-06-23,2024-07-15,2024-07-01,13.88,10,0,0,0.0,C00034,28,Loyal,Bratislava,desktop
INT-001581,CMP-070,tv,2024-06-23,2024-07-15,2024-07-01,16.65,12,0,0,0.0,C01213,36,New,Central Slovakia,desktop
INT-001582,CMP-070,tv,2024-06-23,2024-07-15,2024-07-01,20.81,15,0,0,0.0,C01014,18,Regular,Eastern Slovakia,mobile
INT-001583,CMP-070,tv,2024-06-23,2024-07-15,2024-07-01,22.2,16,0,2,745.57,C01238,45,Loyal,Bratislava,desktop
INT-001584,CMP-070,tv,2024-06-23,2024-07-15,2024-07-01,13.88,10,0,1,219.5,C01519,34,Regular,Central Slovakia,mobile
INT-001585,CMP-070,tv,2024-06-23,2024-07-15,2024-07-02,11.1,8,0,0,0.0,C00952,43,At-Risk,Bratislava,tablet
INT-001586,CMP-070,tv,2024-06-23,2024-07-15,2024-07-02,16.65,12,0,0,0.0,C00939,49,New,Western Slovakia,desktop
INT-001587,CMP-070,tv,2024-06-23,2024-07-15,2024-07-02,13.88,10,0,0,0.0,C01893,24,New,Eastern Slovakia,mobile
INT-001588,CMP-070,tv,2024-06-23,2024-07-15,2024-07-02,5.55,4,0,2,506.4,C01258,38,Loyal,Eastern Slovakia,desktop
INT-001589,CMP-070,tv,2024-06-23,2024-07-15,2024-07-02,12.49,9,0,0,0.0,C00645,34,At-Risk,Czech Republic,desktop
INT-001590,CMP-070,tv,2024-06-23,2024-07-15,2024-07-02,12.49,9,0,0,0.0,C00480,69,At-Risk,Bratislava,mobile
INT-001591,CMP-070,tv,2024-06-23,2024-07-15,2024-07-02,12.49,9,0,0,0.0,C00610,44,Regular,Bratislava,mobile
INT-001592,CMP-070,tv,2024-06-23,2024-07-15,2024-07-02,15.26,11,0,0,0.0,C00997,47,Regular,Eastern Slovakia,mobile
INT-001593,CMP-070,tv,2024-06-23,2024-07-15,2024-07-02,13.88,10,0,0,0.0,C01940,28,Regular,Bratislava,desktop
INT-001594,CMP-070,tv,2024-06-23,2024-07-15,2024-07-02,15.26,11,0,0,0.0,C01570,19,Loyal,Czech Republic,desktop
INT-001595,CMP-070,tv,2024-06-23,2024-07-15,2024-07-02,18.04,13,0,0,0.0,C00586,62,Regular,Bratislava,desktop
INT-001596,CMP-070,tv,2024-06-23,2024-07-15,2024-07-02,16.65,12,0,0,0.0,C00367,29,New,Bratislava,mobile
INT-001597,CMP-070,tv,2024-06-23,2024-07-15,2024-07-02,16.65,12,0,0,0.0,C01358,32,New,Eastern Slovakia,desktop
INT-001598,CMP-070,tv,2024-06-23,2024-07-15,2024-07-02,13.88,10,0,1,297.51,C00916,52,Loyal,Czech Republic,desktop
INT-001599,CMP-070,tv,2024-06-23,2024-07-15,2024-07-02,11.1,8,0,0,0.0,C01182,48,Regular,Bratislava,desktop
INT-001600,CMP-070,tv,2024-06-23,2024-07-15,2024-07-02,8.33,6,0,0,0.0,C00068,32,Loyal,Bratislava,desktop
INT-001601,CMP-070,tv,2024-06-23,2024-07-15,2024-07-02,12.49,9,1,0,0.0,C01363,18,Regular,Central Slovakia,mobile
INT-001602,CMP-070,tv,2024-06-23,2024-07-15,2024-07-02,18.04,13,0,0,0.0,C00176,40,Loyal,Central Slovakia,mobile
INT-001603,CMP-070,tv,2024-06-23,2024-07-15,2024-07-02,19.43,14,0,0,0.0,C00469,51,New,Czech Republic,mobile
INT-001604,CMP-070,tv,2024-06-23,2024-07-15,2024-07-02,19.43,14,0,0,0.0,C00116,32,Loyal,Central Slovakia,tablet
INT-001605,CMP-070,tv,2024-06-23,2024-07-15,2024-07-02,20.81,15,0,0,0.0,C01303,45,Regular,Eastern Slovakia,desktop
INT-001606,CMP-070,tv,2024-06-23,2024-07-15,2024-07-02,15.26,11,1,1,225.51,C01777,22,Regular,Western Slovakia,desktop
INT-001607,CMP-070,tv,2024-06-23,2024-07-15,2024-07-02,12.49,9,1,0,0.0,C01957,49,New,Czech Republic,mobile
INT-001608,CMP-070,tv,2024-06-23,2024-07-15,2024-07-03,23.59,17,0,1,237.37,C00640,44,New,Bratislava,mobile
INT-001609,CMP-070,tv,2024-06-23,2024-07-15,2024-07-03,11.1,8,0,0,0.0,C01830,35,Regular,Bratislava,desktop
INT-001610,CMP-070,tv,2024-06-23,2024-07-15,2024-07-03,8.33,6,0,0,0.0,C00163,64,Regular,Central Slovakia,mobile
INT-001611,CMP-070,tv,2024-06-23,2024-07-15,2024-07-03,12.49,9,0,1,158.35,C00868,33,Regular,Czech Republic,desktop
INT-001612,CMP-070,tv,2024-06-23,2024-07-15,2024-07-03,18.04,13,0,0,0.0,C02088,32,New,Central Slovakia,tablet
INT-001613,CMP-070,tv,2024-06-23,2024-07-15,2024-07-03,13.88,10,0,1,298.8,C01842,38,Loyal,Czech Republic,mobile
INT-001614,CMP-070,tv,2024-06-23,2024-07-15,2024-07-03,23.59,17,0,0,0.0,C00800,38,New,Eastern Slovakia,desktop
INT-001615,CMP-070,tv,2024-06-23,2024-07-15,2024-07-03,5.55,4,0,0,0.0,C00351,42,Regular,Western Slovakia,desktop
INT-001616,CMP-070,tv,2024-06-23,2024-07-15,2024-07-03,19.43,14,0,0,0.0,C01414,53,Regular,Eastern Slovakia,desktop
INT-001617,CMP-070,tv,2024-06-23,2024-07-15,2024-07-03,12.49,9,0,0,0.0,C01368,54,New,Bratislava,desktop
INT-001618,CMP-070,tv,2024-06-23,2024-07-15,2024-07-03,22.2,16,0,0,0.0,C00283,49,Loyal,Western Slovakia,mobile
INT-001619,CMP-070,tv,2024-06-23,2024-07-15,2024-07-03,15.26,11,0,0,0.0,C01012,55,Loyal,Bratislava,tablet
INT-001620,CMP-070,tv,2024-06-23,2024-07-15,2024-07-03,13.88,10,1,0,0.0,C00332,46,Loyal,Czech Republic,tablet
INT-001621,CMP-070,tv,2024-06-23,2024-07-15,2024-07-03,16.65,12,0,0,0.0,C01114,35,Regular,Bratislava,mobile
INT-001622,CMP-070,tv,2024-06-23,2024-07-15,2024-07-03,12.49,9,0,0,0.0,C01562,40,New,Central Slovakia,mobile
INT-001623,CMP-070,tv,2024-06-23,2024-07-15,2024-07-03,9.71,7,0,0,0.0,C00967,35,Regular,Bratislava,mobile
INT-001624,CMP-070,tv,2024-06-23,2024-07-15,2024-07-04,5.55,4,1,0,0.0,C00970,38,Regular,Western Slovakia,mobile
INT-001625,CMP-070,tv,2024-06-23,2024-07-15,2024-07-04,18.04,13,1,0,0.0,C02159,46,Loyal,Bratislava,mobile
INT-001626,CMP-070,tv,2024-06-23,2024-07-15,2024-07-04,9.71,7,0,0,0.0,C00665,37,Regular,Bratislava,mobile
INT-001627,CMP-070,tv,2024-06-23,2024-07-15,2024-07-04,15.26,11,0,0,0.0,C00609,18,Loyal,Central Slovakia,desktop
INT-001628,CMP-070,tv,2024-06-23,2024-07-15,2024-07-04,13.88,10,0,0,0.0,C01031,52,Regular,Bratislava,tablet
INT-001629,CMP-070,tv,2024-06-23,2024-07-15,2024-07-04,15.26,11,1,0,0.0,C01560,36,Loyal,Eastern Slovakia,tablet
INT-001630,CMP-070,tv,2024-06-23,2024-07-15,2024-07-04,11.1,8,0,0,0.0,C00421,39,Regular,Western Slovakia,mobile
INT-001631,CMP-070,tv,2024-06-23,2024-07-15,2024-07-04,16.65,12,0,0,0.0,C01157,38,Regular,Bratislava,desktop
INT-001632,CMP-070,tv,2024-06-23,2024-07-15,2024-07-04,11.1,8,0,0,0.0,C00890,18,Regular,Bratislava,mobile
INT-001633,CMP-070,tv,2024-06-23,2024-07-15,2024-07-04,18.04,13,0,0,0.0,C00442,42,Regular,Bratislava,desktop
INT-001634,CMP-070,tv,2024-06-23,2024-07-15,2024-07-04,19.43,14,0,2,602.31,C00155,37,Loyal,Central Slovakia,desktop
INT-001635,CMP-070,tv,2024-06-23,2024-07-15,2024-07-04,18.04,13,1,1,239.82,C00755,59,New,Bratislava,mobile
INT-001636,CMP-070,tv,2024-06-23,2024-07-15,2024-07-04,11.1,8,0,0,0.0,C00182,41,Loyal,Western Slovakia,desktop
INT-001637,CMP-070,tv,2024-06-23,2024-07-15,2024-07-04,18.04,13,0,0,0.0,C02043,61,New,Eastern Slovakia,mobile
INT-001638,CMP-070,tv,2024-06-23,2024-07-15,2024-07-04,15.26,11,0,0,0.0,C01065,30,New,Bratislava,desktop
INT-001639,CMP-070,tv,2024-06-23,2024-07-15,2024-07-04,22.2,16,0,0,0.0,C00397,47,Loyal,Bratislava,mobile
INT-001640,CMP-070,tv,2024-06-23,2024-07-15,2024-07-04,16.65,12,0,0,0.0,C00559,23,New,Central Slovakia,mobile
INT-001641,CMP-070,tv,2024-06-23,2024-07-15,2024-07-04,19.43,14,0,0,0.0,C01354,42,New,Central Slovakia,mobile
INT-001642,CMP-070,tv,2024-06-23,2024-07-15,2024-07-04,11.1,8,0,0,0.0,C02014,38,Loyal,Bratislava,tablet
INT-001643,CMP-070,tv,2024-06-23,2024-07-15,2024-07-04,15.26,11,0,0,0.0,C00212,22,Regular,Czech Republic,desktop
INT-001644,CMP-070,tv,2024-06-23,2024-07-15,2024-07-05,15.26,11,0,0,0.0,C01872,31,Loyal,Western Slovakia,mobile
INT-001645,CMP-070,tv,2024-06-23,2024-07-15,2024-07-05,13.88,10,0,0,0.0,C00401,36,At-Risk,Bratislava,tablet
INT-001646,CMP-070,tv,2024-06-23,2024-07-15,2024-07-05,11.1,8,0,0,0.0,C02031,54,New,Eastern Slovakia,mobile
INT-001647,CMP-070,tv,2024-06-23,2024-07-15,2024-07-05,8.33,6,1,0,0.0,C01351,35,New,Western Slovakia,mobile
INT-001648,CMP-070,tv,2024-06-23,2024-07-15,2024-07-05,16.65,12,0,1,454.86,C01976,47,Loyal,Bratislava,mobile
INT-001649,CMP-070,tv,2024-06-23,2024-07-15,2024-07-05,15.26,11,2,0,0.0,C00937,24,Loyal,Bratislava,desktop
INT-001650,CMP-070,tv,2024-06-23,2024-07-15,2024-07-05,19.43,14,0,0,0.0,C00854,38,Loyal,Western Slovakia,mobile
INT-001651,CMP-070,tv,2024-06-23,2024-07-15,2024-07-05,13.88,10,0,0,0.0,C01467,23,Loyal,Eastern Slovakia,desktop
INT-001652,CMP-070,tv,2024-06-23,2024-07-15,2024-07-05,6.94,5,0,0,0.0,C01409,38,Loyal,Central Slovakia,desktop
INT-001653,CMP-070,tv,2024-06-23,2024-07-15,2024-07-05,12.49,9,1,0,0.0,C01961,40,Loyal,Bratislava,tablet
INT-001654,CMP-070,tv,2024-06-23,2024-07-15,2024-07-05,22.2,16,0,1,327.53,C02166,53,Loyal,Bratislava,mobile
INT-001655,CMP-070,tv,2024-06-23,2024-07-15,2024-07-05,12.49,9,0,0,0.0,C01868,46,Loyal,Central Slovakia,mobile
INT-001656,CMP-070,tv,2024-06-23,2024-07-15,2024-07-05,13.88,10,0,0,0.0,C01483,39,Regular,Western Slovakia,desktop
INT-001657,CMP-070,tv,2024-06-23,2024-07-15,2024-07-05,8.33,6,0,0,0.0,C00634,18,Regular,Bratislava,mobile
INT-001658,CMP-070,tv,2024-06-23,2024-07-15,2024-07-05,8.33,6,0,0,0.0,C01653,44,Loyal,Eastern Slovakia,mobile
INT-001659,CMP-070,tv,2024-06-23,2024-07-15,2024-07-05,15.26,11,0,0,0.0,C01048,45,Regular,Western Slovakia,desktop
INT-001660,CMP-070,tv,2024-06-23,2024-07-15,2024-07-05,12.49,9,0,0,0.0,C00855,41,Regular,Bratislava,mobile
INT-001661,CMP-070,tv,2024-06-23,2024-07-15,2024-07-05,20.81,15,0,0,0.0,C00525,55,Loyal,Central Slovakia,mobile
INT-001662,CMP-070,tv,2024-06-23,2024-07-15,2024-07-05,15.26,11,0,1,278.31,C00242,37,Regular,Bratislava,mobile
INT-001663,CMP-070,tv,2024-06-23,2024-07-15,2024-07-06,12.49,9,0,0,0.0,C00809,34,New,Western Slovakia,mobile
INT-001664,CMP-070,tv,2024-06-23,2024-07-15,2024-07-06,15.26,11,0,0,0.0,C00456,40,Regular,Central Slovakia,mobile
INT-001665,CMP-070,tv,2024-06-23,2024-07-15,2024-07-06,12.49,9,0,0,0.0,C01535,62,Regular,Central Slovakia,mobile
INT-001666,CMP-070,tv,2024-06-23,2024-07-15,2024-07-06,19.43,14,0,0,0.0,C00345,57,New,Western Slovakia,desktop
INT-001667,CMP-070,tv,2024-06-23,2024-07-15,2024-07-06,11.1,8,0,0,0.0,C01742,56,Regular,Bratislava,mobile
INT-001668,CMP-070,tv,2024-06-23,2024-07-15,2024-07-06,13.88,10,0,0,0.0,C01262,39,Loyal,Central Slovakia,mobile
INT-001669,CMP-070,tv,2024-06-23,2024-07-15,2024-07-06,19.43,14,0,0,0.0,C01550,43,New,Eastern Slovakia,mobile
INT-001670,CMP-070,tv,2024-06-23,2024-07-15,2024-07-06,16.65,12,0,0,0.0,C00011,49,Loyal,Western Slovakia,mobile
INT-001671,CMP-070,tv,2024-06-23,2024-07-15,2024-07-06,15.26,11,0,0,0.0,C00568,30,Regular,Western Slovakia,tablet
INT-001672,CMP-070,tv,2024-06-23,2024-07-15,2024-07-06,16.65,12,0,1,520.95,C00416,40,Loyal,Bratislava,desktop
INT-001673,CMP-070,tv,2024-06-23,2024-07-15,2024-07-06,15.26,11,0,0,0.0,C00166,27,New,Bratislava,mobile
INT-001674,CMP-070,tv,2024-06-23,2024-07-15,2024-07-06,23.59,17,0,0,0.0,C01186,21,Regular,Central Slovakia,mobile
INT-001675,CMP-070,tv,2024-06-23,2024-07-15,2024-07-06,12.49,9,0,0,0.0,C02015,57,Loyal,Central Slovakia,mobile
INT-001676,CMP-070,tv,2024-06-23,2024-07-15,2024-07-06,15.26,11,0,0,0.0,C00188,23,Regular,Central Slovakia,desktop
INT-001677,CMP-070,tv,2024-06-23,2024-07-15,2024-07-06,9.71,7,0,0,0.0,C01813,41,New,Bratislava,desktop
INT-001678,CMP-070,tv,2024-06-23,2024-07-15,2024-07-06,18.04,13,0,0,0.0,C00980,43,Regular,Central Slovakia,desktop
INT-001679,CMP-070,tv,2024-06-23,2024-07-15,2024-07-06,13.88,10,0,0,0.0,C00591,23,Loyal,Bratislava,desktop
INT-001680,CMP-070,tv,2024-06-23,2024-07-15,2024-07-06,16.65,12,0,0,0.0,C00233,42,New,Eastern Slovakia,mobile
INT-001681,CMP-070,tv,2024-06-23,2024-07-15,2024-07-06,18.04,13,0,0,0.0,C00235,29,Loyal,Czech Republic,tablet
INT-001682,CMP-070,tv,2024-06-23,2024-07-15,2024-07-06,13.88,10,0,0,0.0,C01966,44,New,Bratislava,desktop
INT-001683,CMP-070,tv,2024-06-23,2024-07-15,2024-07-06,13.88,10,0,0,0.0,C00951,18,Loyal,Central Slovakia,desktop
INT-001684,CMP-070,tv,2024-06-23,2024-07-15,2024-07-06,18.04,13,0,0,0.0,C01217,18,Regular,Bratislava,mobile
INT-001685,CMP-070,tv,2024-06-23,2024-07-15,2024-07-06,12.49,9,0,0,0.0,C01770,72,Loyal,Western Slovakia,mobile
INT-001686,CMP-070,tv,2024-06-23,2024-07-15,2024-07-06,15.26,11,0,0,0.0,C01236,28,Loyal,Bratislava,mobile
INT-001687,CMP-070,tv,2024-06-23,2024-07-15,2024-07-07,6.94,5,0,0,0.0,C00948,18,New,Western Slovakia,desktop
INT-001688,CMP-070,tv,2024-06-23,2024-07-15,2024-07-07,18.04,13,0,1,218.21,C00093,33,Loyal,Czech Republic,mobile
INT-001689,CMP-070,tv,2024-06-23,2024-07-15,2024-07-07,12.49,9,0,0,0.0,C01445,36,Loyal,Bratislava,mobile
INT-001690,CMP-070,tv,2024-06-23,2024-07-15,2024-07-07,16.65,12,0,0,0.0,C01265,37,At-Risk,Bratislava,desktop
INT-001691,CMP-070,tv,2024-06-23,2024-07-15,2024-07-07,18.04,13,0,0,0.0,C01270,45,Loyal,Bratislava,mobile
INT-001692,CMP-070,tv,2024-06-23,2024-07-15,2024-07-07,15.26,11,0,0,0.0,C00930,39,Regular,Eastern Slovakia,mobile
INT-001693,CMP-070,tv,2024-06-23,2024-07-15,2024-07-07,15.26,11,0,0,0.0,C00265,44,New,Central Slovakia,desktop
INT-001694,CMP-070,tv,2024-06-23,2024-07-15,2024-07-07,19.43,14,0,1,148.03,C01928,26,At-Risk,Eastern Slovakia,mobile
INT-001695,CMP-070,tv,2024-06-23,2024-07-15,2024-07-07,9.71,7,0,0,0.0,C01717,31,Regular,Central Slovakia,mobile
INT-001696,CMP-070,tv,2024-06-23,2024-07-15,2024-07-07,16.65,12,0,0,0.0,C01832,39,New,Bratislava,mobile
INT-001697,CMP-070,tv,2024-06-23,2024-07-15,2024-07-07,15.26,11,0,0,0.0,C00778,43,Loyal,Bratislava,mobile
INT-001698,CMP-070,tv,2024-06-23,2024-07-15,2024-07-07,13.88,10,0,0,0.0,C01309,18,Regular,Bratislava,mobile
INT-001699,CMP-070,tv,2024-06-23,2024-07-15,2024-07-07,6.94,5,0,0,0.0,C01071,36,New,Western Slovakia,mobile
INT-001700,CMP-070,tv,2024-06-23,2024-07-15,2024-07-07,13.88,10,0,0,0.0,C01299,24,New,Czech Republic,mobile
INT-001701,CMP-070,tv,2024-06-23,2024-07-15,2024-07-07,18.04,13,0,0,0.0,C01110,48,Regular,Bratislava,mobile
INT-001702,CMP-070,tv,2024-06-23,2024-07-15,2024-07-07,12.49,9,0,0,0.0,C00079,46,Regular,Bratislava,desktop
INT-001703,CMP-070,tv,2024-06-23,2024-07-15,2024-07-07,16.65,12,0,0,0.0,C01908,40,New,Czech Republic,tablet
INT-001704,CMP-070,tv,2024-06-23,2024-07-15,2024-07-08,12.49,9,1,0,0.0,C00472,33,Loyal,Bratislava,mobile
INT-001705,CMP-070,tv,2024-06-23,2024-07-15,2024-07-08,13.88,10,0,0,0.0,C00267,40,New,Western Slovakia,mobile
INT-001706,CMP-070,tv,2024-06-23,2024-07-15,2024-07-08,9.71,7,0,0,0.0,C02068,38,Loyal,Central Slovakia,mobile
INT-001707,CMP-070,tv,2024-06-23,2024-07-15,2024-07-08,16.65,12,0,0,0.0,C01357,33,New,Central Slovakia,mobile
INT-001708,CMP-070,tv,2024-06-23,2024-07-15,2024-07-08,15.26,11,0,0,0.0,C00533,33,Regular,Western Slovakia,desktop
INT-001709,CMP-070,tv,2024-06-23,2024-07-15,2024-07-08,13.88,10,0,1,157.19,C00261,35,Regular,Eastern Slovakia,desktop
INT-001710,CMP-070,tv,2024-06-23,2024-07-15,2024-07-08,23.59,17,0,0,0.0,C01654,33,Regular,Eastern Slovakia,desktop
INT-001711,CMP-070,tv,2024-06-23,2024-07-15,2024-07-08,15.26,11,0,0,0.0,C00797,50,Regular,Western Slovakia,desktop
INT-001712,CMP-070,tv,2024-06-23,2024-07-15,2024-07-08,13.88,10,1,1,319.82,C00341,18,Loyal,Western Slovakia,tablet
INT-001713,CMP-070,tv,2024-06-23,2024-07-15,2024-07-08,19.43,14,0,0,0.0,C00676,42,Regular,Bratislava,mobile
INT-001714,CMP-070,tv,2024-06-23,2024-07-15,2024-07-08,11.1,8,0,0,0.0,C01947,29,New,Eastern Slovakia,desktop
INT-001715,CMP-070,tv,2024-06-23,2024-07-15,2024-07-08,11.1,8,0,0,0.0,C00631,57,New,Bratislava,desktop
INT-001716,CMP-070,tv,2024-06-23,2024-07-15,2024-07-08,15.26,11,0,0,0.0,C02012,59,At-Risk,Eastern Slovakia,mobile
INT-001717,CMP-070,tv,2024-06-23,2024-07-15,2024-07-08,16.65,12,0,0,0.0,C00384,23,Regular,Eastern Slovakia,mobile
INT-001718,CMP-070,tv,2024-06-23,2024-07-15,2024-07-09,19.43,14,0,1,507.52,C01018,35,Loyal,Bratislava,desktop
INT-001719,CMP-070,tv,2024-06-23,2024-07-15,2024-07-09,12.49,9,0,0,0.0,C01184,46,New,Bratislava,desktop
INT-001720,CMP-070,tv,2024-06-23,2024-07-15,2024-07-09,6.94,5,0,0,0.0,C00772,54,Loyal,Central Slovakia,desktop
INT-001721,CMP-070,tv,2024-06-23,2024-07-15,2024-07-09,18.04,13,0,0,0.0,C00569,45,Regular,Central Slovakia,mobile
INT-001722,CMP-070,tv,2024-06-23,2024-07-15,2024-07-09,19.43,14,0,0,0.0,C01818,49,Loyal,Eastern Slovakia,mobile
INT-001723,CMP-070,tv,2024-06-23,2024-07-15,2024-07-09,18.04,13,0,0,0.0,C01221,37,Regular,Central Slovakia,desktop
INT-001724,CMP-070,tv,2024-06-23,2024-07-15,2024-07-09,12.49,9,0,0,0.0,C01327,42,Loyal,Central Slovakia,mobile
INT-001725,CMP-070,tv,2024-06-23,2024-07-15,2024-07-09,11.1,8,0,0,0.0,C00503,29,Loyal,Bratislava,tablet
INT-001726,CMP-070,tv,2024-06-23,2024-07-15,2024-07-09,16.65,12,0,0,0.0,C01970,48,Loyal,Central Slovakia,desktop
INT-001727,CMP-070,tv,2024-06-23,2024-07-15,2024-07-09,19.43,14,0,0,0.0,C01517,29,Regular,Eastern Slovakia,desktop
INT-001728,CMP-070,tv,2024-06-23,2024-07-15,2024-07-09,18.04,13,0,2,643.79,C01210,42,Loyal,Eastern Slovakia,desktop
INT-001729,CMP-070,tv,2024-06-23,2024-07-15,2024-07-09,12.49,9,0,0,0.0,C00943,44,Regular,Czech Republic,desktop
INT-001730,CMP-070,tv,2024-06-23,2024-07-15,2024-07-09,16.65,12,0,0,0.0,C01276,38,Regular,Eastern Slovakia,mobile
INT-001731,CMP-070,tv,2024-06-23,2024-07-15,2024-07-09,15.26,11,0,0,0.0,C01545,54,Regular,Central Slovakia,desktop
INT-001732,CMP-070,tv,2024-06-23,2024-07-15,2024-07-09,20.81,15,0,0,0.0,C00897,30,Loyal,Eastern Slovakia,mobile
INT-001733,CMP-070,tv,2024-06-23,2024-07-15,2024-07-09,11.1,8,0,0,0.0,C00087,32,Loyal,Central Slovakia,mobile
INT-001734,CMP-070,tv,2024-06-23,2024-07-15,2024-07-10,6.94,5,0,0,0.0,C01843,49,Loyal,Czech Republic,mobile
INT-001735,CMP-070,tv,2024-06-23,2024-07-15,2024-07-10,11.1,8,0,0,0.0,C00693,49,Loyal,Western Slovakia,desktop
INT-001736,CMP-070,tv,2024-06-23,2024-07-15,2024-07-10,16.65,12,0,0,0.0,C01155,46,Loyal,Central Slovakia,mobile
INT-001737,CMP-070,tv,2024-06-23,2024-07-15,2024-07-10,16.65,12,0,0,0.0,C01109,54,Regular,Central Slovakia,mobile
INT-001738,CMP-070,tv,2024-06-23,2024-07-15,2024-07-10,11.1,8,0,0,0.0,C01013,32,New,Bratislava,desktop
INT-001739,CMP-070,tv,2024-06-23,2024-07-15,2024-07-10,15.26,11,1,0,0.0,C02036,47,New,Eastern Slovakia,mobile
INT-001740,CMP-070,tv,2024-06-23,2024-07-15,2024-07-10,12.49,9,0,0,0.0,C00298,34,New,Central Slovakia,desktop
INT-001741,CMP-070,tv,2024-06-23,2024-07-15,2024-07-10,16.65,12,0,0,0.0,C00733,45,New,Bratislava,tablet
INT-001742,CMP-070,tv,2024-06-23,2024-07-15,2024-07-10,8.33,6,0,0,0.0,C01604,21,Regular,Bratislava,desktop
INT-001743,CMP-070,tv,2024-06-23,2024-07-15,2024-07-10,18.04,13,0,0,0.0,C01310,34,Regular,Bratislava,tablet
INT-001744,CMP-070,tv,2024-06-23,2024-07-15,2024-07-10,15.26,11,0,0,0.0,C00426,34,Regular,Central Slovakia,mobile
INT-001745,CMP-070,tv,2024-06-23,2024-07-15,2024-07-10,9.71,7,0,0,0.0,C01225,27,Regular,Western Slovakia,mobile
INT-001746,CMP-070,tv,2024-06-23,2024-07-15,2024-07-10,18.04,13,0,0,0.0,C02162,27,New,Bratislava,tablet
INT-001747,CMP-070,tv,2024-06-23,2024-07-15,2024-07-10,18.04,13,0,0,0.0,C01723,30,Regular,Western Slovakia,mobile
INT-001748,CMP-070,tv,2024-06-23,2024-07-15,2024-07-10,13.88,10,1,0,0.0,C01652,53,Loyal,Bratislava,mobile
INT-001749,CMP-070,tv,2024-06-23,2024-07-15,2024-07-10,11.1,8,0,0,0.0,C02087,37,New,Bratislava,mobile
INT-001750,CMP-070,tv,2024-06-23,2024-07-15,2024-07-10,8.33,6,0,0,0.0,C01743,44,New,Bratislava,mobile
INT-001751,CMP-070,tv,2024-06-23,2024-07-15,2024-07-10,8.33,6,1,0,0.0,C02198,38,Regular,Bratislava,desktop
INT-001752,CMP-070,tv,2024-06-23,2024-07-15,2024-07-10,26.36,19,0,0,0.0,C00035,45,New,Eastern Slovakia,mobile
INT-001753,CMP-070,tv,2024-06-23,2024-07-15,2024-07-10,12.49,9,0,0,0.0,C01462,29,Loyal,Bratislava,mobile
INT-001754,CMP-070,tv,2024-06-23,2024-07-15,2024-07-10,13.88,10,0,0,0.0,C01460,42,Loyal,Bratislava,desktop
INT-001755,CMP-070,tv,2024-06-23,2024-07-15,2024-07-10,11.1,8,0,0,0.0,C01790,50,Loyal,Central Slovakia,mobile
INT-001756,CMP-070,tv,2024-06-23,2024-07-15,2024-07-11,22.2,16,0,0,0.0,C01406,46,New,Eastern Slovakia,mobile
INT-001757,CMP-070,tv,2024-06-23,2024-07-15,2024-07-11,12.49,9,0,0,0.0,C00616,23,New,Western Slovakia,mobile
INT-001758,CMP-070,tv,2024-06-23,2024-07-15,2024-07-11,18.04,13,1,1,465.23,C01332,25,Loyal,Czech Republic,desktop
INT-001759,CMP-070,tv,2024-06-23,2024-07-15,2024-07-11,13.88,10,0,0,0.0,C01169,33,New,Central Slovakia,tablet
INT-001760,CMP-070,tv,2024-06-23,2024-07-15,2024-07-11,9.71,7,0,0,0.0,C00608,43,Regular,Central Slovakia,desktop
INT-001761,CMP-070,tv,2024-06-23,2024-07-15,2024-07-11,9.71,7,0,0,0.0,C01915,52,Regular,Eastern Slovakia,mobile
INT-001762,CMP-070,tv,2024-06-23,2024-07-15,2024-07-11,13.88,10,0,0,0.0,C00751,38,Loyal,Bratislava,mobile
INT-001763,CMP-070,tv,2024-06-23,2024-07-15,2024-07-11,22.2,16,0,0,0.0,C01997,42,Loyal,Central Slovakia,desktop
INT-001764,CMP-070,tv,2024-06-23,2024-07-15,2024-07-11,13.88,10,0,0,0.0,C01774,58,At-Risk,Bratislava,tablet
INT-001765,CMP-070,tv,2024-06-23,2024-07-15,2024-07-11,13.88,10,0,0,0.0,C01072,25,Regular,Bratislava,desktop
INT-001766,CMP-070,tv,2024-06-23,2024-07-15,2024-07-11,12.49,9,0,0,0.0,C02069,44,Loyal,Bratislava,mobile
INT-001767,CMP-070,tv,2024-06-23,2024-07-15,2024-07-11,23.59,17,0,0,0.0,C01686,46,New,Bratislava,desktop
INT-001768,CMP-070,tv,2024-06-23,2024-07-15,2024-07-11,15.26,11,0,1,181.23,C00016,28,New,Bratislava,desktop
INT-001769,CMP-070,tv,2024-06-23,2024-07-15,2024-07-11,15.26,11,0,0,0.0,C00988,42,New,Bratislava,tablet
INT-001770,CMP-070,tv,2024-06-23,2024-07-15,2024-07-11,16.65,12,0,0,0.0,C02000,65,Loyal,Eastern Slovakia,desktop
INT-001771,CMP-070,tv,2024-06-23,2024-07-15,2024-07-11,11.1,8,0,0,0.0,C01780,56,At-Risk,Western Slovakia,desktop
INT-001772,CMP-070,tv,2024-06-23,2024-07-15,2024-07-11,11.1,8,0,0,0.0,C01198,27,Loyal,Bratislava,mobile
INT-001773,CMP-070,tv,2024-06-23,2024-07-15,2024-07-11,11.1,8,0,0,0.0,C00042,45,Loyal,Eastern Slovakia,mobile
INT-001774,CMP-070,tv,2024-06-23,2024-07-15,2024-07-11,16.65,12,0,0,0.0,C01216,21,Loyal,Central Slovakia,mobile
INT-001775,CMP-070,tv,2024-06-23,2024-07-15,2024-07-11,12.49,9,0,0,0.0,C02077,38,New,Western Slovakia,tablet
INT-001776,CMP-070,tv,2024-06-23,2024-07-15,2024-07-11,11.1,8,1,0,0.0,C01192,50,New,Eastern Slovakia,desktop
INT-001777,CMP-070,tv,2024-06-23,2024-07-15,2024-07-11,16.65,12,0,0,0.0,C01279,42,Loyal,Czech Republic,desktop
INT-001778,CMP-070,tv,2024-06-23,2024-07-15,2024-07-11,6.94,5,0,0,0.0,C00787,39,Regular,Bratislava,mobile
INT-001779,CMP-070,tv,2024-06-23,2024-07-15,2024-07-12,16.65,12,0,0,0.0,C01073,35,Loyal,Western Slovakia,mobile
INT-001780,CMP-070,tv,2024-06-23,2024-07-15,2024-07-12,16.65,12,0,0,0.0,C00962,40,Loyal,Eastern Slovakia,mobile
INT-001781,CMP-070,tv,2024-06-23,2024-07-15,2024-07-12,15.26,11,0,0,0.0,C01925,37,Loyal,Bratislava,tablet
INT-001782,CMP-070,tv,2024-06-23,2024-07-15,2024-07-12,22.2,16,0,0,0.0,C01954,30,Regular,Central Slovakia,mobile
INT-001783,CMP-070,tv,2024-06-23,2024-07-15,2024-07-12,9.71,7,0,0,0.0,C00249,73,Loyal,Central Slovakia,desktop
INT-001784,CMP-070,tv,2024-06-23,2024-07-15,2024-07-12,11.1,8,1,0,0.0,C01000,48,Regular,Western Slovakia,desktop
INT-001785,CMP-070,tv,2024-06-23,2024-07-15,2024-07-12,11.1,8,0,0,0.0,C00532,27,New,Bratislava,mobile
INT-001786,CMP-070,tv,2024-06-23,2024-07-15,2024-07-12,15.26,11,0,0,0.0,C02062,59,Loyal,Bratislava,mobile
INT-001787,CMP-070,tv,2024-06-23,2024-07-15,2024-07-12,15.26,11,0,0,0.0,C01531,45,New,Western Slovakia,mobile
INT-001788,CMP-070,tv,2024-06-23,2024-07-15,2024-07-12,11.1,8,0,0,0.0,C02045,21,Loyal,Eastern Slovakia,desktop
INT-001789,CMP-070,tv,2024-06-23,2024-07-15,2024-07-12,11.1,8,0,0,0.0,C01113,24,Regular,Bratislava,mobile
INT-001790,CMP-070,tv,2024-06-23,2024-07-15,2024-07-12,16.65,12,0,0,0.0,C00966,22,Loyal,Western Slovakia,desktop
INT-001791,CMP-070,tv,2024-06-23,2024-07-15,2024-07-12,11.1,8,0,0,0.0,C01553,31,Regular,Central Slovakia,mobile
INT-001792,CMP-070,tv,2024-06-23,2024-07-15,2024-07-12,9.71,7,1,1,320.42,C01668,38,Regular,Bratislava,desktop
INT-001793,CMP-070,tv,2024-06-23,2024-07-15,2024-07-12,8.33,6,0,0,0.0,C01833,25,Loyal,Western Slovakia,desktop
INT-001794,CMP-070,tv,2024-06-23,2024-07-15,2024-07-12,8.33,6,0,0,0.0,C01196,62,Regular,Bratislava,mobile
INT-001795,CMP-070,tv,2024-06-23,2024-07-15,2024-07-12,12.49,9,0,0,0.0,C00164,28,Regular,Western Slovakia,mobile
INT-001796,CMP-070,tv,2024-06-23,2024-07-15,2024-07-12,15.26,11,0,0,0.0,C01751,29,Loyal,Western Slovakia,mobile
INT-001797,CMP-070,tv,2024-06-23,2024-07-15,2024-07-12,16.65,12,0,0,0.0,C01934,54,Regular,Eastern Slovakia,mobile
INT-001798,CMP-070,tv,2024-06-23,2024-07-15,2024-07-12,12.49,9,0,0,0.0,C01037,50,Regular,Eastern Slovakia,mobile
INT-001799,CMP-070,tv,2024-06-23,2024-07-15,2024-07-12,15.26,11,0,0,0.0,C02083,24,New,Central Slovakia,mobile
INT-001800,CMP-070,tv,2024-06-23,2024-07-15,2024-07-12,13.88,10,0,0,0.0,C01767,23,New,Central Slovakia,tablet
INT-001801,CMP-070,tv,2024-06-23,2024-07-15,2024-07-12,18.04,13,0,0,0.0,C00256,47,New,Bratislava,desktop
INT-001802,CMP-070,tv,2024-06-23,2024-07-15,2024-07-12,12.49,9,0,0,0.0,C00527,55,Regular,Western Slovakia,desktop
INT-001803,CMP-070,tv,2024-06-23,2024-07-15,2024-07-12,12.49,9,0,0,0.0,C01127,59,New,Czech Republic,mobile
INT-001804,CMP-070,tv,2024-06-23,2024-07-15,2024-07-12,12.49,9,0,0,0.0,C01290,48,Regular,Western Slovakia,desktop
INT-001805,CMP-070,tv,2024-06-23,2024-07-15,2024-07-12,19.43,14,0,0,0.0,C01439,23,Regular,Eastern Slovakia,mobile
INT-001806,CMP-070,tv,2024-06-23,2024-07-15,2024-07-13,11.1,8,0,1,224.95,C02029,40,New,Bratislava,desktop
INT-001807,CMP-070,tv,2024-06-23,2024-07-15,2024-07-13,16.65,12,0,0,0.0,C01376,42,Regular,Bratislava,mobile
INT-001808,CMP-070,tv,2024-06-23,2024-07-15,2024-07-13,12.49,9,0,0,0.0,C01614,39,Regular,Western Slovakia,tablet
INT-001809,CMP-070,tv,2024-06-23,2024-07-15,2024-07-13,16.65,12,0,0,0.0,C01232,25,Loyal,Western Slovakia,mobile
INT-001810,CMP-070,tv,2024-06-23,2024-07-15,2024-07-13,18.04,13,0,0,0.0,C00115,39,Regular,Bratislava,mobile
INT-001811,CMP-070,tv,2024-06-23,2024-07-15,2024-07-13,23.59,17,0,0,0.0,C01433,28,Regular,Eastern Slovakia,mobile
INT-001812,CMP-070,tv,2024-06-23,2024-07-15,2024-07-13,13.88,10,0,0,0.0,C00398,41,Loyal,Central Slovakia,desktop
INT-001813,CMP-070,tv,2024-06-23,2024-07-15,2024-07-13,12.49,9,0,0,0.0,C01033,32,New,Western Slovakia,mobile
INT-001814,CMP-070,tv,2024-06-23,2024-07-15,2024-07-13,13.88,10,0,0,0.0,C01119,42,New,Bratislava,mobile
INT-001815,CMP-070,tv,2024-06-23,2024-07-15,2024-07-13,16.65,12,0,0,0.0,C00246,23,Regular,Central Slovakia,mobile
INT-001816,CMP-070,tv,2024-06-23,2024-07-15,2024-07-13,9.71,7,0,0,0.0,C00817,33,Regular,Western Slovakia,mobile
INT-001817,CMP-070,tv,2024-06-23,2024-07-15,2024-07-13,9.71,7,0,0,0.0,C00601,44,Regular,Bratislava,mobile
INT-001818,CMP-070,tv,2024-06-23,2024-07-15,2024-07-13,19.43,14,0,0,0.0,C00542,28,New,Eastern Slovakia,mobile
INT-001819,CMP-070,tv,2024-06-23,2024-07-15,2024-07-13,18.04,13,0,0,0.0,C00935,42,New,Bratislava,mobile
INT-001820,CMP-070,tv,2024-06-23,2024-07-15,2024-07-13,12.49,9,0,0,0.0,C02081,43,New,Bratislava,mobile
INT-001821,CMP-070,tv,2024-06-23,2024-07-15,2024-07-13,12.49,9,0,0,0.0,C02030,32,Loyal,Western Slovakia,mobile
INT-001822,CMP-070,tv,2024-06-23,2024-07-15,2024-07-13,16.65,12,0,0,0.0,C02158,28,Regular,Bratislava,desktop
INT-001823,CMP-070,tv,2024-06-23,2024-07-15,2024-07-13,8.33,6,0,0,0.0,C01348,29,At-Risk,Czech Republic,desktop
INT-001824,CMP-070,tv,2024-06-23,2024-07-15,2024-07-13,13.88,10,0,0,0.0,C01869,34,Regular,Western Slovakia,mobile
INT-001825,CMP-070,tv,2024-06-23,2024-07-15,2024-07-13,15.26,11,0,2,537.62,C00160,24,At-Risk,Czech Republic,desktop
INT-001826,CMP-070,tv,2024-06-23,2024-07-15,2024-07-13,6.94,5,0,0,0.0,C00330,32,At-Risk,Central Slovakia,desktop
INT-001827,CMP-070,tv,2024-06-23,2024-07-15,2024-07-13,22.2,16,1,0,0.0,C00312,43,Regular,Western Slovakia,mobile
INT-001828,CMP-070,tv,2024-06-23,2024-07-15,2024-07-13,12.49,9,0,0,0.0,C00096,21,New,Bratislava,mobile
INT-001829,CMP-070,tv,2024-06-23,2024-07-15,2024-07-13,15.26,11,0,1,401.32,C01422,35,Regular,Bratislava,mobile
INT-001830,CMP-070,tv,2024-06-23,2024-07-15,2024-07-14,4.16,3,0,0,0.0,C00403,48,Loyal,Eastern Slovakia,mobile
INT-001831,CMP-070,tv,2024-06-23,2024-07-15,2024-07-14,9.71,7,0,0,0.0,C01797,34,New,Czech Republic,desktop
INT-001832,CMP-070,tv,2024-06-23,2024-07-15,2024-07-14,27.75,20,0,0,0.0,C00933,52,Regular,Eastern Slovakia,mobile
INT-001833,CMP-070,tv,2024-06-23,2024-07-15,2024-07-14,9.71,7,0,0,0.0,C02120,47,Regular,Eastern Slovakia,mobile
INT-001834,CMP-070,tv,2024-06-23,2024-07-15,2024-07-14,24.98,18,0,0,0.0,C00143,18,Regular,Eastern Slovakia,desktop
INT-001835,CMP-070,tv,2024-06-23,2024-07-15,2024-07-14,13.88,10,0,0,0.0,C02193,26,Loyal,Bratislava,mobile
INT-001836,CMP-070,tv,2024-06-23,2024-07-15,2024-07-14,15.26,11,0,1,249.57,C01396,60,Loyal,Eastern Slovakia,mobile
INT-001837,CMP-070,tv,2024-06-23,2024-07-15,2024-07-14,11.1,8,0,0,0.0,C01369,53,Regular,Western Slovakia,desktop
INT-001838,CMP-070,tv,2024-06-23,2024-07-15,2024-07-14,18.04,13,0,0,0.0,C02096,47,At-Risk,Eastern Slovakia,mobile
INT-001839,CMP-070,tv,2024-06-23,2024-07-15,2024-07-14,8.33,6,0,0,0.0,C00885,25,Loyal,Western Slovakia,mobile
INT-001840,CMP-070,tv,2024-06-23,2024-07-15,2024-07-14,9.71,7,0,0,0.0,C01992,45,Loyal,Czech Republic,tablet
INT-001841,CMP-070,tv,2024-06-23,2024-07-15,2024-07-14,19.43,14,0,0,0.0,C01479,33,Loyal,Eastern Slovakia,desktop
INT-001842,CMP-070,tv,2024-06-23,2024-07-15,2024-07-14,12.49,9,0,0,0.0,C00459,42,New,Central Slovakia,mobile
INT-001843,CMP-070,tv,2024-06-23,2024-07-15,2024-07-14,16.65,12,0,0,0.0,C00538,52,Regular,Bratislava,mobile
INT-001844,CMP-070,tv,2024-06-23,2024-07-15,2024-07-14,11.1,8,0,0,0.0,C00202,55,Loyal,Eastern Slovakia,mobile
INT-001845,CMP-070,tv,2024-06-23,2024-07-15,2024-07-14,8.33,6,0,0,0.0,C00509,31,Regular,Western Slovakia,mobile
INT-001846,CMP-070,tv,2024-06-23,2024-07-15,2024-07-14,9.71,7,0,0,0.0,C01084,39,New,Western Slovakia,mobile
INT-001847,CMP-070,tv,2024-06-23,2024-07-15,2024-07-14,11.1,8,0,1,516.39,C02095,39,Loyal,Bratislava,mobile
INT-001848,CMP-070,tv,2024-06-23,2024-07-15,2024-07-14,12.49,9,0,0,0.0,C01189,45,New,Bratislava,desktop
INT-001849,CMP-070,tv,2024-06-23,2024-07-15,2024-07-14,13.88,10,0,0,0.0,C01784,26,Regular,Bratislava,desktop
INT-001850,CMP-032,email,2024-06-25,2024-07-04,2024-06-25,3.47,5,1,0,0.0,C01801,38,At-Risk,Eastern Slovakia,mobile
INT-001851,CMP-032,email,2024-06-25,2024-07-04,2024-06-25,1.39,2,0,0,0.0,C00967,35,Regular,Bratislava,mobile
INT-001852,CMP-032,email,2024-06-25,2024-07-04,2024-06-25,5.54,8,0,0,0.0,C01408,46,Regular,Western Slovakia,mobile
INT-001853,CMP-032,email,2024-06-25,2024-07-04,2024-06-25,1.39,2,0,0,0.0,C01187,34,Regular,Bratislava,mobile
INT-001854,CMP-032,email,2024-06-25,2024-07-04,2024-06-26,3.47,5,1,1,232.31,C00525,55,Loyal,Central Slovakia,desktop
INT-001855,CMP-032,email,2024-06-25,2024-07-04,2024-06-26,1.39,2,1,0,0.0,C00142,26,Loyal,Western Slovakia,desktop
INT-001856,CMP-032,email,2024-06-25,2024-07-04,2024-06-26,2.08,3,1,1,217.12,C01025,18,Loyal,Central Slovakia,mobile
INT-001857,CMP-032,email,2024-06-25,2024-07-04,2024-06-26,0.69,1,0,0,0.0,C01212,32,Loyal,Bratislava,mobile
INT-001858,CMP-032,email,2024-06-25,2024-07-04,2024-06-26,3.47,5,2,0,0.0,C01502,31,Regular,Western Slovakia,mobile
INT-001859,CMP-032,email,2024-06-25,2024-07-04,2024-06-26,2.77,4,1,0,0.0,C02160,29,New,Bratislava,desktop
INT-001860,CMP-032,email,2024-06-25,2024-07-04,2024-06-26,3.47,5,2,0,0.0,C00339,52,Regular,Bratislava,mobile
INT-001861,CMP-032,email,2024-06-25,2024-07-04,2024-06-26,1.39,2,0,0,0.0,C01366,43,Loyal,Eastern Slovakia,mobile
INT-001862,CMP-032,email,2024-06-25,2024-07-04,2024-06-27,0.69,1,0,0,0.0,C01793,41,New,Bratislava,desktop
INT-001863,CMP-032,email,2024-06-25,2024-07-04,2024-06-27,2.08,3,0,0,0.0,C02097,48,Loyal,Bratislava,desktop
INT-001864,CMP-032,email,2024-06-25,2024-07-04,2024-06-27,2.77,4,0,0,0.0,C01695,23,New,Central Slovakia,desktop
INT-001865,CMP-032,email,2024-06-25,2024-07-04,2024-06-27,1.39,2,0,0,0.0,C00901,43,New,Czech Republic,mobile
INT-001866,CMP-032,email,2024-06-25,2024-07-04,2024-06-28,0.69,1,0,0,0.0,C00903,36,Regular,Central Slovakia,mobile
INT-001867,CMP-032,email,2024-06-25,2024-07-04,2024-06-28,1.39,2,1,0,0.0,C00510,44,Regular,Central Slovakia,mobile
INT-001868,CMP-032,email,2024-06-25,2024-07-04,2024-06-29,2.08,3,1,0,0.0,C00992,56,Regular,Eastern Slovakia,desktop
INT-001869,CMP-032,email,2024-06-25,2024-07-04,2024-06-29,3.47,5,0,0,0.0,C01571,38,Loyal,Czech Republic,mobile
INT-001870,CMP-032,email,2024-06-25,2024-07-04,2024-06-30,2.08,3,1,0,0.0,C01099,50,Loyal,Central Slovakia,mobile
INT-001871,CMP-032,email,2024-06-25,2024-07-04,2024-07-01,2.08,3,2,0,0.0,C00102,54,Loyal,Central Slovakia,mobile
INT-001872,CMP-032,email,2024-06-25,2024-07-04,2024-07-01,0.69,1,0,0,0.0,C00390,21,New,Bratislava,tablet
INT-001873,CMP-032,email,2024-06-25,2024-07-04,2024-07-01,3.47,5,0,0,0.0,C01535,62,Regular,Central Slovakia,desktop
INT-001874,CMP-032,email,2024-06-25,2024-07-04,2024-07-01,2.77,4,0,0,0.0,C01893,24,New,Eastern Slovakia,mobile
INT-001875,CMP-032,email,2024-06-25,2024-07-04,2024-07-01,1.39,2,0,0,0.0,C01395,18,New,Western Slovakia,tablet
INT-001876,CMP-032,email,2024-06-25,2024-07-04,2024-07-01,1.39,2,0,0,0.0,C00642,46,At-Risk,Eastern Slovakia,mobile
INT-001877,CMP-032,email,2024-06-25,2024-07-04,2024-07-02,1.39,2,1,0,0.0,C01514,18,New,Western Slovakia,mobile
INT-001878,CMP-032,email,2024-06-25,2024-07-04,2024-07-02,1.39,2,1,0,0.0,C02170,31,Regular,Bratislava,desktop
INT-001879,CMP-032,email,2024-06-25,2024-07-04,2024-07-02,2.77,4,1,0,0.0,C00097,22,Loyal,Czech Republic,desktop
INT-001880,CMP-032,email,2024-06-25,2024-07-04,2024-07-03,0.69,1,0,0,0.0,C01028,38,Regular,Western Slovakia,tablet
INT-001881,CMP-032,email,2024-06-25,2024-07-04,2024-07-03,2.77,4,1,1,304.88,C01473,38,Loyal,Eastern Slovakia,desktop
INT-001882,CMP-032,email,2024-06-25,2024-07-04,2024-07-03,1.39,2,0,0,0.0,C00560,27,New,Western Slovakia,desktop
INT-001883,CMP-032,email,2024-06-25,2024-07-04,2024-07-03,0.69,1,0,0,0.0,C01329,37,Loyal,Eastern Slovakia,desktop
INT-001884,CMP-107,search,2024-06-25,2024-08-02,2024-06-25,1.74,1,0,0,0.0,C01220,54,At-Risk,Eastern Slovakia,desktop
INT-001885,CMP-107,search,2024-06-25,2024-08-02,2024-06-26,5.22,3,1,0,0.0,C00973,41,Loyal,Eastern Slovakia,mobile
INT-001886,CMP-107,search,2024-06-25,2024-08-02,2024-06-27,6.96,4,0,0,0.0,C00121,26,Regular,Western Slovakia,mobile
INT-001887,CMP-107,search,2024-06-25,2024-08-02,2024-06-28,3.48,2,0,0,0.0,C01729,39,Regular,Western Slovakia,mobile
INT-001888,CMP-107,search,2024-06-25,2024-08-02,2024-06-28,3.48,2,0,0,0.0,C01059,39,Regular,Eastern Slovakia,mobile
INT-001889,CMP-107,search,2024-06-25,2024-08-02,2024-07-02,6.96,4,2,1,302.52,C00304,34,At-Risk,Western Slovakia,desktop
INT-001890,CMP-107,search,2024-06-25,2024-08-02,2024-07-04,6.96,4,0,0,0.0,C00598,48,New,Eastern Slovakia,mobile
INT-001891,CMP-107,search,2024-06-25,2024-08-02,2024-07-06,6.96,4,0,0,0.0,C01887,25,Regular,Western Slovakia,desktop
INT-001892,CMP-107,search,2024-06-25,2024-08-02,2024-07-08,3.48,2,1,0,0.0,C01790,50,Loyal,Central Slovakia,mobile
INT-001893,CMP-107,search,2024-06-25,2024-08-02,2024-07-09,1.74,1,0,0,0.0,C00812,31,Regular,Central Slovakia,desktop
INT-001894,CMP-107,search,2024-06-25,2024-08-02,2024-07-13,6.96,4,1,1,123.43,C01107,22,Regular,Western Slovakia,mobile
INT-001895,CMP-107,search,2024-06-25,2024-08-02,2024-07-13,8.7,5,0,0,0.0,C00163,64,Regular,Central Slovakia,mobile
INT-001896,CMP-107,search,2024-06-25,2024-08-02,2024-07-16,6.96,4,0,0,0.0,C01210,42,Loyal,Eastern Slovakia,desktop
INT-001897,CMP-107,search,2024-06-25,2024-08-02,2024-07-18,5.22,3,1,0,0.0,C01668,38,Regular,Bratislava,desktop
INT-001898,CMP-107,search,2024-06-25,2024-08-02,2024-07-18,8.7,5,1,0,0.0,C01149,50,Loyal,Central Slovakia,desktop
INT-001899,CMP-107,search,2024-06-25,2024-08-02,2024-07-21,6.96,4,1,0,0.0,C01438,18,At-Risk,Bratislava,mobile
INT-001900,CMP-107,search,2024-06-25,2024-08-02,2024-07-22,8.7,5,0,0,0.0,C01631,23,Loyal,Bratislava,mobile
INT-001901,CMP-107,search,2024-06-25,2024-08-02,2024-07-23,3.48,2,0,0,0.0,C00484,45,Regular,Bratislava,mobile
INT-001902,CMP-107,search,2024-06-25,2024-08-02,2024-07-25,5.22,3,0,0,0.0,C01784,26,Regular,Bratislava,desktop
INT-001903,CMP-107,search,2024-06-25,2024-08-02,2024-07-29,10.43,6,0,0,0.0,C01330,47,New,Bratislava,mobile
INT-001904,CMP-107,search,2024-06-25,2024-08-02,2024-07-31,1.74,1,0,0,0.0,C00967,35,Regular,Bratislava,mobile
INT-001905,CMP-034,search,2024-07-01,2024-07-20,2024-07-01,23.58,9,1,1,292.24,C00161,26,Loyal,Eastern Slovakia,mobile
INT-001906,CMP-034,search,2024-07-01,2024-07-20,2024-07-01,15.72,6,0,0,0.0,C00323,52,Loyal,Bratislava,mobile
INT-001907,CMP-034,search,2024-07-01,2024-07-20,2024-07-01,7.86,3,0,0,0.0,C00535,19,New,Western Slovakia,mobile
INT-001908,CMP-034,search,2024-07-01,2024-07-20,2024-07-01,15.72,6,0,0,0.0,C00726,56,Loyal,Bratislava,mobile
INT-001909,CMP-034,search,2024-07-01,2024-07-20,2024-07-01,5.24,2,1,0,0.0,C01973,39,Regular,Central Slovakia,mobile
INT-001910,CMP-034,search,2024-07-01,2024-07-20,2024-07-02,13.1,5,1,1,185.73,C01911,29,Regular,Western Slovakia,mobile
INT-001911,CMP-034,search,2024-07-01,2024-07-20,2024-07-02,5.24,2,1,0,0.0,C01307,26,Regular,Bratislava,mobile
INT-001912,CMP-034,search,2024-07-01,2024-07-20,2024-07-02,7.86,3,1,0,0.0,C01300,26,Loyal,Czech Republic,desktop
INT-001913,CMP-034,search,2024-07-01,2024-07-20,2024-07-03,15.72,6,0,0,0.0,C01092,38,Loyal,Central Slovakia,mobile
INT-001914,CMP-034,search,2024-07-01,2024-07-20,2024-07-03,20.96,8,1,0,0.0,C00864,39,Regular,Central Slovakia,desktop
INT-001915,CMP-034,search,2024-07-01,2024-07-20,2024-07-03,18.34,7,1,1,192.2,C01024,45,Loyal,Bratislava,tablet
INT-001916,CMP-034,search,2024-07-01,2024-07-20,2024-07-03,13.1,5,0,0,0.0,C01310,34,Regular,Bratislava,tablet
INT-001917,CMP-034,search,2024-07-01,2024-07-20,2024-07-04,13.1,5,3,0,0.0,C01848,25,Regular,Central Slovakia,desktop
INT-001918,CMP-034,search,2024-07-01,2024-07-20,2024-07-04,7.86,3,0,0,0.0,C01638,50,Loyal,Bratislava,desktop
INT-001919,CMP-034,search,2024-07-01,2024-07-20,2024-07-04,18.34,7,1,1,248.23,C02045,21,Loyal,Eastern Slovakia,desktop
INT-001920,CMP-034,search,2024-07-01,2024-07-20,2024-07-04,5.24,2,0,0,0.0,C00634,18,Regular,Bratislava,mobile
INT-001921,CMP-034,search,2024-07-01,2024-07-20,2024-07-04,20.96,8,0,0,0.0,C00686,32,Regular,Western Slovakia,desktop
INT-001922,CMP-034,search,2024-07-01,2024-07-20,2024-07-04,5.24,2,0,0,0.0,C01407,41,New,Central Slovakia,mobile
INT-001923,CMP-034,search,2024-07-01,2024-07-20,2024-07-05,13.1,5,0,0,0.0,C01072,25,Regular,Bratislava,desktop
INT-001924,CMP-034,search,2024-07-01,2024-07-20,2024-07-05,10.48,4,1,1,143.78,C01478,21,New,Eastern Slovakia,desktop
INT-001925,CMP-034,search,2024-07-01,2024-07-20,2024-07-06,13.1,5,1,0,0.0,C01810,50,Loyal,Bratislava,mobile
INT-001926,CMP-034,search,2024-07-01,2024-07-20,2024-07-06,10.48,4,0,0,0.0,C02180,34,New,Central Slovakia,desktop
INT-001927,CMP-034,search,2024-07-01,2024-07-20,2024-07-06,15.72,6,2,1,155.5,C01744,22,Regular,Western Slovakia,mobile
INT-001928,CMP-034,search,2024-07-01,2024-07-20,2024-07-07,20.96,8,1,0,0.0,C01826,46,Regular,Eastern Slovakia,mobile
INT-001929,CMP-034,search,2024-07-01,2024-07-20,2024-07-07,10.48,4,1,0,0.0,C00014,52,New,Czech Republic,desktop
INT-001930,CMP-034,search,2024-07-01,2024-07-20,2024-07-08,13.1,5,0,0,0.0,C00826,38,At-Risk,Eastern Slovakia,mobile
INT-001931,CMP-034,search,2024-07-01,2024-07-20,2024-07-09,18.34,7,1,0,0.0,C01576,23,Regular,Eastern Slovakia,mobile
INT-001932,CMP-034,search,2024-07-01,2024-07-20,2024-07-09,10.48,4,1,0,0.0,C00898,28,Loyal,Eastern Slovakia,mobile
INT-001933,CMP-034,search,2024-07-01,2024-07-20,2024-07-09,10.48,4,0,0,0.0,C01748,42,Regular,Bratislava,desktop
INT-001934,CMP-034,search,2024-07-01,2024-07-20,2024-07-09,2.62,1,0,0,0.0,C01922,50,Loyal,Bratislava,tablet
INT-001935,CMP-034,search,2024-07-01,2024-07-20,2024-07-09,10.48,4,2,1,136.67,C00562,42,Loyal,Central Slovakia,desktop
INT-001936,CMP-034,search,2024-07-01,2024-07-20,2024-07-10,13.1,5,0,0,0.0,C01134,55,Regular,Central Slovakia,mobile
INT-001937,CMP-034,search,2024-07-01,2024-07-20,2024-07-10,5.24,2,0,0,0.0,C00999,40,Loyal,Central Slovakia,mobile
INT-001938,CMP-034,search,2024-07-01,2024-07-20,2024-07-10,5.24,2,0,0,0.0,C00394,44,Loyal,Western Slovakia,mobile
INT-001939,CMP-034,search,2024-07-01,2024-07-20,2024-07-10,15.72,6,1,1,304.19,C00885,25,Loyal,Western Slovakia,mobile
INT-001940,CMP-034,search,2024-07-01,2024-07-20,2024-07-10,10.48,4,0,0,0.0,C01097,57,Loyal,Czech Republic,mobile
INT-001941,CMP-034,search,2024-07-01,2024-07-20,2024-07-10,10.48,4,0,0,0.0,C00607,47,Regular,Central Slovakia,mobile
INT-001942,CMP-034,search,2024-07-01,2024-07-20,2024-07-11,13.1,5,0,0,0.0,C01232,25,Loyal,Western Slovakia,mobile
INT-001943,CMP-034,search,2024-07-01,2024-07-20,2024-07-11,10.48,4,0,0,0.0,C01119,42,New,Bratislava,tablet
INT-001944,CMP-034,search,2024-07-01,2024-07-20,2024-07-11,15.72,6,1,0,0.0,C00800,38,New,Eastern Slovakia,mobile
INT-001945,CMP-034,search,2024-07-01,2024-07-20,2024-07-11,7.86,3,0,0,0.0,C02123,28,Regular,Central Slovakia,desktop
INT-001946,CMP-034,search,2024-07-01,2024-07-20,2024-07-12,13.1,5,1,1,305.88,C01389,42,Loyal,Western Slovakia,mobile
INT-001947,CMP-034,search,2024-07-01,2024-07-20,2024-07-12,10.48,4,0,0,0.0,C00767,39,At-Risk,Western Slovakia,mobile
INT-001948,CMP-034,search,2024-07-01,2024-07-20,2024-07-12,2.62,1,0,0,0.0,C01236,28,Loyal,Bratislava,mobile
INT-001949,CMP-034,search,2024-07-01,2024-07-20,2024-07-12,15.72,6,0,0,0.0,C00600,18,Regular,Czech Republic,mobile
INT-001950,CMP-034,search,2024-07-01,2024-07-20,2024-07-12,15.72,6,1,0,0.0,C02096,47,At-Risk,Eastern Slovakia,mobile
INT-001951,CMP-034,search,2024-07-01,2024-07-20,2024-07-13,18.34,7,0,0,0.0,C01611,41,Regular,Central Slovakia,mobile
INT-001952,CMP-034,search,2024-07-01,2024-07-20,2024-07-13,10.48,4,0,0,0.0,C01317,36,Loyal,Western Slovakia,mobile
INT-001953,CMP-034,search,2024-07-01,2024-07-20,2024-07-13,7.86,3,1,1,414.59,C01015,25,Regular,Bratislava,mobile
INT-001954,CMP-034,search,2024-07-01,2024-07-20,2024-07-13,10.48,4,1,0,0.0,C01446,41,Regular,Eastern Slovakia,desktop
INT-001955,CMP-034,search,2024-07-01,2024-07-20,2024-07-13,13.1,5,0,0,0.0,C00172,43,New,Czech Republic,tablet
INT-001956,CMP-034,search,2024-07-01,2024-07-20,2024-07-14,13.1,5,0,0,0.0,C00414,47,New,Eastern Slovakia,mobile
INT-001957,CMP-034,search,2024-07-01,2024-07-20,2024-07-14,13.1,5,1,0,0.0,C01448,56,New,Eastern Slovakia,mobile
INT-001958,CMP-034,search,2024-07-01,2024-07-20,2024-07-14,13.1,5,1,1,367.82,C00332,46,Loyal,Czech Republic,desktop
INT-001959,CMP-034,search,2024-07-01,2024-07-20,2024-07-14,15.72,6,0,0,0.0,C00264,31,New,Czech Republic,desktop
INT-001960,CMP-034,search,2024-07-01,2024-07-20,2024-07-14,2.62,1,0,0,0.0,C01705,41,New,Western Slovakia,mobile
INT-001961,CMP-034,search,2024-07-01,2024-07-20,2024-07-14,18.34,7,1,1,230.63,C02148,49,Loyal,Bratislava,desktop
INT-001962,CMP-034,search,2024-07-01,2024-07-20,2024-07-15,13.1,5,0,0,0.0,C02064,43,Loyal,Eastern Slovakia,mobile
INT-001963,CMP-034,search,2024-07-01,2024-07-20,2024-07-15,13.1,5,1,0,0.0,C02007,37,New,Western Slovakia,mobile
INT-001964,CMP-034,search,2024-07-01,2024-07-20,2024-07-15,20.96,8,0,0,0.0,C01380,56,New,Eastern Slovakia,desktop
INT-001965,CMP-034,search,2024-07-01,2024-07-20,2024-07-16,10.48,4,0,0,0.0,C01160,21,New,Central Slovakia,mobile
INT-001966,CMP-034,search,2024-07-01,2024-07-20,2024-07-16,10.48,4,1,0,0.0,C00717,19,Regular,Western Slovakia,mobile
INT-001967,CMP-034,search,2024-07-01,2024-07-20,2024-07-16,20.96,8,0,0,0.0,C00129,30,New,Western Slovakia,mobile
INT-001968,CMP-034,search,2024-07-01,2024-07-20,2024-07-17,10.48,4,1,1,276.48,C02030,32,Loyal,Western Slovakia,desktop
INT-001969,CMP-034,search,2024-07-01,2024-07-20,2024-07-17,18.34,7,2,0,0.0,C00763,47,Loyal,Czech Republic,mobile
INT-001970,CMP-034,search,2024-07-01,2024-07-20,2024-07-17,18.34,7,0,0,0.0,C01343,43,Loyal,Bratislava,mobile
INT-001971,CMP-034,search,2024-07-01,2024-07-20,2024-07-17,13.1,5,0,0,0.0,C01516,41,Loyal,Bratislava,mobile
INT-001972,CMP-034,search,2024-07-01,2024-07-20,2024-07-17,18.34,7,1,1,507.68,C01445,36,Loyal,Bratislava,mobile
INT-001973,CMP-034,search,2024-07-01,2024-07-20,2024-07-17,5.24,2,1,0,0.0,C00183,33,Regular,Western Slovakia,mobile
INT-001974,CMP-034,search,2024-07-01,2024-07-20,2024-07-18,20.96,8,1,0,0.0,C00222,41,Loyal,Western Slovakia,mobile
INT-001975,CMP-034,search,2024-07-01,2024-07-20,2024-07-18,15.72,6,0,0,0.0,C00388,44,New,Bratislava,desktop
INT-001976,CMP-034,search,2024-07-01,2024-07-20,2024-07-18,13.1,5,2,2,798.17,C00411,20,Loyal,Western Slovakia,mobile
INT-001977,CMP-034,search,2024-07-01,2024-07-20,2024-07-18,10.48,4,0,0,0.0,C01639,38,At-Risk,Western Slovakia,desktop
INT-001978,CMP-034,search,2024-07-01,2024-07-20,2024-07-18,5.24,2,1,0,0.0,C01112,35,Regular,Western Slovakia,tablet
INT-001979,CMP-034,search,2024-07-01,2024-07-20,2024-07-18,5.24,2,0,0,0.0,C01303,45,Regular,Eastern Slovakia,desktop
INT-001980,CMP-034,search,2024-07-01,2024-07-20,2024-07-19,15.72,6,0,0,0.0,C00190,58,Loyal,Bratislava,desktop
INT-001981,CMP-034,search,2024-07-01,2024-07-20,2024-07-19,2.62,1,1,0,0.0,C00474,40,Regular,Eastern Slovakia,desktop
INT-001982,CMP-034,search,2024-07-01,2024-07-20,2024-07-19,2.62,1,0,0,0.0,C02024,37,Loyal,Central Slovakia,mobile
INT-001983,CMP-034,search,2024-07-01,2024-07-20,2024-07-19,10.48,4,0,0,0.0,C00976,26,Loyal,Central Slovakia,mobile
INT-001984,CMP-034,search,2024-07-01,2024-07-20,2024-07-19,10.48,4,0,0,0.0,C01625,40,At-Risk,Eastern Slovakia,mobile
INT-001985,CMP-057,search,2024-07-06,2024-07-16,2024-07-06,5.88,3,1,0,0.0,C02142,34,Loyal,Central Slovakia,mobile
INT-001986,CMP-057,search,2024-07-06,2024-07-16,2024-07-06,7.84,4,0,0,0.0,C00656,42,Regular,Western Slovakia,mobile
INT-001987,CMP-057,search,2024-07-06,2024-07-16,2024-07-06,7.84,4,0,0,0.0,C01715,26,Regular,Eastern Slovakia,mobile
INT-001988,CMP-057,search,2024-07-06,2024-07-16,2024-07-06,5.88,3,0,0,0.0,C02120,47,Regular,Eastern Slovakia,mobile
INT-001989,CMP-057,search,2024-07-06,2024-07-16,2024-07-07,5.88,3,0,0,0.0,C00957,32,New,Western Slovakia,desktop
INT-001990,CMP-057,search,2024-07-06,2024-07-16,2024-07-07,7.84,4,0,0,0.0,C00834,33,Loyal,Western Slovakia,desktop
INT-001991,CMP-057,search,2024-07-06,2024-07-16,2024-07-07,9.8,5,2,2,655.21,C01431,35,Loyal,Western Slovakia,mobile
INT-001992,CMP-057,search,2024-07-06,2024-07-16,2024-07-08,3.92,2,0,0,0.0,C01675,35,New,Bratislava,desktop
INT-001993,CMP-057,search,2024-07-06,2024-07-16,2024-07-08,3.92,2,0,0,0.0,C00930,39,Regular,Eastern Slovakia,mobile
INT-001994,CMP-057,search,2024-07-06,2024-07-16,2024-07-08,11.76,6,2,0,0.0,C01754,31,New,Bratislava,desktop
INT-001995,CMP-057,search,2024-07-06,2024-07-16,2024-07-08,5.88,3,0,0,0.0,C00801,28,At-Risk,Western Slovakia,mobile
INT-001996,CMP-057,search,2024-07-06,2024-07-16,2024-07-08,13.73,7,1,0,0.0,C01306,18,Loyal,Central Slovakia,desktop
INT-001997,CMP-057,search,2024-07-06,2024-07-16,2024-07-08,7.84,4,1,0,0.0,C01444,55,Regular,Eastern Slovakia,tablet
INT-001998,CMP-057,search,2024-07-06,2024-07-16,2024-07-08,15.69,8,0,0,0.0,C01215,18,Loyal,Bratislava,desktop
INT-001999,CMP-057,search,2024-07-06,2024-07-16,2024-07-08,13.73,7,0,0,0.0,C00258,33,At-Risk,Western Slovakia,desktop
INT-002000,CMP-057,search,2024-07-06,2024-07-16,2024-07-08,9.8,5,0,0,0.0,C02045,21,Loyal,Eastern Slovakia,desktop
INT-002001,CMP-057,search,2024-07-06,2024-07-16,2024-07-09,7.84,4,0,0,0.0,C01493,31,Loyal,Bratislava,mobile
INT-002002,CMP-057,search,2024-07-06,2024-07-16,2024-07-09,3.92,2,2,0,0.0,C01072,25,Regular,Bratislava,mobile
INT-002003,CMP-057,search,2024-07-06,2024-07-16,2024-07-09,9.8,5,0,0,0.0,C02123,28,Regular,Central Slovakia,desktop
INT-002004,CMP-057,search,2024-07-06,2024-07-16,2024-07-09,7.84,4,0,0,0.0,C00587,24,Regular,Eastern Slovakia,mobile
INT-002005,CMP-057,search,2024-07-06,2024-07-16,2024-07-10,9.8,5,0,0,0.0,C00601,44,Regular,Bratislava,mobile
INT-002006,CMP-057,search,2024-07-06,2024-07-16,2024-07-11,9.8,5,0,0,0.0,C01802,43,Regular,Bratislava,mobile
INT-002007,CMP-057,search,2024-07-06,2024-07-16,2024-07-11,7.84,4,0,0,0.0,C00770,58,New,Bratislava,mobile
INT-002008,CMP-057,search,2024-07-06,2024-07-16,2024-07-12,9.8,5,0,0,0.0,C01871,48,At-Risk,Bratislava,desktop
INT-002009,CMP-057,search,2024-07-06,2024-07-16,2024-07-12,11.76,6,0,0,0.0,C02064,43,Loyal,Eastern Slovakia,desktop
INT-002010,CMP-057,search,2024-07-06,2024-07-16,2024-07-12,11.76,6,0,0,0.0,C00934,58,New,Bratislava,desktop
INT-002011,CMP-057,search,2024-07-06,2024-07-16,2024-07-12,13.73,7,0,0,0.0,C02151,37,Loyal,Bratislava,mobile
INT-002012,CMP-057,search,2024-07-06,2024-07-16,2024-07-13,9.8,5,1,0,0.0,C00979,21,Regular,Czech Republic,mobile
INT-002013,CMP-057,search,2024-07-06,2024-07-16,2024-07-14,9.8,5,1,1,218.04,C02019,45,Loyal,Czech Republic,desktop
INT-002014,CMP-057,search,2024-07-06,2024-07-16,2024-07-14,7.84,4,2,0,0.0,C01133,30,At-Risk,Western Slovakia,mobile
INT-002015,CMP-057,search,2024-07-06,2024-07-16,2024-07-14,9.8,5,0,0,0.0,C00615,28,Regular,Czech Republic,mobile
INT-002016,CMP-057,search,2024-07-06,2024-07-16,2024-07-14,5.88,3,0,0,0.0,C00678,43,Regular,Bratislava,mobile
INT-002017,CMP-057,search,2024-07-06,2024-07-16,2024-07-15,5.88,3,0,0,0.0,C01177,29,New,Eastern Slovakia,desktop
INT-002018,CMP-057,search,2024-07-06,2024-07-16,2024-07-15,3.92,2,0,0,0.0,C01266,37,Loyal,Bratislava,mobile
INT-002019,CMP-057,search,2024-07-06,2024-07-16,2024-07-15,5.88,3,0,0,0.0,C01284,48,New,Eastern Slovakia,mobile
INT-002020,CMP-053,tv,2024-07-14,2024-08-22,2024-07-15,59.77,31,0,0,0.0,C01223,43,Regular,Western Slovakia,mobile
INT-002021,CMP-053,tv,2024-07-14,2024-08-22,2024-07-23,32.77,17,0,1,203.62,C01718,32,New,Western Slovakia,desktop
INT-002022,CMP-053,tv,2024-07-14,2024-08-22,2024-07-23,38.56,20,0,0,0.0,C00161,26,Loyal,Eastern Slovakia,mobile
INT-002023,CMP-053,tv,2024-07-14,2024-08-22,2024-07-24,61.69,32,2,1,519.47,C01259,59,Loyal,Bratislava,mobile
INT-002024,CMP-053,tv,2024-07-14,2024-08-22,2024-07-25,38.56,20,0,1,203.98,C01840,27,New,Eastern Slovakia,desktop
INT-002025,CMP-053,tv,2024-07-14,2024-08-22,2024-07-28,61.69,32,1,0,0.0,C00715,35,New,Central Slovakia,tablet
INT-002026,CMP-053,tv,2024-07-14,2024-08-22,2024-07-29,65.55,34,0,0,0.0,C01027,18,Regular,Bratislava,mobile
INT-002027,CMP-053,tv,2024-07-14,2024-08-22,2024-07-31,48.2,25,1,0,0.0,C01904,36,Regular,Western Slovakia,desktop
INT-002028,CMP-053,tv,2024-07-14,2024-08-22,2024-08-02,34.7,18,1,0,0.0,C00192,36,New,Bratislava,mobile
INT-002029,CMP-053,tv,2024-07-14,2024-08-22,2024-08-03,40.49,21,0,0,0.0,C01998,37,New,Western Slovakia,mobile
INT-002030,CMP-053,tv,2024-07-14,2024-08-22,2024-08-05,26.99,14,0,0,0.0,C00006,22,Regular,Western Slovakia,mobile
INT-002031,CMP-053,tv,2024-07-14,2024-08-22,2024-08-06,42.41,22,0,2,699.81,C01145,38,Loyal,Central Slovakia,desktop
INT-002032,CMP-053,tv,2024-07-14,2024-08-22,2024-08-07,40.49,21,0,0,0.0,C00791,29,Regular,Bratislava,desktop
INT-002033,CMP-053,tv,2024-07-14,2024-08-22,2024-08-07,40.49,21,1,1,191.12,C02109,28,Regular,Eastern Slovakia,mobile
INT-002034,CMP-053,tv,2024-07-14,2024-08-22,2024-08-08,38.56,20,0,0,0.0,C00010,28,Regular,Eastern Slovakia,mobile
INT-002035,CMP-053,tv,2024-07-14,2024-08-22,2024-08-08,38.56,20,0,0,0.0,C01846,18,Regular,Eastern Slovakia,mobile
INT-002036,CMP-053,tv,2024-07-14,2024-08-22,2024-08-10,40.49,21,0,0,0.0,C02068,38,Loyal,Central Slovakia,mobile
INT-002037,CMP-053,tv,2024-07-14,2024-08-22,2024-08-12,40.49,21,0,0,0.0,C00804,43,Loyal,Eastern Slovakia,desktop
INT-002038,CMP-053,tv,2024-07-14,2024-08-22,2024-08-13,50.13,26,0,0,0.0,C01842,38,Loyal,Czech Republic,desktop
INT-002039,CMP-053,tv,2024-07-14,2024-08-22,2024-08-14,42.41,22,0,0,0.0,C01963,35,Regular,Western Slovakia,desktop
INT-002040,CMP-053,tv,2024-07-14,2024-08-22,2024-08-15,42.41,22,0,0,0.0,C01932,33,New,Eastern Slovakia,mobile
INT-002041,CMP-053,tv,2024-07-14,2024-08-22,2024-08-16,53.98,28,0,0,0.0,C00213,38,New,Western Slovakia,mobile
INT-002042,CMP-053,tv,2024-07-14,2024-08-22,2024-08-19,46.27,24,0,0,0.0,C02099,18,Regular,Eastern Slovakia,desktop
INT-002043,CMP-053,tv,2024-07-14,2024-08-22,2024-08-19,44.34,23,0,0,0.0,C00077,33,New,Eastern Slovakia,mobile
INT-002044,CMP-061,display,2024-07-23,2024-08-03,2024-07-23,2.64,7,0,0,0.0,C01591,21,Loyal,Western Slovakia,mobile
INT-002045,CMP-061,display,2024-07-23,2024-08-03,2024-07-23,4.53,12,0,0,0.0,C00835,29,Loyal,Bratislava,mobile
INT-002046,CMP-061,display,2024-07-23,2024-08-03,2024-07-23,3.4,9,0,0,0.0,C02103,29,Regular,Eastern Slovakia,desktop
INT-002047,CMP-061,display,2024-07-23,2024-08-03,2024-07-23,4.53,12,0,0,0.0,C00575,40,At-Risk,Central Slovakia,desktop
INT-002048,CMP-061,display,2024-07-23,2024-08-03,2024-07-23,5.66,15,0,0,0.0,C02159,46,Loyal,Bratislava,desktop
INT-002049,CMP-061,display,2024-07-23,2024-08-03,2024-07-23,2.26,6,0,0,0.0,C01675,35,New,Bratislava,desktop
INT-002050,CMP-061,display,2024-07-23,2024-08-03,2024-07-23,3.02,8,0,0,0.0,C01803,34,Regular,Western Slovakia,mobile
INT-002051,CMP-061,display,2024-07-23,2024-08-03,2024-07-24,3.4,9,0,0,0.0,C00024,36,Loyal,Bratislava,mobile
INT-002052,CMP-061,display,2024-07-23,2024-08-03,2024-07-24,4.15,11,0,0,0.0,C01818,49,Loyal,Eastern Slovakia,mobile
INT-002053,CMP-061,display,2024-07-23,2024-08-03,2024-07-24,4.53,12,0,0,0.0,C01259,59,Loyal,Bratislava,mobile
INT-002054,CMP-061,display,2024-07-23,2024-08-03,2024-07-24,4.15,11,1,0,0.0,C01250,19,Loyal,Bratislava,mobile
INT-002055,CMP-061,display,2024-07-23,2024-08-03,2024-07-24,3.77,10,0,0,0.0,C00069,48,Regular,Eastern Slovakia,desktop
INT-002056,CMP-061,display,2024-07-23,2024-08-03,2024-07-25,4.91,13,0,0,0.0,C00960,43,New,Eastern Slovakia,desktop
INT-002057,CMP-061,display,2024-07-23,2024-08-03,2024-07-25,1.51,4,0,0,0.0,C01099,50,Loyal,Central Slovakia,mobile
INT-002058,CMP-061,display,2024-07-23,2024-08-03,2024-07-25,2.26,6,0,0,0.0,C01560,36,Loyal,Eastern Slovakia,desktop
INT-002059,CMP-061,display,2024-07-23,2024-08-03,2024-07-25,3.4,9,0,0,0.0,C00992,56,Regular,Eastern Slovakia,desktop
INT-002060,CMP-061,display,2024-07-23,2024-08-03,2024-07-26,3.02,8,0,0,0.0,C02070,36,Regular,Western Slovakia,mobile
INT-002061,CMP-061,display,2024-07-23,2024-08-03,2024-07-26,3.77,10,0,0,0.0,C00584,25,Loyal,Central Slovakia,mobile
INT-002062,CMP-061,display,2024-07-23,2024-08-03,2024-07-27,6.42,17,1,0,0.0,C01656,19,Regular,Czech Republic,mobile
INT-002063,CMP-061,display,2024-07-23,2024-08-03,2024-07-27,4.91,13,0,0,0.0,C00601,44,Regular,Bratislava,mobile
INT-002064,CMP-061,display,2024-07-23,2024-08-03,2024-07-27,5.28,14,1,0,0.0,C01196,62,Regular,Bratislava,mobile
INT-002065,CMP-061,display,2024-07-23,2024-08-03,2024-07-27,4.53,12,1,0,0.0,C01168,60,Loyal,Eastern Slovakia,desktop
INT-002066,CMP-061,display,2024-07-23,2024-08-03,2024-07-27,4.53,12,0,0,0.0,C00610,44,Regular,Bratislava,mobile
INT-002067,CMP-061,display,2024-07-23,2024-08-03,2024-07-27,3.4,9,0,0,0.0,C01970,48,Loyal,Central Slovakia,desktop
INT-002068,CMP-061,display,2024-07-23,2024-08-03,2024-07-27,5.66,15,0,0,0.0,C00233,42,New,Eastern Slovakia,mobile
INT-002069,CMP-061,display,2024-07-23,2024-08-03,2024-07-28,3.4,9,0,0,0.0,C01456,37,New,Eastern Slovakia,mobile
INT-002070,CMP-061,display,2024-07-23,2024-08-03,2024-07-28,3.77,10,0,0,0.0,C00763,47,Loyal,Czech Republic,mobile
INT-002071,CMP-061,display,2024-07-23,2024-08-03,2024-07-28,4.15,11,0,0,0.0,C00746,49,Regular,Czech Republic,mobile
INT-002072,CMP-061,display,2024-07-23,2024-08-03,2024-07-28,2.64,7,0,0,0.0,C01312,48,Regular,Czech Republic,mobile
INT-002073,CMP-061,display,2024-07-23,2024-08-03,2024-07-28,4.53,12,0,0,0.0,C01004,46,Regular,Bratislava,mobile
INT-002074,CMP-061,display,2024-07-23,2024-08-03,2024-07-28,3.77,10,0,0,0.0,C00642,46,At-Risk,Eastern Slovakia,mobile
INT-002075,CMP-061,display,2024-07-23,2024-08-03,2024-07-29,5.28,14,0,0,0.0,C00711,38,Loyal,Czech Republic,mobile
INT-002076,CMP-061,display,2024-07-23,2024-08-03,2024-07-29,6.42,17,1,1,187.91,C01238,45,Loyal,Bratislava,mobile
INT-002077,CMP-061,display,2024-07-23,2024-08-03,2024-07-29,3.77,10,0,0,0.0,C00023,53,Loyal,Central Slovakia,mobile
INT-002078,CMP-061,display,2024-07-23,2024-08-03,2024-07-29,2.64,7,0,0,0.0,C02068,38,Loyal,Central Slovakia,mobile
INT-002079,CMP-061,display,2024-07-23,2024-08-03,2024-07-30,3.02,8,0,0,0.0,C02034,33,New,Eastern Slovakia,desktop
INT-002080,CMP-061,display,2024-07-23,2024-08-03,2024-07-30,4.91,13,0,0,0.0,C01158,56,New,Central Slovakia,mobile
INT-002081,CMP-061,display,2024-07-23,2024-08-03,2024-07-30,4.91,13,0,0,0.0,C00136,26,Loyal,Eastern Slovakia,mobile
INT-002082,CMP-061,display,2024-07-23,2024-08-03,2024-07-30,2.64,7,0,0,0.0,C00414,47,New,Eastern Slovakia,mobile
INT-002083,CMP-061,display,2024-07-23,2024-08-03,2024-07-31,2.64,7,0,0,0.0,C00679,43,Regular,Czech Republic,mobile
INT-002084,CMP-061,display,2024-07-23,2024-08-03,2024-07-31,3.77,10,1,0,0.0,C00970,38,Regular,Western Slovakia,mobile
INT-002085,CMP-061,display,2024-07-23,2024-08-03,2024-07-31,6.04,16,1,0,0.0,C01274,42,Regular,Eastern Slovakia,mobile
INT-002086,CMP-061,display,2024-07-23,2024-08-03,2024-07-31,1.51,4,1,0,0.0,C01913,45,Loyal,Central Slovakia,mobile
INT-002087,CMP-061,display,2024-07-23,2024-08-03,2024-07-31,3.77,10,1,0,0.0,C01132,35,Loyal,Western Slovakia,mobile
INT-002088,CMP-061,display,2024-07-23,2024-08-03,2024-07-31,3.4,9,0,0,0.0,C00450,43,Loyal,Eastern Slovakia,mobile
INT-002089,CMP-061,display,2024-07-23,2024-08-03,2024-07-31,4.53,12,0,0,0.0,C01024,45,Loyal,Bratislava,mobile
INT-002090,CMP-061,display,2024-07-23,2024-08-03,2024-07-31,3.02,8,0,0,0.0,C01744,22,Regular,Western Slovakia,desktop
INT-002091,CMP-061,display,2024-07-23,2024-08-03,2024-08-01,4.91,13,0,0,0.0,C01555,21,New,Bratislava,mobile
INT-002092,CMP-061,display,2024-07-23,2024-08-03,2024-08-01,3.77,10,0,0,0.0,C00141,43,Regular,Bratislava,mobile
INT-002093,CMP-061,display,2024-07-23,2024-08-03,2024-08-01,3.02,8,0,0,0.0,C00967,35,Regular,Bratislava,desktop
INT-002094,CMP-061,display,2024-07-23,2024-08-03,2024-08-01,2.26,6,1,0,0.0,C00042,45,Loyal,Eastern Slovakia,mobile
INT-002095,CMP-061,display,2024-07-23,2024-08-03,2024-08-01,3.77,10,0,0,0.0,C00616,23,New,Western Slovakia,mobile
INT-002096,CMP-061,display,2024-07-23,2024-08-03,2024-08-01,2.64,7,0,0,0.0,C01594,29,Regular,Czech Republic,mobile
INT-002097,CMP-061,display,2024-07-23,2024-08-03,2024-08-01,4.91,13,0,0,0.0,C00869,31,New,Western Slovakia,mobile
INT-002098,CMP-061,display,2024-07-23,2024-08-03,2024-08-01,3.02,8,0,0,0.0,C01527,52,Loyal,Eastern Slovakia,desktop
INT-002099,CMP-061,display,2024-07-23,2024-08-03,2024-08-01,4.15,11,0,0,0.0,C01637,18,At-Risk,Western Slovakia,mobile
INT-002100,CMP-061,display,2024-07-23,2024-08-03,2024-08-02,2.64,7,0,0,0.0,C01880,18,At-Risk,Bratislava,desktop
INT-002101,CMP-061,display,2024-07-23,2024-08-03,2024-08-02,3.02,8,0,0,0.0,C00510,44,Regular,Central Slovakia,mobile
INT-002102,CMP-061,display,2024-07-23,2024-08-03,2024-08-02,5.28,14,0,0,0.0,C00428,59,Loyal,Central Slovakia,tablet
INT-002103,CMP-061,display,2024-07-23,2024-08-03,2024-08-02,4.53,12,0,0,0.0,C02123,28,Regular,Central Slovakia,desktop
INT-002104,CMP-061,display,2024-07-23,2024-08-03,2024-08-02,3.77,10,1,0,0.0,C00816,42,Regular,Bratislava,mobile
INT-002105,CMP-061,display,2024-07-23,2024-08-03,2024-08-02,4.91,13,0,0,0.0,C00865,30,Regular,Western Slovakia,mobile
INT-002106,CMP-061,display,2024-07-23,2024-08-03,2024-08-02,5.28,14,0,0,0.0,C01105,25,Regular,Central Slovakia,mobile
INT-002107,CMP-061,display,2024-07-23,2024-08-03,2024-08-02,3.02,8,0,0,0.0,C02057,32,Regular,Czech Republic,mobile
INT-002108,CMP-061,display,2024-07-23,2024-08-03,2024-08-02,4.53,12,0,0,0.0,C01292,33,Regular,Central Slovakia,mobile
INT-002109,CMP-061,display,2024-07-23,2024-08-03,2024-08-02,6.42,17,0,0,0.0,C00770,58,New,Bratislava,mobile
INT-002110,CMP-093,search,2024-07-26,2024-08-14,2024-07-26,8.07,4,0,0,0.0,C01535,62,Regular,Central Slovakia,mobile
INT-002111,CMP-093,search,2024-07-26,2024-08-14,2024-07-26,6.05,3,0,0,0.0,C00077,33,New,Eastern Slovakia,mobile
INT-002112,CMP-093,search,2024-07-26,2024-08-14,2024-07-26,10.08,5,2,1,188.04,C02198,38,Regular,Bratislava,desktop
INT-002113,CMP-093,search,2024-07-26,2024-08-14,2024-07-26,10.08,5,3,1,154.64,C01777,22,Regular,Western Slovakia,desktop
INT-002114,CMP-093,search,2024-07-26,2024-08-14,2024-07-27,8.07,4,0,0,0.0,C00318,30,New,Central Slovakia,mobile
INT-002115,CMP-093,search,2024-07-26,2024-08-14,2024-07-27,10.08,5,2,0,0.0,C01596,43,Regular,Western Slovakia,mobile
INT-002116,CMP-093,search,2024-07-26,2024-08-14,2024-07-28,10.08,5,0,0,0.0,C02081,43,New,Bratislava,mobile
INT-002117,CMP-093,search,2024-07-26,2024-08-14,2024-07-28,8.07,4,0,0,0.0,C00024,36,Loyal,Bratislava,mobile
INT-002118,CMP-093,search,2024-07-26,2024-08-14,2024-07-30,6.05,3,1,1,284.27,C01865,41,Loyal,Central Slovakia,mobile
INT-002119,CMP-093,search,2024-07-26,2024-08-14,2024-07-31,8.07,4,0,0,0.0,C02175,42,Regular,Bratislava,desktop
INT-002120,CMP-093,search,2024-07-26,2024-08-14,2024-08-02,8.07,4,1,1,284.25,C00476,34,Loyal,Western Slovakia,tablet
INT-002121,CMP-093,search,2024-07-26,2024-08-14,2024-08-03,20.17,10,1,1,266.5,C00194,56,Regular,Bratislava,mobile
INT-002122,CMP-093,search,2024-07-26,2024-08-14,2024-08-03,8.07,4,0,0,0.0,C01925,37,Loyal,Bratislava,mobile
INT-002123,CMP-093,search,2024-07-26,2024-08-14,2024-08-03,8.07,4,0,0,0.0,C01778,41,Regular,Western Slovakia,mobile
INT-002124,CMP-093,search,2024-07-26,2024-08-14,2024-08-03,6.05,3,0,0,0.0,C00848,48,Regular,Bratislava,mobile
INT-002125,CMP-093,search,2024-07-26,2024-08-14,2024-08-05,10.08,5,1,0,0.0,C00560,27,New,Western Slovakia,desktop
INT-002126,CMP-093,search,2024-07-26,2024-08-14,2024-08-06,4.03,2,0,0,0.0,C01731,37,New,Bratislava,mobile
INT-002127,CMP-093,search,2024-07-26,2024-08-14,2024-08-07,18.15,9,1,0,0.0,C01947,29,New,Eastern Slovakia,desktop
INT-002128,CMP-093,search,2024-07-26,2024-08-14,2024-08-07,4.03,2,0,0,0.0,C01858,51,Loyal,Eastern Slovakia,mobile
INT-002129,CMP-093,search,2024-07-26,2024-08-14,2024-08-08,10.08,5,1,1,316.11,C00180,41,Loyal,Bratislava,mobile
INT-002130,CMP-093,search,2024-07-26,2024-08-14,2024-08-08,6.05,3,0,0,0.0,C00865,30,Regular,Western Slovakia,mobile
INT-002131,CMP-093,search,2024-07-26,2024-08-14,2024-08-09,10.08,5,0,0,0.0,C01822,47,Regular,Bratislava,mobile
INT-002132,CMP-093,search,2024-07-26,2024-08-14,2024-08-09,6.05,3,2,0,0.0,C02169,29,New,Bratislava,desktop
INT-002133,CMP-093,search,2024-07-26,2024-08-14,2024-08-10,6.05,3,0,0,0.0,C00622,38,Regular,Western Slovakia,desktop
INT-002134,CMP-093,search,2024-07-26,2024-08-14,2024-08-11,8.07,4,0,0,0.0,C01915,52,Regular,Eastern Slovakia,mobile
INT-002135,CMP-093,search,2024-07-26,2024-08-14,2024-08-11,6.05,3,0,0,0.0,C01455,56,New,Western Slovakia,desktop
INT-002136,CMP-093,search,2024-07-26,2024-08-14,2024-08-12,6.05,3,0,0,0.0,C00726,56,Loyal,Bratislava,mobile
INT-002137,CMP-093,search,2024-07-26,2024-08-14,2024-08-12,6.05,3,1,1,205.72,C01582,36,Regular,Western Slovakia,mobile
INT-002138,CMP-093,search,2024-07-26,2024-08-14,2024-08-13,4.03,2,1,0,0.0,C00456,40,Regular,Central Slovakia,mobile
INT-002139,CMP-119,email,2024-08-03,2024-09-05,2024-08-03,3.12,4,0,0,0.0,C02152,47,Loyal,Bratislava,mobile
INT-002140,CMP-119,email,2024-08-03,2024-09-05,2024-08-03,2.34,3,0,0,0.0,C01886,41,New,Western Slovakia,mobile
INT-002141,CMP-119,email,2024-08-03,2024-09-05,2024-08-04,1.56,2,0,0,0.0,C01594,29,Regular,Czech Republic,tablet
INT-002142,CMP-119,email,2024-08-03,2024-09-05,2024-08-05,6.24,8,0,0,0.0,C01680,35,At-Risk,Bratislava,mobile
INT-002143,CMP-119,email,2024-08-03,2024-09-05,2024-08-05,0.78,1,0,0,0.0,C00807,36,Regular,Central Slovakia,desktop
INT-002144,CMP-119,email,2024-08-03,2024-09-05,2024-08-05,3.9,5,0,0,0.0,C01080,55,New,Eastern Slovakia,mobile
INT-002145,CMP-119,email,2024-08-03,2024-09-05,2024-08-05,3.12,4,0,0,0.0,C01231,31,Regular,Eastern Slovakia,mobile
INT-002146,CMP-119,email,2024-08-03,2024-09-05,2024-08-05,1.56,2,1,0,0.0,C00753,26,New,Bratislava,mobile
INT-002147,CMP-119,email,2024-08-03,2024-09-05,2024-08-05,3.12,4,0,0,0.0,C01034,44,New,Western Slovakia,desktop
INT-002148,CMP-119,email,2024-08-03,2024-09-05,2024-08-06,3.12,4,0,0,0.0,C00946,34,Regular,Western Slovakia,desktop
INT-002149,CMP-119,email,2024-08-03,2024-09-05,2024-08-06,2.34,3,0,0,0.0,C00689,32,New,Bratislava,mobile
INT-002150,CMP-119,email,2024-08-03,2024-09-05,2024-08-06,1.56,2,0,0,0.0,C00241,27,At-Risk,Western Slovakia,desktop
INT-002151,CMP-119,email,2024-08-03,2024-09-05,2024-08-08,3.12,4,0,0,0.0,C01780,56,At-Risk,Western Slovakia,desktop
INT-002152,CMP-119,email,2024-08-03,2024-09-05,2024-08-08,4.68,6,0,0,0.0,C01493,31,Loyal,Bratislava,mobile
INT-002153,CMP-119,email,2024-08-03,2024-09-05,2024-08-08,2.34,3,0,0,0.0,C00210,34,Regular,Bratislava,mobile
INT-002154,CMP-119,email,2024-08-03,2024-09-05,2024-08-09,2.34,3,0,0,0.0,C01219,24,Regular,Central Slovakia,desktop
INT-002155,CMP-119,email,2024-08-03,2024-09-05,2024-08-09,3.12,4,0,0,0.0,C01592,21,Regular,Bratislava,tablet
INT-002156,CMP-119,email,2024-08-03,2024-09-05,2024-08-09,0.78,1,0,0,0.0,C01792,38,Loyal,Bratislava,mobile
INT-002157,CMP-119,email,2024-08-03,2024-09-05,2024-08-10,3.9,5,0,0,0.0,C01647,37,Regular,Bratislava,desktop
INT-002158,CMP-119,email,2024-08-03,2024-09-05,2024-08-11,2.34,3,0,0,0.0,C00314,43,Regular,Western Slovakia,mobile
INT-002159,CMP-119,email,2024-08-03,2024-09-05,2024-08-13,1.56,2,0,0,0.0,C01999,32,New,Central Slovakia,mobile
INT-002160,CMP-119,email,2024-08-03,2024-09-05,2024-08-13,2.34,3,0,0,0.0,C01695,23,New,Central Slovakia,desktop
INT-002161,CMP-119,email,2024-08-03,2024-09-05,2024-08-14,2.34,3,0,0,0.0,C01303,45,Regular,Eastern Slovakia,desktop
INT-002162,CMP-119,email,2024-08-03,2024-09-05,2024-08-14,3.12,4,0,0,0.0,C00018,26,Regular,Central Slovakia,mobile
INT-002163,CMP-119,email,2024-08-03,2024-09-05,2024-08-16,4.68,6,0,0,0.0,C02067,50,At-Risk,Eastern Slovakia,mobile
INT-002164,CMP-119,email,2024-08-03,2024-09-05,2024-08-18,5.46,7,1,1,241.29,C01087,21,Regular,Bratislava,desktop
INT-002165,CMP-119,email,2024-08-03,2024-09-05,2024-08-19,4.68,6,0,0,0.0,C01844,20,New,Czech Republic,mobile
INT-002166,CMP-119,email,2024-08-03,2024-09-05,2024-08-19,2.34,3,0,0,0.0,C00399,44,Regular,Bratislava,mobile
INT-002167,CMP-119,email,2024-08-03,2024-09-05,2024-08-20,2.34,3,0,0,0.0,C00340,45,Regular,Central Slovakia,mobile
INT-002168,CMP-119,email,2024-08-03,2024-09-05,2024-08-21,3.12,4,0,0,0.0,C00793,44,Loyal,Western Slovakia,desktop
INT-002169,CMP-119,email,2024-08-03,2024-09-05,2024-08-21,3.9,5,0,0,0.0,C00298,34,New,Central Slovakia,desktop
INT-002170,CMP-119,email,2024-08-03,2024-09-05,2024-08-21,3.12,4,0,0,0.0,C00850,50,New,Bratislava,mobile
INT-002171,CMP-119,email,2024-08-03,2024-09-05,2024-08-21,2.34,3,0,0,0.0,C00141,43,Regular,Bratislava,mobile
INT-002172,CMP-119,email,2024-08-03,2024-09-05,2024-08-21,3.9,5,1,0,0.0,C00116,32,Loyal,Central Slovakia,mobile
INT-002173,CMP-119,email,2024-08-03,2024-09-05,2024-08-21,1.56,2,0,0,0.0,C00215,34,New,Central Slovakia,mobile
INT-002174,CMP-119,email,2024-08-03,2024-09-05,2024-08-22,4.68,6,0,0,0.0,C01750,49,New,Czech Republic,desktop
INT-002175,CMP-119,email,2024-08-03,2024-09-05,2024-08-23,3.9,5,2,0,0.0,C00673,29,New,Western Slovakia,mobile
INT-002176,CMP-119,email,2024-08-03,2024-09-05,2024-08-23,1.56,2,0,0,0.0,C00851,34,At-Risk,Central Slovakia,mobile
INT-002177,CMP-119,email,2024-08-03,2024-09-05,2024-08-25,1.56,2,0,0,0.0,C00257,43,At-Risk,Bratislava,desktop
INT-002178,CMP-119,email,2024-08-03,2024-09-05,2024-08-25,1.56,2,1,0,0.0,C00370,48,At-Risk,Central Slovakia,mobile
INT-002179,CMP-119,email,2024-08-03,2024-09-05,2024-08-26,3.12,4,2,0,0.0,C00401,36,At-Risk,Bratislava,tablet
INT-002180,CMP-119,email,2024-08-03,2024-09-05,2024-08-26,2.34,3,0,0,0.0,C00840,34,At-Risk,Central Slovakia,mobile
INT-002181,CMP-119,email,2024-08-03,2024-09-05,2024-08-26,3.12,4,0,0,0.0,C01107,22,Regular,Western Slovakia,mobile
INT-002182,CMP-119,email,2024-08-03,2024-09-05,2024-08-27,3.12,4,0,0,0.0,C01714,37,New,Central Slovakia,mobile
INT-002183,CMP-119,email,2024-08-03,2024-09-05,2024-08-28,4.68,6,1,0,0.0,C00388,44,New,Bratislava,desktop
INT-002184,CMP-119,email,2024-08-03,2024-09-05,2024-08-28,0.78,1,0,0,0.0,C01496,25,Loyal,Bratislava,desktop
INT-002185,CMP-119,email,2024-08-03,2024-09-05,2024-08-28,0.78,1,0,0,0.0,C00727,41,Regular,Bratislava,mobile
INT-002186,CMP-119,email,2024-08-03,2024-09-05,2024-08-29,1.56,2,0,0,0.0,C00578,53,New,Western Slovakia,mobile
INT-002187,CMP-119,email,2024-08-03,2024-09-05,2024-08-29,0.78,1,1,0,0.0,C02144,43,Regular,Eastern Slovakia,desktop
INT-002188,CMP-119,email,2024-08-03,2024-09-05,2024-08-30,3.12,4,0,0,0.0,C01282,18,New,Eastern Slovakia,desktop
INT-002189,CMP-119,email,2024-08-03,2024-09-05,2024-08-31,4.68,6,0,0,0.0,C01044,39,Regular,Western Slovakia,mobile
INT-002190,CMP-119,email,2024-08-03,2024-09-05,2024-09-01,1.56,2,0,0,0.0,C01598,41,Loyal,Bratislava,mobile
INT-002191,CMP-119,email,2024-08-03,2024-09-05,2024-09-02,3.9,5,0,0,0.0,C00306,25,Loyal,Central Slovakia,mobile
INT-002192,CMP-119,email,2024-08-03,2024-09-05,2024-09-02,1.56,2,0,0,0.0,C01895,35,Regular,Bratislava,mobile
INT-002193,CMP-119,email,2024-08-03,2024-09-05,2024-09-02,3.12,4,1,1,182.44,C00410,22,New,Bratislava,mobile
INT-002194,CMP-119,email,2024-08-03,2024-09-05,2024-09-02,7.02,9,0,0,0.0,C00185,43,Loyal,Central Slovakia,mobile
INT-002195,CMP-119,email,2024-08-03,2024-09-05,2024-09-03,2.34,3,0,0,0.0,C01828,57,Regular,Central Slovakia,mobile
INT-002196,CMP-119,email,2024-08-03,2024-09-05,2024-09-03,0.78,1,0,0,0.0,C01146,46,At-Risk,Central Slovakia,mobile
INT-002197,CMP-119,email,2024-08-03,2024-09-05,2024-09-03,3.9,5,1,1,301.09,C01297,19,Regular,Bratislava,mobile
INT-002198,CMP-119,email,2024-08-03,2024-09-05,2024-09-04,2.34,3,0,0,0.0,C01637,18,At-Risk,Western Slovakia,mobile
INT-002199,CMP-025,display,2024-08-12,2024-09-18,2024-08-12,8.9,18,1,0,0.0,C01895,35,Regular,Bratislava,mobile
INT-002200,CMP-025,display,2024-08-12,2024-09-18,2024-08-12,7.91,16,0,0,0.0,C01106,46,Regular,Eastern Slovakia,desktop
INT-002201,CMP-025,display,2024-08-12,2024-09-18,2024-08-13,10.38,21,0,0,0.0,C00433,36,New,Central Slovakia,mobile
INT-002202,CMP-025,display,2024-08-12,2024-09-18,2024-08-13,10.87,22,0,0,0.0,C01027,18,Regular,Bratislava,mobile
INT-002203,CMP-025,display,2024-08-12,2024-09-18,2024-08-13,10.38,21,0,0,0.0,C00427,48,Regular,Bratislava,mobile
INT-002204,CMP-025,display,2024-08-12,2024-09-18,2024-08-13,10.38,21,1,0,0.0,C01062,55,At-Risk,Central Slovakia,desktop
INT-002205,CMP-025,display,2024-08-12,2024-09-18,2024-08-13,10.38,21,1,0,0.0,C00302,20,Regular,Central Slovakia,tablet
INT-002206,CMP-025,display,2024-08-12,2024-09-18,2024-08-14,8.4,17,0,0,0.0,C01308,53,At-Risk,Western Slovakia,mobile
INT-002207,CMP-025,display,2024-08-12,2024-09-18,2024-08-14,8.9,18,0,0,0.0,C01884,39,Regular,Western Slovakia,mobile
INT-002208,CMP-025,display,2024-08-12,2024-09-18,2024-08-14,8.9,18,0,0,0.0,C02045,21,Loyal,Eastern Slovakia,desktop
INT-002209,CMP-025,display,2024-08-12,2024-09-18,2024-08-14,13.34,27,0,0,0.0,C00381,39,New,Central Slovakia,mobile
INT-002210,CMP-025,display,2024-08-12,2024-09-18,2024-08-15,8.4,17,0,0,0.0,C01566,30,Regular,Bratislava,mobile
INT-002211,CMP-025,display,2024-08-12,2024-09-18,2024-08-17,8.4,17,0,0,0.0,C00720,26,New,Western Slovakia,tablet
INT-002212,CMP-025,display,2024-08-12,2024-09-18,2024-08-18,9.88,20,0,0,0.0,C00482,55,New,Central Slovakia,desktop
INT-002213,CMP-025,display,2024-08-12,2024-09-18,2024-08-18,12.85,26,0,0,0.0,C00685,33,Regular,Eastern Slovakia,mobile
INT-002214,CMP-025,display,2024-08-12,2024-09-18,2024-08-18,7.91,16,1,0,0.0,C01164,20,New,Central Slovakia,mobile
INT-002215,CMP-025,display,2024-08-12,2024-09-18,2024-08-19,5.93,12,0,0,0.0,C02127,64,Loyal,Western Slovakia,mobile
INT-002216,CMP-025,display,2024-08-12,2024-09-18,2024-08-19,8.9,18,0,0,0.0,C00422,28,Regular,Bratislava,mobile
INT-002217,CMP-025,display,2024-08-12,2024-09-18,2024-08-21,6.92,14,0,0,0.0,C00606,44,At-Risk,Bratislava,desktop
INT-002218,CMP-025,display,2024-08-12,2024-09-18,2024-08-21,9.39,19,0,0,0.0,C00202,55,Loyal,Eastern Slovakia,mobile
INT-002219,CMP-025,display,2024-08-12,2024-09-18,2024-08-22,10.38,21,0,0,0.0,C01552,29,New,Bratislava,tablet
INT-002220,CMP-025,display,2024-08-12,2024-09-18,2024-08-22,9.39,19,0,0,0.0,C01279,42,Loyal,Czech Republic,mobile
INT-002221,CMP-025,display,2024-08-12,2024-09-18,2024-08-22,7.41,15,0,0,0.0,C00836,27,Regular,Bratislava,mobile
INT-002222,CMP-025,display,2024-08-12,2024-09-18,2024-08-23,7.41,15,0,0,0.0,C01675,35,New,Bratislava,desktop
INT-002223,CMP-025,display,2024-08-12,2024-09-18,2024-08-24,9.39,19,0,0,0.0,C00588,28,New,Bratislava,desktop
INT-002224,CMP-025,display,2024-08-12,2024-09-18,2024-08-24,11.86,24,2,0,0.0,C02080,27,At-Risk,Bratislava,desktop
INT-002225,CMP-025,display,2024-08-12,2024-09-18,2024-08-25,7.91,16,0,0,0.0,C01824,46,New,Bratislava,tablet
INT-002226,CMP-025,display,2024-08-12,2024-09-18,2024-08-25,7.91,16,0,0,0.0,C00866,48,Regular,Western Slovakia,desktop
INT-002227,CMP-025,display,2024-08-12,2024-09-18,2024-08-26,11.86,24,0,0,0.0,C00649,40,Regular,Eastern Slovakia,desktop
INT-002228,CMP-025,display,2024-08-12,2024-09-18,2024-08-26,10.87,22,0,0,0.0,C01880,18,At-Risk,Bratislava,mobile
INT-002229,CMP-025,display,2024-08-12,2024-09-18,2024-08-27,9.88,20,0,0,0.0,C01230,45,Regular,Western Slovakia,tablet
INT-002230,CMP-025,display,2024-08-12,2024-09-18,2024-08-27,8.9,18,0,0,0.0,C00564,29,New,Eastern Slovakia,desktop
INT-002231,CMP-025,display,2024-08-12,2024-09-18,2024-08-29,6.42,13,1,0,0.0,C01193,35,New,Eastern Slovakia,mobile
INT-002232,CMP-025,display,2024-08-12,2024-09-18,2024-08-30,9.88,20,0,0,0.0,C00698,26,Loyal,Western Slovakia,desktop
INT-002233,CMP-025,display,2024-08-12,2024-09-18,2024-08-30,11.86,24,0,0,0.0,C01906,24,New,Western Slovakia,mobile
INT-002234,CMP-025,display,2024-08-12,2024-09-18,2024-08-31,8.4,17,0,0,0.0,C01653,44,Loyal,Eastern Slovakia,mobile
INT-002235,CMP-025,display,2024-08-12,2024-09-18,2024-08-31,6.92,14,0,0,0.0,C00023,53,Loyal,Central Slovakia,mobile
INT-002236,CMP-025,display,2024-08-12,2024-09-18,2024-08-31,9.39,19,0,0,0.0,C01214,29,New,Bratislava,mobile
INT-002237,CMP-025,display,2024-08-12,2024-09-18,2024-08-31,9.39,19,0,0,0.0,C01177,29,New,Eastern Slovakia,desktop
INT-002238,CMP-025,display,2024-08-12,2024-09-18,2024-09-02,12.35,25,0,0,0.0,C01691,32,New,Bratislava,mobile
INT-002239,CMP-025,display,2024-08-12,2024-09-18,2024-09-03,8.9,18,1,1,119.25,C00609,18,Loyal,Central Slovakia,desktop
INT-002240,CMP-025,display,2024-08-12,2024-09-18,2024-09-03,12.85,26,0,0,0.0,C00813,41,New,Bratislava,mobile
INT-002241,CMP-025,display,2024-08-12,2024-09-18,2024-09-03,8.4,17,0,0,0.0,C00873,47,Regular,Eastern Slovakia,mobile
INT-002242,CMP-025,display,2024-08-12,2024-09-18,2024-09-04,8.4,17,0,0,0.0,C01128,37,At-Risk,Central Slovakia,desktop
INT-002243,CMP-025,display,2024-08-12,2024-09-18,2024-09-05,7.41,15,0,0,0.0,C00359,28,Regular,Western Slovakia,mobile
INT-002244,CMP-025,display,2024-08-12,2024-09-18,2024-09-05,8.9,18,0,0,0.0,C01654,33,Regular,Eastern Slovakia,mobile
INT-002245,CMP-025,display,2024-08-12,2024-09-18,2024-09-09,7.41,15,0,0,0.0,C01968,37,New,Bratislava,desktop
INT-002246,CMP-025,display,2024-08-12,2024-09-18,2024-09-10,14.33,29,1,0,0.0,C00451,36,Loyal,Western Slovakia,mobile
INT-002247,CMP-025,display,2024-08-12,2024-09-18,2024-09-11,7.41,15,0,0,0.0,C01206,30,Loyal,Bratislava,desktop
INT-002248,CMP-025,display,2024-08-12,2024-09-18,2024-09-11,7.91,16,0,0,0.0,C01636,51,New,Eastern Slovakia,mobile
INT-002249,CMP-025,display,2024-08-12,2024-09-18,2024-09-13,8.9,18,0,0,0.0,C01826,46,Regular,Eastern Slovakia,mobile
INT-002250,CMP-025,display,2024-08-12,2024-09-18,2024-09-14,4.94,10,0,0,0.0,C00634,18,Regular,Bratislava,mobile
INT-002251,CMP-025,display,2024-08-12,2024-09-18,2024-09-15,8.9,18,0,0,0.0,C02110,41,Loyal,Bratislava,mobile
INT-002252,CMP-025,display,2024-08-12,2024-09-18,2024-09-15,8.4,17,1,0,0.0,C01905,45,Regular,Bratislava,desktop
INT-002253,CMP-025,display,2024-08-12,2024-09-18,2024-09-15,11.86,24,2,1,133.9,C01816,32,Loyal,Eastern Slovakia,mobile
INT-002254,CMP-115,email,2024-08-15,2024-09-21,2024-08-15,2.17,3,1,0,0.0,C01301,39,Loyal,Bratislava,desktop
INT-002255,CMP-115,email,2024-08-15,2024-09-21,2024-08-15,1.45,2,0,0,0.0,C00865,30,Regular,Western Slovakia,desktop
INT-002256,CMP-115,email,2024-08-15,2024-09-21,2024-08-17,1.45,2,1,0,0.0,C01780,56,At-Risk,Western Slovakia,mobile
INT-002257,CMP-115,email,2024-08-15,2024-09-21,2024-08-19,3.61,5,0,0,0.0,C00344,43,New,Czech Republic,desktop
INT-002258,CMP-115,email,2024-08-15,2024-09-21,2024-08-21,1.45,2,0,0,0.0,C01498,24,Loyal,Central Slovakia,mobile
INT-002259,CMP-115,email,2024-08-15,2024-09-21,2024-08-21,2.17,3,0,0,0.0,C01257,47,Regular,Czech Republic,mobile
INT-002260,CMP-115,email,2024-08-15,2024-09-21,2024-08-23,1.45,2,0,0,0.0,C00843,59,Loyal,Eastern Slovakia,desktop
INT-002261,CMP-115,email,2024-08-15,2024-09-21,2024-08-24,1.45,2,1,1,245.92,C01838,35,Regular,Czech Republic,desktop
INT-002262,CMP-115,email,2024-08-15,2024-09-21,2024-08-25,3.61,5,0,0,0.0,C02127,64,Loyal,Western Slovakia,desktop
INT-002263,CMP-115,email,2024-08-15,2024-09-21,2024-08-27,1.45,2,0,0,0.0,C01075,27,Regular,Bratislava,desktop
INT-002264,CMP-115,email,2024-08-15,2024-09-21,2024-08-28,3.61,5,0,0,0.0,C01953,18,New,Bratislava,mobile
INT-002265,CMP-115,email,2024-08-15,2024-09-21,2024-08-28,1.45,2,1,0,0.0,C01422,35,Regular,Bratislava,mobile
INT-002266,CMP-115,email,2024-08-15,2024-09-21,2024-09-03,2.17,3,1,1,118.35,C00615,28,Regular,Czech Republic,mobile
INT-002267,CMP-115,email,2024-08-15,2024-09-21,2024-09-03,2.89,4,1,1,186.58,C01874,24,Regular,Bratislava,mobile
INT-002268,CMP-115,email,2024-08-15,2024-09-21,2024-09-04,2.17,3,1,1,223.94,C01847,38,Regular,Eastern Slovakia,mobile
INT-002269,CMP-115,email,2024-08-15,2024-09-21,2024-09-05,0.72,1,0,0,0.0,C00910,25,Regular,Eastern Slovakia,desktop
INT-002270,CMP-115,email,2024-08-15,2024-09-21,2024-09-05,1.45,2,0,0,0.0,C00426,34,Regular,Central Slovakia,mobile
INT-002271,CMP-115,email,2024-08-15,2024-09-21,2024-09-06,1.45,2,0,0,0.0,C01231,31,Regular,Eastern Slovakia,desktop
INT-002272,CMP-115,email,2024-08-15,2024-09-21,2024-09-09,3.61,5,0,0,0.0,C01915,52,Regular,Eastern Slovakia,mobile
INT-002273,CMP-115,email,2024-08-15,2024-09-21,2024-09-11,1.45,2,0,0,0.0,C01962,30,Regular,Eastern Slovakia,mobile
INT-002274,CMP-115,email,2024-08-15,2024-09-21,2024-09-11,2.89,4,0,0,0.0,C00638,25,At-Risk,Western Slovakia,mobile
INT-002275,CMP-115,email,2024-08-15,2024-09-21,2024-09-13,1.45,2,1,0,0.0,C00098,26,Loyal,Bratislava,mobile
INT-002276,CMP-115,email,2024-08-15,2024-09-21,2024-09-13,0.72,1,1,0,0.0,C00818,41,New,Eastern Slovakia,mobile
INT-002277,CMP-115,email,2024-08-15,2024-09-21,2024-09-16,2.17,3,0,0,0.0,C00560,27,New,Western Slovakia,desktop
INT-002278,CMP-115,email,2024-08-15,2024-09-21,2024-09-17,3.61,5,0,0,0.0,C00601,44,Regular,Bratislava,mobile
INT-002279,CMP-115,email,2024-08-15,2024-09-21,2024-09-19,3.61,5,0,0,0.0,C00047,48,Loyal,Western Slovakia,mobile
INT-002280,CMP-115,email,2024-08-15,2024-09-21,2024-09-20,3.61,5,0,0,0.0,C00784,49,New,Western Slovakia,mobile
INT-002281,CMP-115,email,2024-08-15,2024-09-21,2024-09-20,0.72,1,0,0,0.0,C01957,49,New,Czech Republic,mobile
INT-002282,CMP-048,social,2024-08-25,2024-09-29,2024-08-26,6.03,7,1,0,0.0,C00713,26,New,Bratislava,desktop
INT-002283,CMP-048,social,2024-08-25,2024-09-29,2024-08-26,7.76,9,0,0,0.0,C00701,51,New,Central Slovakia,mobile
INT-002284,CMP-048,social,2024-08-25,2024-09-29,2024-08-29,7.76,9,0,0,0.0,C02036,47,New,Eastern Slovakia,mobile
INT-002285,CMP-048,social,2024-08-25,2024-09-29,2024-08-30,7.76,9,0,0,0.0,C00819,41,Loyal,Czech Republic,desktop
INT-002286,CMP-048,social,2024-08-25,2024-09-29,2024-08-30,9.48,11,1,0,0.0,C02076,23,Regular,Czech Republic,desktop
INT-002287,CMP-048,social,2024-08-25,2024-09-29,2024-08-31,6.89,8,1,0,0.0,C01356,44,New,Eastern Slovakia,mobile
INT-002288,CMP-048,social,2024-08-25,2024-09-29,2024-08-31,4.31,5,0,0,0.0,C00095,18,Loyal,Western Slovakia,mobile
INT-002289,CMP-048,social,2024-08-25,2024-09-29,2024-08-31,3.45,4,0,0,0.0,C02190,45,Regular,Western Slovakia,desktop
INT-002290,CMP-048,social,2024-08-25,2024-09-29,2024-09-01,5.17,6,0,0,0.0,C00250,24,Regular,Eastern Slovakia,tablet
INT-002291,CMP-048,social,2024-08-25,2024-09-29,2024-09-01,6.89,8,0,0,0.0,C01792,38,Loyal,Bratislava,mobile
INT-002292,CMP-048,social,2024-08-25,2024-09-29,2024-09-01,6.89,8,0,0,0.0,C00937,24,Loyal,Bratislava,mobile
INT-002293,CMP-048,social,2024-08-25,2024-09-29,2024-09-04,2.59,3,0,0,0.0,C00178,40,Loyal,Western Slovakia,desktop
INT-002294,CMP-048,social,2024-08-25,2024-09-29,2024-09-04,4.31,5,0,0,0.0,C00803,42,Regular,Bratislava,mobile
INT-002295,CMP-048,social,2024-08-25,2024-09-29,2024-09-04,7.76,9,0,0,0.0,C01099,50,Loyal,Central Slovakia,mobile
INT-002296,CMP-048,social,2024-08-25,2024-09-29,2024-09-04,6.03,7,0,0,0.0,C01668,38,Regular,Bratislava,desktop
INT-002297,CMP-048,social,2024-08-25,2024-09-29,2024-09-05,5.17,6,0,0,0.0,C00388,44,New,Bratislava,mobile
INT-002298,CMP-048,social,2024-08-25,2024-09-29,2024-09-05,8.62,10,0,0,0.0,C01346,66,At-Risk,Central Slovakia,mobile
INT-002299,CMP-048,social,2024-08-25,2024-09-29,2024-09-07,8.62,10,1,0,0.0,C00779,39,Regular,Bratislava,desktop
INT-002300,CMP-048,social,2024-08-25,2024-09-29,2024-09-07,2.59,3,0,0,0.0,C00168,43,Regular,Central Slovakia,mobile
INT-002301,CMP-048,social,2024-08-25,2024-09-29,2024-09-07,2.59,3,0,0,0.0,C01835,45,Regular,Eastern Slovakia,desktop
INT-002302,CMP-048,social,2024-08-25,2024-09-29,2024-09-07,6.03,7,0,0,0.0,C01553,31,Regular,Central Slovakia,mobile
INT-002303,CMP-048,social,2024-08-25,2024-09-29,2024-09-07,6.03,7,0,0,0.0,C00339,52,Regular,Bratislava,mobile
INT-002304,CMP-048,social,2024-08-25,2024-09-29,2024-09-08,5.17,6,0,0,0.0,C01658,18,At-Risk,Bratislava,desktop
INT-002305,CMP-048,social,2024-08-25,2024-09-29,2024-09-08,11.2,13,2,0,0.0,C01973,39,Regular,Central Slovakia,mobile
INT-002306,CMP-048,social,2024-08-25,2024-09-29,2024-09-08,6.03,7,0,0,0.0,C00474,40,Regular,Eastern Slovakia,desktop
INT-002307,CMP-048,social,2024-08-25,2024-09-29,2024-09-09,6.89,8,0,0,0.0,C01934,54,Regular,Eastern Slovakia,mobile
INT-002308,CMP-048,social,2024-08-25,2024-09-29,2024-09-09,6.89,8,1,0,0.0,C00391,18,Loyal,Eastern Slovakia,mobile
INT-002309,CMP-048,social,2024-08-25,2024-09-29,2024-09-09,6.89,8,0,0,0.0,C01660,40,Loyal,Central Slovakia,tablet
INT-002310,CMP-048,social,2024-08-25,2024-09-29,2024-09-09,5.17,6,1,0,0.0,C00811,36,Regular,Central Slovakia,mobile
INT-002311,CMP-048,social,2024-08-25,2024-09-29,2024-09-10,5.17,6,0,0,0.0,C00407,37,Regular,Western Slovakia,mobile
INT-002312,CMP-048,social,2024-08-25,2024-09-29,2024-09-10,5.17,6,0,0,0.0,C00436,31,Loyal,Eastern Slovakia,desktop
INT-002313,CMP-048,social,2024-08-25,2024-09-29,2024-09-11,7.76,9,1,0,0.0,C02103,29,Regular,Eastern Slovakia,desktop
INT-002314,CMP-048,social,2024-08-25,2024-09-29,2024-09-11,7.76,9,0,0,0.0,C01238,45,Loyal,Bratislava,desktop
INT-002315,CMP-048,social,2024-08-25,2024-09-29,2024-09-11,7.76,9,1,0,0.0,C01044,39,Regular,Western Slovakia,mobile
INT-002316,CMP-048,social,2024-08-25,2024-09-29,2024-09-11,5.17,6,0,0,0.0,C01967,41,Regular,Western Slovakia,mobile
INT-002317,CMP-048,social,2024-08-25,2024-09-29,2024-09-12,8.62,10,1,0,0.0,C00514,37,Regular,Bratislava,desktop
INT-002318,CMP-048,social,2024-08-25,2024-09-29,2024-09-12,6.89,8,0,0,0.0,C00353,31,Regular,Bratislava,mobile
INT-002319,CMP-048,social,2024-08-25,2024-09-29,2024-09-12,7.76,9,0,0,0.0,C01878,60,Regular,Central Slovakia,desktop
INT-002320,CMP-048,social,2024-08-25,2024-09-29,2024-09-12,12.93,15,1,0,0.0,C00127,56,Loyal,Eastern Slovakia,mobile
INT-002321,CMP-048,social,2024-08-25,2024-09-29,2024-09-13,4.31,5,0,0,0.0,C01636,51,New,Eastern Slovakia,mobile
INT-002322,CMP-048,social,2024-08-25,2024-09-29,2024-09-13,5.17,6,1,0,0.0,C01986,35,New,Western Slovakia,mobile
INT-002323,CMP-048,social,2024-08-25,2024-09-29,2024-09-13,5.17,6,0,0,0.0,C02073,18,Regular,Bratislava,desktop
INT-002324,CMP-048,social,2024-08-25,2024-09-29,2024-09-14,4.31,5,0,0,0.0,C00823,24,Loyal,Eastern Slovakia,mobile
INT-002325,CMP-048,social,2024-08-25,2024-09-29,2024-09-15,1.72,2,0,0,0.0,C01055,21,Loyal,Eastern Slovakia,mobile
INT-002326,CMP-048,social,2024-08-25,2024-09-29,2024-09-16,6.89,8,1,0,0.0,C01260,32,New,Central Slovakia,mobile
INT-002327,CMP-048,social,2024-08-25,2024-09-29,2024-09-16,4.31,5,0,0,0.0,C00457,51,At-Risk,Eastern Slovakia,desktop
INT-002328,CMP-048,social,2024-08-25,2024-09-29,2024-09-16,4.31,5,0,0,0.0,C00854,38,Loyal,Western Slovakia,mobile
INT-002329,CMP-048,social,2024-08-25,2024-09-29,2024-09-17,4.31,5,0,0,0.0,C01544,37,New,Czech Republic,tablet
INT-002330,CMP-048,social,2024-08-25,2024-09-29,2024-09-18,9.48,11,0,0,0.0,C01596,43,Regular,Western Slovakia,desktop
INT-002331,CMP-048,social,2024-08-25,2024-09-29,2024-09-18,8.62,10,0,0,0.0,C00896,51,Regular,Bratislava,mobile
INT-002332,CMP-048,social,2024-08-25,2024-09-29,2024-09-19,6.03,7,1,0,0.0,C01555,21,New,Bratislava,mobile
INT-002333,CMP-048,social,2024-08-25,2024-09-29,2024-09-19,5.17,6,1,0,0.0,C02118,39,Regular,Western Slovakia,mobile
INT-002334,CMP-048,social,2024-08-25,2024-09-29,2024-09-19,6.03,7,0,0,0.0,C01084,39,New,Western Slovakia,desktop
INT-002335,CMP-048,social,2024-08-25,2024-09-29,2024-09-20,6.89,8,2,1,301.82,C00786,41,Loyal,Central Slovakia,mobile
INT-002336,CMP-048,social,2024-08-25,2024-09-29,2024-09-20,10.34,12,0,0,0.0,C01202,32,Regular,Western Slovakia,desktop
INT-002337,CMP-048,social,2024-08-25,2024-09-29,2024-09-20,9.48,11,0,0,0.0,C00116,32,Loyal,Central Slovakia,desktop
INT-002338,CMP-048,social,2024-08-25,2024-09-29,2024-09-20,3.45,4,0,0,0.0,C00242,37,Regular,Bratislava,mobile
INT-002339,CMP-048,social,2024-08-25,2024-09-29,2024-09-20,6.03,7,0,0,0.0,C00157,40,Regular,Eastern Slovakia,mobile
INT-002340,CMP-048,social,2024-08-25,2024-09-29,2024-09-21,12.07,14,1,0,0.0,C00129,30,New,Western Slovakia,mobile
INT-002341,CMP-048,social,2024-08-25,2024-09-29,2024-09-21,6.89,8,2,2,349.7,C01371,20,Regular,Central Slovakia,desktop
INT-002342,CMP-048,social,2024-08-25,2024-09-29,2024-09-21,6.89,8,0,0,0.0,C01915,52,Regular,Eastern Slovakia,mobile
INT-002343,CMP-048,social,2024-08-25,2024-09-29,2024-09-22,7.76,9,0,0,0.0,C00417,51,At-Risk,Bratislava,desktop
INT-002344,CMP-048,social,2024-08-25,2024-09-29,2024-09-22,6.89,8,1,0,0.0,C00482,55,New,Central Slovakia,desktop
INT-002345,CMP-048,social,2024-08-25,2024-09-29,2024-09-23,10.34,12,1,0,0.0,C01744,22,Regular,Western Slovakia,desktop
INT-002346,CMP-048,social,2024-08-25,2024-09-29,2024-09-23,5.17,6,1,1,92.21,C00164,28,Regular,Western Slovakia,desktop
INT-002347,CMP-048,social,2024-08-25,2024-09-29,2024-09-23,5.17,6,0,0,0.0,C01931,18,Loyal,Central Slovakia,desktop
INT-002348,CMP-048,social,2024-08-25,2024-09-29,2024-09-24,7.76,9,0,0,0.0,C00161,26,Loyal,Eastern Slovakia,mobile
INT-002349,CMP-048,social,2024-08-25,2024-09-29,2024-09-24,6.03,7,1,0,0.0,C00577,54,Regular,Western Slovakia,mobile
INT-002350,CMP-048,social,2024-08-25,2024-09-29,2024-09-24,6.03,7,0,0,0.0,C00379,57,New,Eastern Slovakia,desktop
INT-002351,CMP-048,social,2024-08-25,2024-09-29,2024-09-25,10.34,12,1,0,0.0,C01168,60,Loyal,Eastern Slovakia,desktop
INT-002352,CMP-048,social,2024-08-25,2024-09-29,2024-09-26,7.76,9,0,0,0.0,C01150,50,Regular,Western Slovakia,desktop
INT-002353,CMP-048,social,2024-08-25,2024-09-29,2024-09-26,7.76,9,1,0,0.0,C00888,33,New,Central Slovakia,desktop
INT-002354,CMP-048,social,2024-08-25,2024-09-29,2024-09-26,7.76,9,1,0,0.0,C00284,43,New,Bratislava,desktop
INT-002355,CMP-048,social,2024-08-25,2024-09-29,2024-09-27,9.48,11,0,0,0.0,C00885,25,Loyal,Western Slovakia,mobile
INT-002356,CMP-048,social,2024-08-25,2024-09-29,2024-09-28,6.89,8,1,0,0.0,C01199,56,Regular,Western Slovakia,mobile
INT-002357,CMP-048,social,2024-08-25,2024-09-29,2024-09-28,10.34,12,0,0,0.0,C00327,19,Loyal,Western Slovakia,tablet
INT-002358,CMP-048,social,2024-08-25,2024-09-29,2024-09-28,6.03,7,0,0,0.0,C01277,31,New,Central Slovakia,mobile
INT-002359,CMP-048,social,2024-08-25,2024-09-29,2024-09-28,7.76,9,1,1,132.22,C00658,40,New,Bratislava,desktop
INT-002360,CMP-048,social,2024-08-25,2024-09-29,2024-09-28,6.89,8,1,0,0.0,C00519,49,Loyal,Bratislava,mobile
INT-002361,CMP-118,email,2024-08-27,2024-10-05,2024-08-27,1.65,2,0,0,0.0,C01221,37,Regular,Central Slovakia,mobile
INT-002362,CMP-118,email,2024-08-27,2024-10-05,2024-08-28,3.31,4,1,1,147.55,C01047,32,Loyal,Czech Republic,mobile
INT-002363,CMP-118,email,2024-08-27,2024-10-05,2024-08-29,6.61,8,2,0,0.0,C00697,18,Regular,Eastern Slovakia,mobile
INT-002364,CMP-118,email,2024-08-27,2024-10-05,2024-09-01,1.65,2,0,0,0.0,C01019,34,At-Risk,Western Slovakia,desktop
INT-002365,CMP-118,email,2024-08-27,2024-10-05,2024-09-02,3.31,4,0,0,0.0,C00718,46,New,Eastern Slovakia,desktop
INT-002366,CMP-118,email,2024-08-27,2024-10-05,2024-09-02,1.65,2,0,0,0.0,C01234,39,Regular,Central Slovakia,desktop
INT-002367,CMP-118,email,2024-08-27,2024-10-05,2024-09-03,3.31,4,0,0,0.0,C01803,34,Regular,Western Slovakia,mobile
INT-002368,CMP-118,email,2024-08-27,2024-10-05,2024-09-04,2.48,3,0,0,0.0,C00955,29,At-Risk,Central Slovakia,desktop
INT-002369,CMP-118,email,2024-08-27,2024-10-05,2024-09-05,1.65,2,0,0,0.0,C01590,33,New,Western Slovakia,mobile
INT-002370,CMP-118,email,2024-08-27,2024-10-05,2024-09-06,2.48,3,0,0,0.0,C01275,31,Regular,Eastern Slovakia,desktop
INT-002371,CMP-118,email,2024-08-27,2024-10-05,2024-09-06,1.65,2,0,0,0.0,C00674,22,Regular,Central Slovakia,tablet
INT-002372,CMP-118,email,2024-08-27,2024-10-05,2024-09-07,1.65,2,0,0,0.0,C01535,62,Regular,Central Slovakia,mobile
INT-002373,CMP-118,email,2024-08-27,2024-10-05,2024-09-08,2.48,3,1,0,0.0,C01179,42,At-Risk,Bratislava,mobile
INT-002374,CMP-118,email,2024-08-27,2024-10-05,2024-09-09,4.13,5,0,0,0.0,C01795,18,Regular,Bratislava,desktop
INT-002375,CMP-118,email,2024-08-27,2024-10-05,2024-09-09,1.65,2,1,0,0.0,C01542,48,Regular,Central Slovakia,desktop
INT-002376,CMP-118,email,2024-08-27,2024-10-05,2024-09-10,0.83,1,1,1,189.5,C01006,42,Loyal,Central Slovakia,desktop
INT-002377,CMP-118,email,2024-08-27,2024-10-05,2024-09-10,1.65,2,0,0,0.0,C00500,20,New,Central Slovakia,desktop
INT-002378,CMP-118,email,2024-08-27,2024-10-05,2024-09-10,1.65,2,0,0,0.0,C02050,25,Loyal,Central Slovakia,mobile
INT-002379,CMP-118,email,2024-08-27,2024-10-05,2024-09-15,4.13,5,1,0,0.0,C01604,21,Regular,Bratislava,desktop
INT-002380,CMP-118,email,2024-08-27,2024-10-05,2024-09-15,0.83,1,0,0,0.0,C01553,31,Regular,Central Slovakia,mobile
INT-002381,CMP-118,email,2024-08-27,2024-10-05,2024-09-15,3.31,4,1,1,230.14,C01476,36,Loyal,Bratislava,mobile
INT-002382,CMP-118,email,2024-08-27,2024-10-05,2024-09-16,2.48,3,0,0,0.0,C00381,39,New,Central Slovakia,mobile
INT-002383,CMP-118,email,2024-08-27,2024-10-05,2024-09-16,3.31,4,0,0,0.0,C01521,23,At-Risk,Western Slovakia,tablet
INT-002384,CMP-118,email,2024-08-27,2024-10-05,2024-09-17,2.48,3,1,0,0.0,C01588,49,New,Bratislava,mobile
INT-002385,CMP-118,email,2024-08-27,2024-10-05,2024-09-17,2.48,3,0,0,0.0,C01206,30,Loyal,Bratislava,desktop
INT-002386,CMP-118,email,2024-08-27,2024-10-05,2024-09-18,2.48,3,0,0,0.0,C00833,24,Regular,Czech Republic,mobile
INT-002387,CMP-118,email,2024-08-27,2024-10-05,2024-09-19,0.83,1,0,0,0.0,C01608,40,Regular,Central Slovakia,mobile
INT-002388,CMP-118,email,2024-08-27,2024-10-05,2024-09-19,1.65,2,0,0,0.0,C00988,42,New,Bratislava,tablet
INT-002389,CMP-118,email,2024-08-27,2024-10-05,2024-09-20,0.83,1,0,0,0.0,C00407,37,Regular,Western Slovakia,desktop
INT-002390,CMP-118,email,2024-08-27,2024-10-05,2024-09-20,3.31,4,1,0,0.0,C01277,31,New,Central Slovakia,mobile
INT-002391,CMP-118,email,2024-08-27,2024-10-05,2024-09-21,3.31,4,0,0,0.0,C00280,41,Regular,Western Slovakia,tablet
INT-002392,CMP-118,email,2024-08-27,2024-10-05,2024-09-23,3.31,4,0,0,0.0,C00632,69,New,Central Slovakia,mobile
INT-002393,CMP-118,email,2024-08-27,2024-10-05,2024-09-23,2.48,3,0,0,0.0,C00720,26,New,Western Slovakia,mobile
INT-002394,CMP-118,email,2024-08-27,2024-10-05,2024-09-24,4.13,5,0,0,0.0,C01151,40,New,Central Slovakia,mobile
INT-002395,CMP-118,email,2024-08-27,2024-10-05,2024-09-26,2.48,3,0,0,0.0,C02002,30,New,Bratislava,tablet
INT-002396,CMP-118,email,2024-08-27,2024-10-05,2024-09-26,1.65,2,0,0,0.0,C01368,54,New,Bratislava,desktop
INT-002397,CMP-118,email,2024-08-27,2024-10-05,2024-09-29,3.31,4,1,1,100.9,C00077,33,New,Eastern Slovakia,mobile
INT-002398,CMP-118,email,2024-08-27,2024-10-05,2024-09-30,2.48,3,1,0,0.0,C01563,28,Regular,Bratislava,desktop
INT-002399,CMP-118,email,2024-08-27,2024-10-05,2024-10-01,3.31,4,1,0,0.0,C00246,23,Regular,Central Slovakia,mobile
INT-002400,CMP-118,email,2024-08-27,2024-10-05,2024-10-04,1.65,2,0,0,0.0,C01734,21,New,Central Slovakia,mobile
INT-002401,CMP-111,display,2024-09-07,2024-10-02,2024-09-07,3.26,8,0,0,0.0,C00143,18,Regular,Eastern Slovakia,mobile
INT-002402,CMP-111,display,2024-09-07,2024-10-02,2024-09-08,2.85,7,0,0,0.0,C00184,51,Regular,Bratislava,tablet
INT-002403,CMP-111,display,2024-09-07,2024-10-02,2024-09-08,4.48,11,0,0,0.0,C01128,37,At-Risk,Central Slovakia,desktop
INT-002404,CMP-111,display,2024-09-07,2024-10-02,2024-09-09,5.7,14,0,0,0.0,C00445,34,Loyal,Central Slovakia,desktop
INT-002405,CMP-111,display,2024-09-07,2024-10-02,2024-09-09,4.89,12,0,0,0.0,C02192,27,Regular,Eastern Slovakia,desktop
INT-002406,CMP-111,display,2024-09-07,2024-10-02,2024-09-11,4.48,11,0,0,0.0,C01721,51,At-Risk,Czech Republic,mobile
INT-002407,CMP-111,display,2024-09-07,2024-10-02,2024-09-11,3.66,9,0,0,0.0,C00709,35,New,Western Slovakia,mobile
INT-002408,CMP-111,display,2024-09-07,2024-10-02,2024-09-11,4.48,11,0,0,0.0,C01597,42,Loyal,Western Slovakia,mobile
INT-002409,CMP-111,display,2024-09-07,2024-10-02,2024-09-12,4.89,12,0,0,0.0,C01573,42,Regular,Bratislava,mobile
INT-002410,CMP-111,display,2024-09-07,2024-10-02,2024-09-12,4.48,11,1,1,154.19,C00537,32,Loyal,Central Slovakia,mobile
INT-002411,CMP-111,display,2024-09-07,2024-10-02,2024-09-12,7.33,18,1,1,79.62,C00542,28,New,Eastern Slovakia,mobile
INT-002412,CMP-111,display,2024-09-07,2024-10-02,2024-09-13,2.44,6,0,0,0.0,C02185,18,Regular,Eastern Slovakia,mobile
INT-002413,CMP-111,display,2024-09-07,2024-10-02,2024-09-14,6.11,15,0,0,0.0,C00608,43,Regular,Central Slovakia,desktop
INT-002414,CMP-111,display,2024-09-07,2024-10-02,2024-09-14,4.48,11,0,0,0.0,C01207,29,At-Risk,Czech Republic,desktop
INT-002415,CMP-111,display,2024-09-07,2024-10-02,2024-09-14,4.07,10,0,0,0.0,C01553,31,Regular,Central Slovakia,mobile
INT-002416,CMP-111,display,2024-09-07,2024-10-02,2024-09-14,4.89,12,0,0,0.0,C01106,46,Regular,Eastern Slovakia,mobile
INT-002417,CMP-111,display,2024-09-07,2024-10-02,2024-09-14,4.89,12,1,0,0.0,C01690,48,New,Western Slovakia,desktop
INT-002418,CMP-111,display,2024-09-07,2024-10-02,2024-09-15,4.07,10,1,1,105.81,C00391,18,Loyal,Eastern Slovakia,desktop
INT-002419,CMP-111,display,2024-09-07,2024-10-02,2024-09-15,5.7,14,0,0,0.0,C00198,33,Regular,Bratislava,mobile
INT-002420,CMP-111,display,2024-09-07,2024-10-02,2024-09-16,3.66,9,0,0,0.0,C00792,23,At-Risk,Bratislava,desktop
INT-002421,CMP-111,display,2024-09-07,2024-10-02,2024-09-17,6.11,15,0,0,0.0,C01122,38,New,Bratislava,mobile
INT-002422,CMP-111,display,2024-09-07,2024-10-02,2024-09-18,6.11,15,1,1,230.97,C01638,50,Loyal,Bratislava,tablet
INT-002423,CMP-111,display,2024-09-07,2024-10-02,2024-09-18,5.29,13,0,0,0.0,C01381,53,New,Central Slovakia,mobile
INT-002424,CMP-111,display,2024-09-07,2024-10-02,2024-09-18,2.44,6,0,0,0.0,C02017,38,Regular,Bratislava,desktop
INT-002425,CMP-111,display,2024-09-07,2024-10-02,2024-09-19,5.29,13,0,0,0.0,C01211,49,Regular,Western Slovakia,desktop
INT-002426,CMP-111,display,2024-09-07,2024-10-02,2024-09-19,6.51,16,1,0,0.0,C01743,44,New,Bratislava,mobile
INT-002427,CMP-111,display,2024-09-07,2024-10-02,2024-09-20,4.07,10,0,0,0.0,C01112,35,Regular,Western Slovakia,tablet
INT-002428,CMP-111,display,2024-09-07,2024-10-02,2024-09-20,4.48,11,1,0,0.0,C01832,39,New,Bratislava,mobile
INT-002429,CMP-111,display,2024-09-07,2024-10-02,2024-09-20,3.66,9,0,0,0.0,C01839,56,New,Western Slovakia,desktop
INT-002430,CMP-111,display,2024-09-07,2024-10-02,2024-09-21,3.66,9,1,0,0.0,C00602,31,Regular,Western Slovakia,mobile
INT-002431,CMP-111,display,2024-09-07,2024-10-02,2024-09-21,3.26,8,0,0,0.0,C01704,18,Loyal,Bratislava,desktop
INT-002432,CMP-111,display,2024-09-07,2024-10-02,2024-09-21,4.89,12,1,1,93.11,C01160,21,New,Central Slovakia,mobile
INT-002433,CMP-111,display,2024-09-07,2024-10-02,2024-09-22,6.51,16,0,0,0.0,C01554,34,New,Bratislava,desktop
INT-002434,CMP-111,display,2024-09-07,2024-10-02,2024-09-23,4.89,12,0,0,0.0,C00142,26,Loyal,Western Slovakia,mobile
INT-002435,CMP-111,display,2024-09-07,2024-10-02,2024-09-23,4.48,11,0,0,0.0,C00288,39,Regular,Bratislava,mobile
INT-002436,CMP-111,display,2024-09-07,2024-10-02,2024-09-23,4.07,10,0,0,0.0,C01907,38,At-Risk,Western Slovakia,desktop
INT-002437,CMP-111,display,2024-09-07,2024-10-02,2024-09-23,3.26,8,0,0,0.0,C00650,33,Regular,Eastern Slovakia,desktop
INT-002438,CMP-111,display,2024-09-07,2024-10-02,2024-09-24,2.44,6,0,0,0.0,C01547,18,Regular,Central Slovakia,desktop
INT-002439,CMP-111,display,2024-09-07,2024-10-02,2024-09-25,5.7,14,0,0,0.0,C00150,40,Regular,Western Slovakia,mobile
INT-002440,CMP-111,display,2024-09-07,2024-10-02,2024-09-25,4.48,11,0,0,0.0,C00619,31,At-Risk,Bratislava,desktop
INT-002441,CMP-111,display,2024-09-07,2024-10-02,2024-09-26,3.26,8,0,0,0.0,C01982,31,New,Western Slovakia,mobile
INT-002442,CMP-111,display,2024-09-07,2024-10-02,2024-09-26,4.89,12,0,0,0.0,C00020,37,Loyal,Bratislava,desktop
INT-002443,CMP-111,display,2024-09-07,2024-10-02,2024-09-26,4.07,10,0,0,0.0,C01866,40,New,Western Slovakia,mobile
INT-002444,CMP-111,display,2024-09-07,2024-10-02,2024-09-26,4.89,12,0,0,0.0,C00697,18,Regular,Eastern Slovakia,mobile
INT-002445,CMP-111,display,2024-09-07,2024-10-02,2024-09-26,4.07,10,0,0,0.0,C01238,45,Loyal,Bratislava,mobile
INT-002446,CMP-111,display,2024-09-07,2024-10-02,2024-09-28,4.48,11,0,0,0.0,C00486,36,Regular,Bratislava,desktop
INT-002447,CMP-111,display,2024-09-07,2024-10-02,2024-09-29,6.51,16,0,0,0.0,C00661,18,Loyal,Bratislava,mobile
INT-002448,CMP-111,display,2024-09-07,2024-10-02,2024-09-29,4.07,10,0,0,0.0,C01993,41,Regular,Eastern Slovakia,mobile
INT-002449,CMP-111,display,2024-09-07,2024-10-02,2024-09-29,4.89,12,1,0,0.0,C00170,38,At-Risk,Western Slovakia,tablet
INT-002450,CMP-111,display,2024-09-07,2024-10-02,2024-09-29,6.11,15,1,0,0.0,C00501,54,New,Bratislava,mobile
INT-002451,CMP-111,display,2024-09-07,2024-10-02,2024-09-30,4.48,11,1,1,96.17,C01383,34,Regular,Western Slovakia,mobile
INT-002452,CMP-111,display,2024-09-07,2024-10-02,2024-09-30,2.04,5,0,0,0.0,C00504,20,New,Czech Republic,mobile
INT-002453,CMP-111,display,2024-09-07,2024-10-02,2024-09-30,3.26,8,0,0,0.0,C01250,19,Loyal,Bratislava,mobile
INT-002454,CMP-111,display,2024-09-07,2024-10-02,2024-09-30,3.26,8,0,0,0.0,C01449,34,New,Central Slovakia,mobile
INT-002455,CMP-111,display,2024-09-07,2024-10-02,2024-10-01,7.33,18,0,0,0.0,C01320,52,Regular,Eastern Slovakia,mobile
INT-002456,CMP-088,email,2024-09-08,2024-09-28,2024-09-08,6.62,6,2,0,0.0,C01418,50,New,Central Slovakia,mobile
INT-002457,CMP-088,email,2024-09-08,2024-09-28,2024-09-08,3.31,3,1,0,0.0,C01352,45,New,Central Slovakia,desktop
INT-002458,CMP-088,email,2024-09-08,2024-09-28,2024-09-08,4.41,4,1,0,0.0,C01935,22,At-Risk,Bratislava,desktop
INT-002459,CMP-088,email,2024-09-08,2024-09-28,2024-09-08,4.41,4,0,0,0.0,C00233,42,New,Eastern Slovakia,mobile
INT-002460,CMP-088,email,2024-09-08,2024-09-28,2024-09-09,5.52,5,0,0,0.0,C02000,65,Loyal,Eastern Slovakia,desktop
INT-002461,CMP-088,email,2024-09-08,2024-09-28,2024-09-09,4.41,4,1,0,0.0,C01324,19,Regular,Central Slovakia,mobile
INT-002462,CMP-088,email,2024-09-08,2024-09-28,2024-09-09,6.62,6,2,0,0.0,C00713,26,New,Bratislava,mobile
INT-002463,CMP-088,email,2024-09-08,2024-09-28,2024-09-09,5.52,5,1,0,0.0,C01949,28,New,Central Slovakia,mobile
INT-002464,CMP-088,email,2024-09-08,2024-09-28,2024-09-09,7.72,7,0,0,0.0,C01538,18,New,Western Slovakia,mobile
INT-002465,CMP-088,email,2024-09-08,2024-09-28,2024-09-09,8.82,8,2,1,181.96,C01695,23,New,Central Slovakia,mobile
INT-002466,CMP-088,email,2024-09-08,2024-09-28,2024-09-09,5.52,5,1,1,125.68,C00136,26,Loyal,Eastern Slovakia,mobile
INT-002467,CMP-088,email,2024-09-08,2024-09-28,2024-09-09,3.31,3,2,2,314.96,C01540,56,Loyal,Western Slovakia,desktop
INT-002468,CMP-088,email,2024-09-08,2024-09-28,2024-09-09,7.72,7,0,0,0.0,C01657,43,Loyal,Czech Republic,desktop
INT-002469,CMP-088,email,2024-09-08,2024-09-28,2024-09-10,8.82,8,0,0,0.0,C01004,46,Regular,Bratislava,desktop
INT-002470,CMP-088,email,2024-09-08,2024-09-28,2024-09-10,5.52,5,0,0,0.0,C01812,18,Loyal,Bratislava,mobile
INT-002471,CMP-088,email,2024-09-08,2024-09-28,2024-09-10,9.93,9,0,0,0.0,C01706,61,Regular,Bratislava,desktop
INT-002472,CMP-088,email,2024-09-08,2024-09-28,2024-09-10,6.62,6,0,0,0.0,C01251,50,Regular,Eastern Slovakia,mobile
INT-002473,CMP-088,email,2024-09-08,2024-09-28,2024-09-10,4.41,4,0,0,0.0,C00390,21,New,Bratislava,tablet
INT-002474,CMP-088,email,2024-09-08,2024-09-28,2024-09-10,3.31,3,0,0,0.0,C01745,46,New,Bratislava,mobile
INT-002475,CMP-088,email,2024-09-08,2024-09-28,2024-09-10,8.82,8,0,0,0.0,C01035,32,New,Eastern Slovakia,mobile
INT-002476,CMP-088,email,2024-09-08,2024-09-28,2024-09-10,5.52,5,0,0,0.0,C00915,50,Regular,Eastern Slovakia,mobile
INT-002477,CMP-088,email,2024-09-08,2024-09-28,2024-09-11,3.31,3,0,0,0.0,C00449,51,Regular,Eastern Slovakia,mobile
INT-002478,CMP-088,email,2024-09-08,2024-09-28,2024-09-11,2.21,2,0,0,0.0,C00663,27,Regular,Eastern Slovakia,mobile
INT-002479,CMP-088,email,2024-09-08,2024-09-28,2024-09-11,11.03,10,1,1,196.46,C00236,30,Regular,Western Slovakia,tablet
INT-002480,CMP-088,email,2024-09-08,2024-09-28,2024-09-12,9.93,9,0,0,0.0,C02139,42,Loyal,Eastern Slovakia,mobile
INT-002481,CMP-088,email,2024-09-08,2024-09-28,2024-09-13,8.82,8,0,0,0.0,C00179,37,Regular,Bratislava,desktop
INT-002482,CMP-088,email,2024-09-08,2024-09-28,2024-09-13,7.72,7,0,0,0.0,C00472,33,Loyal,Bratislava,mobile
INT-002483,CMP-088,email,2024-09-08,2024-09-28,2024-09-13,8.82,8,0,0,0.0,C00698,26,Loyal,Western Slovakia,mobile
INT-002484,CMP-088,email,2024-09-08,2024-09-28,2024-09-13,9.93,9,1,0,0.0,C01783,18,Regular,Eastern Slovakia,desktop
INT-002485,CMP-088,email,2024-09-08,2024-09-28,2024-09-13,6.62,6,0,0,0.0,C00871,41,New,Bratislava,mobile
INT-002486,CMP-088,email,2024-09-08,2024-09-28,2024-09-13,6.62,6,0,0,0.0,C00546,36,Regular,Bratislava,tablet
INT-002487,CMP-088,email,2024-09-08,2024-09-28,2024-09-14,7.72,7,0,0,0.0,C00718,46,New,Eastern Slovakia,desktop
INT-002488,CMP-088,email,2024-09-08,2024-09-28,2024-09-14,3.31,3,1,0,0.0,C02018,30,Loyal,Eastern Slovakia,desktop
INT-002489,CMP-088,email,2024-09-08,2024-09-28,2024-09-14,7.72,7,1,0,0.0,C01630,51,Regular,Eastern Slovakia,mobile
INT-002490,CMP-088,email,2024-09-08,2024-09-28,2024-09-14,5.52,5,2,1,140.2,C00615,28,Regular,Czech Republic,mobile
INT-002491,CMP-088,email,2024-09-08,2024-09-28,2024-09-14,4.41,4,0,0,0.0,C01589,26,Loyal,Bratislava,desktop
INT-002492,CMP-088,email,2024-09-08,2024-09-28,2024-09-14,2.21,2,0,0,0.0,C02053,52,At-Risk,Central Slovakia,mobile
INT-002493,CMP-088,email,2024-09-08,2024-09-28,2024-09-14,7.72,7,1,0,0.0,C01930,47,At-Risk,Western Slovakia,mobile
INT-002494,CMP-088,email,2024-09-08,2024-09-28,2024-09-15,3.31,3,0,0,0.0,C00075,40,New,Eastern Slovakia,desktop
INT-002495,CMP-088,email,2024-09-08,2024-09-28,2024-09-15,6.62,6,0,0,0.0,C02160,29,New,Bratislava,desktop
INT-002496,CMP-088,email,2024-09-08,2024-09-28,2024-09-15,5.52,5,0,0,0.0,C01819,44,At-Risk,Bratislava,mobile
INT-002497,CMP-088,email,2024-09-08,2024-09-28,2024-09-16,4.41,4,0,0,0.0,C00485,37,New,Central Slovakia,mobile
INT-002498,CMP-088,email,2024-09-08,2024-09-28,2024-09-16,2.21,2,0,0,0.0,C01496,25,Loyal,Bratislava,mobile
INT-002499,CMP-088,email,2024-09-08,2024-09-28,2024-09-16,5.52,5,0,0,0.0,C01274,42,Regular,Eastern Slovakia,mobile
INT-002500,CMP-088,email,2024-09-08,2024-09-28,2024-09-16,4.41,4,0,0,0.0,C01003,33,New,Eastern Slovakia,mobile
INT-002501,CMP-088,email,2024-09-08,2024-09-28,2024-09-16,3.31,3,1,0,0.0,C01404,32,New,Bratislava,mobile
INT-002502,CMP-088,email,2024-09-08,2024-09-28,2024-09-16,3.31,3,1,0,0.0,C01560,36,Loyal,Eastern Slovakia,tablet
INT-002503,CMP-088,email,2024-09-08,2024-09-28,2024-09-17,4.41,4,0,0,0.0,C00305,37,New,Czech Republic,desktop
INT-002504,CMP-088,email,2024-09-08,2024-09-28,2024-09-17,4.41,4,1,0,0.0,C01062,55,At-Risk,Central Slovakia,desktop
INT-002505,CMP-088,email,2024-09-08,2024-09-28,2024-09-17,4.41,4,0,0,0.0,C01272,55,Loyal,Bratislava,mobile
INT-002506,CMP-088,email,2024-09-08,2024-09-28,2024-09-18,6.62,6,0,0,0.0,C00682,46,New,Bratislava,desktop
INT-002507,CMP-088,email,2024-09-08,2024-09-28,2024-09-18,3.31,3,0,0,0.0,C01216,21,Loyal,Central Slovakia,mobile
INT-002508,CMP-088,email,2024-09-08,2024-09-28,2024-09-18,1.1,1,0,0,0.0,C01416,28,Regular,Western Slovakia,mobile
INT-002509,CMP-088,email,2024-09-08,2024-09-28,2024-09-18,3.31,3,0,0,0.0,C00847,75,New,Czech Republic,mobile
INT-002510,CMP-088,email,2024-09-08,2024-09-28,2024-09-19,6.62,6,0,0,0.0,C00458,28,New,Bratislava,mobile
INT-002511,CMP-088,email,2024-09-08,2024-09-28,2024-09-19,5.52,5,0,0,0.0,C00486,36,Regular,Bratislava,desktop
INT-002512,CMP-088,email,2024-09-08,2024-09-28,2024-09-19,8.82,8,1,0,0.0,C00712,46,At-Risk,Czech Republic,desktop
INT-002513,CMP-088,email,2024-09-08,2024-09-28,2024-09-19,6.62,6,2,0,0.0,C00745,39,Regular,Eastern Slovakia,desktop
INT-002514,CMP-088,email,2024-09-08,2024-09-28,2024-09-19,4.41,4,1,1,145.16,C01927,31,Regular,Bratislava,mobile
INT-002515,CMP-088,email,2024-09-08,2024-09-28,2024-09-19,6.62,6,0,0,0.0,C00791,29,Regular,Bratislava,desktop
INT-002516,CMP-088,email,2024-09-08,2024-09-28,2024-09-19,4.41,4,0,0,0.0,C00341,18,Loyal,Western Slovakia,mobile
INT-002517,CMP-088,email,2024-09-08,2024-09-28,2024-09-20,3.31,3,1,0,0.0,C01127,59,New,Czech Republic,mobile
INT-002518,CMP-088,email,2024-09-08,2024-09-28,2024-09-20,3.31,3,0,0,0.0,C00909,39,At-Risk,Western Slovakia,desktop
INT-002519,CMP-088,email,2024-09-08,2024-09-28,2024-09-21,7.72,7,0,0,0.0,C01395,18,New,Western Slovakia,tablet
INT-002520,CMP-088,email,2024-09-08,2024-09-28,2024-09-21,6.62,6,0,0,0.0,C02007,37,New,Western Slovakia,mobile
INT-002521,CMP-088,email,2024-09-08,2024-09-28,2024-09-21,4.41,4,1,0,0.0,C00239,25,New,Eastern Slovakia,mobile
INT-002522,CMP-088,email,2024-09-08,2024-09-28,2024-09-21,5.52,5,0,0,0.0,C00438,25,Regular,Central Slovakia,mobile
INT-002523,CMP-088,email,2024-09-08,2024-09-28,2024-09-21,2.21,2,0,0,0.0,C00294,18,New,Bratislava,desktop
INT-002524,CMP-088,email,2024-09-08,2024-09-28,2024-09-21,6.62,6,0,0,0.0,C01746,29,New,Western Slovakia,mobile
INT-002525,CMP-088,email,2024-09-08,2024-09-28,2024-09-22,5.52,5,1,0,0.0,C01160,21,New,Central Slovakia,mobile
INT-002526,CMP-088,email,2024-09-08,2024-09-28,2024-09-22,3.31,3,1,1,137.76,C00918,44,New,Eastern Slovakia,desktop
INT-002527,CMP-088,email,2024-09-08,2024-09-28,2024-09-22,4.41,4,0,0,0.0,C00726,56,Loyal,Bratislava,mobile
INT-002528,CMP-088,email,2024-09-08,2024-09-28,2024-09-22,8.82,8,1,1,152.22,C01210,42,Loyal,Eastern Slovakia,desktop
INT-002529,CMP-088,email,2024-09-08,2024-09-28,2024-09-22,3.31,3,0,0,0.0,C01311,24,Loyal,Bratislava,mobile
INT-002530,CMP-088,email,2024-09-08,2024-09-28,2024-09-22,3.31,3,0,0,0.0,C00964,37,Regular,Bratislava,mobile
INT-002531,CMP-088,email,2024-09-08,2024-09-28,2024-09-23,3.31,3,0,0,0.0,C00875,18,New,Bratislava,mobile
INT-002532,CMP-088,email,2024-09-08,2024-09-28,2024-09-23,8.82,8,0,0,0.0,C00794,43,Regular,Bratislava,mobile
INT-002533,CMP-088,email,2024-09-08,2024-09-28,2024-09-23,4.41,4,0,0,0.0,C00428,59,Loyal,Central Slovakia,desktop
INT-002534,CMP-088,email,2024-09-08,2024-09-28,2024-09-23,1.1,1,0,0,0.0,C00898,28,Loyal,Eastern Slovakia,mobile
INT-002535,CMP-088,email,2024-09-08,2024-09-28,2024-09-23,4.41,4,0,0,0.0,C01348,29,At-Risk,Czech Republic,mobile
INT-002536,CMP-088,email,2024-09-08,2024-09-28,2024-09-23,5.52,5,0,0,0.0,C01523,35,Loyal,Central Slovakia,desktop
INT-002537,CMP-088,email,2024-09-08,2024-09-28,2024-09-23,9.93,9,1,0,0.0,C00133,46,New,Eastern Slovakia,mobile
INT-002538,CMP-088,email,2024-09-08,2024-09-28,2024-09-24,3.31,3,1,0,0.0,C01037,50,Regular,Eastern Slovakia,mobile
INT-002539,CMP-088,email,2024-09-08,2024-09-28,2024-09-24,5.52,5,0,0,0.0,C00091,46,New,Bratislava,desktop
INT-002540,CMP-088,email,2024-09-08,2024-09-28,2024-09-24,5.52,5,1,0,0.0,C00046,41,New,Western Slovakia,mobile
INT-002541,CMP-088,email,2024-09-08,2024-09-28,2024-09-24,5.52,5,0,0,0.0,C01877,47,Regular,Eastern Slovakia,desktop
INT-002542,CMP-088,email,2024-09-08,2024-09-28,2024-09-24,4.41,4,0,0,0.0,C01273,34,New,Bratislava,desktop
INT-002543,CMP-088,email,2024-09-08,2024-09-28,2024-09-24,7.72,7,0,0,0.0,C01677,50,Regular,Bratislava,desktop
INT-002544,CMP-088,email,2024-09-08,2024-09-28,2024-09-24,6.62,6,1,0,0.0,C00291,35,Regular,Bratislava,desktop
INT-002545,CMP-088,email,2024-09-08,2024-09-28,2024-09-24,5.52,5,1,0,0.0,C01955,41,Loyal,Bratislava,desktop
INT-002546,CMP-088,email,2024-09-08,2024-09-28,2024-09-25,9.93,9,0,0,0.0,C00799,50,At-Risk,Bratislava,mobile
INT-002547,CMP-088,email,2024-09-08,2024-09-28,2024-09-25,4.41,4,0,0,0.0,C00836,27,Regular,Bratislava,desktop
INT-002548,CMP-088,email,2024-09-08,2024-09-28,2024-09-25,4.41,4,0,0,0.0,C02171,28,Regular,Eastern Slovakia,mobile
INT-002549,CMP-088,email,2024-09-08,2024-09-28,2024-09-25,7.72,7,1,0,0.0,C01532,42,Loyal,Central Slovakia,desktop
INT-002550,CMP-088,email,2024-09-08,2024-09-28,2024-09-25,8.82,8,1,0,0.0,C01995,39,Loyal,Bratislava,mobile
INT-002551,CMP-088,email,2024-09-08,2024-09-28,2024-09-25,7.72,7,0,0,0.0,C01683,32,Regular,Eastern Slovakia,mobile
INT-002552,CMP-088,email,2024-09-08,2024-09-28,2024-09-26,6.62,6,1,0,0.0,C01536,26,At-Risk,Western Slovakia,tablet
INT-002553,CMP-088,email,2024-09-08,2024-09-28,2024-09-26,5.52,5,0,0,0.0,C00648,18,New,Central Slovakia,mobile
INT-002554,CMP-088,email,2024-09-08,2024-09-28,2024-09-26,2.21,2,0,0,0.0,C01033,32,New,Western Slovakia,mobile
INT-002555,CMP-088,email,2024-09-08,2024-09-28,2024-09-26,4.41,4,0,0,0.0,C00661,18,Loyal,Bratislava,desktop
INT-002556,CMP-088,email,2024-09-08,2024-09-28,2024-09-26,4.41,4,0,0,0.0,C00946,34,Regular,Western Slovakia,desktop
INT-002557,CMP-088,email,2024-09-08,2024-09-28,2024-09-26,4.41,4,0,0,0.0,C00402,40,Regular,Eastern Slovakia,mobile
INT-002558,CMP-088,email,2024-09-08,2024-09-28,2024-09-26,5.52,5,0,0,0.0,C00774,54,Regular,Bratislava,mobile
INT-002559,CMP-088,email,2024-09-08,2024-09-28,2024-09-26,3.31,3,0,0,0.0,C01681,20,Regular,Bratislava,mobile
INT-002560,CMP-088,email,2024-09-08,2024-09-28,2024-09-27,7.72,7,2,1,191.06,C00803,42,Regular,Bratislava,mobile
INT-002561,CMP-088,email,2024-09-08,2024-09-28,2024-09-27,6.62,6,0,0,0.0,C01578,50,Regular,Bratislava,mobile
INT-002562,CMP-088,email,2024-09-08,2024-09-28,2024-09-27,4.41,4,1,1,234.35,C00503,29,Loyal,Bratislava,tablet
INT-002563,CMP-088,email,2024-09-08,2024-09-28,2024-09-27,6.62,6,3,2,262.07,C01240,57,Regular,Eastern Slovakia,desktop
INT-002564,CMP-088,email,2024-09-08,2024-09-28,2024-09-27,3.31,3,2,0,0.0,C00384,23,Regular,Eastern Slovakia,mobile
INT-002565,CMP-088,email,2024-09-08,2024-09-28,2024-09-27,2.21,2,1,1,174.44,C01990,22,Regular,Central Slovakia,mobile
INT-002566,CMP-059,search,2024-09-12,2024-10-10,2024-09-13,6.42,2,0,0,0.0,C01347,42,Loyal,Western Slovakia,mobile
INT-002567,CMP-059,search,2024-09-12,2024-10-10,2024-09-19,12.83,4,1,1,243.66,C00510,44,Regular,Central Slovakia,mobile
INT-002568,CMP-059,search,2024-09-12,2024-10-10,2024-09-20,3.21,1,1,1,336.71,C00287,41,Loyal,Central Slovakia,mobile
INT-002569,CMP-059,search,2024-09-12,2024-10-10,2024-09-21,25.66,8,3,2,677.47,C02064,43,Loyal,Eastern Slovakia,desktop
INT-002570,CMP-059,search,2024-09-12,2024-10-10,2024-09-21,12.83,4,1,0,0.0,C00633,33,Regular,Western Slovakia,mobile
INT-002571,CMP-059,search,2024-09-12,2024-10-10,2024-09-21,9.62,3,0,0,0.0,C00271,29,New,Western Slovakia,mobile
INT-002572,CMP-059,search,2024-09-12,2024-10-10,2024-09-23,12.83,4,0,0,0.0,C00534,43,Regular,Bratislava,mobile
INT-002573,CMP-059,search,2024-09-12,2024-10-10,2024-09-26,16.04,5,0,0,0.0,C01468,22,Loyal,Eastern Slovakia,mobile
INT-002574,CMP-059,search,2024-09-12,2024-10-10,2024-09-28,19.25,6,0,0,0.0,C00341,18,Loyal,Western Slovakia,mobile
INT-002575,CMP-059,search,2024-09-12,2024-10-10,2024-09-28,16.04,5,0,0,0.0,C00637,36,New,Eastern Slovakia,tablet
INT-002576,CMP-059,search,2024-09-12,2024-10-10,2024-09-28,9.62,3,0,0,0.0,C00392,39,Loyal,Western Slovakia,mobile
INT-002577,CMP-059,search,2024-09-12,2024-10-10,2024-09-29,19.25,6,1,1,271.22,C02014,38,Loyal,Bratislava,mobile
INT-002578,CMP-059,search,2024-09-12,2024-10-10,2024-09-29,22.45,7,1,1,190.72,C00580,42,Loyal,Bratislava,tablet
INT-002579,CMP-059,search,2024-09-12,2024-10-10,2024-09-30,25.66,8,1,1,343.15,C00130,27,Loyal,Bratislava,desktop
INT-002580,CMP-059,search,2024-09-12,2024-10-10,2024-10-01,16.04,5,2,2,474.37,C01540,56,Loyal,Western Slovakia,desktop
INT-002581,CMP-059,search,2024-09-12,2024-10-10,2024-10-02,22.45,7,1,1,251.75,C00794,43,Regular,Bratislava,mobile
INT-002582,CMP-059,search,2024-09-12,2024-10-10,2024-10-02,16.04,5,1,1,165.09,C00268,42,New,Central Slovakia,desktop
INT-002583,CMP-059,search,2024-09-12,2024-10-10,2024-10-06,12.83,4,0,0,0.0,C00543,41,Loyal,Central Slovakia,mobile
INT-002584,CMP-059,search,2024-09-12,2024-10-10,2024-10-07,22.45,7,2,2,595.09,C01678,42,Loyal,Bratislava,mobile
INT-002585,CMP-059,search,2024-09-12,2024-10-10,2024-10-09,12.83,4,1,1,244.36,C01805,39,Loyal,Czech Republic,mobile
INT-002586,CMP-059,search,2024-09-12,2024-10-10,2024-10-09,9.62,3,0,0,0.0,C01108,28,Regular,Western Slovakia,mobile
INT-002587,CMP-059,search,2024-09-12,2024-10-10,2024-10-09,16.04,5,1,0,0.0,C01933,28,Loyal,Central Slovakia,mobile
INT-002588,CMP-047,social,2024-09-17,2024-10-22,2024-09-17,4.79,6,1,0,0.0,C01180,43,Loyal,Western Slovakia,mobile
INT-002589,CMP-047,social,2024-09-17,2024-10-22,2024-09-18,4.79,6,0,0,0.0,C00414,47,New,Eastern Slovakia,tablet
INT-002590,CMP-047,social,2024-09-17,2024-10-22,2024-09-18,7.19,9,0,0,0.0,C00527,55,Regular,Western Slovakia,mobile
INT-002591,CMP-047,social,2024-09-17,2024-10-22,2024-09-18,5.59,7,0,0,0.0,C00814,32,At-Risk,Eastern Slovakia,desktop
INT-002592,CMP-047,social,2024-09-17,2024-10-22,2024-09-19,4.79,6,0,0,0.0,C00772,54,Loyal,Central Slovakia,tablet
INT-002593,CMP-047,social,2024-09-17,2024-10-22,2024-09-19,5.59,7,0,0,0.0,C02090,44,Loyal,Eastern Slovakia,mobile
INT-002594,CMP-047,social,2024-09-17,2024-10-22,2024-09-19,6.39,8,2,0,0.0,C01563,28,Regular,Bratislava,desktop
INT-002595,CMP-047,social,2024-09-17,2024-10-22,2024-09-20,3.2,4,0,0,0.0,C01199,56,Regular,Western Slovakia,mobile
INT-002596,CMP-047,social,2024-09-17,2024-10-22,2024-09-20,5.59,7,1,0,0.0,C01944,18,Loyal,Bratislava,mobile
INT-002597,CMP-047,social,2024-09-17,2024-10-22,2024-09-20,6.39,8,0,0,0.0,C00885,25,Loyal,Western Slovakia,mobile
INT-002598,CMP-047,social,2024-09-17,2024-10-22,2024-09-21,1.6,2,0,0,0.0,C00622,38,Regular,Western Slovakia,desktop
INT-002599,CMP-047,social,2024-09-17,2024-10-22,2024-09-21,5.59,7,0,0,0.0,C00735,41,New,Bratislava,mobile
INT-002600,CMP-047,social,2024-09-17,2024-10-22,2024-09-22,2.4,3,0,0,0.0,C00459,42,New,Central Slovakia,mobile
INT-002601,CMP-047,social,2024-09-17,2024-10-22,2024-09-22,5.59,7,1,1,174.98,C00341,18,Loyal,Western Slovakia,mobile
INT-002602,CMP-047,social,2024-09-17,2024-10-22,2024-09-24,4.0,5,0,0,0.0,C01833,25,Loyal,Western Slovakia,desktop
INT-002603,CMP-047,social,2024-09-17,2024-10-22,2024-09-24,4.0,5,1,0,0.0,C01147,44,New,Czech Republic,mobile
INT-002604,CMP-047,social,2024-09-17,2024-10-22,2024-09-25,6.39,8,1,0,0.0,C00348,45,Regular,Western Slovakia,mobile
INT-002605,CMP-047,social,2024-09-17,2024-10-22,2024-09-26,4.79,6,0,0,0.0,C00231,20,Regular,Czech Republic,mobile
INT-002606,CMP-047,social,2024-09-17,2024-10-22,2024-09-26,4.79,6,2,1,157.01,C01184,46,New,Bratislava,desktop
INT-002607,CMP-047,social,2024-09-17,2024-10-22,2024-09-26,4.0,5,0,0,0.0,C01773,22,Regular,Central Slovakia,desktop
INT-002608,CMP-047,social,2024-09-17,2024-10-22,2024-09-28,4.0,5,0,0,0.0,C01514,18,New,Western Slovakia,mobile
INT-002609,CMP-047,social,2024-09-17,2024-10-22,2024-09-28,4.0,5,0,0,0.0,C00736,40,New,Eastern Slovakia,desktop
INT-002610,CMP-047,social,2024-09-17,2024-10-22,2024-09-28,3.2,4,0,0,0.0,C01620,29,Regular,Bratislava,mobile
INT-002611,CMP-047,social,2024-09-17,2024-10-22,2024-09-28,4.79,6,0,0,0.0,C01606,54,New,Bratislava,mobile
INT-002612,CMP-047,social,2024-09-17,2024-10-22,2024-09-29,5.59,7,0,0,0.0,C01423,43,New,Bratislava,mobile
INT-002613,CMP-047,social,2024-09-17,2024-10-22,2024-09-29,7.99,10,1,0,0.0,C01761,24,New,Bratislava,desktop
INT-002614,CMP-047,social,2024-09-17,2024-10-22,2024-09-29,2.4,3,0,0,0.0,C00057,35,Regular,Western Slovakia,mobile
INT-002615,CMP-047,social,2024-09-17,2024-10-22,2024-09-29,4.0,5,0,0,0.0,C01896,31,New,Central Slovakia,mobile
INT-002616,CMP-047,social,2024-09-17,2024-10-22,2024-09-30,4.0,5,1,0,0.0,C01889,19,Loyal,Bratislava,mobile
INT-002617,CMP-047,social,2024-09-17,2024-10-22,2024-09-30,4.0,5,0,0,0.0,C00998,39,Loyal,Western Slovakia,mobile
INT-002618,CMP-047,social,2024-09-17,2024-10-22,2024-09-30,5.59,7,0,0,0.0,C00677,67,Loyal,Western Slovakia,tablet
INT-002619,CMP-047,social,2024-09-17,2024-10-22,2024-10-01,4.79,6,0,0,0.0,C01942,39,Loyal,Central Slovakia,mobile
INT-002620,CMP-047,social,2024-09-17,2024-10-22,2024-10-01,4.79,6,0,0,0.0,C01001,37,At-Risk,Bratislava,desktop
INT-002621,CMP-047,social,2024-09-17,2024-10-22,2024-10-01,10.39,13,0,0,0.0,C01537,47,At-Risk,Bratislava,mobile
INT-002622,CMP-047,social,2024-09-17,2024-10-22,2024-10-01,1.6,2,1,0,0.0,C00200,36,Regular,Western Slovakia,tablet
INT-002623,CMP-047,social,2024-09-17,2024-10-22,2024-10-02,4.79,6,0,0,0.0,C01310,34,Regular,Bratislava,tablet
INT-002624,CMP-047,social,2024-09-17,2024-10-22,2024-10-03,3.2,4,0,0,0.0,C01183,28,At-Risk,Western Slovakia,mobile
INT-002625,CMP-047,social,2024-09-17,2024-10-22,2024-10-03,4.0,5,2,0,0.0,C01427,48,Regular,Central Slovakia,mobile
INT-002626,CMP-047,social,2024-09-17,2024-10-22,2024-10-05,6.39,8,0,0,0.0,C01974,58,New,Eastern Slovakia,mobile
INT-002627,CMP-047,social,2024-09-17,2024-10-22,2024-10-05,3.2,4,0,0,0.0,C01592,21,Regular,Bratislava,tablet
INT-002628,CMP-047,social,2024-09-17,2024-10-22,2024-10-06,5.59,7,0,0,0.0,C01342,43,Regular,Central Slovakia,tablet
INT-002629,CMP-047,social,2024-09-17,2024-10-22,2024-10-06,4.0,5,0,0,0.0,C01481,43,At-Risk,Czech Republic,mobile
INT-002630,CMP-047,social,2024-09-17,2024-10-22,2024-10-07,5.59,7,1,0,0.0,C00571,21,New,Czech Republic,mobile
INT-002631,CMP-047,social,2024-09-17,2024-10-22,2024-10-07,5.59,7,1,0,0.0,C01077,54,Regular,Western Slovakia,desktop
INT-002632,CMP-047,social,2024-09-17,2024-10-22,2024-10-08,5.59,7,0,0,0.0,C00667,19,New,Central Slovakia,desktop
INT-002633,CMP-047,social,2024-09-17,2024-10-22,2024-10-08,4.0,5,0,0,0.0,C01604,21,Regular,Bratislava,desktop
INT-002634,CMP-047,social,2024-09-17,2024-10-22,2024-10-10,4.79,6,1,0,0.0,C02070,36,Regular,Western Slovakia,mobile
INT-002635,CMP-047,social,2024-09-17,2024-10-22,2024-10-10,5.59,7,0,0,0.0,C00971,35,New,Western Slovakia,mobile
INT-002636,CMP-047,social,2024-09-17,2024-10-22,2024-10-10,6.39,8,0,0,0.0,C01562,40,New,Central Slovakia,tablet
INT-002637,CMP-047,social,2024-09-17,2024-10-22,2024-10-10,5.59,7,0,0,0.0,C01841,31,New,Central Slovakia,mobile
INT-002638,CMP-047,social,2024-09-17,2024-10-22,2024-10-11,4.0,5,1,0,0.0,C00155,37,Loyal,Central Slovakia,mobile
INT-002639,CMP-047,social,2024-09-17,2024-10-22,2024-10-11,5.59,7,0,0,0.0,C02036,47,New,Eastern Slovakia,mobile
INT-002640,CMP-047,social,2024-09-17,2024-10-22,2024-10-12,4.79,6,0,0,0.0,C01123,29,Loyal,Western Slovakia,mobile
INT-002641,CMP-047,social,2024-09-17,2024-10-22,2024-10-12,4.0,5,0,0,0.0,C01757,59,Regular,Western Slovakia,mobile
INT-002642,CMP-047,social,2024-09-17,2024-10-22,2024-10-13,5.59,7,0,0,0.0,C02165,45,New,Czech Republic,tablet
INT-002643,CMP-047,social,2024-09-17,2024-10-22,2024-10-15,2.4,3,0,0,0.0,C01284,48,New,Eastern Slovakia,mobile
INT-002644,CMP-047,social,2024-09-17,2024-10-22,2024-10-15,7.19,9,1,1,162.1,C01535,62,Regular,Central Slovakia,mobile
INT-002645,CMP-047,social,2024-09-17,2024-10-22,2024-10-16,2.4,3,0,0,0.0,C01608,40,Regular,Central Slovakia,tablet
INT-002646,CMP-047,social,2024-09-17,2024-10-22,2024-10-18,4.0,5,1,0,0.0,C00512,34,At-Risk,Bratislava,mobile
INT-002647,CMP-047,social,2024-09-17,2024-10-22,2024-10-18,1.6,2,0,0,0.0,C00522,27,Loyal,Bratislava,mobile
INT-002648,CMP-047,social,2024-09-17,2024-10-22,2024-10-18,4.0,5,0,0,0.0,C01368,54,New,Bratislava,desktop
INT-002649,CMP-047,social,2024-09-17,2024-10-22,2024-10-19,4.0,5,0,0,0.0,C01121,43,At-Risk,Bratislava,mobile
INT-002650,CMP-047,social,2024-09-17,2024-10-22,2024-10-19,4.0,5,0,0,0.0,C01971,35,New,Western Slovakia,tablet
INT-002651,CMP-047,social,2024-09-17,2024-10-22,2024-10-19,5.59,7,1,0,0.0,C00568,30,Regular,Western Slovakia,desktop
INT-002652,CMP-047,social,2024-09-17,2024-10-22,2024-10-20,2.4,3,0,0,0.0,C01743,44,New,Bratislava,mobile
INT-002653,CMP-047,social,2024-09-17,2024-10-22,2024-10-20,3.2,4,0,0,0.0,C01464,44,Loyal,Bratislava,desktop
INT-002654,CMP-047,social,2024-09-17,2024-10-22,2024-10-20,3.2,4,2,0,0.0,C00840,34,At-Risk,Central Slovakia,mobile
INT-002655,CMP-047,social,2024-09-17,2024-10-22,2024-10-21,8.79,11,0,0,0.0,C01061,36,At-Risk,Bratislava,desktop
INT-002656,CMP-047,social,2024-09-17,2024-10-22,2024-10-21,4.0,5,0,0,0.0,C00251,34,New,Czech Republic,mobile
INT-002657,CMP-047,social,2024-09-17,2024-10-22,2024-10-21,6.39,8,0,0,0.0,C00387,43,Regular,Bratislava,mobile
INT-002658,CMP-029,social,2024-09-20,2024-10-20,2024-09-20,8.37,9,0,0,0.0,C01684,53,New,Bratislava,desktop
INT-002659,CMP-029,social,2024-09-20,2024-10-20,2024-09-20,18.6,20,1,0,0.0,C01770,72,Loyal,Western Slovakia,desktop
INT-002660,CMP-029,social,2024-09-20,2024-10-20,2024-09-20,6.51,7,0,0,0.0,C02001,33,Regular,Bratislava,mobile
INT-002661,CMP-029,social,2024-09-20,2024-10-20,2024-09-20,12.09,13,1,1,137.75,C00887,53,Loyal,Central Slovakia,desktop
INT-002662,CMP-029,social,2024-09-20,2024-10-20,2024-09-22,14.88,16,0,0,0.0,C01837,41,Regular,Western Slovakia,desktop
INT-002663,CMP-029,social,2024-09-20,2024-10-20,2024-09-23,10.23,11,0,0,0.0,C00253,59,At-Risk,Western Slovakia,mobile
INT-002664,CMP-029,social,2024-09-20,2024-10-20,2024-09-23,11.16,12,1,0,0.0,C00733,45,New,Bratislava,tablet
INT-002665,CMP-029,social,2024-09-20,2024-10-20,2024-09-24,9.3,10,0,0,0.0,C01233,24,Loyal,Bratislava,mobile
INT-002666,CMP-029,social,2024-09-20,2024-10-20,2024-09-24,7.44,8,0,0,0.0,C00804,43,Loyal,Eastern Slovakia,desktop
INT-002667,CMP-029,social,2024-09-20,2024-10-20,2024-09-25,10.23,11,0,0,0.0,C00771,59,Regular,Bratislava,mobile
INT-002668,CMP-029,social,2024-09-20,2024-10-20,2024-09-26,8.37,9,0,0,0.0,C01667,41,Regular,Western Slovakia,mobile
INT-002669,CMP-029,social,2024-09-20,2024-10-20,2024-09-27,8.37,9,0,0,0.0,C02102,18,New,Bratislava,mobile
INT-002670,CMP-029,social,2024-09-20,2024-10-20,2024-09-27,10.23,11,1,0,0.0,C01594,29,Regular,Czech Republic,mobile
INT-002671,CMP-029,social,2024-09-20,2024-10-20,2024-09-28,3.72,4,0,0,0.0,C00266,50,Loyal,Bratislava,desktop
INT-002672,CMP-029,social,2024-09-20,2024-10-20,2024-09-28,7.44,8,1,1,146.99,C00002,26,Loyal,Czech Republic,desktop
INT-002673,CMP-029,social,2024-09-20,2024-10-20,2024-09-29,11.16,12,0,0,0.0,C01544,37,New,Czech Republic,tablet
INT-002674,CMP-029,social,2024-09-20,2024-10-20,2024-09-29,9.3,10,1,0,0.0,C01449,34,New,Central Slovakia,mobile
INT-002675,CMP-029,social,2024-09-20,2024-10-20,2024-09-30,8.37,9,1,1,195.44,C01012,55,Loyal,Bratislava,tablet
INT-002676,CMP-029,social,2024-09-20,2024-10-20,2024-10-01,8.37,9,0,0,0.0,C02106,32,Loyal,Western Slovakia,mobile
INT-002677,CMP-029,social,2024-09-20,2024-10-20,2024-10-01,10.23,11,0,0,0.0,C00725,27,Regular,Bratislava,desktop
INT-002678,CMP-029,social,2024-09-20,2024-10-20,2024-10-01,8.37,9,0,0,0.0,C01709,50,New,Bratislava,desktop
INT-002679,CMP-029,social,2024-09-20,2024-10-20,2024-10-03,5.58,6,0,0,0.0,C01388,25,New,Western Slovakia,desktop
INT-002680,CMP-029,social,2024-09-20,2024-10-20,2024-10-04,6.51,7,1,0,0.0,C02060,25,Regular,Central Slovakia,mobile
INT-002681,CMP-029,social,2024-09-20,2024-10-20,2024-10-04,8.37,9,0,0,0.0,C01719,45,Regular,Western Slovakia,desktop
INT-002682,CMP-029,social,2024-09-20,2024-10-20,2024-10-04,6.51,7,0,0,0.0,C00056,30,Regular,Western Slovakia,mobile
INT-002683,CMP-029,social,2024-09-20,2024-10-20,2024-10-05,6.51,7,0,0,0.0,C02063,41,New,Bratislava,desktop
INT-002684,CMP-029,social,2024-09-20,2024-10-20,2024-10-06,9.3,10,0,0,0.0,C01248,18,Loyal,Czech Republic,mobile
INT-002685,CMP-029,social,2024-09-20,2024-10-20,2024-10-07,9.3,10,0,0,0.0,C01622,39,New,Bratislava,mobile
INT-002686,CMP-029,social,2024-09-20,2024-10-20,2024-10-07,11.16,12,0,0,0.0,C00484,45,Regular,Bratislava,desktop
INT-002687,CMP-029,social,2024-09-20,2024-10-20,2024-10-07,8.37,9,1,0,0.0,C00488,43,Regular,Eastern Slovakia,mobile
INT-002688,CMP-029,social,2024-09-20,2024-10-20,2024-10-08,5.58,6,0,0,0.0,C01257,47,Regular,Czech Republic,desktop
INT-002689,CMP-029,social,2024-09-20,2024-10-20,2024-10-08,14.88,16,2,0,0.0,C00827,38,Regular,Central Slovakia,mobile
INT-002690,CMP-029,social,2024-09-20,2024-10-20,2024-10-09,8.37,9,0,0,0.0,C01454,33,Loyal,Eastern Slovakia,desktop
INT-002691,CMP-029,social,2024-09-20,2024-10-20,2024-10-10,8.37,9,1,1,201.43,C01922,50,Loyal,Bratislava,tablet
INT-002692,CMP-029,social,2024-09-20,2024-10-20,2024-10-10,9.3,10,2,0,0.0,C01621,45,Regular,Czech Republic,desktop
INT-002693,CMP-029,social,2024-09-20,2024-10-20,2024-10-12,6.51,7,2,0,0.0,C00940,48,New,Czech Republic,mobile
INT-002694,CMP-029,social,2024-09-20,2024-10-20,2024-10-12,7.44,8,1,1,139.0,C00347,31,New,Bratislava,desktop
INT-002695,CMP-029,social,2024-09-20,2024-10-20,2024-10-12,12.09,13,0,0,0.0,C02089,30,Regular,Western Slovakia,desktop
INT-002696,CMP-029,social,2024-09-20,2024-10-20,2024-10-13,5.58,6,0,0,0.0,C00704,37,At-Risk,Bratislava,mobile
INT-002697,CMP-029,social,2024-09-20,2024-10-20,2024-10-13,5.58,6,0,0,0.0,C01187,34,Regular,Bratislava,mobile
INT-002698,CMP-029,social,2024-09-20,2024-10-20,2024-10-13,8.37,9,1,1,203.7,C01731,37,New,Bratislava,mobile
INT-002699,CMP-029,social,2024-09-20,2024-10-20,2024-10-15,12.09,13,1,0,0.0,C02120,47,Regular,Eastern Slovakia,mobile
INT-002700,CMP-029,social,2024-09-20,2024-10-20,2024-10-15,9.3,10,0,0,0.0,C01375,38,Regular,Western Slovakia,mobile
INT-002701,CMP-029,social,2024-09-20,2024-10-20,2024-10-15,7.44,8,0,0,0.0,C00999,40,Loyal,Central Slovakia,mobile
INT-002702,CMP-029,social,2024-09-20,2024-10-20,2024-10-16,6.51,7,0,0,0.0,C00017,42,Loyal,Bratislava,desktop
INT-002703,CMP-029,social,2024-09-20,2024-10-20,2024-10-16,14.88,16,0,0,0.0,C01305,35,New,Bratislava,desktop
INT-002704,CMP-029,social,2024-09-20,2024-10-20,2024-10-17,13.95,15,1,1,112.83,C01682,26,Regular,Central Slovakia,mobile
INT-002705,CMP-029,social,2024-09-20,2024-10-20,2024-10-18,10.23,11,1,0,0.0,C00547,40,Regular,Bratislava,mobile
INT-002706,CMP-029,social,2024-09-20,2024-10-20,2024-10-19,9.3,10,0,0,0.0,C00601,44,Regular,Bratislava,mobile
INT-002707,CMP-086,search,2024-10-06,2024-10-24,2024-10-06,3.78,2,0,0,0.0,C01212,32,Loyal,Bratislava,mobile
INT-002708,CMP-086,search,2024-10-06,2024-10-24,2024-10-06,3.78,2,0,0,0.0,C01527,52,Loyal,Eastern Slovakia,mobile
INT-002709,CMP-086,search,2024-10-06,2024-10-24,2024-10-06,3.78,2,0,0,0.0,C01598,41,Loyal,Bratislava,desktop
INT-002710,CMP-086,search,2024-10-06,2024-10-24,2024-10-06,3.78,2,1,1,354.08,C00754,63,Loyal,Western Slovakia,mobile
INT-002711,CMP-086,search,2024-10-06,2024-10-24,2024-10-07,3.78,2,0,0,0.0,C00336,23,Regular,Eastern Slovakia,desktop
INT-002712,CMP-086,search,2024-10-06,2024-10-24,2024-10-07,3.78,2,1,1,133.43,C00388,44,New,Bratislava,desktop
INT-002713,CMP-086,search,2024-10-06,2024-10-24,2024-10-07,1.89,1,0,0,0.0,C01200,25,Loyal,Bratislava,desktop
INT-002714,CMP-086,search,2024-10-06,2024-10-24,2024-10-08,1.89,1,0,0,0.0,C02062,59,Loyal,Bratislava,mobile
INT-002715,CMP-086,search,2024-10-06,2024-10-24,2024-10-09,3.78,2,1,1,282.64,C00890,18,Regular,Bratislava,mobile
INT-002716,CMP-086,search,2024-10-06,2024-10-24,2024-10-10,3.78,2,1,0,0.0,C00292,40,Regular,Bratislava,mobile
INT-002717,CMP-086,search,2024-10-06,2024-10-24,2024-10-10,7.57,4,1,1,245.48,C01258,38,Loyal,Eastern Slovakia,desktop
INT-002718,CMP-086,search,2024-10-06,2024-10-24,2024-10-10,1.89,1,0,0,0.0,C01279,42,Loyal,Czech Republic,mobile
INT-002719,CMP-086,search,2024-10-06,2024-10-24,2024-10-10,5.68,3,1,0,0.0,C01157,38,Regular,Bratislava,desktop
INT-002720,CMP-086,search,2024-10-06,2024-10-24,2024-10-10,9.46,5,2,2,946.86,C00916,52,Loyal,Czech Republic,desktop
INT-002721,CMP-086,search,2024-10-06,2024-10-24,2024-10-11,1.89,1,0,0,0.0,C00548,26,Regular,Western Slovakia,desktop
INT-002722,CMP-086,search,2024-10-06,2024-10-24,2024-10-13,1.89,1,0,0,0.0,C01443,21,New,Western Slovakia,mobile
INT-002723,CMP-086,search,2024-10-06,2024-10-24,2024-10-13,5.68,3,0,0,0.0,C00411,20,Loyal,Western Slovakia,mobile
INT-002724,CMP-086,search,2024-10-06,2024-10-24,2024-10-14,7.57,4,1,1,177.51,C00755,59,New,Bratislava,mobile
INT-002725,CMP-086,search,2024-10-06,2024-10-24,2024-10-15,1.89,1,0,0,0.0,C01000,48,Regular,Western Slovakia,desktop
INT-002726,CMP-086,search,2024-10-06,2024-10-24,2024-10-15,7.57,4,0,0,0.0,C00879,37,Loyal,Western Slovakia,tablet
INT-002727,CMP-086,search,2024-10-06,2024-10-24,2024-10-16,5.68,3,0,0,0.0,C00730,25,Loyal,Central Slovakia,mobile
INT-002728,CMP-086,search,2024-10-06,2024-10-24,2024-10-17,7.57,4,1,1,305.43,C02097,48,Loyal,Bratislava,desktop
INT-002729,CMP-086,search,2024-10-06,2024-10-24,2024-10-18,1.89,1,0,0,0.0,C01078,72,Loyal,Bratislava,mobile
INT-002730,CMP-086,search,2024-10-06,2024-10-24,2024-10-18,5.68,3,0,0,0.0,C01269,46,Regular,Bratislava,tablet
INT-002731,CMP-086,search,2024-10-06,2024-10-24,2024-10-18,1.89,1,1,0,0.0,C02043,61,New,Eastern Slovakia,mobile
INT-002732,CMP-086,search,2024-10-06,2024-10-24,2024-10-20,5.68,3,0,0,0.0,C02180,34,New,Central Slovakia,tablet
INT-002733,CMP-086,search,2024-10-06,2024-10-24,2024-10-21,3.78,2,0,0,0.0,C00668,44,Loyal,Eastern Slovakia,tablet
INT-002734,CMP-086,search,2024-10-06,2024-10-24,2024-10-22,3.78,2,0,0,0.0,C00193,33,New,Western Slovakia,desktop
INT-002735,CMP-086,search,2024-10-06,2024-10-24,2024-10-22,5.68,3,0,0,0.0,C00861,26,Regular,Western Slovakia,desktop
INT-002736,CMP-086,search,2024-10-06,2024-10-24,2024-10-22,7.57,4,0,0,0.0,C00803,42,Regular,Bratislava,mobile
INT-002737,CMP-086,search,2024-10-06,2024-10-24,2024-10-23,3.78,2,1,0,0.0,C00194,56,Regular,Bratislava,desktop
INT-002738,CMP-086,search,2024-10-06,2024-10-24,2024-10-23,1.89,1,0,0,0.0,C02173,34,Regular,Bratislava,tablet
INT-002739,CMP-054,search,2024-10-07,2024-11-17,2024-10-07,12.63,6,1,0,0.0,C01245,51,New,Eastern Slovakia,mobile
INT-002740,CMP-054,search,2024-10-07,2024-11-17,2024-10-09,4.21,2,1,0,0.0,C02153,28,New,Bratislava,mobile
INT-002741,CMP-054,search,2024-10-07,2024-11-17,2024-10-09,4.21,2,1,1,365.29,C00819,41,Loyal,Czech Republic,desktop
INT-002742,CMP-054,search,2024-10-07,2024-11-17,2024-10-11,6.32,3,0,0,0.0,C01464,44,Loyal,Bratislava,desktop
INT-002743,CMP-054,search,2024-10-07,2024-11-17,2024-10-12,8.42,4,1,0,0.0,C00217,44,Loyal,Eastern Slovakia,mobile
INT-002744,CMP-054,search,2024-10-07,2024-11-17,2024-10-13,10.53,5,1,0,0.0,C00321,47,New,Central Slovakia,mobile
INT-002745,CMP-054,search,2024-10-07,2024-11-17,2024-10-14,6.32,3,0,0,0.0,C01145,38,Loyal,Central Slovakia,desktop
INT-002746,CMP-054,search,2024-10-07,2024-11-17,2024-10-15,6.32,3,0,0,0.0,C00616,23,New,Western Slovakia,mobile
INT-002747,CMP-054,search,2024-10-07,2024-11-17,2024-10-16,2.11,1,1,1,183.83,C01527,52,Loyal,Eastern Slovakia,desktop
INT-002748,CMP-054,search,2024-10-07,2024-11-17,2024-10-16,8.42,4,0,0,0.0,C01489,42,Loyal,Central Slovakia,desktop
INT-002749,CMP-054,search,2024-10-07,2024-11-17,2024-10-16,10.53,5,0,0,0.0,C00083,34,Loyal,Central Slovakia,desktop
INT-002750,CMP-054,search,2024-10-07,2024-11-17,2024-10-17,4.21,2,0,0,0.0,C00560,27,New,Western Slovakia,mobile
INT-002751,CMP-054,search,2024-10-07,2024-11-17,2024-10-19,6.32,3,0,0,0.0,C00970,38,Regular,Western Slovakia,desktop
INT-002752,CMP-054,search,2024-10-07,2024-11-17,2024-10-19,6.32,3,1,1,162.8,C01501,31,New,Western Slovakia,mobile
INT-002753,CMP-054,search,2024-10-07,2024-11-17,2024-10-19,4.21,2,0,0,0.0,C00394,44,Loyal,Western Slovakia,mobile
INT-002754,CMP-054,search,2024-10-07,2024-11-17,2024-10-19,6.32,3,1,0,0.0,C00753,26,New,Bratislava,mobile
INT-002755,CMP-054,search,2024-10-07,2024-11-17,2024-10-22,6.32,3,0,0,0.0,C01344,32,New,Bratislava,desktop
INT-002756,CMP-054,search,2024-10-07,2024-11-17,2024-10-22,4.21,2,0,0,0.0,C00741,50,Loyal,Central Slovakia,mobile
INT-002757,CMP-054,search,2024-10-07,2024-11-17,2024-10-23,6.32,3,2,1,280.11,C01038,31,Regular,Bratislava,desktop
INT-002758,CMP-054,search,2024-10-07,2024-11-17,2024-10-23,4.21,2,1,1,221.36,C00849,30,New,Bratislava,desktop
INT-002759,CMP-054,search,2024-10-07,2024-11-17,2024-10-23,6.32,3,0,0,0.0,C00552,45,Regular,Central Slovakia,desktop
INT-002760,CMP-054,search,2024-10-07,2024-11-17,2024-10-27,4.21,2,0,0,0.0,C01354,42,New,Central Slovakia,mobile
INT-002761,CMP-054,search,2024-10-07,2024-11-17,2024-10-27,4.21,2,0,0,0.0,C00549,46,Regular,Western Slovakia,desktop
INT-002762,CMP-054,search,2024-10-07,2024-11-17,2024-10-28,8.42,4,0,0,0.0,C01581,52,Regular,Western Slovakia,mobile
INT-002763,CMP-054,search,2024-10-07,2024-11-17,2024-10-29,6.32,3,0,0,0.0,C01398,36,Regular,Bratislava,desktop
INT-002764,CMP-054,search,2024-10-07,2024-11-17,2024-10-31,6.32,3,0,0,0.0,C01198,27,Loyal,Bratislava,mobile
INT-002765,CMP-054,search,2024-10-07,2024-11-17,2024-10-31,4.21,2,0,0,0.0,C00306,25,Loyal,Central Slovakia,mobile
INT-002766,CMP-054,search,2024-10-07,2024-11-17,2024-11-02,4.21,2,0,0,0.0,C01284,48,New,Eastern Slovakia,mobile
INT-002767,CMP-054,search,2024-10-07,2024-11-17,2024-11-02,8.42,4,0,0,0.0,C01587,18,Loyal,Czech Republic,mobile
INT-002768,CMP-054,search,2024-10-07,2024-11-17,2024-11-03,4.21,2,0,0,0.0,C02054,72,Regular,Eastern Slovakia,mobile
INT-002769,CMP-054,search,2024-10-07,2024-11-17,2024-11-04,4.21,2,0,0,0.0,C01669,41,Regular,Eastern Slovakia,desktop
INT-002770,CMP-054,search,2024-10-07,2024-11-17,2024-11-05,10.53,5,2,1,282.23,C01091,31,Regular,Czech Republic,mobile
INT-002771,CMP-054,search,2024-10-07,2024-11-17,2024-11-06,6.32,3,0,0,0.0,C00271,29,New,Western Slovakia,desktop
INT-002772,CMP-054,search,2024-10-07,2024-11-17,2024-11-07,10.53,5,0,0,0.0,C01394,44,New,Central Slovakia,mobile
INT-002773,CMP-054,search,2024-10-07,2024-11-17,2024-11-09,2.11,1,0,0,0.0,C02032,32,Regular,Western Slovakia,desktop
INT-002774,CMP-054,search,2024-10-07,2024-11-17,2024-11-14,2.11,1,1,1,234.43,C01257,47,Regular,Czech Republic,desktop
INT-002775,CMP-054,search,2024-10-07,2024-11-17,2024-11-14,12.63,6,0,0,0.0,C01018,35,Loyal,Bratislava,mobile
INT-002776,CMP-054,search,2024-10-07,2024-11-17,2024-11-16,6.32,3,1,1,153.5,C01058,43,New,Western Slovakia,mobile
INT-002777,CMP-082,social,2024-10-19,2024-11-10,2024-10-19,7.34,8,0,0,0.0,C01968,37,New,Bratislava,desktop
INT-002778,CMP-082,social,2024-10-19,2024-11-10,2024-10-19,3.67,4,0,0,0.0,C01452,44,New,Bratislava,mobile
INT-002779,CMP-082,social,2024-10-19,2024-11-10,2024-10-19,5.5,6,0,0,0.0,C02061,21,Regular,Eastern Slovakia,mobile
INT-002780,CMP-082,social,2024-10-19,2024-11-10,2024-10-20,5.5,6,0,0,0.0,C00599,41,Loyal,Bratislava,desktop
INT-002781,CMP-082,social,2024-10-19,2024-11-10,2024-10-20,4.59,5,1,0,0.0,C01680,35,At-Risk,Bratislava,mobile
INT-002782,CMP-082,social,2024-10-19,2024-11-10,2024-10-20,5.5,6,0,0,0.0,C01234,39,Regular,Central Slovakia,desktop
INT-002783,CMP-082,social,2024-10-19,2024-11-10,2024-10-20,6.42,7,0,0,0.0,C01781,48,Regular,Czech Republic,mobile
INT-002784,CMP-082,social,2024-10-19,2024-11-10,2024-10-20,7.34,8,1,0,0.0,C00720,26,New,Western Slovakia,tablet
INT-002785,CMP-082,social,2024-10-19,2024-11-10,2024-10-21,6.42,7,0,0,0.0,C01363,18,Regular,Central Slovakia,desktop
INT-002786,CMP-082,social,2024-10-19,2024-11-10,2024-10-21,4.59,5,0,0,0.0,C01447,66,New,Bratislava,mobile
INT-002787,CMP-082,social,2024-10-19,2024-11-10,2024-10-21,8.26,9,3,0,0.0,C00531,34,New,Czech Republic,mobile
INT-002788,CMP-082,social,2024-10-19,2024-11-10,2024-10-21,5.5,6,1,0,0.0,C01547,18,Regular,Central Slovakia,desktop
INT-002789,CMP-082,social,2024-10-19,2024-11-10,2024-10-22,3.67,4,0,0,0.0,C01940,28,Regular,Bratislava,desktop
INT-002790,CMP-082,social,2024-10-19,2024-11-10,2024-10-22,4.59,5,0,0,0.0,C01747,31,New,Eastern Slovakia,mobile
INT-002791,CMP-082,social,2024-10-19,2024-11-10,2024-10-22,8.26,9,1,0,0.0,C00227,68,New,Bratislava,mobile
INT-002792,CMP-082,social,2024-10-19,2024-11-10,2024-10-23,1.83,2,0,0,0.0,C01893,24,New,Eastern Slovakia,mobile
INT-002793,CMP-082,social,2024-10-19,2024-11-10,2024-10-23,2.75,3,0,0,0.0,C00747,60,Regular,Western Slovakia,mobile
INT-002794,CMP-082,social,2024-10-19,2024-11-10,2024-10-23,7.34,8,1,0,0.0,C01829,27,New,Eastern Slovakia,mobile
INT-002795,CMP-082,social,2024-10-19,2024-11-10,2024-10-24,7.34,8,0,0,0.0,C01814,38,Regular,Central Slovakia,desktop
INT-002796,CMP-082,social,2024-10-19,2024-11-10,2024-10-25,7.34,8,0,0,0.0,C01575,21,Loyal,Eastern Slovakia,desktop
INT-002797,CMP-082,social,2024-10-19,2024-11-10,2024-10-25,6.42,7,2,0,0.0,C01160,21,New,Central Slovakia,tablet
INT-002798,CMP-082,social,2024-10-19,2024-11-10,2024-10-26,6.42,7,1,1,115.0,C01668,38,Regular,Bratislava,desktop
INT-002799,CMP-082,social,2024-10-19,2024-11-10,2024-10-26,5.5,6,1,1,129.9,C01503,54,Regular,Western Slovakia,mobile
INT-002800,CMP-082,social,2024-10-19,2024-11-10,2024-10-27,2.75,3,0,0,0.0,C00806,51,Regular,Eastern Slovakia,mobile
INT-002801,CMP-082,social,2024-10-19,2024-11-10,2024-10-27,5.5,6,0,0,0.0,C00116,32,Loyal,Central Slovakia,mobile
INT-002802,CMP-082,social,2024-10-19,2024-11-10,2024-10-28,4.59,5,0,0,0.0,C00250,24,Regular,Eastern Slovakia,tablet
INT-002803,CMP-082,social,2024-10-19,2024-11-10,2024-10-28,4.59,5,0,0,0.0,C00262,35,Regular,Bratislava,desktop
INT-002804,CMP-082,social,2024-10-19,2024-11-10,2024-10-29,6.42,7,1,0,0.0,C00276,43,New,Western Slovakia,desktop
INT-002805,CMP-082,social,2024-10-19,2024-11-10,2024-10-29,6.42,7,1,1,96.55,C00962,40,Loyal,Eastern Slovakia,desktop
INT-002806,CMP-082,social,2024-10-19,2024-11-10,2024-10-29,4.59,5,0,0,0.0,C00817,33,Regular,Western Slovakia,mobile
INT-002807,CMP-082,social,2024-10-19,2024-11-10,2024-10-31,7.34,8,2,0,0.0,C00870,37,New,Western Slovakia,mobile
INT-002808,CMP-082,social,2024-10-19,2024-11-10,2024-11-02,3.67,4,0,0,0.0,C01927,31,Regular,Bratislava,mobile
INT-002809,CMP-082,social,2024-10-19,2024-11-10,2024-11-02,6.42,7,0,0,0.0,C01251,50,Regular,Eastern Slovakia,mobile
INT-002810,CMP-082,social,2024-10-19,2024-11-10,2024-11-02,3.67,4,0,0,0.0,C02066,36,Regular,Western Slovakia,mobile
INT-002811,CMP-082,social,2024-10-19,2024-11-10,2024-11-02,2.75,3,0,0,0.0,C00883,25,New,Bratislava,desktop
INT-002812,CMP-082,social,2024-10-19,2024-11-10,2024-11-02,5.5,6,0,0,0.0,C00722,52,Regular,Central Slovakia,mobile
INT-002813,CMP-082,social,2024-10-19,2024-11-10,2024-11-02,4.59,5,0,0,0.0,C01337,44,Regular,Eastern Slovakia,tablet
INT-002814,CMP-082,social,2024-10-19,2024-11-10,2024-11-03,4.59,5,0,0,0.0,C00504,20,New,Czech Republic,mobile
INT-002815,CMP-082,social,2024-10-19,2024-11-10,2024-11-03,6.42,7,0,0,0.0,C00619,31,At-Risk,Bratislava,desktop
INT-002816,CMP-082,social,2024-10-19,2024-11-10,2024-11-03,2.75,3,0,0,0.0,C01123,29,Loyal,Western Slovakia,desktop
INT-002817,CMP-082,social,2024-10-19,2024-11-10,2024-11-04,6.42,7,0,0,0.0,C00113,31,Regular,Bratislava,desktop
INT-002818,CMP-082,social,2024-10-19,2024-11-10,2024-11-04,5.5,6,0,0,0.0,C00098,26,Loyal,Bratislava,mobile
INT-002819,CMP-082,social,2024-10-19,2024-11-10,2024-11-04,2.75,3,0,0,0.0,C00723,18,New,Eastern Slovakia,mobile
INT-002820,CMP-082,social,2024-10-19,2024-11-10,2024-11-05,2.75,3,0,0,0.0,C01110,48,Regular,Bratislava,mobile
INT-002821,CMP-082,social,2024-10-19,2024-11-10,2024-11-05,5.5,6,0,0,0.0,C00141,43,Regular,Bratislava,mobile
INT-002822,CMP-082,social,2024-10-19,2024-11-10,2024-11-05,1.83,2,0,0,0.0,C01065,30,New,Bratislava,mobile
INT-002823,CMP-082,social,2024-10-19,2024-11-10,2024-11-05,4.59,5,1,1,215.28,C02081,43,New,Bratislava,mobile
INT-002824,CMP-082,social,2024-10-19,2024-11-10,2024-11-05,11.01,12,0,0,0.0,C00908,23,New,Western Slovakia,mobile
INT-002825,CMP-082,social,2024-10-19,2024-11-10,2024-11-05,4.59,5,2,0,0.0,C00917,55,New,Western Slovakia,mobile
INT-002826,CMP-082,social,2024-10-19,2024-11-10,2024-11-06,7.34,8,0,0,0.0,C01455,56,New,Western Slovakia,desktop
INT-002827,CMP-082,social,2024-10-19,2024-11-10,2024-11-06,8.26,9,1,0,0.0,C01983,38,Loyal,Bratislava,mobile
INT-002828,CMP-082,social,2024-10-19,2024-11-10,2024-11-07,2.75,3,0,0,0.0,C01710,36,Regular,Czech Republic,mobile
INT-002829,CMP-082,social,2024-10-19,2024-11-10,2024-11-07,6.42,7,0,0,0.0,C01128,37,At-Risk,Central Slovakia,mobile
INT-002830,CMP-082,social,2024-10-19,2024-11-10,2024-11-07,0.92,1,0,0,0.0,C01113,24,Regular,Bratislava,mobile
INT-002831,CMP-082,social,2024-10-19,2024-11-10,2024-11-09,10.09,11,1,0,0.0,C00159,32,Regular,Bratislava,mobile
INT-002832,CMP-082,social,2024-10-19,2024-11-10,2024-11-09,4.59,5,0,0,0.0,C00498,34,New,Eastern Slovakia,desktop
INT-002833,CMP-097,search,2024-10-19,2024-12-01,2024-10-19,9.86,4,0,0,0.0,C02016,40,Regular,Eastern Slovakia,mobile
INT-002834,CMP-097,search,2024-10-19,2024-12-01,2024-10-20,7.4,3,0,0,0.0,C00477,51,Loyal,Bratislava,mobile
INT-002835,CMP-097,search,2024-10-19,2024-12-01,2024-10-22,12.33,5,0,0,0.0,C01927,31,Regular,Bratislava,mobile
INT-002836,CMP-097,search,2024-10-19,2024-12-01,2024-10-24,14.79,6,2,1,210.62,C00337,30,Regular,Western Slovakia,desktop
INT-002837,CMP-097,search,2024-10-19,2024-12-01,2024-10-25,14.79,6,0,0,0.0,C00332,46,Loyal,Czech Republic,tablet
INT-002838,CMP-097,search,2024-10-19,2024-12-01,2024-10-25,14.79,6,2,0,0.0,C00157,40,Regular,Eastern Slovakia,tablet
INT-002839,CMP-097,search,2024-10-19,2024-12-01,2024-10-26,9.86,4,0,0,0.0,C00042,45,Loyal,Eastern Slovakia,mobile
INT-002840,CMP-097,search,2024-10-19,2024-12-01,2024-10-26,17.26,7,1,1,361.61,C02106,32,Loyal,Western Slovakia,mobile
INT-002841,CMP-097,search,2024-10-19,2024-12-01,2024-10-27,14.79,6,1,1,254.85,C00455,39,Loyal,Central Slovakia,mobile
INT-002842,CMP-097,search,2024-10-19,2024-12-01,2024-10-27,7.4,3,0,0,0.0,C01924,52,New,Central Slovakia,mobile
INT-002843,CMP-097,search,2024-10-19,2024-12-01,2024-10-27,12.33,5,1,0,0.0,C00471,42,Regular,Western Slovakia,mobile
INT-002844,CMP-097,search,2024-10-19,2024-12-01,2024-10-29,12.33,5,0,0,0.0,C00226,41,New,Bratislava,mobile
INT-002845,CMP-097,search,2024-10-19,2024-12-01,2024-10-29,9.86,4,0,0,0.0,C01564,24,New,Central Slovakia,desktop
INT-002846,CMP-097,search,2024-10-19,2024-12-01,2024-10-29,12.33,5,0,0,0.0,C01311,24,Loyal,Bratislava,mobile
INT-002847,CMP-097,search,2024-10-19,2024-12-01,2024-10-30,17.26,7,1,1,222.76,C00943,44,Regular,Czech Republic,desktop
INT-002848,CMP-097,search,2024-10-19,2024-12-01,2024-10-31,14.79,6,0,0,0.0,C01497,42,New,Bratislava,mobile
INT-002849,CMP-097,search,2024-10-19,2024-12-01,2024-11-01,14.79,6,0,0,0.0,C00631,57,New,Bratislava,desktop
INT-002850,CMP-097,search,2024-10-19,2024-12-01,2024-11-01,19.73,8,2,0,0.0,C00012,47,At-Risk,Western Slovakia,mobile
INT-002851,CMP-097,search,2024-10-19,2024-12-01,2024-11-02,12.33,5,0,0,0.0,C01182,48,Regular,Bratislava,desktop
INT-002852,CMP-097,search,2024-10-19,2024-12-01,2024-11-03,9.86,4,0,0,0.0,C02064,43,Loyal,Eastern Slovakia,mobile
INT-002853,CMP-097,search,2024-10-19,2024-12-01,2024-11-04,12.33,5,0,0,0.0,C01848,25,Regular,Central Slovakia,desktop
INT-002854,CMP-097,search,2024-10-19,2024-12-01,2024-11-04,19.73,8,0,0,0.0,C01668,38,Regular,Bratislava,desktop
INT-002855,CMP-097,search,2024-10-19,2024-12-01,2024-11-05,17.26,7,0,0,0.0,C00190,58,Loyal,Bratislava,desktop
INT-002856,CMP-097,search,2024-10-19,2024-12-01,2024-11-10,7.4,3,0,0,0.0,C02156,45,Regular,Bratislava,mobile
INT-002857,CMP-097,search,2024-10-19,2024-12-01,2024-11-11,4.93,2,0,0,0.0,C00635,34,Regular,Czech Republic,mobile
INT-002858,CMP-097,search,2024-10-19,2024-12-01,2024-11-11,12.33,5,0,0,0.0,C00533,33,Regular,Western Slovakia,desktop
INT-002859,CMP-097,search,2024-10-19,2024-12-01,2024-11-12,12.33,5,0,0,0.0,C00755,59,New,Bratislava,mobile
INT-002860,CMP-097,search,2024-10-19,2024-12-01,2024-11-12,9.86,4,0,0,0.0,C01176,19,Regular,Central Slovakia,desktop
INT-002861,CMP-097,search,2024-10-19,2024-12-01,2024-11-14,9.86,4,1,0,0.0,C00087,32,Loyal,Central Slovakia,mobile
INT-002862,CMP-097,search,2024-10-19,2024-12-01,2024-11-16,7.4,3,1,0,0.0,C01883,33,Regular,Western Slovakia,mobile
INT-002863,CMP-097,search,2024-10-19,2024-12-01,2024-11-16,14.79,6,2,1,93.72,C01222,53,Regular,Eastern Slovakia,mobile
INT-002864,CMP-097,search,2024-10-19,2024-12-01,2024-11-17,9.86,4,0,0,0.0,C01433,28,Regular,Eastern Slovakia,mobile
INT-002865,CMP-097,search,2024-10-19,2024-12-01,2024-11-17,7.4,3,0,0,0.0,C01686,46,New,Bratislava,desktop
INT-002866,CMP-097,search,2024-10-19,2024-12-01,2024-11-20,9.86,4,0,0,0.0,C01010,43,New,Bratislava,mobile
INT-002867,CMP-097,search,2024-10-19,2024-12-01,2024-11-22,14.79,6,1,1,209.33,C01307,26,Regular,Bratislava,mobile
INT-002868,CMP-097,search,2024-10-19,2024-12-01,2024-11-22,14.79,6,3,2,460.08,C01072,25,Regular,Bratislava,tablet
INT-002869,CMP-097,search,2024-10-19,2024-12-01,2024-11-22,4.93,2,0,0,0.0,C01806,18,Loyal,Czech Republic,mobile
INT-002870,CMP-097,search,2024-10-19,2024-12-01,2024-11-23,12.33,5,0,0,0.0,C01570,19,Loyal,Czech Republic,desktop
INT-002871,CMP-097,search,2024-10-19,2024-12-01,2024-11-23,9.86,4,0,0,0.0,C00188,23,Regular,Central Slovakia,mobile
INT-002872,CMP-097,search,2024-10-19,2024-12-01,2024-11-24,9.86,4,0,0,0.0,C01467,23,Loyal,Eastern Slovakia,desktop
INT-002873,CMP-097,search,2024-10-19,2024-12-01,2024-11-26,12.33,5,1,1,180.11,C00556,34,New,Western Slovakia,desktop
INT-002874,CMP-097,search,2024-10-19,2024-12-01,2024-11-26,12.33,5,2,0,0.0,C00949,43,New,Central Slovakia,mobile
INT-002875,CMP-097,search,2024-10-19,2024-12-01,2024-11-27,12.33,5,0,0,0.0,C00097,22,Loyal,Czech Republic,desktop
INT-002876,CMP-097,search,2024-10-19,2024-12-01,2024-11-29,17.26,7,0,0,0.0,C00094,37,New,Western Slovakia,mobile
INT-002877,CMP-097,search,2024-10-19,2024-12-01,2024-11-30,4.93,2,0,0,0.0,C01898,43,Loyal,Eastern Slovakia,mobile
INT-002878,CMP-014,social,2024-10-23,2024-11-01,2024-10-23,12.67,12,2,1,150.43,C01406,46,New,Eastern Slovakia,mobile
INT-002879,CMP-014,social,2024-10-23,2024-11-01,2024-10-23,13.72,13,1,0,0.0,C02183,18,Loyal,Eastern Slovakia,mobile
INT-002880,CMP-014,social,2024-10-23,2024-11-01,2024-10-23,15.83,15,1,0,0.0,C00043,30,Regular,Czech Republic,mobile
INT-002881,CMP-014,social,2024-10-23,2024-11-01,2024-10-23,12.67,12,0,0,0.0,C01476,36,Loyal,Bratislava,mobile
INT-002882,CMP-014,social,2024-10-23,2024-11-01,2024-10-23,16.89,16,0,0,0.0,C00071,23,New,Bratislava,desktop
INT-002883,CMP-014,social,2024-10-23,2024-11-01,2024-10-23,15.83,15,0,0,0.0,C00212,22,Regular,Czech Republic,desktop
INT-002884,CMP-014,social,2024-10-23,2024-11-01,2024-10-23,12.67,12,0,0,0.0,C00211,49,Loyal,Central Slovakia,mobile
INT-002885,CMP-014,social,2024-10-23,2024-11-01,2024-10-24,14.78,14,1,0,0.0,C01608,40,Regular,Central Slovakia,mobile
INT-002886,CMP-014,social,2024-10-23,2024-11-01,2024-10-24,21.11,20,0,0,0.0,C01454,33,Loyal,Eastern Slovakia,desktop
INT-002887,CMP-014,social,2024-10-23,2024-11-01,2024-10-24,24.28,23,0,0,0.0,C00610,44,Regular,Bratislava,mobile
INT-002888,CMP-014,social,2024-10-23,2024-11-01,2024-10-24,17.95,17,1,0,0.0,C01117,52,Loyal,Central Slovakia,desktop
INT-002889,CMP-014,social,2024-10-23,2024-11-01,2024-10-24,20.06,19,2,0,0.0,C00130,27,Loyal,Bratislava,mobile
INT-002890,CMP-014,social,2024-10-23,2024-11-01,2024-10-24,16.89,16,1,0,0.0,C01023,43,Regular,Czech Republic,tablet
INT-002891,CMP-014,social,2024-10-23,2024-11-01,2024-10-24,12.67,12,0,0,0.0,C00121,26,Regular,Western Slovakia,desktop
INT-002892,CMP-014,social,2024-10-23,2024-11-01,2024-10-24,15.83,15,0,0,0.0,C00223,40,Loyal,Bratislava,mobile
INT-002893,CMP-014,social,2024-10-23,2024-11-01,2024-10-25,12.67,12,0,0,0.0,C00226,41,New,Bratislava,mobile
INT-002894,CMP-014,social,2024-10-23,2024-11-01,2024-10-25,10.56,10,1,0,0.0,C01997,42,Loyal,Central Slovakia,desktop
INT-002895,CMP-014,social,2024-10-23,2024-11-01,2024-10-25,12.67,12,0,0,0.0,C01570,19,Loyal,Czech Republic,desktop
INT-002896,CMP-014,social,2024-10-23,2024-11-01,2024-10-26,13.72,13,0,0,0.0,C02118,39,Regular,Western Slovakia,tablet
INT-002897,CMP-014,social,2024-10-23,2024-11-01,2024-10-27,16.89,16,1,1,131.53,C00633,33,Regular,Western Slovakia,mobile
INT-002898,CMP-014,social,2024-10-23,2024-11-01,2024-10-27,16.89,16,0,0,0.0,C00400,30,Loyal,Eastern Slovakia,mobile
INT-002899,CMP-014,social,2024-10-23,2024-11-01,2024-10-27,11.61,11,0,0,0.0,C02145,29,Regular,Czech Republic,mobile
INT-002900,CMP-014,social,2024-10-23,2024-11-01,2024-10-28,12.67,12,0,0,0.0,C01423,43,New,Bratislava,desktop
INT-002901,CMP-014,social,2024-10-23,2024-11-01,2024-10-28,13.72,13,0,0,0.0,C00543,41,Loyal,Central Slovakia,desktop
INT-002902,CMP-014,social,2024-10-23,2024-11-01,2024-10-28,20.06,19,1,0,0.0,C00898,28,Loyal,Eastern Slovakia,tablet
INT-002903,CMP-014,social,2024-10-23,2024-11-01,2024-10-28,16.89,16,0,0,0.0,C01298,30,At-Risk,Czech Republic,mobile
INT-002904,CMP-014,social,2024-10-23,2024-11-01,2024-10-28,19.0,18,0,0,0.0,C01770,72,Loyal,Western Slovakia,mobile
INT-002905,CMP-014,social,2024-10-23,2024-11-01,2024-10-28,10.56,10,1,0,0.0,C01221,37,Regular,Central Slovakia,mobile
INT-002906,CMP-014,social,2024-10-23,2024-11-01,2024-10-29,12.67,12,0,0,0.0,C01694,32,Regular,Central Slovakia,desktop
INT-002907,CMP-014,social,2024-10-23,2024-11-01,2024-10-29,12.67,12,0,0,0.0,C02001,33,Regular,Bratislava,mobile
INT-002908,CMP-014,social,2024-10-23,2024-11-01,2024-10-29,14.78,14,0,0,0.0,C02021,38,At-Risk,Western Slovakia,mobile
INT-002909,CMP-014,social,2024-10-23,2024-11-01,2024-10-30,15.83,15,2,1,105.31,C01367,24,Regular,Western Slovakia,desktop
INT-002910,CMP-014,social,2024-10-23,2024-11-01,2024-10-31,10.56,10,2,2,371.35,C01890,45,Loyal,Central Slovakia,mobile
INT-002911,CMP-014,social,2024-10-23,2024-11-01,2024-10-31,13.72,13,0,0,0.0,C00664,34,Regular,Czech Republic,desktop
INT-002912,CMP-014,social,2024-10-23,2024-11-01,2024-10-31,13.72,13,0,0,0.0,C01670,30,Regular,Bratislava,mobile
INT-002913,CMP-014,social,2024-10-23,2024-11-01,2024-10-31,12.67,12,0,0,0.0,C01826,46,Regular,Eastern Slovakia,mobile
INT-002914,CMP-014,social,2024-10-23,2024-11-01,2024-10-31,11.61,11,0,0,0.0,C01153,41,Regular,Eastern Slovakia,mobile
INT-002915,CMP-087,social,2024-11-09,2024-12-03,2024-11-10,8.68,10,0,0,0.0,C01635,41,At-Risk,Bratislava,mobile
INT-002916,CMP-087,social,2024-11-09,2024-12-03,2024-11-10,6.94,8,0,0,0.0,C01212,32,Loyal,Bratislava,mobile
INT-002917,CMP-087,social,2024-11-09,2024-12-03,2024-11-10,11.28,13,0,0,0.0,C01542,48,Regular,Central Slovakia,desktop
INT-002918,CMP-087,social,2024-11-09,2024-12-03,2024-11-11,4.34,5,1,1,176.24,C01911,29,Regular,Western Slovakia,mobile
INT-002919,CMP-087,social,2024-11-09,2024-12-03,2024-11-13,5.21,6,0,0,0.0,C01139,37,Regular,Western Slovakia,mobile
INT-002920,CMP-087,social,2024-11-09,2024-12-03,2024-11-13,5.21,6,0,0,0.0,C02045,21,Loyal,Eastern Slovakia,mobile
INT-002921,CMP-087,social,2024-11-09,2024-12-03,2024-11-14,4.34,5,0,0,0.0,C01376,42,Regular,Bratislava,mobile
INT-002922,CMP-087,social,2024-11-09,2024-12-03,2024-11-14,3.47,4,0,0,0.0,C01529,18,Loyal,Bratislava,mobile
INT-002923,CMP-087,social,2024-11-09,2024-12-03,2024-11-15,5.21,6,0,0,0.0,C01830,35,Regular,Bratislava,desktop
INT-002924,CMP-087,social,2024-11-09,2024-12-03,2024-11-15,6.08,7,2,0,0.0,C02184,26,Regular,Central Slovakia,mobile
INT-002925,CMP-087,social,2024-11-09,2024-12-03,2024-11-15,6.08,7,1,0,0.0,C01023,43,Regular,Czech Republic,tablet
INT-002926,CMP-087,social,2024-11-09,2024-12-03,2024-11-16,7.81,9,1,0,0.0,C00539,18,At-Risk,Czech Republic,mobile
INT-002927,CMP-087,social,2024-11-09,2024-12-03,2024-11-16,5.21,6,0,0,0.0,C02033,46,Regular,Eastern Slovakia,desktop
INT-002928,CMP-087,social,2024-11-09,2024-12-03,2024-11-17,4.34,5,0,0,0.0,C00807,36,Regular,Central Slovakia,desktop
INT-002929,CMP-087,social,2024-11-09,2024-12-03,2024-11-17,6.94,8,0,0,0.0,C01919,34,Regular,Central Slovakia,desktop
INT-002930,CMP-087,social,2024-11-09,2024-12-03,2024-11-17,7.81,9,1,0,0.0,C01262,39,Loyal,Central Slovakia,mobile
INT-002931,CMP-087,social,2024-11-09,2024-12-03,2024-11-18,6.08,7,2,1,110.19,C01892,29,Regular,Czech Republic,mobile
INT-002932,CMP-087,social,2024-11-09,2024-12-03,2024-11-19,6.08,7,1,0,0.0,C00160,24,At-Risk,Czech Republic,desktop
INT-002933,CMP-087,social,2024-11-09,2024-12-03,2024-11-19,5.21,6,0,0,0.0,C00044,41,Regular,Bratislava,desktop
INT-002934,CMP-087,social,2024-11-09,2024-12-03,2024-11-20,6.94,8,1,0,0.0,C01111,56,Regular,Czech Republic,desktop
INT-002935,CMP-087,social,2024-11-09,2024-12-03,2024-11-22,6.94,8,0,0,0.0,C00995,37,New,Czech Republic,desktop
INT-002936,CMP-087,social,2024-11-09,2024-12-03,2024-11-22,3.47,4,1,1,186.94,C00773,41,Regular,Bratislava,mobile
INT-002937,CMP-087,social,2024-11-09,2024-12-03,2024-11-22,6.08,7,0,0,0.0,C01691,32,New,Bratislava,mobile
INT-002938,CMP-087,social,2024-11-09,2024-12-03,2024-11-23,4.34,5,1,0,0.0,C01950,62,New,Eastern Slovakia,mobile
INT-002939,CMP-087,social,2024-11-09,2024-12-03,2024-11-23,3.47,4,2,1,146.2,C00043,30,Regular,Czech Republic,desktop
INT-002940,CMP-087,social,2024-11-09,2024-12-03,2024-11-24,5.21,6,2,0,0.0,C00060,50,At-Risk,Western Slovakia,mobile
INT-002941,CMP-087,social,2024-11-09,2024-12-03,2024-11-25,4.34,5,0,0,0.0,C00433,36,New,Central Slovakia,desktop
INT-002942,CMP-087,social,2024-11-09,2024-12-03,2024-11-26,7.81,9,0,0,0.0,C02175,42,Regular,Bratislava,desktop
INT-002943,CMP-087,social,2024-11-09,2024-12-03,2024-11-26,6.08,7,1,0,0.0,C00427,48,Regular,Bratislava,mobile
INT-002944,CMP-087,social,2024-11-09,2024-12-03,2024-11-27,4.34,5,0,0,0.0,C01747,31,New,Eastern Slovakia,mobile
INT-002945,CMP-087,social,2024-11-09,2024-12-03,2024-11-28,5.21,6,0,0,0.0,C01557,29,Regular,Central Slovakia,mobile
INT-002946,CMP-087,social,2024-11-09,2024-12-03,2024-11-28,5.21,6,1,0,0.0,C01710,36,Regular,Czech Republic,mobile
INT-002947,CMP-087,social,2024-11-09,2024-12-03,2024-11-28,2.6,3,1,0,0.0,C01420,38,Regular,Bratislava,tablet
INT-002948,CMP-087,social,2024-11-09,2024-12-03,2024-11-29,5.21,6,0,0,0.0,C00124,54,New,Western Slovakia,tablet
INT-002949,CMP-087,social,2024-11-09,2024-12-03,2024-11-30,6.94,8,0,0,0.0,C00479,38,Regular,Central Slovakia,desktop
INT-002950,CMP-087,social,2024-11-09,2024-12-03,2024-11-30,6.08,7,0,0,0.0,C00500,20,New,Central Slovakia,mobile
INT-002951,CMP-087,social,2024-11-09,2024-12-03,2024-12-01,12.15,14,0,0,0.0,C01358,32,New,Eastern Slovakia,mobile
INT-002952,CMP-087,social,2024-11-09,2024-12-03,2024-12-01,6.94,8,2,0,0.0,C01195,61,Loyal,Central Slovakia,mobile
INT-002953,CMP-087,social,2024-11-09,2024-12-03,2024-12-01,7.81,9,1,1,115.98,C00984,47,New,Western Slovakia,mobile
INT-002954,CMP-087,social,2024-11-09,2024-12-03,2024-12-02,6.08,7,1,0,0.0,C00920,18,Regular,Western Slovakia,tablet
INT-002955,CMP-087,social,2024-11-09,2024-12-03,2024-12-02,10.42,12,0,0,0.0,C00219,36,Regular,Eastern Slovakia,desktop
INT-002956,CMP-058,tv,2024-11-10,2024-12-24,2024-11-11,20.55,13,0,1,429.28,C01842,38,Loyal,Czech Republic,tablet
INT-002957,CMP-058,tv,2024-11-10,2024-12-24,2024-11-13,22.13,14,0,0,0.0,C01187,34,Regular,Bratislava,mobile
INT-002958,CMP-058,tv,2024-11-10,2024-12-24,2024-11-14,22.13,14,0,0,0.0,C01692,19,New,Bratislava,tablet
INT-002959,CMP-058,tv,2024-11-10,2024-12-24,2024-11-14,14.23,9,0,1,273.18,C01852,41,Regular,Western Slovakia,desktop
INT-002960,CMP-058,tv,2024-11-10,2024-12-24,2024-11-16,30.04,19,0,0,0.0,C01629,43,New,Bratislava,tablet
INT-002961,CMP-058,tv,2024-11-10,2024-12-24,2024-11-16,25.3,16,0,0,0.0,C00446,20,New,Western Slovakia,mobile
INT-002962,CMP-058,tv,2024-11-10,2024-12-24,2024-11-18,9.49,6,0,0,0.0,C00998,39,Loyal,Western Slovakia,mobile
INT-002963,CMP-058,tv,2024-11-10,2024-12-24,2024-11-19,18.97,12,0,0,0.0,C01344,32,New,Bratislava,desktop
INT-002964,CMP-058,tv,2024-11-10,2024-12-24,2024-11-19,14.23,9,0,1,256.7,C00885,25,Loyal,Western Slovakia,mobile
INT-002965,CMP-058,tv,2024-11-10,2024-12-24,2024-11-21,30.04,19,1,1,317.61,C02045,21,Loyal,Eastern Slovakia,desktop
INT-002966,CMP-058,tv,2024-11-10,2024-12-24,2024-11-21,26.88,17,0,0,0.0,C00031,64,Regular,Western Slovakia,desktop
INT-002967,CMP-058,tv,2024-11-10,2024-12-24,2024-11-22,20.55,13,0,0,0.0,C01494,25,Regular,Eastern Slovakia,mobile
INT-002968,CMP-058,tv,2024-11-10,2024-12-24,2024-11-23,11.07,7,1,2,471.6,C01956,26,Loyal,Eastern Slovakia,mobile
INT-002969,CMP-058,tv,2024-11-10,2024-12-24,2024-11-24,25.3,16,0,0,0.0,C01181,22,Regular,Western Slovakia,mobile
INT-002970,CMP-058,tv,2024-11-10,2024-12-24,2024-11-24,23.71,15,0,0,0.0,C00584,25,Loyal,Central Slovakia,mobile
INT-002971,CMP-058,tv,2024-11-10,2024-12-24,2024-11-25,36.36,23,0,1,239.5,C01603,53,Regular,Eastern Slovakia,desktop
INT-002972,CMP-058,tv,2024-11-10,2024-12-24,2024-11-28,12.65,8,0,0,0.0,C01936,57,Loyal,Eastern Slovakia,tablet
INT-002973,CMP-058,tv,2024-11-10,2024-12-24,2024-11-29,18.97,12,0,0,0.0,C01273,34,New,Bratislava,desktop
INT-002974,CMP-058,tv,2024-11-10,2024-12-24,2024-11-30,31.62,20,0,0,0.0,C00225,39,Regular,Central Slovakia,mobile
INT-002975,CMP-058,tv,2024-11-10,2024-12-24,2024-12-01,28.46,18,0,0,0.0,C01092,38,Loyal,Central Slovakia,mobile
INT-002976,CMP-058,tv,2024-11-10,2024-12-24,2024-12-04,18.97,12,0,0,0.0,C00812,31,Regular,Central Slovakia,desktop
INT-002977,CMP-058,tv,2024-11-10,2024-12-24,2024-12-04,22.13,14,1,1,207.81,C00549,46,Regular,Western Slovakia,desktop
INT-002978,CMP-058,tv,2024-11-10,2024-12-24,2024-12-05,18.97,12,0,1,346.68,C02030,32,Loyal,Western Slovakia,desktop
INT-002979,CMP-058,tv,2024-11-10,2024-12-24,2024-12-07,25.3,16,0,0,0.0,C02065,34,New,Bratislava,desktop
INT-002980,CMP-058,tv,2024-11-10,2024-12-24,2024-12-07,17.39,11,0,0,0.0,C02079,18,Loyal,Western Slovakia,mobile
INT-002981,CMP-058,tv,2024-11-10,2024-12-24,2024-12-09,15.81,10,0,0,0.0,C00166,27,New,Bratislava,mobile
INT-002982,CMP-058,tv,2024-11-10,2024-12-24,2024-12-11,14.23,9,0,0,0.0,C00348,45,Regular,Western Slovakia,mobile
INT-002983,CMP-058,tv,2024-11-10,2024-12-24,2024-12-11,25.3,16,0,2,682.07,C00388,44,New,Bratislava,desktop
INT-002984,CMP-058,tv,2024-11-10,2024-12-24,2024-12-12,20.55,13,0,0,0.0,C01217,18,Regular,Bratislava,mobile
INT-002985,CMP-058,tv,2024-11-10,2024-12-24,2024-12-14,23.71,15,0,0,0.0,C02174,23,New,Western Slovakia,desktop
INT-002986,CMP-058,tv,2024-11-10,2024-12-24,2024-12-15,17.39,11,0,0,0.0,C01289,62,New,Czech Republic,mobile
INT-002987,CMP-058,tv,2024-11-10,2024-12-24,2024-12-16,26.88,17,0,2,704.56,C02064,43,Loyal,Eastern Slovakia,desktop
INT-002988,CMP-058,tv,2024-11-10,2024-12-24,2024-12-17,28.46,18,0,1,176.1,C00898,28,Loyal,Eastern Slovakia,mobile
INT-002989,CMP-058,tv,2024-11-10,2024-12-24,2024-12-18,26.88,17,0,0,0.0,C01640,36,New,Eastern Slovakia,tablet
INT-002990,CMP-058,tv,2024-11-10,2024-12-24,2024-12-18,15.81,10,0,0,0.0,C01958,24,New,Bratislava,desktop
INT-002991,CMP-058,tv,2024-11-10,2024-12-24,2024-12-20,17.39,11,0,0,0.0,C00074,44,New,Eastern Slovakia,mobile
INT-002992,CMP-058,tv,2024-11-10,2024-12-24,2024-12-21,25.3,16,0,0,0.0,C00261,35,Regular,Eastern Slovakia,mobile
INT-002993,CMP-058,tv,2024-11-10,2024-12-24,2024-12-23,26.88,17,0,1,318.26,C00961,57,Regular,Bratislava,desktop
INT-002994,CMP-108,tv,2024-11-15,2024-12-10,2024-11-15,10.85,9,0,0,0.0,C00604,30,Regular,Bratislava,desktop
INT-002995,CMP-108,tv,2024-11-15,2024-12-10,2024-11-16,4.82,4,0,0,0.0,C02050,25,Loyal,Central Slovakia,mobile
INT-002996,CMP-108,tv,2024-11-15,2024-12-10,2024-11-17,13.27,11,0,0,0.0,C01699,18,Loyal,Czech Republic,mobile
INT-002997,CMP-108,tv,2024-11-15,2024-12-10,2024-11-18,12.06,10,1,1,256.17,C00833,24,Regular,Czech Republic,mobile
INT-002998,CMP-108,tv,2024-11-15,2024-12-10,2024-11-18,12.06,10,0,0,0.0,C00426,34,Regular,Central Slovakia,mobile
INT-002999,CMP-108,tv,2024-11-15,2024-12-10,2024-11-19,9.65,8,0,0,0.0,C01182,48,Regular,Bratislava,desktop
INT-003000,CMP-108,tv,2024-11-15,2024-12-10,2024-11-23,9.65,8,0,0,0.0,C01730,38,Regular,Western Slovakia,mobile
INT-003001,CMP-108,tv,2024-11-15,2024-12-10,2024-11-25,15.68,13,0,0,0.0,C00830,18,New,Eastern Slovakia,desktop
INT-003002,CMP-108,tv,2024-11-15,2024-12-10,2024-11-26,2.41,2,0,0,0.0,C00021,36,Regular,Czech Republic,mobile
INT-003003,CMP-108,tv,2024-11-15,2024-12-10,2024-11-26,12.06,10,0,0,0.0,C01887,25,Regular,Western Slovakia,mobile
INT-003004,CMP-108,tv,2024-11-15,2024-12-10,2024-11-27,8.44,7,0,0,0.0,C01487,49,New,Bratislava,desktop
INT-003005,CMP-108,tv,2024-11-15,2024-12-10,2024-11-28,6.03,5,0,0,0.0,C01918,50,Regular,Bratislava,mobile
INT-003006,CMP-108,tv,2024-11-15,2024-12-10,2024-11-28,7.24,6,0,0,0.0,C02198,38,Regular,Bratislava,desktop
INT-003007,CMP-108,tv,2024-11-15,2024-12-10,2024-11-30,3.62,3,0,0,0.0,C01538,18,New,Western Slovakia,mobile
INT-003008,CMP-108,tv,2024-11-15,2024-12-10,2024-12-01,12.06,10,0,0,0.0,C00356,41,New,Eastern Slovakia,mobile
INT-003009,CMP-108,tv,2024-11-15,2024-12-10,2024-12-01,16.88,14,1,2,565.12,C02028,18,Loyal,Western Slovakia,desktop
INT-003010,CMP-108,tv,2024-11-15,2024-12-10,2024-12-01,12.06,10,0,0,0.0,C01711,31,Regular,Central Slovakia,mobile
INT-003011,CMP-108,tv,2024-11-15,2024-12-10,2024-12-03,9.65,8,0,0,0.0,C01194,47,Regular,Western Slovakia,desktop
INT-003012,CMP-108,tv,2024-11-15,2024-12-10,2024-12-03,9.65,8,0,0,0.0,C01428,49,Regular,Bratislava,mobile
INT-003013,CMP-108,tv,2024-11-15,2024-12-10,2024-12-05,8.44,7,0,0,0.0,C01869,34,Regular,Western Slovakia,mobile
INT-003014,CMP-108,tv,2024-11-15,2024-12-10,2024-12-05,10.85,9,0,0,0.0,C01795,18,Regular,Bratislava,desktop
INT-003015,CMP-108,tv,2024-11-15,2024-12-10,2024-12-07,12.06,10,0,1,602.59,C01215,18,Loyal,Bratislava,desktop
INT-003016,CMP-108,tv,2024-11-15,2024-12-10,2024-12-07,16.88,14,0,0,0.0,C00064,45,New,Bratislava,desktop
INT-003017,CMP-108,tv,2024-11-15,2024-12-10,2024-12-07,3.62,3,0,0,0.0,C02143,70,Regular,Western Slovakia,mobile
INT-003018,CMP-056,search,2024-11-17,2024-12-29,2024-11-19,9.44,4,1,0,0.0,C00698,26,Loyal,Western Slovakia,mobile
INT-003019,CMP-056,search,2024-11-17,2024-12-29,2024-11-22,16.52,7,1,1,232.67,C00079,46,Regular,Bratislava,desktop
INT-003020,CMP-056,search,2024-11-17,2024-12-29,2024-11-23,16.52,7,0,0,0.0,C01695,23,New,Central Slovakia,desktop
INT-003021,CMP-056,search,2024-11-17,2024-12-29,2024-11-24,16.52,7,0,0,0.0,C00520,58,At-Risk,Central Slovakia,mobile
INT-003022,CMP-056,search,2024-11-17,2024-12-29,2024-11-24,21.24,9,0,0,0.0,C01963,35,Regular,Western Slovakia,desktop
INT-003023,CMP-056,search,2024-11-17,2024-12-29,2024-11-25,11.8,5,1,1,341.21,C00025,33,Loyal,Western Slovakia,desktop
INT-003024,CMP-056,search,2024-11-17,2024-12-29,2024-11-25,2.36,1,0,0,0.0,C01221,37,Regular,Central Slovakia,mobile
INT-003025,CMP-056,search,2024-11-17,2024-12-29,2024-11-25,16.52,7,0,0,0.0,C00222,41,Loyal,Western Slovakia,mobile
INT-003026,CMP-056,search,2024-11-17,2024-12-29,2024-11-26,2.36,1,1,1,155.97,C00821,32,New,Czech Republic,mobile
INT-003027,CMP-056,search,2024-11-17,2024-12-29,2024-11-26,14.16,6,2,0,0.0,C01746,29,New,Western Slovakia,mobile
INT-003028,CMP-056,search,2024-11-17,2024-12-29,2024-11-28,7.08,3,0,0,0.0,C01852,41,Regular,Western Slovakia,mobile
INT-003029,CMP-056,search,2024-11-17,2024-12-29,2024-12-01,11.8,5,0,0,0.0,C00733,45,New,Bratislava,tablet
INT-003030,CMP-056,search,2024-11-17,2024-12-29,2024-12-02,4.72,2,0,0,0.0,C01816,32,Loyal,Eastern Slovakia,mobile
INT-003031,CMP-056,search,2024-11-17,2024-12-29,2024-12-02,16.52,7,3,2,854.43,C01247,33,Loyal,Bratislava,desktop
INT-003032,CMP-056,search,2024-11-17,2024-12-29,2024-12-02,2.36,1,0,0,0.0,C00277,29,At-Risk,Eastern Slovakia,desktop
INT-003033,CMP-056,search,2024-11-17,2024-12-29,2024-12-03,7.08,3,1,0,0.0,C01492,38,New,Central Slovakia,mobile
INT-003034,CMP-056,search,2024-11-17,2024-12-29,2024-12-03,11.8,5,1,0,0.0,C02100,57,Loyal,Bratislava,desktop
INT-003035,CMP-056,search,2024-11-17,2024-12-29,2024-12-04,16.52,7,1,1,209.72,C01216,21,Loyal,Central Slovakia,mobile
INT-003036,CMP-056,search,2024-11-17,2024-12-29,2024-12-04,9.44,4,0,0,0.0,C02083,24,New,Central Slovakia,desktop
INT-003037,CMP-056,search,2024-11-17,2024-12-29,2024-12-06,9.44,4,1,1,173.72,C00650,33,Regular,Eastern Slovakia,tablet
INT-003038,CMP-056,search,2024-11-17,2024-12-29,2024-12-06,2.36,1,0,0,0.0,C01049,27,Regular,Bratislava,mobile
INT-003039,CMP-056,search,2024-11-17,2024-12-29,2024-12-07,7.08,3,1,0,0.0,C00560,27,New,Western Slovakia,desktop
INT-003040,CMP-056,search,2024-11-17,2024-12-29,2024-12-08,4.72,2,0,0,0.0,C01641,20,New,Bratislava,mobile
INT-003041,CMP-056,search,2024-11-17,2024-12-29,2024-12-08,11.8,5,2,2,533.63,C00976,26,Loyal,Central Slovakia,mobile
INT-003042,CMP-056,search,2024-11-17,2024-12-29,2024-12-08,4.72,2,0,0,0.0,C00454,63,Loyal,Eastern Slovakia,mobile
INT-003043,CMP-056,search,2024-11-17,2024-12-29,2024-12-10,4.72,2,1,1,174.36,C02117,39,Regular,Central Slovakia,tablet
INT-003044,CMP-056,search,2024-11-17,2024-12-29,2024-12-11,21.24,9,1,0,0.0,C01945,33,New,Central Slovakia,mobile
INT-003045,CMP-056,search,2024-11-17,2024-12-29,2024-12-11,11.8,5,0,0,0.0,C00178,40,Loyal,Western Slovakia,tablet
INT-003046,CMP-056,search,2024-11-17,2024-12-29,2024-12-11,9.44,4,1,1,207.12,C01255,29,Loyal,Central Slovakia,mobile
INT-003047,CMP-056,search,2024-11-17,2024-12-29,2024-12-12,11.8,5,0,0,0.0,C02047,46,Regular,Western Slovakia,mobile
INT-003048,CMP-056,search,2024-11-17,2024-12-29,2024-12-14,4.72,2,0,0,0.0,C01525,33,Loyal,Czech Republic,mobile
INT-003049,CMP-056,search,2024-11-17,2024-12-29,2024-12-15,11.8,5,0,0,0.0,C00543,41,Loyal,Central Slovakia,desktop
INT-003050,CMP-056,search,2024-11-17,2024-12-29,2024-12-15,4.72,2,1,0,0.0,C01856,30,New,Bratislava,tablet
INT-003051,CMP-056,search,2024-11-17,2024-12-29,2024-12-17,11.8,5,0,0,0.0,C00090,43,New,Western Slovakia,mobile
INT-003052,CMP-056,search,2024-11-17,2024-12-29,2024-12-18,16.52,7,0,0,0.0,C01619,42,Regular,Bratislava,mobile
INT-003053,CMP-056,search,2024-11-17,2024-12-29,2024-12-19,7.08,3,1,1,409.03,C02019,45,Loyal,Czech Republic,desktop
INT-003054,CMP-056,search,2024-11-17,2024-12-29,2024-12-19,7.08,3,0,0,0.0,C01190,36,Regular,Central Slovakia,mobile
INT-003055,CMP-056,search,2024-11-17,2024-12-29,2024-12-20,16.52,7,0,0,0.0,C00702,35,Loyal,Bratislava,mobile
INT-003056,CMP-056,search,2024-11-17,2024-12-29,2024-12-22,7.08,3,0,0,0.0,C00428,59,Loyal,Central Slovakia,tablet
INT-003057,CMP-056,search,2024-11-17,2024-12-29,2024-12-23,7.08,3,0,0,0.0,C01209,65,New,Bratislava,desktop
INT-003058,CMP-056,search,2024-11-17,2024-12-29,2024-12-26,11.8,5,0,0,0.0,C00788,36,New,Bratislava,mobile
INT-003059,CMP-055,email,2024-11-22,2025-01-02,2024-11-30,2.67,4,0,0,0.0,C00915,50,Regular,Eastern Slovakia,mobile
INT-003060,CMP-055,email,2024-11-22,2025-01-02,2024-12-01,1.33,2,0,0,0.0,C01847,38,Regular,Eastern Slovakia,mobile
INT-003061,CMP-055,email,2024-11-22,2025-01-02,2024-12-02,2.67,4,0,0,0.0,C01592,21,Regular,Bratislava,mobile
INT-003062,CMP-055,email,2024-11-22,2025-01-02,2024-12-02,2.0,3,0,0,0.0,C00819,41,Loyal,Czech Republic,tablet
INT-003063,CMP-055,email,2024-11-22,2025-01-02,2024-12-04,2.0,3,1,1,111.28,C02027,45,Regular,Eastern Slovakia,desktop
INT-003064,CMP-055,email,2024-11-22,2025-01-02,2024-12-05,0.67,1,0,0,0.0,C01085,39,Regular,Eastern Slovakia,desktop
INT-003065,CMP-055,email,2024-11-22,2025-01-02,2024-12-11,1.33,2,1,0,0.0,C00193,33,New,Western Slovakia,desktop
INT-003066,CMP-055,email,2024-11-22,2025-01-02,2024-12-12,2.0,3,1,0,0.0,C01500,24,New,Central Slovakia,mobile
INT-003067,CMP-055,email,2024-11-22,2025-01-02,2024-12-13,1.33,2,0,0,0.0,C01234,39,Regular,Central Slovakia,desktop
INT-003068,CMP-055,email,2024-11-22,2025-01-02,2024-12-15,1.33,2,0,0,0.0,C01634,38,Regular,Bratislava,mobile
INT-003069,CMP-055,email,2024-11-22,2025-01-02,2024-12-16,2.0,3,0,0,0.0,C01509,62,At-Risk,Central Slovakia,mobile
INT-003070,CMP-055,email,2024-11-22,2025-01-02,2024-12-24,4.0,6,1,0,0.0,C00981,44,Regular,Western Slovakia,mobile
INT-003071,CMP-055,email,2024-11-22,2025-01-02,2024-12-24,1.33,2,0,0,0.0,C00290,37,Regular,Central Slovakia,mobile
INT-003072,CMP-055,email,2024-11-22,2025-01-02,2024-12-26,0.67,1,0,0,0.0,C01062,55,At-Risk,Central Slovakia,desktop
INT-003073,CMP-055,email,2024-11-22,2025-01-02,2024-12-27,1.33,2,1,1,223.84,C01028,38,Regular,Western Slovakia,tablet
INT-003074,CMP-055,email,2024-11-22,2025-01-02,2024-12-28,0.67,1,0,0,0.0,C00611,26,Regular,Bratislava,desktop
INT-003075,CMP-055,email,2024-11-22,2025-01-02,2025-01-01,1.33,2,0,0,0.0,C00664,34,Regular,Czech Republic,desktop
INT-003076,CMP-055,email,2024-11-22,2025-01-02,2025-01-01,1.33,2,0,0,0.0,C01545,54,Regular,Central Slovakia,desktop
INT-003077,CMP-049,email,2024-12-06,2024-12-30,2024-12-06,3.77,4,0,0,0.0,C00096,21,New,Bratislava,mobile
INT-003078,CMP-049,email,2024-12-06,2024-12-30,2024-12-07,4.72,5,2,0,0.0,C00922,28,Regular,Czech Republic,tablet
INT-003079,CMP-049,email,2024-12-06,2024-12-30,2024-12-07,2.83,3,1,0,0.0,C00499,18,Regular,Central Slovakia,desktop
INT-003080,CMP-049,email,2024-12-06,2024-12-30,2024-12-07,4.72,5,0,0,0.0,C02139,42,Loyal,Eastern Slovakia,mobile
INT-003081,CMP-049,email,2024-12-06,2024-12-30,2024-12-07,4.72,5,0,0,0.0,C01273,34,New,Bratislava,desktop
INT-003082,CMP-049,email,2024-12-06,2024-12-30,2024-12-08,2.83,3,1,0,0.0,C00770,58,New,Bratislava,mobile
INT-003083,CMP-049,email,2024-12-06,2024-12-30,2024-12-11,6.6,7,0,0,0.0,C02151,37,Loyal,Bratislava,mobile
INT-003084,CMP-049,email,2024-12-06,2024-12-30,2024-12-12,9.43,10,2,1,131.16,C00019,49,Loyal,Czech Republic,mobile
INT-003085,CMP-049,email,2024-12-06,2024-12-30,2024-12-14,2.83,3,0,0,0.0,C01145,38,Loyal,Central Slovakia,desktop
INT-003086,CMP-049,email,2024-12-06,2024-12-30,2024-12-14,8.49,9,0,0,0.0,C00081,43,Regular,Eastern Slovakia,desktop
INT-003087,CMP-049,email,2024-12-06,2024-12-30,2024-12-15,1.89,2,0,0,0.0,C00111,43,Loyal,Czech Republic,mobile
INT-003088,CMP-049,email,2024-12-06,2024-12-30,2024-12-15,4.72,5,0,0,0.0,C00342,42,At-Risk,Bratislava,desktop
INT-003089,CMP-049,email,2024-12-06,2024-12-30,2024-12-15,4.72,5,0,0,0.0,C01043,46,Regular,Bratislava,mobile
INT-003090,CMP-049,email,2024-12-06,2024-12-30,2024-12-16,7.55,8,1,0,0.0,C00800,38,New,Eastern Slovakia,mobile
INT-003091,CMP-049,email,2024-12-06,2024-12-30,2024-12-16,1.89,2,0,0,0.0,C01261,50,At-Risk,Eastern Slovakia,tablet
INT-003092,CMP-049,email,2024-12-06,2024-12-30,2024-12-17,2.83,3,1,0,0.0,C00834,33,Loyal,Western Slovakia,desktop
INT-003093,CMP-049,email,2024-12-06,2024-12-30,2024-12-17,1.89,2,0,0,0.0,C01374,19,Loyal,Bratislava,mobile
INT-003094,CMP-049,email,2024-12-06,2024-12-30,2024-12-17,4.72,5,0,0,0.0,C01932,33,New,Eastern Slovakia,mobile
INT-003095,CMP-049,email,2024-12-06,2024-12-30,2024-12-17,5.66,6,0,0,0.0,C01861,46,Regular,Bratislava,mobile
INT-003096,CMP-049,email,2024-12-06,2024-12-30,2024-12-18,7.55,8,1,0,0.0,C02128,32,New,Eastern Slovakia,mobile
INT-003097,CMP-049,email,2024-12-06,2024-12-30,2024-12-18,8.49,9,1,0,0.0,C00526,33,Regular,Western Slovakia,mobile
INT-003098,CMP-049,email,2024-12-06,2024-12-30,2024-12-18,2.83,3,0,0,0.0,C00868,33,Regular,Czech Republic,desktop
INT-003099,CMP-049,email,2024-12-06,2024-12-30,2024-12-20,2.83,3,0,0,0.0,C00394,44,Loyal,Western Slovakia,mobile
INT-003100,CMP-049,email,2024-12-06,2024-12-30,2024-12-23,4.72,5,1,1,278.39,C01006,42,Loyal,Central Slovakia,desktop
INT-003101,CMP-049,email,2024-12-06,2024-12-30,2024-12-25,2.83,3,0,0,0.0,C00598,48,New,Eastern Slovakia,mobile
INT-003102,CMP-049,email,2024-12-06,2024-12-30,2024-12-27,2.83,3,0,0,0.0,C00410,22,New,Bratislava,mobile
INT-003103,CMP-049,email,2024-12-06,2024-12-30,2024-12-27,3.77,4,0,0,0.0,C00755,59,New,Bratislava,mobile
INT-003104,CMP-049,email,2024-12-06,2024-12-30,2024-12-27,3.77,4,0,0,0.0,C01067,25,Loyal,Bratislava,mobile
INT-003105,CMP-049,email,2024-12-06,2024-12-30,2024-12-27,5.66,6,1,0,0.0,C01537,47,At-Risk,Bratislava,mobile
INT-003106,CMP-049,email,2024-12-06,2024-12-30,2024-12-28,1.89,2,0,0,0.0,C01026,34,Loyal,Bratislava,mobile
INT-003107,CMP-049,email,2024-12-06,2024-12-30,2024-12-29,0.94,1,0,0,0.0,C00121,26,Regular,Western Slovakia,mobile
INT-003108,CMP-049,email,2024-12-06,2024-12-30,2024-12-29,1.89,2,0,0,0.0,C01801,38,At-Risk,Eastern Slovakia,tablet
INT-003109,CMP-049,email,2024-12-06,2024-12-30,2024-12-29,3.77,4,0,0,0.0,C00041,47,At-Risk,Central Slovakia,mobile
INT-003110,CMP-049,email,2024-12-06,2024-12-30,2024-12-29,5.66,6,0,0,0.0,C00538,52,Regular,Bratislava,mobile
INT-003111,CMP-049,email,2024-12-06,2024-12-30,2024-12-29,3.77,4,0,0,0.0,C01147,44,New,Czech Republic,mobile
INT-003112,CMP-030,tv,2024-12-12,2025-01-16,2024-12-12,27.99,17,0,0,0.0,C00937,24,Loyal,Bratislava,mobile
INT-003113,CMP-030,tv,2024-12-12,2025-01-16,2024-12-12,37.87,23,0,0,0.0,C01961,40,Loyal,Bratislava,mobile
INT-003114,CMP-030,tv,2024-12-12,2025-01-16,2024-12-12,39.51,24,0,1,358.72,C01872,31,Loyal,Western Slovakia,mobile
INT-003115,CMP-030,tv,2024-12-12,2025-01-16,2024-12-12,29.64,18,0,0,0.0,C02183,18,Loyal,Eastern Slovakia,mobile
INT-003116,CMP-030,tv,2024-12-12,2025-01-16,2024-12-13,21.4,13,0,1,409.82,C00093,33,Loyal,Czech Republic,mobile
INT-003117,CMP-030,tv,2024-12-12,2025-01-16,2024-12-14,19.76,12,0,0,0.0,C01746,29,New,Western Slovakia,mobile
INT-003118,CMP-030,tv,2024-12-12,2025-01-16,2024-12-14,41.16,25,0,1,482.69,C00025,33,Loyal,Western Slovakia,desktop
INT-003119,CMP-030,tv,2024-12-12,2025-01-16,2024-12-17,29.64,18,0,0,0.0,C01740,39,At-Risk,Central Slovakia,mobile
INT-003120,CMP-030,tv,2024-12-12,2025-01-16,2024-12-17,36.22,22,0,1,590.99,C01476,36,Loyal,Bratislava,mobile
INT-003121,CMP-030,tv,2024-12-12,2025-01-16,2024-12-18,26.34,16,0,0,0.0,C00095,18,Loyal,Western Slovakia,mobile
INT-003122,CMP-030,tv,2024-12-12,2025-01-16,2024-12-18,23.05,14,0,0,0.0,C00736,40,New,Eastern Slovakia,desktop
INT-003123,CMP-030,tv,2024-12-12,2025-01-16,2024-12-18,21.4,13,0,0,0.0,C02061,21,Regular,Eastern Slovakia,desktop
INT-003124,CMP-030,tv,2024-12-12,2025-01-16,2024-12-20,32.93,20,0,0,0.0,C01558,47,Regular,Eastern Slovakia,mobile
INT-003125,CMP-030,tv,2024-12-12,2025-01-16,2024-12-21,29.64,18,0,0,0.0,C00602,31,Regular,Western Slovakia,mobile
INT-003126,CMP-030,tv,2024-12-12,2025-01-16,2024-12-23,24.7,15,0,0,0.0,C00220,30,Regular,Bratislava,mobile
INT-003127,CMP-030,tv,2024-12-12,2025-01-16,2024-12-23,24.7,15,1,0,0.0,C00102,54,Loyal,Central Slovakia,desktop
INT-003128,CMP-030,tv,2024-12-12,2025-01-16,2024-12-24,32.93,20,0,0,0.0,C02102,18,New,Bratislava,mobile
INT-003129,CMP-030,tv,2024-12-12,2025-01-16,2024-12-24,31.28,19,0,1,285.73,C00496,49,Loyal,Eastern Slovakia,desktop
INT-003130,CMP-030,tv,2024-12-12,2025-01-16,2024-12-25,16.46,10,0,0,0.0,C01066,37,New,Czech Republic,mobile
INT-003131,CMP-030,tv,2024-12-12,2025-01-16,2024-12-26,27.99,17,0,0,0.0,C01396,60,Loyal,Eastern Slovakia,mobile
INT-003132,CMP-030,tv,2024-12-12,2025-01-16,2024-12-26,41.16,25,1,0,0.0,C00136,26,Loyal,Eastern Slovakia,mobile
INT-003133,CMP-030,tv,2024-12-12,2025-01-16,2024-12-26,24.7,15,0,0,0.0,C00158,50,New,Bratislava,tablet
INT-003134,CMP-030,tv,2024-12-12,2025-01-16,2024-12-26,42.81,26,0,1,182.9,C00200,36,Regular,Western Slovakia,tablet
INT-003135,CMP-030,tv,2024-12-12,2025-01-16,2024-12-28,31.28,19,0,0,0.0,C00033,32,Regular,Eastern Slovakia,desktop
INT-003136,CMP-030,tv,2024-12-12,2025-01-16,2024-12-30,24.7,15,1,0,0.0,C01931,18,Loyal,Central Slovakia,mobile
INT-003137,CMP-030,tv,2024-12-12,2025-01-16,2024-12-30,26.34,16,0,2,744.4,C01883,33,Regular,Western Slovakia,mobile
INT-003138,CMP-030,tv,2024-12-12,2025-01-16,2024-12-30,29.64,18,0,1,356.31,C01202,32,Regular,Western Slovakia,desktop
INT-003139,CMP-030,tv,2024-12-12,2025-01-16,2024-12-31,23.05,14,0,0,0.0,C00899,44,Loyal,Central Slovakia,mobile
INT-003140,CMP-030,tv,2024-12-12,2025-01-16,2024-12-31,29.64,18,0,0,0.0,C01524,36,Loyal,Czech Republic,mobile
INT-003141,CMP-030,tv,2024-12-12,2025-01-16,2025-01-01,26.34,16,0,0,0.0,C02154,25,New,Bratislava,mobile
INT-003142,CMP-030,tv,2024-12-12,2025-01-16,2025-01-01,44.45,27,0,0,0.0,C00614,43,New,Bratislava,mobile
INT-003143,CMP-030,tv,2024-12-12,2025-01-16,2025-01-01,41.16,25,0,0,0.0,C01669,41,Regular,Eastern Slovakia,mobile
INT-003144,CMP-030,tv,2024-12-12,2025-01-16,2025-01-02,27.99,17,0,0,0.0,C00318,30,New,Central Slovakia,mobile
INT-003145,CMP-030,tv,2024-12-12,2025-01-16,2025-01-02,29.64,18,0,0,0.0,C00001,42,Regular,Eastern Slovakia,mobile
INT-003146,CMP-030,tv,2024-12-12,2025-01-16,2025-01-02,31.28,19,0,0,0.0,C00168,43,Regular,Central Slovakia,mobile
INT-003147,CMP-030,tv,2024-12-12,2025-01-16,2025-01-03,42.81,26,1,1,396.44,C00722,52,Regular,Central Slovakia,desktop
INT-003148,CMP-030,tv,2024-12-12,2025-01-16,2025-01-03,24.7,15,0,0,0.0,C00267,40,New,Western Slovakia,mobile
INT-003149,CMP-030,tv,2024-12-12,2025-01-16,2025-01-04,21.4,13,0,0,0.0,C00730,25,Loyal,Central Slovakia,mobile
INT-003150,CMP-030,tv,2024-12-12,2025-01-16,2025-01-04,27.99,17,1,0,0.0,C00840,34,At-Risk,Central Slovakia,mobile
INT-003151,CMP-030,tv,2024-12-12,2025-01-16,2025-01-06,24.7,15,0,1,241.09,C01449,34,New,Central Slovakia,mobile
INT-003152,CMP-030,tv,2024-12-12,2025-01-16,2025-01-06,27.99,17,0,0,0.0,C00587,24,Regular,Eastern Slovakia,mobile
INT-003153,CMP-030,tv,2024-12-12,2025-01-16,2025-01-06,24.7,15,0,1,189.18,C00164,28,Regular,Western Slovakia,mobile
INT-003154,CMP-030,tv,2024-12-12,2025-01-16,2025-01-07,29.64,18,0,0,0.0,C01842,38,Loyal,Czech Republic,tablet
INT-003155,CMP-030,tv,2024-12-12,2025-01-16,2025-01-08,26.34,16,0,0,0.0,C00646,36,New,Central Slovakia,mobile
INT-003156,CMP-030,tv,2024-12-12,2025-01-16,2025-01-09,21.4,13,0,0,0.0,C01323,38,Regular,Bratislava,mobile
INT-003157,CMP-030,tv,2024-12-12,2025-01-16,2025-01-09,14.82,9,1,0,0.0,C00259,36,Regular,Bratislava,tablet
INT-003158,CMP-030,tv,2024-12-12,2025-01-16,2025-01-09,32.93,20,0,0,0.0,C01984,35,Loyal,Czech Republic,desktop
INT-003159,CMP-030,tv,2024-12-12,2025-01-16,2025-01-10,27.99,17,0,0,0.0,C01158,56,New,Central Slovakia,mobile
INT-003160,CMP-030,tv,2024-12-12,2025-01-16,2025-01-11,26.34,16,0,0,0.0,C00170,38,At-Risk,Western Slovakia,mobile
INT-003161,CMP-030,tv,2024-12-12,2025-01-16,2025-01-11,19.76,12,0,0,0.0,C01637,18,At-Risk,Western Slovakia,mobile
INT-003162,CMP-030,tv,2024-12-12,2025-01-16,2025-01-13,24.7,15,0,0,0.0,C00188,23,Regular,Central Slovakia,desktop
INT-003163,CMP-030,tv,2024-12-12,2025-01-16,2025-01-15,23.05,14,0,1,262.27,C00888,33,New,Central Slovakia,desktop
INT-003164,CMP-008,search,2024-12-13,2025-01-05,2024-12-13,9.91,5,1,1,204.55,C01947,29,New,Eastern Slovakia,desktop
INT-003165,CMP-008,search,2024-12-13,2025-01-05,2024-12-13,5.95,3,1,0,0.0,C01062,55,At-Risk,Central Slovakia,mobile
INT-003166,CMP-008,search,2024-12-13,2025-01-05,2024-12-13,5.95,3,0,0,0.0,C01393,31,Loyal,Bratislava,tablet
INT-003167,CMP-008,search,2024-12-13,2025-01-05,2024-12-13,5.95,3,1,0,0.0,C01824,46,New,Bratislava,mobile
INT-003168,CMP-008,search,2024-12-13,2025-01-05,2024-12-14,11.9,6,1,0,0.0,C02075,39,New,Western Slovakia,mobile
INT-003169,CMP-008,search,2024-12-13,2025-01-05,2024-12-14,5.95,3,0,0,0.0,C00659,53,At-Risk,Western Slovakia,mobile
INT-003170,CMP-008,search,2024-12-13,2025-01-05,2024-12-14,3.97,2,1,1,142.0,C01401,52,New,Czech Republic,desktop
INT-003171,CMP-008,search,2024-12-13,2025-01-05,2024-12-15,3.97,2,0,0,0.0,C00428,59,Loyal,Central Slovakia,tablet
INT-003172,CMP-008,search,2024-12-13,2025-01-05,2024-12-15,5.95,3,1,0,0.0,C01459,59,Regular,Bratislava,desktop
INT-003173,CMP-008,search,2024-12-13,2025-01-05,2024-12-15,3.97,2,0,0,0.0,C01847,38,Regular,Eastern Slovakia,mobile
INT-003174,CMP-008,search,2024-12-13,2025-01-05,2024-12-16,3.97,2,0,0,0.0,C00613,21,Regular,Western Slovakia,mobile
INT-003175,CMP-008,search,2024-12-13,2025-01-05,2024-12-19,1.98,1,0,0,0.0,C02179,45,New,Bratislava,mobile
INT-003176,CMP-008,search,2024-12-13,2025-01-05,2024-12-20,3.97,2,1,0,0.0,C01646,39,Regular,Western Slovakia,mobile
INT-003177,CMP-008,search,2024-12-13,2025-01-05,2024-12-22,3.97,2,0,0,0.0,C00275,57,At-Risk,Bratislava,mobile
INT-003178,CMP-008,search,2024-12-13,2025-01-05,2024-12-22,1.98,1,0,0,0.0,C00750,27,New,Central Slovakia,mobile
INT-003179,CMP-008,search,2024-12-13,2025-01-05,2024-12-23,3.97,2,0,0,0.0,C01003,33,New,Eastern Slovakia,mobile
INT-003180,CMP-008,search,2024-12-13,2025-01-05,2024-12-24,5.95,3,0,0,0.0,C01675,35,New,Bratislava,mobile
INT-003181,CMP-008,search,2024-12-13,2025-01-05,2024-12-24,7.93,4,0,0,0.0,C01552,29,New,Bratislava,tablet
INT-003182,CMP-008,search,2024-12-13,2025-01-05,2024-12-24,3.97,2,0,0,0.0,C01955,41,Loyal,Bratislava,desktop
INT-003183,CMP-008,search,2024-12-13,2025-01-05,2024-12-24,5.95,3,1,1,144.53,C01758,65,New,Bratislava,desktop
INT-003184,CMP-008,search,2024-12-13,2025-01-05,2024-12-24,7.93,4,1,1,240.98,C00188,23,Regular,Central Slovakia,desktop
INT-003185,CMP-008,search,2024-12-13,2025-01-05,2024-12-26,5.95,3,0,0,0.0,C01167,67,Regular,Western Slovakia,mobile
INT-003186,CMP-008,search,2024-12-13,2025-01-05,2024-12-26,9.91,5,1,1,187.59,C00403,48,Loyal,Eastern Slovakia,mobile
INT-003187,CMP-008,search,2024-12-13,2025-01-05,2024-12-27,7.93,4,1,1,209.91,C00240,32,Regular,Eastern Slovakia,desktop
INT-003188,CMP-008,search,2024-12-13,2025-01-05,2024-12-27,5.95,3,1,0,0.0,C01355,61,At-Risk,Western Slovakia,desktop
INT-003189,CMP-008,search,2024-12-13,2025-01-05,2024-12-28,3.97,2,0,0,0.0,C00026,34,New,Central Slovakia,mobile
INT-003190,CMP-008,search,2024-12-13,2025-01-05,2024-12-28,1.98,1,0,0,0.0,C01379,41,Regular,Central Slovakia,tablet
INT-003191,CMP-008,search,2024-12-13,2025-01-05,2024-12-28,1.98,1,0,0,0.0,C01637,18,At-Risk,Western Slovakia,mobile
INT-003192,CMP-008,search,2024-12-13,2025-01-05,2024-12-29,7.93,4,0,0,0.0,C02116,35,New,Central Slovakia,mobile
INT-003193,CMP-008,search,2024-12-13,2025-01-05,2024-12-30,3.97,2,0,0,0.0,C01238,45,Loyal,Bratislava,mobile
INT-003194,CMP-008,search,2024-12-13,2025-01-05,2024-12-30,5.95,3,0,0,0.0,C02038,50,New,Central Slovakia,mobile
INT-003195,CMP-008,search,2024-12-13,2025-01-05,2024-12-31,5.95,3,1,1,280.66,C01036,38,Regular,Czech Republic,desktop
INT-003196,CMP-008,search,2024-12-13,2025-01-05,2024-12-31,5.95,3,0,0,0.0,C00306,25,Loyal,Central Slovakia,mobile
INT-003197,CMP-008,search,2024-12-13,2025-01-05,2024-12-31,3.97,2,0,0,0.0,C02122,39,New,Central Slovakia,tablet
INT-003198,CMP-008,search,2024-12-13,2025-01-05,2025-01-01,1.98,1,1,1,269.11,C01013,32,New,Bratislava,desktop
INT-003199,CMP-008,search,2024-12-13,2025-01-05,2025-01-01,7.93,4,0,0,0.0,C00774,54,Regular,Bratislava,mobile
INT-003200,CMP-008,search,2024-12-13,2025-01-05,2025-01-02,9.91,5,0,0,0.0,C01856,30,New,Bratislava,mobile
INT-003201,CMP-008,search,2024-12-13,2025-01-05,2025-01-02,3.97,2,0,0,0.0,C02190,45,Regular,Western Slovakia,desktop
INT-003202,CMP-008,search,2024-12-13,2025-01-05,2025-01-02,9.91,5,1,0,0.0,C00910,25,Regular,Eastern Slovakia,mobile
INT-003203,CMP-008,search,2024-12-13,2025-01-05,2025-01-02,1.98,1,1,0,0.0,C01160,21,New,Central Slovakia,mobile
INT-003204,CMP-008,search,2024-12-13,2025-01-05,2025-01-04,1.98,1,0,0,0.0,C00285,25,At-Risk,Czech Republic,desktop
INT-003205,CMP-008,search,2024-12-13,2025-01-05,2025-01-04,5.95,3,1,1,143.51,C01179,42,At-Risk,Bratislava,desktop
INT-003206,CMP-064,email,2024-12-23,2025-01-03,2024-12-23,0.85,1,0,0,0.0,C01558,47,Regular,Eastern Slovakia,tablet
INT-003207,CMP-064,email,2024-12-23,2025-01-03,2024-12-23,2.55,3,0,0,0.0,C00923,39,Loyal,Bratislava,mobile
INT-003208,CMP-064,email,2024-12-23,2025-01-03,2024-12-23,2.55,3,0,0,0.0,C00984,47,New,Western Slovakia,mobile
INT-003209,CMP-064,email,2024-12-23,2025-01-03,2024-12-24,2.55,3,0,0,0.0,C00284,43,New,Bratislava,desktop
INT-003210,CMP-064,email,2024-12-23,2025-01-03,2024-12-24,4.26,5,0,0,0.0,C00019,49,Loyal,Czech Republic,mobile
INT-003211,CMP-064,email,2024-12-23,2025-01-03,2024-12-25,0.85,1,0,0,0.0,C00711,38,Loyal,Czech Republic,mobile
INT-003212,CMP-064,email,2024-12-23,2025-01-03,2024-12-25,4.26,5,0,0,0.0,C00733,45,New,Bratislava,desktop
INT-003213,CMP-064,email,2024-12-23,2025-01-03,2024-12-25,3.4,4,1,1,188.34,C00601,44,Regular,Bratislava,mobile
INT-003214,CMP-064,email,2024-12-23,2025-01-03,2024-12-25,5.96,7,1,1,134.54,C00877,38,Regular,Central Slovakia,desktop
INT-003215,CMP-064,email,2024-12-23,2025-01-03,2024-12-25,1.7,2,0,0,0.0,C01818,49,Loyal,Eastern Slovakia,mobile
INT-003216,CMP-064,email,2024-12-23,2025-01-03,2024-12-25,3.4,4,0,0,0.0,C00225,39,Regular,Central Slovakia,mobile
INT-003217,CMP-064,email,2024-12-23,2025-01-03,2024-12-26,3.4,4,0,0,0.0,C00436,31,Loyal,Eastern Slovakia,desktop
INT-003218,CMP-064,email,2024-12-23,2025-01-03,2024-12-26,2.55,3,0,0,0.0,C00789,25,New,Western Slovakia,mobile
INT-003219,CMP-064,email,2024-12-23,2025-01-03,2024-12-26,3.4,4,0,0,0.0,C00117,41,New,Eastern Slovakia,desktop
INT-003220,CMP-064,email,2024-12-23,2025-01-03,2024-12-26,2.55,3,0,0,0.0,C00263,41,New,Central Slovakia,desktop
INT-003221,CMP-064,email,2024-12-23,2025-01-03,2024-12-26,3.4,4,2,2,413.72,C00490,46,Regular,Bratislava,mobile
INT-003222,CMP-064,email,2024-12-23,2025-01-03,2024-12-26,5.11,6,1,0,0.0,C01016,26,New,Eastern Slovakia,desktop
INT-003223,CMP-064,email,2024-12-23,2025-01-03,2024-12-26,2.55,3,0,0,0.0,C00474,40,Regular,Eastern Slovakia,desktop
INT-003224,CMP-064,email,2024-12-23,2025-01-03,2024-12-27,2.55,3,0,0,0.0,C01123,29,Loyal,Western Slovakia,mobile
INT-003225,CMP-064,email,2024-12-23,2025-01-03,2024-12-28,5.96,7,0,0,0.0,C00599,41,Loyal,Bratislava,desktop
INT-003226,CMP-064,email,2024-12-23,2025-01-03,2024-12-28,4.26,5,0,0,0.0,C01396,60,Loyal,Eastern Slovakia,mobile
INT-003227,CMP-064,email,2024-12-23,2025-01-03,2024-12-28,5.11,6,2,0,0.0,C01140,38,New,Central Slovakia,mobile
INT-003228,CMP-064,email,2024-12-23,2025-01-03,2024-12-28,1.7,2,0,0,0.0,C02199,35,Regular,Czech Republic,desktop
INT-003229,CMP-064,email,2024-12-23,2025-01-03,2024-12-28,3.4,4,2,2,362.5,C00161,26,Loyal,Eastern Slovakia,mobile
INT-003230,CMP-064,email,2024-12-23,2025-01-03,2024-12-28,2.55,3,0,0,0.0,C01922,50,Loyal,Bratislava,tablet
INT-003231,CMP-064,email,2024-12-23,2025-01-03,2024-12-28,2.55,3,0,0,0.0,C01383,34,Regular,Western Slovakia,mobile
INT-003232,CMP-064,email,2024-12-23,2025-01-03,2024-12-29,2.55,3,0,0,0.0,C00011,49,Loyal,Western Slovakia,mobile
INT-003233,CMP-064,email,2024-12-23,2025-01-03,2024-12-29,2.55,3,0,0,0.0,C01328,19,New,Central Slovakia,mobile
INT-003234,CMP-064,email,2024-12-23,2025-01-03,2024-12-29,4.26,5,0,0,0.0,C01177,29,New,Eastern Slovakia,desktop
INT-003235,CMP-064,email,2024-12-23,2025-01-03,2024-12-29,4.26,5,1,0,0.0,C00200,36,Regular,Western Slovakia,mobile
INT-003236,CMP-064,email,2024-12-23,2025-01-03,2024-12-29,2.55,3,0,0,0.0,C02166,53,Loyal,Bratislava,mobile
INT-003237,CMP-064,email,2024-12-23,2025-01-03,2024-12-29,1.7,2,0,0,0.0,C01498,24,Loyal,Central Slovakia,mobile
INT-003238,CMP-064,email,2024-12-23,2025-01-03,2024-12-29,3.4,4,0,0,0.0,C01602,52,New,Central Slovakia,mobile
INT-003239,CMP-064,email,2024-12-23,2025-01-03,2024-12-30,1.7,2,0,0,0.0,C00341,18,Loyal,Western Slovakia,mobile
INT-003240,CMP-064,email,2024-12-23,2025-01-03,2024-12-30,4.26,5,0,0,0.0,C01116,39,Regular,Bratislava,mobile
INT-003241,CMP-064,email,2024-12-23,2025-01-03,2024-12-30,1.7,2,0,0,0.0,C01072,25,Regular,Bratislava,mobile
INT-003242,CMP-064,email,2024-12-23,2025-01-03,2024-12-30,0.85,1,0,0,0.0,C01247,33,Loyal,Bratislava,mobile
INT-003243,CMP-064,email,2024-12-23,2025-01-03,2024-12-31,1.7,2,0,0,0.0,C01944,18,Loyal,Bratislava,mobile
INT-003244,CMP-064,email,2024-12-23,2025-01-03,2024-12-31,3.4,4,1,0,0.0,C01812,18,Loyal,Bratislava,desktop
INT-003245,CMP-064,email,2024-12-23,2025-01-03,2024-12-31,5.11,6,1,1,201.53,C00751,38,Loyal,Bratislava,mobile
INT-003246,CMP-064,email,2024-12-23,2025-01-03,2025-01-01,5.96,7,1,0,0.0,C02083,24,New,Central Slovakia,mobile
INT-003247,CMP-064,email,2024-12-23,2025-01-03,2025-01-01,4.26,5,0,0,0.0,C01560,36,Loyal,Eastern Slovakia,desktop
INT-003248,CMP-064,email,2024-12-23,2025-01-03,2025-01-01,5.96,7,1,0,0.0,C00785,38,At-Risk,Central Slovakia,mobile
INT-003249,CMP-064,email,2024-12-23,2025-01-03,2025-01-01,3.4,4,0,0,0.0,C01524,36,Loyal,Czech Republic,mobile
INT-003250,CMP-064,email,2024-12-23,2025-01-03,2025-01-01,2.55,3,1,0,0.0,C01618,18,New,Bratislava,mobile
INT-003251,CMP-064,email,2024-12-23,2025-01-03,2025-01-01,1.7,2,0,0,0.0,C01411,33,New,Central Slovakia,desktop
INT-003252,CMP-064,email,2024-12-23,2025-01-03,2025-01-02,3.4,4,0,0,0.0,C01994,50,Regular,Eastern Slovakia,mobile
INT-003253,CMP-064,email,2024-12-23,2025-01-03,2025-01-02,3.4,4,1,0,0.0,C01452,44,New,Bratislava,mobile
INT-003254,CMP-064,email,2024-12-23,2025-01-03,2025-01-02,0.85,1,1,0,0.0,C00163,64,Regular,Central Slovakia,mobile
INT-003255,CMP-064,email,2024-12-23,2025-01-03,2025-01-02,0.85,1,0,0,0.0,C00188,23,Regular,Central Slovakia,desktop
INT-003256,CMP-064,email,2024-12-23,2025-01-03,2025-01-02,3.4,4,0,0,0.0,C01553,31,Regular,Central Slovakia,mobile
INT-003257,CMP-064,email,2024-12-23,2025-01-03,2025-01-02,0.85,1,0,0,0.0,C00006,22,Regular,Western Slovakia,mobile
INT-003258,CMP-109,search,2024-12-24,2025-01-23,2024-12-25,20.4,7,1,0,0.0,C00673,29,New,Western Slovakia,desktop
INT-003259,CMP-109,search,2024-12-24,2025-01-23,2024-12-25,17.49,6,1,1,126.17,C01538,18,New,Western Slovakia,mobile
INT-003260,CMP-109,search,2024-12-24,2025-01-23,2024-12-26,32.06,11,0,0,0.0,C01229,45,At-Risk,Eastern Slovakia,tablet
INT-003261,CMP-109,search,2024-12-24,2025-01-23,2024-12-27,14.57,5,0,0,0.0,C01950,62,New,Eastern Slovakia,mobile
INT-003262,CMP-109,search,2024-12-24,2025-01-23,2024-12-27,14.57,5,0,0,0.0,C00087,32,Loyal,Central Slovakia,desktop
INT-003263,CMP-109,search,2024-12-24,2025-01-23,2024-12-28,14.57,5,1,1,229.78,C00780,22,Regular,Bratislava,tablet
INT-003264,CMP-109,search,2024-12-24,2025-01-23,2024-12-28,26.23,9,2,0,0.0,C00947,42,Regular,Western Slovakia,mobile
INT-003265,CMP-109,search,2024-12-24,2025-01-23,2024-12-29,32.06,11,0,0,0.0,C01226,44,Regular,Czech Republic,mobile
INT-003266,CMP-109,search,2024-12-24,2025-01-23,2024-12-29,11.66,4,0,0,0.0,C01954,30,Regular,Central Slovakia,mobile
INT-003267,CMP-109,search,2024-12-24,2025-01-23,2024-12-30,26.23,9,1,0,0.0,C00903,36,Regular,Central Slovakia,mobile
INT-003268,CMP-109,search,2024-12-24,2025-01-23,2024-12-30,34.98,12,0,0,0.0,C00052,46,Loyal,Western Slovakia,desktop
INT-003269,CMP-109,search,2024-12-24,2025-01-23,2024-12-30,20.4,7,0,0,0.0,C02070,36,Regular,Western Slovakia,mobile
INT-003270,CMP-109,search,2024-12-24,2025-01-23,2025-01-01,8.74,3,1,0,0.0,C00861,26,Regular,Western Slovakia,desktop
INT-003271,CMP-109,search,2024-12-24,2025-01-23,2025-01-01,17.49,6,1,0,0.0,C01322,31,New,Eastern Slovakia,mobile
INT-003272,CMP-109,search,2024-12-24,2025-01-23,2025-01-02,26.23,9,1,0,0.0,C01763,30,At-Risk,Western Slovakia,mobile
INT-003273,CMP-109,search,2024-12-24,2025-01-23,2025-01-02,14.57,5,0,0,0.0,C00412,18,Regular,Eastern Slovakia,mobile
INT-003274,CMP-109,search,2024-12-24,2025-01-23,2025-01-02,17.49,6,1,0,0.0,C01684,53,New,Bratislava,desktop
INT-003275,CMP-109,search,2024-12-24,2025-01-23,2025-01-02,17.49,6,2,2,492.14,C00200,36,Regular,Western Slovakia,mobile
INT-003276,CMP-109,search,2024-12-24,2025-01-23,2025-01-02,14.57,5,0,0,0.0,C01212,32,Loyal,Bratislava,mobile
INT-003277,CMP-109,search,2024-12-24,2025-01-23,2025-01-03,23.32,8,2,0,0.0,C00551,43,At-Risk,Bratislava,mobile
INT-003278,CMP-109,search,2024-12-24,2025-01-23,2025-01-04,11.66,4,0,0,0.0,C00968,29,New,Czech Republic,desktop
INT-003279,CMP-109,search,2024-12-24,2025-01-23,2025-01-04,17.49,6,1,1,234.97,C00324,47,Loyal,Western Slovakia,tablet
INT-003280,CMP-109,search,2024-12-24,2025-01-23,2025-01-04,20.4,7,0,0,0.0,C02126,40,New,Central Slovakia,mobile
INT-003281,CMP-109,search,2024-12-24,2025-01-23,2025-01-04,14.57,5,0,0,0.0,C00281,44,Regular,Western Slovakia,mobile
INT-003282,CMP-109,search,2024-12-24,2025-01-23,2025-01-05,20.4,7,0,0,0.0,C01546,35,Regular,Western Slovakia,mobile
INT-003283,CMP-109,search,2024-12-24,2025-01-23,2025-01-05,20.4,7,0,0,0.0,C01080,55,New,Eastern Slovakia,mobile
INT-003284,CMP-109,search,2024-12-24,2025-01-23,2025-01-05,23.32,8,1,0,0.0,C00001,42,Regular,Eastern Slovakia,desktop
INT-003285,CMP-109,search,2024-12-24,2025-01-23,2025-01-05,11.66,4,0,0,0.0,C00837,34,New,Eastern Slovakia,mobile
INT-003286,CMP-109,search,2024-12-24,2025-01-23,2025-01-06,8.74,3,0,0,0.0,C01643,18,Regular,Central Slovakia,mobile
INT-003287,CMP-109,search,2024-12-24,2025-01-23,2025-01-06,17.49,6,1,0,0.0,C02102,18,New,Bratislava,mobile
INT-003288,CMP-109,search,2024-12-24,2025-01-23,2025-01-06,14.57,5,1,0,0.0,C02145,29,Regular,Czech Republic,mobile
INT-003289,CMP-109,search,2024-12-24,2025-01-23,2025-01-06,26.23,9,0,0,0.0,C01047,32,Loyal,Czech Republic,mobile
INT-003290,CMP-109,search,2024-12-24,2025-01-23,2025-01-06,20.4,7,1,1,231.68,C01902,51,Regular,Czech Republic,desktop
INT-003291,CMP-109,search,2024-12-24,2025-01-23,2025-01-07,23.32,8,0,0,0.0,C02037,32,At-Risk,Bratislava,desktop
INT-003292,CMP-109,search,2024-12-24,2025-01-23,2025-01-07,17.49,6,0,0,0.0,C00530,57,New,Czech Republic,mobile
INT-003293,CMP-109,search,2024-12-24,2025-01-23,2025-01-07,17.49,6,0,0,0.0,C01189,45,New,Bratislava,desktop
INT-003294,CMP-109,search,2024-12-24,2025-01-23,2025-01-08,14.57,5,1,0,0.0,C00769,23,Regular,Bratislava,mobile
INT-003295,CMP-109,search,2024-12-24,2025-01-23,2025-01-08,11.66,4,1,1,262.25,C01331,18,Loyal,Czech Republic,mobile
INT-003296,CMP-109,search,2024-12-24,2025-01-23,2025-01-09,11.66,4,1,0,0.0,C00116,32,Loyal,Central Slovakia,desktop
INT-003297,CMP-109,search,2024-12-24,2025-01-23,2025-01-10,17.49,6,1,1,175.55,C01190,36,Regular,Central Slovakia,mobile
INT-003298,CMP-109,search,2024-12-24,2025-01-23,2025-01-10,20.4,7,1,0,0.0,C01413,19,At-Risk,Central Slovakia,mobile
INT-003299,CMP-109,search,2024-12-24,2025-01-23,2025-01-11,11.66,4,1,1,181.74,C02077,38,New,Western Slovakia,tablet
INT-003300,CMP-109,search,2024-12-24,2025-01-23,2025-01-11,2.91,1,0,0,0.0,C01445,36,Loyal,Bratislava,mobile
INT-003301,CMP-109,search,2024-12-24,2025-01-23,2025-01-11,8.74,3,2,0,0.0,C01146,46,At-Risk,Central Slovakia,mobile
INT-003302,CMP-109,search,2024-12-24,2025-01-23,2025-01-11,17.49,6,1,0,0.0,C01400,21,Loyal,Eastern Slovakia,desktop
INT-003303,CMP-109,search,2024-12-24,2025-01-23,2025-01-12,8.74,3,0,0,0.0,C01295,41,Regular,Central Slovakia,desktop
INT-003304,CMP-109,search,2024-12-24,2025-01-23,2025-01-12,32.06,11,1,0,0.0,C01997,42,Loyal,Central Slovakia,desktop
INT-003305,CMP-109,search,2024-12-24,2025-01-23,2025-01-12,11.66,4,0,0,0.0,C00275,57,At-Risk,Bratislava,mobile
INT-003306,CMP-109,search,2024-12-24,2025-01-23,2025-01-12,11.66,4,0,0,0.0,C01660,40,Loyal,Central Slovakia,tablet
INT-003307,CMP-109,search,2024-12-24,2025-01-23,2025-01-13,17.49,6,0,0,0.0,C01731,37,New,Bratislava,mobile
INT-003308,CMP-109,search,2024-12-24,2025-01-23,2025-01-13,8.74,3,0,0,0.0,C00632,69,New,Central Slovakia,mobile
INT-003309,CMP-109,search,2024-12-24,2025-01-23,2025-01-13,20.4,7,1,1,142.91,C01878,60,Regular,Central Slovakia,desktop
INT-003310,CMP-109,search,2024-12-24,2025-01-23,2025-01-14,20.4,7,1,1,239.94,C01676,19,Regular,Western Slovakia,mobile
INT-003311,CMP-109,search,2024-12-24,2025-01-23,2025-01-14,11.66,4,0,0,0.0,C01847,38,Regular,Eastern Slovakia,desktop
INT-003312,CMP-109,search,2024-12-24,2025-01-23,2025-01-14,17.49,6,1,0,0.0,C00449,51,Regular,Eastern Slovakia,mobile
INT-003313,CMP-109,search,2024-12-24,2025-01-23,2025-01-15,17.49,6,0,0,0.0,C00074,44,New,Eastern Slovakia,mobile
INT-003314,CMP-109,search,2024-12-24,2025-01-23,2025-01-15,17.49,6,0,0,0.0,C00736,40,New,Eastern Slovakia,desktop
INT-003315,CMP-109,search,2024-12-24,2025-01-23,2025-01-16,20.4,7,2,2,382.97,C01968,37,New,Bratislava,desktop
INT-003316,CMP-109,search,2024-12-24,2025-01-23,2025-01-16,11.66,4,0,0,0.0,C01760,39,Regular,Eastern Slovakia,desktop
INT-003317,CMP-109,search,2024-12-24,2025-01-23,2025-01-16,14.57,5,1,0,0.0,C01915,52,Regular,Eastern Slovakia,mobile
INT-003318,CMP-109,search,2024-12-24,2025-01-23,2025-01-16,14.57,5,0,0,0.0,C02045,21,Loyal,Eastern Slovakia,desktop
INT-003319,CMP-109,search,2024-12-24,2025-01-23,2025-01-16,26.23,9,1,1,207.62,C01887,25,Regular,Western Slovakia,mobile
INT-003320,CMP-109,search,2024-12-24,2025-01-23,2025-01-17,20.4,7,2,0,0.0,C02078,39,Loyal,Bratislava,mobile
INT-003321,CMP-109,search,2024-12-24,2025-01-23,2025-01-17,14.57,5,1,1,240.71,C01255,29,Loyal,Central Slovakia,tablet
INT-003322,CMP-109,search,2024-12-24,2025-01-23,2025-01-17,26.23,9,0,0,0.0,C00686,32,Regular,Western Slovakia,desktop
INT-003323,CMP-109,search,2024-12-24,2025-01-23,2025-01-19,14.57,5,1,0,0.0,C01789,42,Regular,Eastern Slovakia,tablet
INT-003324,CMP-109,search,2024-12-24,2025-01-23,2025-01-19,17.49,6,1,0,0.0,C00659,53,At-Risk,Western Slovakia,mobile
INT-003325,CMP-109,search,2024-12-24,2025-01-23,2025-01-20,23.32,8,2,0,0.0,C02116,35,New,Central Slovakia,desktop
INT-003326,CMP-109,search,2024-12-24,2025-01-23,2025-01-20,23.32,8,2,1,120.04,C00809,34,New,Western Slovakia,mobile
INT-003327,CMP-109,search,2024-12-24,2025-01-23,2025-01-20,8.74,3,0,0,0.0,C01817,46,New,Bratislava,mobile
INT-003328,CMP-109,search,2024-12-24,2025-01-23,2025-01-21,20.4,7,2,1,147.86,C00379,57,New,Eastern Slovakia,mobile
INT-003329,CMP-109,search,2024-12-24,2025-01-23,2025-01-21,8.74,3,1,1,115.41,C00219,36,Regular,Eastern Slovakia,mobile
INT-003330,CMP-109,search,2024-12-24,2025-01-23,2025-01-22,11.66,4,1,1,197.99,C00851,34,At-Risk,Central Slovakia,desktop
INT-003331,CMP-109,search,2024-12-24,2025-01-23,2025-01-22,20.4,7,0,0,0.0,C01098,44,Regular,Central Slovakia,desktop
INT-003332,CMP-075,email,2025-01-03,2025-02-01,2025-01-03,1.47,2,0,0,0.0,C01536,26,At-Risk,Western Slovakia,tablet
INT-003333,CMP-075,email,2025-01-03,2025-02-01,2025-01-03,1.47,2,0,0,0.0,C00065,47,Regular,Bratislava,tablet
INT-003334,CMP-075,email,2025-01-03,2025-02-01,2025-01-04,2.21,3,0,0,0.0,C01646,39,Regular,Western Slovakia,mobile
INT-003335,CMP-075,email,2025-01-03,2025-02-01,2025-01-05,0.74,1,0,0,0.0,C00312,43,Regular,Western Slovakia,mobile
INT-003336,CMP-075,email,2025-01-03,2025-02-01,2025-01-05,0.74,1,0,0,0.0,C00832,57,New,Western Slovakia,desktop
INT-003337,CMP-075,email,2025-01-03,2025-02-01,2025-01-06,1.47,2,0,0,0.0,C02018,30,Loyal,Eastern Slovakia,desktop
INT-003338,CMP-075,email,2025-01-03,2025-02-01,2025-01-08,2.21,3,1,0,0.0,C00315,48,Regular,Western Slovakia,mobile
INT-003339,CMP-075,email,2025-01-03,2025-02-01,2025-01-08,3.68,5,0,0,0.0,C02023,40,Loyal,Czech Republic,tablet
INT-003340,CMP-075,email,2025-01-03,2025-02-01,2025-01-08,1.47,2,0,0,0.0,C00998,39,Loyal,Western Slovakia,mobile
INT-003341,CMP-075,email,2025-01-03,2025-02-01,2025-01-09,0.74,1,0,0,0.0,C02014,38,Loyal,Bratislava,tablet
INT-003342,CMP-075,email,2025-01-03,2025-02-01,2025-01-09,1.47,2,1,1,301.26,C01286,41,Loyal,Czech Republic,mobile
INT-003343,CMP-075,email,2025-01-03,2025-02-01,2025-01-10,2.21,3,0,0,0.0,C00246,23,Regular,Central Slovakia,mobile
INT-003344,CMP-075,email,2025-01-03,2025-02-01,2025-01-10,0.74,1,0,0,0.0,C00142,26,Loyal,Western Slovakia,mobile
INT-003345,CMP-075,email,2025-01-03,2025-02-01,2025-01-11,1.47,2,0,0,0.0,C02087,37,New,Bratislava,mobile
INT-003346,CMP-075,email,2025-01-03,2025-02-01,2025-01-11,0.74,1,1,0,0.0,C01976,47,Loyal,Bratislava,mobile
INT-003347,CMP-075,email,2025-01-03,2025-02-01,2025-01-11,1.47,2,1,0,0.0,C00435,49,New,Eastern Slovakia,desktop
INT-003348,CMP-075,email,2025-01-03,2025-02-01,2025-01-12,1.47,2,0,0,0.0,C01639,38,At-Risk,Western Slovakia,mobile
INT-003349,CMP-075,email,2025-01-03,2025-02-01,2025-01-12,0.74,1,0,0,0.0,C02058,18,Regular,Bratislava,mobile
INT-003350,CMP-075,email,2025-01-03,2025-02-01,2025-01-13,0.74,1,0,0,0.0,C01285,39,Loyal,Bratislava,desktop
INT-003351,CMP-075,email,2025-01-03,2025-02-01,2025-01-13,1.47,2,1,1,205.04,C02024,37,Loyal,Central Slovakia,mobile
INT-003352,CMP-075,email,2025-01-03,2025-02-01,2025-01-15,0.74,1,0,0,0.0,C01545,54,Regular,Central Slovakia,mobile
INT-003353,CMP-075,email,2025-01-03,2025-02-01,2025-01-16,2.21,3,1,0,0.0,C00540,29,Regular,Bratislava,desktop
INT-003354,CMP-075,email,2025-01-03,2025-02-01,2025-01-17,2.21,3,0,0,0.0,C00534,43,Regular,Bratislava,mobile
INT-003355,CMP-075,email,2025-01-03,2025-02-01,2025-01-17,1.47,2,0,0,0.0,C00608,43,Regular,Central Slovakia,desktop
INT-003356,CMP-075,email,2025-01-03,2025-02-01,2025-01-17,1.47,2,0,0,0.0,C01348,29,At-Risk,Czech Republic,mobile
INT-003357,CMP-075,email,2025-01-03,2025-02-01,2025-01-17,2.95,4,0,0,0.0,C00332,46,Loyal,Czech Republic,mobile
INT-003358,CMP-075,email,2025-01-03,2025-02-01,2025-01-17,1.47,2,0,0,0.0,C00937,24,Loyal,Bratislava,mobile
INT-003359,CMP-075,email,2025-01-03,2025-02-01,2025-01-17,0.74,1,0,0,0.0,C00233,42,New,Eastern Slovakia,desktop
INT-003360,CMP-075,email,2025-01-03,2025-02-01,2025-01-18,2.21,3,0,0,0.0,C01395,18,New,Western Slovakia,tablet
INT-003361,CMP-075,email,2025-01-03,2025-02-01,2025-01-18,0.74,1,0,0,0.0,C01898,43,Loyal,Eastern Slovakia,mobile
INT-003362,CMP-075,email,2025-01-03,2025-02-01,2025-01-20,2.21,3,0,0,0.0,C00017,42,Loyal,Bratislava,desktop
INT-003363,CMP-075,email,2025-01-03,2025-02-01,2025-01-20,1.47,2,0,0,0.0,C00763,47,Loyal,Czech Republic,mobile
INT-003364,CMP-075,email,2025-01-03,2025-02-01,2025-01-20,0.74,1,0,0,0.0,C02166,53,Loyal,Bratislava,mobile
INT-003365,CMP-075,email,2025-01-03,2025-02-01,2025-01-21,1.47,2,1,1,192.5,C01882,55,Regular,Czech Republic,mobile
INT-003366,CMP-075,email,2025-01-03,2025-02-01,2025-01-22,0.74,1,0,0,0.0,C01030,51,New,Czech Republic,mobile
INT-003367,CMP-075,email,2025-01-03,2025-02-01,2025-01-23,1.47,2,0,0,0.0,C00011,49,Loyal,Western Slovakia,tablet
INT-003368,CMP-075,email,2025-01-03,2025-02-01,2025-01-24,1.47,2,1,1,197.03,C00754,63,Loyal,Western Slovakia,mobile
INT-003369,CMP-075,email,2025-01-03,2025-02-01,2025-01-24,2.21,3,1,0,0.0,C02031,54,New,Eastern Slovakia,mobile
INT-003370,CMP-075,email,2025-01-03,2025-02-01,2025-01-24,3.68,5,1,1,306.57,C00751,38,Loyal,Bratislava,mobile
INT-003371,CMP-075,email,2025-01-03,2025-02-01,2025-01-26,1.47,2,0,0,0.0,C00459,42,New,Central Slovakia,mobile
INT-003372,CMP-075,email,2025-01-03,2025-02-01,2025-01-29,2.21,3,0,0,0.0,C00318,30,New,Central Slovakia,mobile
INT-003373,CMP-075,email,2025-01-03,2025-02-01,2025-01-29,1.47,2,0,0,0.0,C02125,38,Regular,Western Slovakia,desktop
INT-003374,CMP-075,email,2025-01-03,2025-02-01,2025-01-29,1.47,2,1,0,0.0,C00928,43,Regular,Eastern Slovakia,mobile
INT-003375,CMP-075,email,2025-01-03,2025-02-01,2025-01-30,2.21,3,0,0,0.0,C00357,41,Regular,Western Slovakia,desktop
INT-003376,CMP-075,email,2025-01-03,2025-02-01,2025-01-31,0.74,1,0,0,0.0,C00715,35,New,Central Slovakia,mobile
INT-003377,CMP-102,display,2025-01-04,2025-01-13,2025-01-04,4.69,12,0,0,0.0,C00127,56,Loyal,Eastern Slovakia,mobile
INT-003378,CMP-102,display,2025-01-04,2025-01-13,2025-01-04,3.91,10,0,0,0.0,C00165,48,Regular,Western Slovakia,mobile
INT-003379,CMP-102,display,2025-01-04,2025-01-13,2025-01-04,3.52,9,0,0,0.0,C01603,53,Regular,Eastern Slovakia,desktop
INT-003380,CMP-102,display,2025-01-04,2025-01-13,2025-01-05,5.08,13,0,0,0.0,C02163,54,Loyal,Western Slovakia,desktop
INT-003381,CMP-102,display,2025-01-04,2025-01-13,2025-01-05,5.47,14,0,0,0.0,C00916,52,Loyal,Czech Republic,desktop
INT-003382,CMP-102,display,2025-01-04,2025-01-13,2025-01-07,8.21,21,0,0,0.0,C02095,39,Loyal,Bratislava,mobile
INT-003383,CMP-102,display,2025-01-04,2025-01-13,2025-01-07,7.43,19,0,0,0.0,C00748,44,New,Western Slovakia,mobile
INT-003384,CMP-102,display,2025-01-04,2025-01-13,2025-01-08,4.69,12,0,0,0.0,C00616,23,New,Western Slovakia,mobile
INT-003385,CMP-102,display,2025-01-04,2025-01-13,2025-01-08,5.08,13,0,0,0.0,C01831,47,Regular,Eastern Slovakia,mobile
INT-003386,CMP-102,display,2025-01-04,2025-01-13,2025-01-08,5.08,13,0,0,0.0,C00778,43,Loyal,Bratislava,mobile
INT-003387,CMP-102,display,2025-01-04,2025-01-13,2025-01-08,5.87,15,0,0,0.0,C00652,36,At-Risk,Bratislava,desktop
INT-003388,CMP-102,display,2025-01-04,2025-01-13,2025-01-08,4.3,11,0,0,0.0,C00011,49,Loyal,Western Slovakia,mobile
INT-003389,CMP-102,display,2025-01-04,2025-01-13,2025-01-08,4.3,11,1,0,0.0,C01292,33,Regular,Central Slovakia,mobile
INT-003390,CMP-102,display,2025-01-04,2025-01-13,2025-01-09,3.52,9,0,0,0.0,C00556,34,New,Western Slovakia,mobile
INT-003391,CMP-102,display,2025-01-04,2025-01-13,2025-01-09,4.3,11,1,1,116.78,C01024,45,Loyal,Bratislava,desktop
INT-003392,CMP-102,display,2025-01-04,2025-01-13,2025-01-10,4.69,12,0,0,0.0,C01613,37,Regular,Bratislava,desktop
INT-003393,CMP-102,display,2025-01-04,2025-01-13,2025-01-10,3.52,9,0,0,0.0,C01351,35,New,Western Slovakia,mobile
INT-003394,CMP-102,display,2025-01-04,2025-01-13,2025-01-10,6.65,17,0,0,0.0,C00572,37,Regular,Eastern Slovakia,mobile
INT-003395,CMP-102,display,2025-01-04,2025-01-13,2025-01-12,1.96,5,0,0,0.0,C01656,19,Regular,Czech Republic,mobile
INT-003396,CMP-102,display,2025-01-04,2025-01-13,2025-01-12,4.69,12,1,0,0.0,C00428,59,Loyal,Central Slovakia,tablet
INT-003397,CMP-102,display,2025-01-04,2025-01-13,2025-01-12,5.47,14,0,0,0.0,C02032,32,Regular,Western Slovakia,desktop
INT-003398,CMP-102,display,2025-01-04,2025-01-13,2025-01-12,4.3,11,0,0,0.0,C01914,18,Regular,Bratislava,mobile
INT-003399,CMP-102,display,2025-01-04,2025-01-13,2025-01-12,8.99,23,0,0,0.0,C00439,30,New,Western Slovakia,mobile
INT-003400,CMP-102,display,2025-01-04,2025-01-13,2025-01-12,4.69,12,0,0,0.0,C01589,26,Loyal,Bratislava,desktop
INT-003401,CMP-102,display,2025-01-04,2025-01-13,2025-01-12,8.6,22,0,0,0.0,C00312,43,Regular,Western Slovakia,mobile
INT-003402,CMP-102,display,2025-01-04,2025-01-13,2025-01-12,4.3,11,0,0,0.0,C00741,50,Loyal,Central Slovakia,mobile
INT-003403,CMP-102,display,2025-01-04,2025-01-13,2025-01-12,6.65,17,1,0,0.0,C00303,48,Regular,Western Slovakia,mobile
INT-003404,CMP-073,search,2025-01-05,2025-02-04,2025-01-05,14.54,6,0,0,0.0,C00643,63,Regular,Western Slovakia,desktop
INT-003405,CMP-073,search,2025-01-05,2025-02-04,2025-01-05,14.54,6,1,0,0.0,C00730,25,Loyal,Central Slovakia,mobile
INT-003406,CMP-073,search,2025-01-05,2025-02-04,2025-01-05,16.96,7,0,0,0.0,C00388,44,New,Bratislava,desktop
INT-003407,CMP-073,search,2025-01-05,2025-02-04,2025-01-05,9.69,4,2,0,0.0,C00972,37,Loyal,Western Slovakia,desktop
INT-003408,CMP-073,search,2025-01-05,2025-02-04,2025-01-06,9.69,4,0,0,0.0,C01225,27,Regular,Western Slovakia,mobile
INT-003409,CMP-073,search,2025-01-05,2025-02-04,2025-01-06,4.85,2,0,0,0.0,C01133,30,At-Risk,Western Slovakia,mobile
INT-003410,CMP-073,search,2025-01-05,2025-02-04,2025-01-06,12.12,5,1,0,0.0,C00532,27,New,Bratislava,mobile
INT-003411,CMP-073,search,2025-01-05,2025-02-04,2025-01-06,19.39,8,0,0,0.0,C00774,54,Regular,Bratislava,mobile
INT-003412,CMP-073,search,2025-01-05,2025-02-04,2025-01-07,12.12,5,0,0,0.0,C01260,32,New,Central Slovakia,mobile
INT-003413,CMP-073,search,2025-01-05,2025-02-04,2025-01-08,4.85,2,0,0,0.0,C00781,37,Loyal,Eastern Slovakia,desktop
INT-003414,CMP-073,search,2025-01-05,2025-02-04,2025-01-08,12.12,5,1,0,0.0,C00994,54,New,Eastern Slovakia,desktop
INT-003415,CMP-073,search,2025-01-05,2025-02-04,2025-01-08,21.81,9,3,0,0.0,C01777,22,Regular,Western Slovakia,desktop
INT-003416,CMP-073,search,2025-01-05,2025-02-04,2025-01-09,16.96,7,1,0,0.0,C01050,43,New,Bratislava,desktop
INT-003417,CMP-073,search,2025-01-05,2025-02-04,2025-01-09,14.54,6,0,0,0.0,C00449,51,Regular,Eastern Slovakia,mobile
INT-003418,CMP-073,search,2025-01-05,2025-02-04,2025-01-10,9.69,4,0,0,0.0,C00184,51,Regular,Bratislava,mobile
INT-003419,CMP-073,search,2025-01-05,2025-02-04,2025-01-10,14.54,6,0,0,0.0,C01004,46,Regular,Bratislava,mobile
INT-003420,CMP-073,search,2025-01-05,2025-02-04,2025-01-10,7.27,3,0,0,0.0,C00130,27,Loyal,Bratislava,desktop
INT-003421,CMP-073,search,2025-01-05,2025-02-04,2025-01-10,24.23,10,3,0,0.0,C00735,41,New,Bratislava,mobile
INT-003422,CMP-073,search,2025-01-05,2025-02-04,2025-01-11,14.54,6,0,0,0.0,C00329,24,New,Bratislava,desktop
INT-003423,CMP-073,search,2025-01-05,2025-02-04,2025-01-11,14.54,6,0,0,0.0,C02175,42,Regular,Bratislava,desktop
INT-003424,CMP-073,search,2025-01-05,2025-02-04,2025-01-12,9.69,4,0,0,0.0,C01486,28,At-Risk,Central Slovakia,mobile
INT-003425,CMP-073,search,2025-01-05,2025-02-04,2025-01-12,9.69,4,1,0,0.0,C00779,39,Regular,Bratislava,desktop
INT-003426,CMP-073,search,2025-01-05,2025-02-04,2025-01-12,4.85,2,0,0,0.0,C01235,42,Loyal,Western Slovakia,mobile
INT-003427,CMP-073,search,2025-01-05,2025-02-04,2025-01-12,9.69,4,0,0,0.0,C02110,41,Loyal,Bratislava,mobile
INT-003428,CMP-073,search,2025-01-05,2025-02-04,2025-01-13,9.69,4,0,0,0.0,C02193,26,Loyal,Bratislava,mobile
INT-003429,CMP-073,search,2025-01-05,2025-02-04,2025-01-13,4.85,2,1,0,0.0,C00398,41,Loyal,Central Slovakia,mobile
INT-003430,CMP-073,search,2025-01-05,2025-02-04,2025-01-14,14.54,6,2,0,0.0,C00783,60,New,Western Slovakia,desktop
INT-003431,CMP-073,search,2025-01-05,2025-02-04,2025-01-15,12.12,5,0,0,0.0,C00099,43,New,Eastern Slovakia,mobile
INT-003432,CMP-073,search,2025-01-05,2025-02-04,2025-01-15,14.54,6,1,1,235.6,C01019,34,At-Risk,Western Slovakia,desktop
INT-003433,CMP-073,search,2025-01-05,2025-02-04,2025-01-16,4.85,2,0,0,0.0,C01628,57,At-Risk,Western Slovakia,desktop
INT-003434,CMP-073,search,2025-01-05,2025-02-04,2025-01-18,9.69,4,0,0,0.0,C01229,45,At-Risk,Eastern Slovakia,tablet
INT-003435,CMP-073,search,2025-01-05,2025-02-04,2025-01-18,4.85,2,0,0,0.0,C00454,63,Loyal,Eastern Slovakia,mobile
INT-003436,CMP-073,search,2025-01-05,2025-02-04,2025-01-18,7.27,3,0,0,0.0,C01222,53,Regular,Eastern Slovakia,mobile
INT-003437,CMP-073,search,2025-01-05,2025-02-04,2025-01-19,7.27,3,0,0,0.0,C00951,18,Loyal,Central Slovakia,tablet
INT-003438,CMP-073,search,2025-01-05,2025-02-04,2025-01-19,7.27,3,1,1,258.11,C00710,46,At-Risk,Western Slovakia,desktop
INT-003439,CMP-073,search,2025-01-05,2025-02-04,2025-01-19,9.69,4,2,0,0.0,C01483,39,Regular,Western Slovakia,desktop
INT-003440,CMP-073,search,2025-01-05,2025-02-04,2025-01-20,9.69,4,0,0,0.0,C00559,23,New,Central Slovakia,mobile
INT-003441,CMP-073,search,2025-01-05,2025-02-04,2025-01-21,4.85,2,0,0,0.0,C01086,33,Regular,Eastern Slovakia,mobile
INT-003442,CMP-073,search,2025-01-05,2025-02-04,2025-01-21,12.12,5,0,0,0.0,C01987,40,Regular,Western Slovakia,desktop
INT-003443,CMP-073,search,2025-01-05,2025-02-04,2025-01-22,4.85,2,0,0,0.0,C01484,42,Regular,Bratislava,desktop
INT-003444,CMP-073,search,2025-01-05,2025-02-04,2025-01-24,9.69,4,1,0,0.0,C01157,38,Regular,Bratislava,desktop
INT-003445,CMP-073,search,2025-01-05,2025-02-04,2025-01-25,9.69,4,1,0,0.0,C00073,27,Regular,Eastern Slovakia,tablet
INT-003446,CMP-073,search,2025-01-05,2025-02-04,2025-01-25,7.27,3,1,0,0.0,C01782,39,Regular,Western Slovakia,mobile
INT-003447,CMP-073,search,2025-01-05,2025-02-04,2025-01-26,4.85,2,0,0,0.0,C00732,39,New,Western Slovakia,mobile
INT-003448,CMP-073,search,2025-01-05,2025-02-04,2025-01-26,24.23,10,0,0,0.0,C00790,36,Regular,Central Slovakia,desktop
INT-003449,CMP-073,search,2025-01-05,2025-02-04,2025-01-26,14.54,6,0,0,0.0,C01055,21,Loyal,Eastern Slovakia,mobile
INT-003450,CMP-073,search,2025-01-05,2025-02-04,2025-01-27,7.27,3,0,0,0.0,C01963,35,Regular,Western Slovakia,desktop
INT-003451,CMP-073,search,2025-01-05,2025-02-04,2025-01-27,14.54,6,1,0,0.0,C01201,22,Loyal,Eastern Slovakia,mobile
INT-003452,CMP-073,search,2025-01-05,2025-02-04,2025-01-27,7.27,3,0,0,0.0,C01993,41,Regular,Eastern Slovakia,mobile
INT-003453,CMP-073,search,2025-01-05,2025-02-04,2025-01-28,12.12,5,2,1,335.6,C01475,36,Loyal,Central Slovakia,tablet
INT-003454,CMP-073,search,2025-01-05,2025-02-04,2025-01-29,12.12,5,0,0,0.0,C00012,47,At-Risk,Western Slovakia,desktop
INT-003455,CMP-073,search,2025-01-05,2025-02-04,2025-01-29,14.54,6,0,0,0.0,C00935,42,New,Bratislava,mobile
INT-003456,CMP-073,search,2025-01-05,2025-02-04,2025-01-30,14.54,6,1,0,0.0,C00141,43,Regular,Bratislava,mobile
INT-003457,CMP-073,search,2025-01-05,2025-02-04,2025-01-31,9.69,4,0,0,0.0,C00910,25,Regular,Eastern Slovakia,desktop
INT-003458,CMP-073,search,2025-01-05,2025-02-04,2025-01-31,19.39,8,0,0,0.0,C01354,42,New,Central Slovakia,mobile
INT-003459,CMP-073,search,2025-01-05,2025-02-04,2025-02-01,12.12,5,1,1,181.51,C01920,20,Regular,Central Slovakia,desktop
INT-003460,CMP-073,search,2025-01-05,2025-02-04,2025-02-01,12.12,5,1,0,0.0,C01338,46,Regular,Eastern Slovakia,tablet
INT-003461,CMP-073,search,2025-01-05,2025-02-04,2025-02-01,19.39,8,1,1,207.22,C01812,18,Loyal,Bratislava,desktop
INT-003462,CMP-073,search,2025-01-05,2025-02-04,2025-02-02,14.54,6,1,0,0.0,C01166,28,New,Bratislava,mobile
INT-003463,CMP-073,search,2025-01-05,2025-02-04,2025-02-03,4.85,2,0,0,0.0,C01179,42,At-Risk,Bratislava,desktop
INT-003464,CMP-073,search,2025-01-05,2025-02-04,2025-02-03,9.69,4,1,0,0.0,C00639,45,New,Czech Republic,mobile
INT-003465,CMP-073,search,2025-01-05,2025-02-04,2025-02-03,14.54,6,1,1,299.39,C00432,44,Loyal,Central Slovakia,mobile
INT-003466,CMP-106,email,2025-01-06,2025-01-31,2025-01-06,1.86,3,0,0,0.0,C01046,28,At-Risk,Bratislava,desktop
INT-003467,CMP-106,email,2025-01-06,2025-01-31,2025-01-07,3.1,5,1,0,0.0,C01903,45,Regular,Eastern Slovakia,mobile
INT-003468,CMP-106,email,2025-01-06,2025-01-31,2025-01-07,2.48,4,0,0,0.0,C01339,71,Loyal,Eastern Slovakia,desktop
INT-003469,CMP-106,email,2025-01-06,2025-01-31,2025-01-08,1.86,3,0,0,0.0,C01152,50,Loyal,Bratislava,desktop
INT-003470,CMP-106,email,2025-01-06,2025-01-31,2025-01-09,0.62,1,0,0,0.0,C00050,39,Loyal,Eastern Slovakia,mobile
INT-003471,CMP-106,email,2025-01-06,2025-01-31,2025-01-09,1.24,2,0,0,0.0,C00742,52,Loyal,Central Slovakia,mobile
INT-003472,CMP-106,email,2025-01-06,2025-01-31,2025-01-09,1.24,2,0,0,0.0,C00011,49,Loyal,Western Slovakia,mobile
INT-003473,CMP-106,email,2025-01-06,2025-01-31,2025-01-10,1.24,2,0,0,0.0,C00863,37,Loyal,Western Slovakia,mobile
INT-003474,CMP-106,email,2025-01-06,2025-01-31,2025-01-10,0.62,1,0,0,0.0,C02170,31,Regular,Bratislava,mobile
INT-003475,CMP-106,email,2025-01-06,2025-01-31,2025-01-11,1.86,3,0,0,0.0,C00756,52,Loyal,Bratislava,tablet
INT-003476,CMP-106,email,2025-01-06,2025-01-31,2025-01-12,1.24,2,0,0,0.0,C02163,54,Loyal,Western Slovakia,desktop
INT-003477,CMP-106,email,2025-01-06,2025-01-31,2025-01-12,2.48,4,0,0,0.0,C00086,44,Loyal,Bratislava,tablet
INT-003478,CMP-106,email,2025-01-06,2025-01-31,2025-01-13,3.1,5,0,0,0.0,C00624,31,New,Western Slovakia,mobile
INT-003479,CMP-106,email,2025-01-06,2025-01-31,2025-01-13,1.86,3,0,0,0.0,C01561,33,Regular,Eastern Slovakia,desktop
INT-003480,CMP-106,email,2025-01-06,2025-01-31,2025-01-15,1.24,2,1,0,0.0,C00859,18,New,Bratislava,desktop
INT-003481,CMP-106,email,2025-01-06,2025-01-31,2025-01-15,1.24,2,0,0,0.0,C00899,44,Loyal,Central Slovakia,mobile
INT-003482,CMP-106,email,2025-01-06,2025-01-31,2025-01-16,1.24,2,0,0,0.0,C01416,28,Regular,Western Slovakia,mobile
INT-003483,CMP-106,email,2025-01-06,2025-01-31,2025-01-16,1.24,2,1,1,178.32,C00502,49,Loyal,Eastern Slovakia,desktop
INT-003484,CMP-106,email,2025-01-06,2025-01-31,2025-01-16,3.1,5,0,0,0.0,C00174,23,New,Eastern Slovakia,mobile
INT-003485,CMP-106,email,2025-01-06,2025-01-31,2025-01-16,1.86,3,0,0,0.0,C01829,27,New,Eastern Slovakia,mobile
INT-003486,CMP-106,email,2025-01-06,2025-01-31,2025-01-17,0.62,1,0,0,0.0,C01613,37,Regular,Bratislava,desktop
INT-003487,CMP-106,email,2025-01-06,2025-01-31,2025-01-17,1.86,3,0,0,0.0,C01517,29,Regular,Eastern Slovakia,desktop
INT-003488,CMP-106,email,2025-01-06,2025-01-31,2025-01-17,1.86,3,1,0,0.0,C00670,18,Loyal,Western Slovakia,mobile
INT-003489,CMP-106,email,2025-01-06,2025-01-31,2025-01-18,1.24,2,0,0,0.0,C00527,55,Regular,Western Slovakia,mobile
INT-003490,CMP-106,email,2025-01-06,2025-01-31,2025-01-18,1.24,2,0,0,0.0,C00042,45,Loyal,Eastern Slovakia,mobile
INT-003491,CMP-106,email,2025-01-06,2025-01-31,2025-01-18,1.24,2,1,1,227.75,C00024,36,Loyal,Bratislava,mobile
INT-003492,CMP-106,email,2025-01-06,2025-01-31,2025-01-19,0.62,1,0,0,0.0,C02069,44,Loyal,Bratislava,mobile
INT-003493,CMP-106,email,2025-01-06,2025-01-31,2025-01-20,0.62,1,0,0,0.0,C01548,28,Loyal,Eastern Slovakia,mobile
INT-003494,CMP-106,email,2025-01-06,2025-01-31,2025-01-20,2.48,4,0,0,0.0,C01864,50,Regular,Bratislava,tablet
INT-003495,CMP-106,email,2025-01-06,2025-01-31,2025-01-21,1.24,2,0,0,0.0,C00825,18,Loyal,Western Slovakia,mobile
INT-003496,CMP-106,email,2025-01-06,2025-01-31,2025-01-21,1.24,2,0,0,0.0,C02034,33,New,Eastern Slovakia,desktop
INT-003497,CMP-106,email,2025-01-06,2025-01-31,2025-01-23,1.86,3,0,0,0.0,C00815,30,Regular,Western Slovakia,tablet
INT-003498,CMP-106,email,2025-01-06,2025-01-31,2025-01-23,0.62,1,0,0,0.0,C02125,38,Regular,Western Slovakia,desktop
INT-003499,CMP-106,email,2025-01-06,2025-01-31,2025-01-23,0.62,1,0,0,0.0,C01922,50,Loyal,Bratislava,desktop
INT-003500,CMP-106,email,2025-01-06,2025-01-31,2025-01-24,1.86,3,0,0,0.0,C01570,19,Loyal,Czech Republic,desktop
INT-003501,CMP-106,email,2025-01-06,2025-01-31,2025-01-24,1.24,2,2,1,106.09,C02007,37,New,Western Slovakia,mobile
INT-003502,CMP-106,email,2025-01-06,2025-01-31,2025-01-24,2.48,4,0,0,0.0,C01036,38,Regular,Czech Republic,desktop
INT-003503,CMP-106,email,2025-01-06,2025-01-31,2025-01-25,2.48,4,1,0,0.0,C00439,30,New,Western Slovakia,mobile
INT-003504,CMP-106,email,2025-01-06,2025-01-31,2025-01-26,0.62,1,1,0,0.0,C02118,39,Regular,Western Slovakia,tablet
INT-003505,CMP-106,email,2025-01-06,2025-01-31,2025-01-27,1.86,3,0,0,0.0,C01713,46,Loyal,Western Slovakia,tablet
INT-003506,CMP-106,email,2025-01-06,2025-01-31,2025-01-29,1.24,2,1,0,0.0,C01334,41,Loyal,Eastern Slovakia,tablet
INT-003507,CMP-106,email,2025-01-06,2025-01-31,2025-01-29,1.24,2,0,0,0.0,C00002,26,Loyal,Czech Republic,tablet
INT-003508,CMP-106,email,2025-01-06,2025-01-31,2025-01-29,1.24,2,0,0,0.0,C01771,33,New,Western Slovakia,mobile
INT-003509,CMP-106,email,2025-01-06,2025-01-31,2025-01-29,1.86,3,0,0,0.0,C02188,32,New,Central Slovakia,desktop
INT-003510,CMP-106,email,2025-01-06,2025-01-31,2025-01-30,1.86,3,1,1,174.92,C00897,30,Loyal,Eastern Slovakia,desktop
INT-003511,CMP-016,tv,2025-01-26,2025-02-12,2025-01-26,13.59,10,0,1,289.81,C01332,25,Loyal,Czech Republic,desktop
INT-003512,CMP-016,tv,2025-01-26,2025-02-12,2025-01-26,16.31,12,0,0,0.0,C02080,27,At-Risk,Bratislava,mobile
INT-003513,CMP-016,tv,2025-01-26,2025-02-12,2025-01-26,13.59,10,0,0,0.0,C01858,51,Loyal,Eastern Slovakia,mobile
INT-003514,CMP-016,tv,2025-01-26,2025-02-12,2025-01-26,13.59,10,0,0,0.0,C01920,20,Regular,Central Slovakia,desktop
INT-003515,CMP-016,tv,2025-01-26,2025-02-12,2025-01-26,19.02,14,0,0,0.0,C00411,20,Loyal,Western Slovakia,mobile
INT-003516,CMP-016,tv,2025-01-26,2025-02-12,2025-01-26,9.51,7,0,0,0.0,C00200,36,Regular,Western Slovakia,tablet
INT-003517,CMP-016,tv,2025-01-26,2025-02-12,2025-01-26,17.67,13,0,0,0.0,C00095,18,Loyal,Western Slovakia,mobile
INT-003518,CMP-016,tv,2025-01-26,2025-02-12,2025-01-26,17.67,13,0,0,0.0,C02102,18,New,Bratislava,mobile
INT-003519,CMP-016,tv,2025-01-26,2025-02-12,2025-01-27,21.74,16,0,1,656.11,C01660,40,Loyal,Central Slovakia,tablet
INT-003520,CMP-016,tv,2025-01-26,2025-02-12,2025-01-27,9.51,7,0,0,0.0,C01744,22,Regular,Western Slovakia,desktop
INT-003521,CMP-016,tv,2025-01-26,2025-02-12,2025-01-27,19.02,14,0,0,0.0,C01612,35,New,Western Slovakia,mobile
INT-003522,CMP-016,tv,2025-01-26,2025-02-12,2025-01-28,13.59,10,0,1,321.21,C00819,41,Loyal,Czech Republic,desktop
INT-003523,CMP-016,tv,2025-01-26,2025-02-12,2025-01-28,9.51,7,0,0,0.0,C02061,21,Regular,Eastern Slovakia,desktop
INT-003524,CMP-016,tv,2025-01-26,2025-02-12,2025-01-28,14.95,11,0,0,0.0,C00885,25,Loyal,Western Slovakia,mobile
INT-003525,CMP-016,tv,2025-01-26,2025-02-12,2025-01-28,17.67,13,0,1,242.89,C01911,29,Regular,Western Slovakia,desktop
INT-003526,CMP-016,tv,2025-01-26,2025-02-12,2025-01-28,12.23,9,0,0,0.0,C01944,18,Loyal,Bratislava,mobile
INT-003527,CMP-016,tv,2025-01-26,2025-02-12,2025-01-29,10.87,8,0,0,0.0,C00541,18,Loyal,Bratislava,mobile
INT-003528,CMP-016,tv,2025-01-26,2025-02-12,2025-01-29,17.67,13,0,0,0.0,C01172,18,Regular,Western Slovakia,mobile
INT-003529,CMP-016,tv,2025-01-26,2025-02-12,2025-01-29,16.31,12,0,0,0.0,C01004,46,Regular,Bratislava,desktop
INT-003530,CMP-016,tv,2025-01-26,2025-02-12,2025-01-30,17.67,13,0,0,0.0,C00905,31,New,Czech Republic,desktop
INT-003531,CMP-016,tv,2025-01-26,2025-02-12,2025-01-30,14.95,11,0,0,0.0,C00295,35,Regular,Bratislava,mobile
INT-003532,CMP-016,tv,2025-01-26,2025-02-12,2025-01-31,14.95,11,0,1,499.44,C01889,19,Loyal,Bratislava,mobile
INT-003533,CMP-016,tv,2025-01-26,2025-02-12,2025-01-31,10.87,8,0,0,0.0,C00726,56,Loyal,Bratislava,mobile
INT-003534,CMP-016,tv,2025-01-26,2025-02-12,2025-02-01,9.51,7,0,0,0.0,C01187,34,Regular,Bratislava,mobile
INT-003535,CMP-016,tv,2025-01-26,2025-02-12,2025-02-01,12.23,9,0,1,239.79,C01958,24,New,Bratislava,mobile
INT-003536,CMP-016,tv,2025-01-26,2025-02-12,2025-02-02,12.23,9,0,0,0.0,C01616,44,Regular,Eastern Slovakia,tablet
INT-003537,CMP-016,tv,2025-01-26,2025-02-12,2025-02-02,20.38,15,0,0,0.0,C00751,38,Loyal,Bratislava,mobile
INT-003538,CMP-016,tv,2025-01-26,2025-02-12,2025-02-02,20.38,15,0,2,1089.57,C00086,44,Loyal,Bratislava,tablet
INT-003539,CMP-016,tv,2025-01-26,2025-02-12,2025-02-02,8.15,6,0,0,0.0,C02188,32,New,Central Slovakia,desktop
INT-003540,CMP-016,tv,2025-01-26,2025-02-12,2025-02-03,16.31,12,0,1,208.67,C01977,18,Regular,Bratislava,desktop
INT-003541,CMP-016,tv,2025-01-26,2025-02-12,2025-02-03,6.79,5,0,0,0.0,C00976,26,Loyal,Central Slovakia,desktop
INT-003542,CMP-016,tv,2025-01-26,2025-02-12,2025-02-04,25.82,19,0,1,169.16,C00775,38,Regular,Western Slovakia,desktop
INT-003543,CMP-016,tv,2025-01-26,2025-02-12,2025-02-04,20.38,15,0,1,181.79,C00955,29,At-Risk,Central Slovakia,desktop
INT-003544,CMP-016,tv,2025-01-26,2025-02-12,2025-02-04,25.82,19,0,1,460.42,C00741,50,Loyal,Central Slovakia,desktop
INT-003545,CMP-016,tv,2025-01-26,2025-02-12,2025-02-04,14.95,11,0,0,0.0,C00511,19,Regular,Bratislava,mobile
INT-003546,CMP-016,tv,2025-01-26,2025-02-12,2025-02-04,20.38,15,0,1,252.54,C00549,46,Regular,Western Slovakia,desktop
INT-003547,CMP-016,tv,2025-01-26,2025-02-12,2025-02-06,21.74,16,0,0,0.0,C00648,18,New,Central Slovakia,mobile
INT-003548,CMP-016,tv,2025-01-26,2025-02-12,2025-02-06,23.1,17,0,0,0.0,C01663,37,Loyal,Bratislava,mobile
INT-003549,CMP-016,tv,2025-01-26,2025-02-12,2025-02-06,10.87,8,0,0,0.0,C01657,43,Loyal,Czech Republic,desktop
INT-003550,CMP-016,tv,2025-01-26,2025-02-12,2025-02-07,16.31,12,0,0,0.0,C00721,37,Regular,Central Slovakia,mobile
INT-003551,CMP-016,tv,2025-01-26,2025-02-12,2025-02-08,14.95,11,0,0,0.0,C02152,47,Loyal,Bratislava,mobile
INT-003552,CMP-016,tv,2025-01-26,2025-02-12,2025-02-08,9.51,7,0,0,0.0,C01318,43,Regular,Central Slovakia,desktop
INT-003553,CMP-016,tv,2025-01-26,2025-02-12,2025-02-09,8.15,6,0,0,0.0,C01525,33,Loyal,Czech Republic,mobile
INT-003554,CMP-016,tv,2025-01-26,2025-02-12,2025-02-09,10.87,8,0,0,0.0,C00653,58,New,Bratislava,desktop
INT-003555,CMP-016,tv,2025-01-26,2025-02-12,2025-02-09,6.79,5,0,0,0.0,C01132,35,Loyal,Western Slovakia,mobile
INT-003556,CMP-016,tv,2025-01-26,2025-02-12,2025-02-10,17.67,13,0,0,0.0,C02099,18,Regular,Eastern Slovakia,desktop
INT-003557,CMP-016,tv,2025-01-26,2025-02-12,2025-02-10,13.59,10,0,0,0.0,C01312,48,Regular,Czech Republic,mobile
INT-003558,CMP-016,tv,2025-01-26,2025-02-12,2025-02-10,24.46,18,0,0,0.0,C01555,21,New,Bratislava,mobile
INT-003559,CMP-016,tv,2025-01-26,2025-02-12,2025-02-10,14.95,11,0,1,328.88,C02089,30,Regular,Western Slovakia,desktop
INT-003560,CMP-016,tv,2025-01-26,2025-02-12,2025-02-11,13.59,10,0,0,0.0,C01565,27,Regular,Bratislava,mobile
INT-003561,CMP-016,tv,2025-01-26,2025-02-12,2025-02-11,17.67,13,0,1,181.7,C01239,45,New,Eastern Slovakia,desktop
INT-003562,CMP-112,display,2025-02-02,2025-03-17,2025-02-06,5.2,13,0,0,0.0,C01406,46,New,Eastern Slovakia,desktop
INT-003563,CMP-112,display,2025-02-02,2025-03-17,2025-02-07,4.4,11,0,0,0.0,C00417,51,At-Risk,Bratislava,mobile
INT-003564,CMP-112,display,2025-02-02,2025-03-17,2025-02-08,4.8,12,2,0,0.0,C01088,19,At-Risk,Central Slovakia,mobile
INT-003565,CMP-112,display,2025-02-02,2025-03-17,2025-02-09,5.2,13,0,0,0.0,C00684,32,At-Risk,Western Slovakia,mobile
INT-003566,CMP-112,display,2025-02-02,2025-03-17,2025-02-10,4.0,10,0,0,0.0,C01446,41,Regular,Eastern Slovakia,tablet
INT-003567,CMP-112,display,2025-02-02,2025-03-17,2025-02-10,4.0,10,0,0,0.0,C01006,42,Loyal,Central Slovakia,desktop
INT-003568,CMP-112,display,2025-02-02,2025-03-17,2025-02-10,4.8,12,0,0,0.0,C00057,35,Regular,Western Slovakia,mobile
INT-003569,CMP-112,display,2025-02-02,2025-03-17,2025-02-12,6.8,17,1,0,0.0,C01774,58,At-Risk,Bratislava,tablet
INT-003570,CMP-112,display,2025-02-02,2025-03-17,2025-02-15,6.0,15,0,0,0.0,C01941,23,New,Bratislava,mobile
INT-003571,CMP-112,display,2025-02-02,2025-03-17,2025-02-18,4.4,11,0,0,0.0,C01819,44,At-Risk,Bratislava,mobile
INT-003572,CMP-112,display,2025-02-02,2025-03-17,2025-02-20,3.2,8,0,0,0.0,C01760,39,Regular,Eastern Slovakia,desktop
INT-003573,CMP-112,display,2025-02-02,2025-03-17,2025-02-20,7.2,18,0,0,0.0,C02073,18,Regular,Bratislava,desktop
INT-003574,CMP-112,display,2025-02-02,2025-03-17,2025-02-21,6.0,15,0,0,0.0,C01231,31,Regular,Eastern Slovakia,mobile
INT-003575,CMP-112,display,2025-02-02,2025-03-17,2025-02-21,2.4,6,0,0,0.0,C00313,59,Loyal,Czech Republic,mobile
INT-003576,CMP-112,display,2025-02-02,2025-03-17,2025-02-21,3.6,9,0,0,0.0,C01058,43,New,Western Slovakia,mobile
INT-003577,CMP-112,display,2025-02-02,2025-03-17,2025-02-21,6.8,17,0,0,0.0,C00889,18,Loyal,Eastern Slovakia,mobile
INT-003578,CMP-112,display,2025-02-02,2025-03-17,2025-02-23,4.4,11,0,0,0.0,C01960,31,New,Bratislava,mobile
INT-003579,CMP-112,display,2025-02-02,2025-03-17,2025-02-23,4.8,12,0,0,0.0,C01896,31,New,Central Slovakia,mobile
INT-003580,CMP-112,display,2025-02-02,2025-03-17,2025-02-25,7.2,18,0,0,0.0,C00543,41,Loyal,Central Slovakia,mobile
INT-003581,CMP-112,display,2025-02-02,2025-03-17,2025-02-25,6.8,17,2,0,0.0,C00552,45,Regular,Central Slovakia,mobile
INT-003582,CMP-112,display,2025-02-02,2025-03-17,2025-02-25,6.0,15,0,0,0.0,C01773,22,Regular,Central Slovakia,desktop
INT-003583,CMP-112,display,2025-02-02,2025-03-17,2025-02-26,7.6,19,0,0,0.0,C01048,45,Regular,Western Slovakia,desktop
INT-003584,CMP-112,display,2025-02-02,2025-03-17,2025-02-27,3.2,8,0,0,0.0,C00411,20,Loyal,Western Slovakia,mobile
INT-003585,CMP-112,display,2025-02-02,2025-03-17,2025-03-02,5.2,13,0,0,0.0,C01681,20,Regular,Bratislava,mobile
INT-003586,CMP-112,display,2025-02-02,2025-03-17,2025-03-03,5.2,13,0,0,0.0,C01586,19,Regular,Eastern Slovakia,mobile
INT-003587,CMP-112,display,2025-02-02,2025-03-17,2025-03-03,5.2,13,2,0,0.0,C00617,47,Regular,Central Slovakia,mobile
INT-003588,CMP-112,display,2025-02-02,2025-03-17,2025-03-05,4.8,12,0,0,0.0,C00029,43,Loyal,Eastern Slovakia,mobile
INT-003589,CMP-112,display,2025-02-02,2025-03-17,2025-03-05,6.8,17,0,0,0.0,C00522,27,Loyal,Bratislava,mobile
INT-003590,CMP-112,display,2025-02-02,2025-03-17,2025-03-07,7.2,18,1,0,0.0,C02079,18,Loyal,Western Slovakia,mobile
INT-003591,CMP-112,display,2025-02-02,2025-03-17,2025-03-08,7.2,18,0,0,0.0,C02052,23,Loyal,Western Slovakia,mobile
INT-003592,CMP-112,display,2025-02-02,2025-03-17,2025-03-09,6.0,15,0,0,0.0,C01952,41,Loyal,Bratislava,desktop
INT-003593,CMP-112,display,2025-02-02,2025-03-17,2025-03-10,6.4,16,0,0,0.0,C01598,41,Loyal,Bratislava,mobile
INT-003594,CMP-112,display,2025-02-02,2025-03-17,2025-03-11,6.8,17,1,0,0.0,C00330,32,At-Risk,Central Slovakia,mobile
INT-003595,CMP-112,display,2025-02-02,2025-03-17,2025-03-11,4.4,11,0,0,0.0,C00527,55,Regular,Western Slovakia,mobile
INT-003596,CMP-112,display,2025-02-02,2025-03-17,2025-03-13,2.8,7,0,0,0.0,C00026,34,New,Central Slovakia,mobile
INT-003597,CMP-112,display,2025-02-02,2025-03-17,2025-03-13,7.6,19,1,0,0.0,C01906,24,New,Western Slovakia,mobile
INT-003598,CMP-112,display,2025-02-02,2025-03-17,2025-03-14,5.6,14,0,0,0.0,C00689,32,New,Bratislava,mobile
INT-003599,CMP-090,social,2025-02-03,2025-03-10,2025-02-04,7.1,9,0,0,0.0,C00751,38,Loyal,Bratislava,mobile
INT-003600,CMP-090,social,2025-02-03,2025-03-10,2025-02-05,4.73,6,0,0,0.0,C01854,46,Regular,Bratislava,desktop
INT-003601,CMP-090,social,2025-02-03,2025-03-10,2025-02-05,3.15,4,0,0,0.0,C01254,42,Regular,Eastern Slovakia,mobile
INT-003602,CMP-090,social,2025-02-03,2025-03-10,2025-02-06,3.15,4,0,0,0.0,C01733,35,Regular,Eastern Slovakia,mobile
INT-003603,CMP-090,social,2025-02-03,2025-03-10,2025-02-06,3.94,5,1,0,0.0,C01146,46,At-Risk,Central Slovakia,desktop
INT-003604,CMP-090,social,2025-02-03,2025-03-10,2025-02-07,0.79,1,0,0,0.0,C00442,42,Regular,Bratislava,mobile
INT-003605,CMP-090,social,2025-02-03,2025-03-10,2025-02-07,3.94,5,0,0,0.0,C01025,18,Loyal,Central Slovakia,mobile
INT-003606,CMP-090,social,2025-02-03,2025-03-10,2025-02-08,9.46,12,0,0,0.0,C02176,39,Regular,Czech Republic,desktop
INT-003607,CMP-090,social,2025-02-03,2025-03-10,2025-02-08,5.52,7,0,0,0.0,C00771,59,Regular,Bratislava,mobile
INT-003608,CMP-090,social,2025-02-03,2025-03-10,2025-02-08,6.31,8,1,0,0.0,C00616,23,New,Western Slovakia,mobile
INT-003609,CMP-090,social,2025-02-03,2025-03-10,2025-02-09,4.73,6,0,0,0.0,C01274,42,Regular,Eastern Slovakia,mobile
INT-003610,CMP-090,social,2025-02-03,2025-03-10,2025-02-09,5.52,7,0,0,0.0,C00354,48,Loyal,Western Slovakia,mobile
INT-003611,CMP-090,social,2025-02-03,2025-03-10,2025-02-10,6.31,8,1,0,0.0,C00937,24,Loyal,Bratislava,mobile
INT-003612,CMP-090,social,2025-02-03,2025-03-10,2025-02-10,5.52,7,0,0,0.0,C01473,38,Loyal,Eastern Slovakia,desktop
INT-003613,CMP-090,social,2025-02-03,2025-03-10,2025-02-11,4.73,6,0,0,0.0,C00185,43,Loyal,Central Slovakia,mobile
INT-003614,CMP-090,social,2025-02-03,2025-03-10,2025-02-12,3.15,4,1,0,0.0,C00589,41,Regular,Eastern Slovakia,desktop
INT-003615,CMP-090,social,2025-02-03,2025-03-10,2025-02-13,7.89,10,0,0,0.0,C00853,49,At-Risk,Eastern Slovakia,mobile
INT-003616,CMP-090,social,2025-02-03,2025-03-10,2025-02-13,11.83,15,0,0,0.0,C01980,44,New,Bratislava,desktop
INT-003617,CMP-090,social,2025-02-03,2025-03-10,2025-02-13,4.73,6,0,0,0.0,C00966,22,Loyal,Western Slovakia,desktop
INT-003618,CMP-090,social,2025-02-03,2025-03-10,2025-02-15,10.25,13,0,0,0.0,C00119,57,Regular,Central Slovakia,desktop
INT-003619,CMP-090,social,2025-02-03,2025-03-10,2025-02-15,6.31,8,0,0,0.0,C01247,33,Loyal,Bratislava,desktop
INT-003620,CMP-090,social,2025-02-03,2025-03-10,2025-02-16,3.94,5,0,0,0.0,C00593,60,Regular,Western Slovakia,desktop
INT-003621,CMP-090,social,2025-02-03,2025-03-10,2025-02-17,6.31,8,1,0,0.0,C01778,41,Regular,Western Slovakia,mobile
INT-003622,CMP-090,social,2025-02-03,2025-03-10,2025-02-17,0.79,1,0,0,0.0,C01407,41,New,Central Slovakia,mobile
INT-003623,CMP-090,social,2025-02-03,2025-03-10,2025-02-19,0.79,1,0,0,0.0,C00982,20,New,Western Slovakia,desktop
INT-003624,CMP-090,social,2025-02-03,2025-03-10,2025-02-20,6.31,8,1,0,0.0,C00187,40,Regular,Western Slovakia,mobile
INT-003625,CMP-090,social,2025-02-03,2025-03-10,2025-02-20,3.15,4,0,0,0.0,C01614,39,Regular,Western Slovakia,desktop
INT-003626,CMP-090,social,2025-02-03,2025-03-10,2025-02-21,3.15,4,0,0,0.0,C00715,35,New,Central Slovakia,mobile
INT-003627,CMP-090,social,2025-02-03,2025-03-10,2025-02-22,1.58,2,0,0,0.0,C01672,19,Loyal,Western Slovakia,desktop
INT-003628,CMP-090,social,2025-02-03,2025-03-10,2025-02-23,6.31,8,1,0,0.0,C01810,50,Loyal,Bratislava,mobile
INT-003629,CMP-090,social,2025-02-03,2025-03-10,2025-02-24,6.31,8,0,0,0.0,C01748,42,Regular,Bratislava,desktop
INT-003630,CMP-090,social,2025-02-03,2025-03-10,2025-02-24,3.94,5,0,0,0.0,C01711,31,Regular,Central Slovakia,mobile
INT-003631,CMP-090,social,2025-02-03,2025-03-10,2025-02-25,6.31,8,1,0,0.0,C01901,31,New,Eastern Slovakia,desktop
INT-003632,CMP-090,social,2025-02-03,2025-03-10,2025-02-25,3.15,4,0,0,0.0,C01481,43,At-Risk,Czech Republic,desktop
INT-003633,CMP-090,social,2025-02-03,2025-03-10,2025-02-27,3.94,5,0,0,0.0,C00265,44,New,Central Slovakia,mobile
INT-003634,CMP-090,social,2025-02-03,2025-03-10,2025-02-27,5.52,7,0,0,0.0,C02076,23,Regular,Czech Republic,tablet
INT-003635,CMP-090,social,2025-02-03,2025-03-10,2025-02-28,3.15,4,2,1,97.78,C01277,31,New,Central Slovakia,mobile
INT-003636,CMP-090,social,2025-02-03,2025-03-10,2025-02-28,3.15,4,0,0,0.0,C01558,47,Regular,Eastern Slovakia,mobile
INT-003637,CMP-090,social,2025-02-03,2025-03-10,2025-02-28,4.73,6,0,0,0.0,C01973,39,Regular,Central Slovakia,mobile
INT-003638,CMP-090,social,2025-02-03,2025-03-10,2025-03-01,5.52,7,0,0,0.0,C00242,37,Regular,Bratislava,desktop
INT-003639,CMP-090,social,2025-02-03,2025-03-10,2025-03-01,3.94,5,1,1,93.72,C01380,56,New,Eastern Slovakia,mobile
INT-003640,CMP-090,social,2025-02-03,2025-03-10,2025-03-02,3.94,5,1,0,0.0,C01085,39,Regular,Eastern Slovakia,desktop
INT-003641,CMP-090,social,2025-02-03,2025-03-10,2025-03-02,3.94,5,1,0,0.0,C01173,37,Regular,Central Slovakia,mobile
INT-003642,CMP-090,social,2025-02-03,2025-03-10,2025-03-02,3.15,4,1,0,0.0,C01236,28,Loyal,Bratislava,mobile
INT-003643,CMP-090,social,2025-02-03,2025-03-10,2025-03-02,4.73,6,1,0,0.0,C00570,40,At-Risk,Western Slovakia,mobile
INT-003644,CMP-090,social,2025-02-03,2025-03-10,2025-03-03,7.1,9,0,0,0.0,C01750,49,New,Czech Republic,desktop
INT-003645,CMP-090,social,2025-02-03,2025-03-10,2025-03-04,4.73,6,0,0,0.0,C01518,54,Regular,Bratislava,tablet
INT-003646,CMP-090,social,2025-02-03,2025-03-10,2025-03-05,6.31,8,0,0,0.0,C01258,38,Loyal,Eastern Slovakia,mobile
INT-003647,CMP-090,social,2025-02-03,2025-03-10,2025-03-05,4.73,6,0,0,0.0,C01002,29,Regular,Central Slovakia,mobile
INT-003648,CMP-090,social,2025-02-03,2025-03-10,2025-03-05,8.68,11,1,0,0.0,C01680,35,At-Risk,Bratislava,mobile
INT-003649,CMP-090,social,2025-02-03,2025-03-10,2025-03-06,3.94,5,0,0,0.0,C00832,57,New,Western Slovakia,desktop
INT-003650,CMP-090,social,2025-02-03,2025-03-10,2025-03-06,3.15,4,0,0,0.0,C01756,46,New,Central Slovakia,mobile
INT-003651,CMP-090,social,2025-02-03,2025-03-10,2025-03-06,1.58,2,0,0,0.0,C00666,18,New,Czech Republic,mobile
INT-003652,CMP-090,social,2025-02-03,2025-03-10,2025-03-06,5.52,7,0,0,0.0,C00834,33,Loyal,Western Slovakia,mobile
INT-003653,CMP-090,social,2025-02-03,2025-03-10,2025-03-07,4.73,6,0,0,0.0,C00275,57,At-Risk,Bratislava,mobile
INT-003654,CMP-090,social,2025-02-03,2025-03-10,2025-03-07,3.15,4,1,0,0.0,C00583,34,Regular,Bratislava,mobile
INT-003655,CMP-090,social,2025-02-03,2025-03-10,2025-03-08,3.15,4,0,0,0.0,C01430,47,New,Bratislava,tablet
INT-003656,CMP-090,social,2025-02-03,2025-03-10,2025-03-08,6.31,8,0,0,0.0,C00400,30,Loyal,Eastern Slovakia,mobile
INT-003657,CMP-068,search,2025-02-05,2025-03-09,2025-02-05,8.89,4,0,0,0.0,C01744,22,Regular,Western Slovakia,desktop
INT-003658,CMP-068,search,2025-02-05,2025-03-09,2025-02-05,4.44,2,0,0,0.0,C00008,34,Loyal,Central Slovakia,tablet
INT-003659,CMP-068,search,2025-02-05,2025-03-09,2025-02-07,13.33,6,0,0,0.0,C00898,28,Loyal,Eastern Slovakia,mobile
INT-003660,CMP-068,search,2025-02-05,2025-03-09,2025-02-07,4.44,2,0,0,0.0,C00432,44,Loyal,Central Slovakia,desktop
INT-003661,CMP-068,search,2025-02-05,2025-03-09,2025-02-08,4.44,2,0,0,0.0,C00700,36,Loyal,Bratislava,mobile
INT-003662,CMP-068,search,2025-02-05,2025-03-09,2025-02-09,13.33,6,1,1,308.95,C00238,36,Loyal,Western Slovakia,mobile
INT-003663,CMP-068,search,2025-02-05,2025-03-09,2025-02-10,2.22,1,0,0,0.0,C01667,41,Regular,Western Slovakia,desktop
INT-003664,CMP-068,search,2025-02-05,2025-03-09,2025-02-12,8.89,4,1,1,216.83,C01358,32,New,Eastern Slovakia,desktop
INT-003665,CMP-068,search,2025-02-05,2025-03-09,2025-02-12,2.22,1,0,0,0.0,C00945,41,Regular,Western Slovakia,mobile
INT-003666,CMP-068,search,2025-02-05,2025-03-09,2025-02-14,4.44,2,0,0,0.0,C00249,73,Loyal,Central Slovakia,desktop
INT-003667,CMP-068,search,2025-02-05,2025-03-09,2025-02-15,6.67,3,0,0,0.0,C01437,33,Regular,Bratislava,tablet
INT-003668,CMP-068,search,2025-02-05,2025-03-09,2025-02-15,4.44,2,0,0,0.0,C01396,60,Loyal,Eastern Slovakia,mobile
INT-003669,CMP-068,search,2025-02-05,2025-03-09,2025-02-16,4.44,2,0,0,0.0,C00558,26,Loyal,Central Slovakia,mobile
INT-003670,CMP-068,search,2025-02-05,2025-03-09,2025-02-17,11.11,5,1,1,253.01,C00970,38,Regular,Western Slovakia,desktop
INT-003671,CMP-068,search,2025-02-05,2025-03-09,2025-02-20,11.11,5,1,0,0.0,C00849,30,New,Bratislava,desktop
INT-003672,CMP-068,search,2025-02-05,2025-03-09,2025-02-21,2.22,1,0,0,0.0,C00877,38,Regular,Central Slovakia,desktop
INT-003673,CMP-068,search,2025-02-05,2025-03-09,2025-02-21,2.22,1,0,0,0.0,C00098,26,Loyal,Bratislava,mobile
INT-003674,CMP-068,search,2025-02-05,2025-03-09,2025-02-22,4.44,2,1,1,183.22,C02160,29,New,Bratislava,desktop
INT-003675,CMP-068,search,2025-02-05,2025-03-09,2025-02-22,6.67,3,2,0,0.0,C00535,19,New,Western Slovakia,mobile
INT-003676,CMP-068,search,2025-02-05,2025-03-09,2025-02-22,6.67,3,0,0,0.0,C01024,45,Loyal,Bratislava,mobile
INT-003677,CMP-068,search,2025-02-05,2025-03-09,2025-02-22,13.33,6,1,0,0.0,C02089,30,Regular,Western Slovakia,desktop
INT-003678,CMP-068,search,2025-02-05,2025-03-09,2025-02-25,11.11,5,0,0,0.0,C00916,52,Loyal,Czech Republic,desktop
INT-003679,CMP-068,search,2025-02-05,2025-03-09,2025-02-26,11.11,5,1,0,0.0,C01388,25,New,Western Slovakia,mobile
INT-003680,CMP-068,search,2025-02-05,2025-03-09,2025-02-27,6.67,3,0,0,0.0,C01044,39,Regular,Western Slovakia,mobile
INT-003681,CMP-068,search,2025-02-05,2025-03-09,2025-02-27,6.67,3,0,0,0.0,C00119,57,Regular,Central Slovakia,desktop
INT-003682,CMP-068,search,2025-02-05,2025-03-09,2025-02-27,4.44,2,0,0,0.0,C00545,35,Loyal,Central Slovakia,desktop
INT-003683,CMP-068,search,2025-02-05,2025-03-09,2025-02-27,6.67,3,0,0,0.0,C01571,38,Loyal,Czech Republic,mobile
INT-003684,CMP-068,search,2025-02-05,2025-03-09,2025-02-27,6.67,3,0,0,0.0,C01292,33,Regular,Central Slovakia,mobile
INT-003685,CMP-068,search,2025-02-05,2025-03-09,2025-02-28,4.44,2,1,0,0.0,C00295,35,Regular,Bratislava,mobile
INT-003686,CMP-068,search,2025-02-05,2025-03-09,2025-03-01,8.89,4,0,0,0.0,C00504,20,New,Czech Republic,desktop
INT-003687,CMP-068,search,2025-02-05,2025-03-09,2025-03-03,6.67,3,1,1,176.31,C02021,38,At-Risk,Western Slovakia,mobile
INT-003688,CMP-068,search,2025-02-05,2025-03-09,2025-03-04,13.33,6,0,0,0.0,C00741,50,Loyal,Central Slovakia,mobile
INT-003689,CMP-068,search,2025-02-05,2025-03-09,2025-03-04,8.89,4,0,0,0.0,C01348,29,At-Risk,Czech Republic,mobile
INT-003690,CMP-068,search,2025-02-05,2025-03-09,2025-03-04,4.44,2,1,1,333.72,C01810,50,Loyal,Bratislava,mobile
INT-003691,CMP-068,search,2025-02-05,2025-03-09,2025-03-04,4.44,2,1,1,201.96,C01163,35,Regular,Bratislava,desktop
INT-003692,CMP-068,search,2025-02-05,2025-03-09,2025-03-06,8.89,4,0,0,0.0,C00332,46,Loyal,Czech Republic,tablet
INT-003693,CMP-068,search,2025-02-05,2025-03-09,2025-03-07,4.44,2,0,0,0.0,C00011,49,Loyal,Western Slovakia,mobile
INT-003694,CMP-068,search,2025-02-05,2025-03-09,2025-03-07,2.22,1,0,0,0.0,C00998,39,Loyal,Western Slovakia,mobile
INT-003695,CMP-068,search,2025-02-05,2025-03-09,2025-03-07,6.67,3,0,0,0.0,C00634,18,Regular,Bratislava,mobile
INT-003696,CMP-068,search,2025-02-05,2025-03-09,2025-03-08,6.67,3,1,0,0.0,C01804,33,Regular,Western Slovakia,tablet
INT-003697,CMP-068,search,2025-02-05,2025-03-09,2025-03-08,6.67,3,1,0,0.0,C01883,33,Regular,Western Slovakia,mobile
INT-003698,CMP-065,search,2025-02-14,2025-03-07,2025-02-14,6.72,3,0,0,0.0,C00174,23,New,Eastern Slovakia,mobile
INT-003699,CMP-065,search,2025-02-14,2025-03-07,2025-02-14,11.2,5,2,1,297.83,C00819,41,Loyal,Czech Republic,mobile
INT-003700,CMP-065,search,2025-02-14,2025-03-07,2025-02-14,8.96,4,1,0,0.0,C02127,64,Loyal,Western Slovakia,mobile
INT-003701,CMP-065,search,2025-02-14,2025-03-07,2025-02-15,13.44,6,0,0,0.0,C01582,36,Regular,Western Slovakia,mobile
INT-003702,CMP-065,search,2025-02-14,2025-03-07,2025-02-15,8.96,4,1,1,293.28,C01074,19,Loyal,Central Slovakia,mobile
INT-003703,CMP-065,search,2025-02-14,2025-03-07,2025-02-15,8.96,4,0,0,0.0,C01307,26,Regular,Bratislava,mobile
INT-003704,CMP-065,search,2025-02-14,2025-03-07,2025-02-16,11.2,5,2,1,99.07,C01289,62,New,Czech Republic,mobile
INT-003705,CMP-065,search,2025-02-14,2025-03-07,2025-02-16,8.96,4,2,0,0.0,C01958,24,New,Bratislava,desktop
INT-003706,CMP-065,search,2025-02-14,2025-03-07,2025-02-16,13.44,6,1,0,0.0,C01436,37,New,Bratislava,desktop
INT-003707,CMP-065,search,2025-02-14,2025-03-07,2025-02-17,6.72,3,0,0,0.0,C01326,50,Regular,Bratislava,desktop
INT-003708,CMP-065,search,2025-02-14,2025-03-07,2025-02-17,8.96,4,1,1,423.06,C00397,47,Loyal,Bratislava,mobile
INT-003709,CMP-065,search,2025-02-14,2025-03-07,2025-02-17,4.48,2,0,0,0.0,C00959,38,New,Bratislava,mobile
INT-003710,CMP-065,search,2025-02-14,2025-03-07,2025-02-18,6.72,3,1,1,261.22,C00345,57,New,Western Slovakia,desktop
INT-003711,CMP-065,search,2025-02-14,2025-03-07,2025-02-18,6.72,3,0,0,0.0,C00794,43,Regular,Bratislava,mobile
INT-003712,CMP-065,search,2025-02-14,2025-03-07,2025-02-18,4.48,2,1,0,0.0,C00852,32,New,Central Slovakia,desktop
INT-003713,CMP-065,search,2025-02-14,2025-03-07,2025-02-18,6.72,3,1,0,0.0,C00636,35,New,Western Slovakia,mobile
INT-003714,CMP-065,search,2025-02-14,2025-03-07,2025-02-19,6.72,3,0,0,0.0,C00983,41,Regular,Central Slovakia,desktop
INT-003715,CMP-065,search,2025-02-14,2025-03-07,2025-02-19,11.2,5,2,2,482.17,C00038,28,Loyal,Bratislava,desktop
INT-003716,CMP-065,search,2025-02-14,2025-03-07,2025-02-19,2.24,1,0,0,0.0,C01236,28,Loyal,Bratislava,mobile
INT-003717,CMP-065,search,2025-02-14,2025-03-07,2025-02-20,11.2,5,0,0,0.0,C00400,30,Loyal,Eastern Slovakia,mobile
INT-003718,CMP-065,search,2025-02-14,2025-03-07,2025-02-20,4.48,2,1,0,0.0,C00126,42,New,Bratislava,mobile
INT-003719,CMP-065,search,2025-02-14,2025-03-07,2025-02-20,6.72,3,0,0,0.0,C01369,53,Regular,Western Slovakia,desktop
INT-003720,CMP-065,search,2025-02-14,2025-03-07,2025-02-21,6.72,3,1,0,0.0,C00734,36,Regular,Central Slovakia,mobile
INT-003721,CMP-065,search,2025-02-14,2025-03-07,2025-02-21,6.72,3,0,0,0.0,C01044,39,Regular,Western Slovakia,mobile
INT-003722,CMP-065,search,2025-02-14,2025-03-07,2025-02-21,13.44,6,1,0,0.0,C01440,51,Regular,Bratislava,mobile
INT-003723,CMP-065,search,2025-02-14,2025-03-07,2025-02-21,11.2,5,1,0,0.0,C00358,41,New,Central Slovakia,mobile
INT-003724,CMP-065,search,2025-02-14,2025-03-07,2025-02-22,13.44,6,1,0,0.0,C00465,25,Loyal,Western Slovakia,mobile
INT-003725,CMP-065,search,2025-02-14,2025-03-07,2025-02-22,8.96,4,0,0,0.0,C00645,34,At-Risk,Czech Republic,mobile
INT-003726,CMP-065,search,2025-02-14,2025-03-07,2025-02-23,4.48,2,0,0,0.0,C01693,21,New,Bratislava,mobile
INT-003727,CMP-065,search,2025-02-14,2025-03-07,2025-02-23,8.96,4,0,0,0.0,C01971,35,New,Western Slovakia,tablet
INT-003728,CMP-065,search,2025-02-14,2025-03-07,2025-02-23,11.2,5,2,1,233.26,C00138,48,New,Czech Republic,desktop
INT-003729,CMP-065,search,2025-02-14,2025-03-07,2025-02-23,2.24,1,0,0,0.0,C01621,45,Regular,Czech Republic,mobile
INT-003730,CMP-065,search,2025-02-14,2025-03-07,2025-02-23,8.96,4,1,0,0.0,C00525,55,Loyal,Central Slovakia,mobile
INT-003731,CMP-065,search,2025-02-14,2025-03-07,2025-02-23,2.24,1,0,0,0.0,C00153,18,Loyal,Czech Republic,desktop
INT-003732,CMP-065,search,2025-02-14,2025-03-07,2025-02-24,4.48,2,0,0,0.0,C01831,47,Regular,Eastern Slovakia,mobile
INT-003733,CMP-065,search,2025-02-14,2025-03-07,2025-02-24,17.93,8,1,1,275.33,C00713,26,New,Bratislava,desktop
INT-003734,CMP-065,search,2025-02-14,2025-03-07,2025-02-24,8.96,4,1,0,0.0,C01721,51,At-Risk,Czech Republic,mobile
INT-003735,CMP-065,search,2025-02-14,2025-03-07,2025-02-24,8.96,4,1,0,0.0,C02156,45,Regular,Bratislava,desktop
INT-003736,CMP-065,search,2025-02-14,2025-03-07,2025-02-25,6.72,3,0,0,0.0,C01359,33,New,Bratislava,mobile
INT-003737,CMP-065,search,2025-02-14,2025-03-07,2025-02-25,6.72,3,1,0,0.0,C00099,43,New,Eastern Slovakia,mobile
INT-003738,CMP-065,search,2025-02-14,2025-03-07,2025-02-25,11.2,5,0,0,0.0,C02174,23,New,Western Slovakia,desktop
INT-003739,CMP-065,search,2025-02-14,2025-03-07,2025-02-25,8.96,4,0,0,0.0,C01407,41,New,Central Slovakia,mobile
INT-003740,CMP-065,search,2025-02-14,2025-03-07,2025-02-25,4.48,2,0,0,0.0,C01480,58,Loyal,Bratislava,mobile
INT-003741,CMP-065,search,2025-02-14,2025-03-07,2025-02-25,4.48,2,0,0,0.0,C01434,18,Regular,Czech Republic,mobile
INT-003742,CMP-065,search,2025-02-14,2025-03-07,2025-02-25,6.72,3,0,0,0.0,C01658,18,At-Risk,Bratislava,mobile
INT-003743,CMP-065,search,2025-02-14,2025-03-07,2025-02-25,2.24,1,0,0,0.0,C00602,31,Regular,Western Slovakia,mobile
INT-003744,CMP-065,search,2025-02-14,2025-03-07,2025-02-26,4.48,2,0,0,0.0,C01323,38,Regular,Bratislava,mobile
INT-003745,CMP-065,search,2025-02-14,2025-03-07,2025-02-26,11.2,5,2,0,0.0,C01412,65,At-Risk,Bratislava,mobile
INT-003746,CMP-065,search,2025-02-14,2025-03-07,2025-02-27,4.48,2,0,0,0.0,C00272,42,Regular,Central Slovakia,desktop
INT-003747,CMP-065,search,2025-02-14,2025-03-07,2025-02-27,11.2,5,0,0,0.0,C01423,43,New,Bratislava,mobile
INT-003748,CMP-065,search,2025-02-14,2025-03-07,2025-02-27,17.93,8,2,1,243.49,C00673,29,New,Western Slovakia,mobile
INT-003749,CMP-065,search,2025-02-14,2025-03-07,2025-02-27,2.24,1,0,0,0.0,C00977,51,Regular,Czech Republic,tablet
INT-003750,CMP-065,search,2025-02-14,2025-03-07,2025-02-28,8.96,4,0,0,0.0,C01748,42,Regular,Bratislava,desktop
INT-003751,CMP-065,search,2025-02-14,2025-03-07,2025-03-01,8.96,4,2,1,97.9,C00674,22,Regular,Central Slovakia,desktop
INT-003752,CMP-065,search,2025-02-14,2025-03-07,2025-03-01,8.96,4,1,1,219.85,C01671,37,New,Bratislava,mobile
INT-003753,CMP-065,search,2025-02-14,2025-03-07,2025-03-01,11.2,5,0,0,0.0,C00609,18,Loyal,Central Slovakia,mobile
INT-003754,CMP-065,search,2025-02-14,2025-03-07,2025-03-02,6.72,3,1,0,0.0,C02135,28,Loyal,Western Slovakia,desktop
INT-003755,CMP-065,search,2025-02-14,2025-03-07,2025-03-02,11.2,5,2,1,137.66,C00282,18,Regular,Czech Republic,mobile
INT-003756,CMP-065,search,2025-02-14,2025-03-07,2025-03-02,8.96,4,0,0,0.0,C01150,50,Regular,Western Slovakia,mobile
INT-003757,CMP-065,search,2025-02-14,2025-03-07,2025-03-02,6.72,3,0,0,0.0,C00692,35,New,Central Slovakia,mobile
INT-003758,CMP-065,search,2025-02-14,2025-03-07,2025-03-02,6.72,3,1,0,0.0,C00588,28,New,Bratislava,desktop
INT-003759,CMP-065,search,2025-02-14,2025-03-07,2025-03-03,4.48,2,0,0,0.0,C00008,34,Loyal,Central Slovakia,tablet
INT-003760,CMP-065,search,2025-02-14,2025-03-07,2025-03-03,22.41,10,0,0,0.0,C02010,46,New,Central Slovakia,mobile
INT-003761,CMP-065,search,2025-02-14,2025-03-07,2025-03-03,6.72,3,1,0,0.0,C01511,39,At-Risk,Bratislava,mobile
INT-003762,CMP-065,search,2025-02-14,2025-03-07,2025-03-04,8.96,4,1,1,404.79,C00095,18,Loyal,Western Slovakia,mobile
INT-003763,CMP-065,search,2025-02-14,2025-03-07,2025-03-04,6.72,3,1,0,0.0,C00850,50,New,Bratislava,mobile
INT-003764,CMP-065,search,2025-02-14,2025-03-07,2025-03-04,8.96,4,1,0,0.0,C01164,20,New,Central Slovakia,mobile
INT-003765,CMP-065,search,2025-02-14,2025-03-07,2025-03-04,2.24,1,1,0,0.0,C02116,35,New,Central Slovakia,desktop
INT-003766,CMP-065,search,2025-02-14,2025-03-07,2025-03-05,8.96,4,1,1,126.71,C01612,35,New,Western Slovakia,mobile
INT-003767,CMP-065,search,2025-02-14,2025-03-07,2025-03-05,6.72,3,1,0,0.0,C00426,34,Regular,Central Slovakia,mobile
INT-003768,CMP-065,search,2025-02-14,2025-03-07,2025-03-05,6.72,3,0,0,0.0,C00075,40,New,Eastern Slovakia,mobile
INT-003769,CMP-065,search,2025-02-14,2025-03-07,2025-03-05,8.96,4,0,0,0.0,C00510,44,Regular,Central Slovakia,mobile
INT-003770,CMP-065,search,2025-02-14,2025-03-07,2025-03-05,4.48,2,0,0,0.0,C01000,48,Regular,Western Slovakia,desktop
INT-003771,CMP-065,search,2025-02-14,2025-03-07,2025-03-05,6.72,3,1,0,0.0,C00882,49,At-Risk,Eastern Slovakia,mobile
INT-003772,CMP-065,search,2025-02-14,2025-03-07,2025-03-06,4.48,2,0,0,0.0,C01714,37,New,Central Slovakia,mobile
INT-003773,CMP-065,search,2025-02-14,2025-03-07,2025-03-06,6.72,3,0,0,0.0,C00842,38,At-Risk,Western Slovakia,tablet
INT-003774,CMP-065,search,2025-02-14,2025-03-07,2025-03-06,6.72,3,0,0,0.0,C01352,45,New,Central Slovakia,desktop
INT-003775,CMP-065,search,2025-02-14,2025-03-07,2025-03-06,4.48,2,0,0,0.0,C01010,43,New,Bratislava,mobile
INT-003776,CMP-065,search,2025-02-14,2025-03-07,2025-03-06,4.48,2,1,0,0.0,C01741,33,At-Risk,Eastern Slovakia,desktop
INT-003777,CMP-065,search,2025-02-14,2025-03-07,2025-03-06,13.44,6,0,0,0.0,C01015,25,Regular,Bratislava,mobile
INT-003778,CMP-065,search,2025-02-14,2025-03-07,2025-03-06,13.44,6,0,0,0.0,C01002,29,Regular,Central Slovakia,mobile
INT-003779,CMP-065,search,2025-02-14,2025-03-07,2025-03-06,4.48,2,1,0,0.0,C00870,37,New,Western Slovakia,mobile
INT-003780,CMP-065,search,2025-02-14,2025-03-07,2025-03-06,8.96,4,2,2,638.23,C00865,30,Regular,Western Slovakia,desktop
INT-003781,CMP-101,social,2025-02-17,2025-03-05,2025-02-17,1.46,2,0,0,0.0,C01856,30,New,Bratislava,desktop
INT-003782,CMP-101,social,2025-02-17,2025-03-05,2025-02-17,6.59,9,2,0,0.0,C00707,27,New,Western Slovakia,desktop
INT-003783,CMP-101,social,2025-02-17,2025-03-05,2025-02-17,4.39,6,1,1,216.85,C00823,24,Loyal,Eastern Slovakia,mobile
INT-003784,CMP-101,social,2025-02-17,2025-03-05,2025-02-17,1.46,2,0,0,0.0,C01049,27,Regular,Bratislava,mobile
INT-003785,CMP-101,social,2025-02-17,2025-03-05,2025-02-17,3.66,5,0,0,0.0,C00773,41,Regular,Bratislava,mobile
INT-003786,CMP-101,social,2025-02-17,2025-03-05,2025-02-17,5.12,7,1,0,0.0,C01255,29,Loyal,Central Slovakia,tablet
INT-003787,CMP-101,social,2025-02-17,2025-03-05,2025-02-17,2.93,4,0,0,0.0,C01138,38,At-Risk,Bratislava,mobile
INT-003788,CMP-101,social,2025-02-17,2025-03-05,2025-02-17,5.12,7,2,0,0.0,C00670,18,Loyal,Western Slovakia,mobile
INT-003789,CMP-101,social,2025-02-17,2025-03-05,2025-02-17,1.46,2,0,0,0.0,C00795,18,Loyal,Western Slovakia,mobile
INT-003790,CMP-101,social,2025-02-17,2025-03-05,2025-02-17,1.46,2,0,0,0.0,C01265,37,At-Risk,Bratislava,desktop
INT-003791,CMP-101,social,2025-02-17,2025-03-05,2025-02-17,5.12,7,0,0,0.0,C01402,34,New,Eastern Slovakia,desktop
INT-003792,CMP-101,social,2025-02-17,2025-03-05,2025-02-18,4.39,6,0,0,0.0,C01189,45,New,Bratislava,desktop
INT-003793,CMP-101,social,2025-02-17,2025-03-05,2025-02-18,3.66,5,0,0,0.0,C01746,29,New,Western Slovakia,mobile
INT-003794,CMP-101,social,2025-02-17,2025-03-05,2025-02-18,7.32,10,0,0,0.0,C00075,40,New,Eastern Slovakia,mobile
INT-003795,CMP-101,social,2025-02-17,2025-03-05,2025-02-18,3.66,5,0,0,0.0,C02005,21,Loyal,Central Slovakia,mobile
INT-003796,CMP-101,social,2025-02-17,2025-03-05,2025-02-18,7.32,10,1,1,233.93,C00152,26,Loyal,Czech Republic,desktop
INT-003797,CMP-101,social,2025-02-17,2025-03-05,2025-02-19,5.12,7,0,0,0.0,C00035,45,New,Eastern Slovakia,mobile
INT-003798,CMP-101,social,2025-02-17,2025-03-05,2025-02-19,5.12,7,0,0,0.0,C00238,36,Loyal,Western Slovakia,mobile
INT-003799,CMP-101,social,2025-02-17,2025-03-05,2025-02-19,4.39,6,0,0,0.0,C00402,40,Regular,Eastern Slovakia,mobile
INT-003800,CMP-101,social,2025-02-17,2025-03-05,2025-02-19,6.59,9,1,0,0.0,C01737,22,New,Central Slovakia,tablet
INT-003801,CMP-101,social,2025-02-17,2025-03-05,2025-02-19,2.93,4,0,0,0.0,C01646,39,Regular,Western Slovakia,desktop
INT-003802,CMP-101,social,2025-02-17,2025-03-05,2025-02-20,5.12,7,0,0,0.0,C00095,18,Loyal,Western Slovakia,mobile
INT-003803,CMP-101,social,2025-02-17,2025-03-05,2025-02-20,3.66,5,0,0,0.0,C01545,54,Regular,Central Slovakia,desktop
INT-003804,CMP-101,social,2025-02-17,2025-03-05,2025-02-20,4.39,6,0,0,0.0,C00327,19,Loyal,Western Slovakia,desktop
INT-003805,CMP-101,social,2025-02-17,2025-03-05,2025-02-20,5.86,8,1,0,0.0,C00052,46,Loyal,Western Slovakia,desktop
INT-003806,CMP-101,social,2025-02-17,2025-03-05,2025-02-20,2.2,3,1,0,0.0,C01302,18,Regular,Western Slovakia,desktop
INT-003807,CMP-101,social,2025-02-17,2025-03-05,2025-02-21,2.93,4,1,1,163.94,C01900,25,Regular,Central Slovakia,desktop
INT-003808,CMP-101,social,2025-02-17,2025-03-05,2025-02-21,4.39,6,1,1,124.27,C00330,32,At-Risk,Central Slovakia,desktop
INT-003809,CMP-101,social,2025-02-17,2025-03-05,2025-02-21,2.93,4,1,0,0.0,C00175,23,At-Risk,Bratislava,mobile
INT-003810,CMP-101,social,2025-02-17,2025-03-05,2025-02-21,2.93,4,0,0,0.0,C01476,36,Loyal,Bratislava,mobile
INT-003811,CMP-101,social,2025-02-17,2025-03-05,2025-02-21,3.66,5,0,0,0.0,C00648,18,New,Central Slovakia,mobile
INT-003812,CMP-101,social,2025-02-17,2025-03-05,2025-02-21,5.12,7,2,1,121.73,C00414,47,New,Eastern Slovakia,mobile
INT-003813,CMP-101,social,2025-02-17,2025-03-05,2025-02-21,5.12,7,0,0,0.0,C00898,28,Loyal,Eastern Slovakia,mobile
INT-003814,CMP-101,social,2025-02-17,2025-03-05,2025-02-21,4.39,6,1,0,0.0,C01105,25,Regular,Central Slovakia,mobile
INT-003815,CMP-101,social,2025-02-17,2025-03-05,2025-02-21,6.59,9,0,0,0.0,C00226,41,New,Bratislava,mobile
INT-003816,CMP-101,social,2025-02-17,2025-03-05,2025-02-21,3.66,5,1,0,0.0,C00390,21,New,Bratislava,tablet
INT-003817,CMP-101,social,2025-02-17,2025-03-05,2025-02-21,3.66,5,0,0,0.0,C02175,42,Regular,Bratislava,desktop
INT-003818,CMP-101,social,2025-02-17,2025-03-05,2025-02-21,4.39,6,0,0,0.0,C00341,18,Loyal,Western Slovakia,mobile
INT-003819,CMP-101,social,2025-02-17,2025-03-05,2025-02-22,4.39,6,0,0,0.0,C00549,46,Regular,Western Slovakia,desktop
INT-003820,CMP-101,social,2025-02-17,2025-03-05,2025-02-22,7.32,10,2,0,0.0,C01367,24,Regular,Western Slovakia,desktop
INT-003821,CMP-101,social,2025-02-17,2025-03-05,2025-02-22,3.66,5,1,0,0.0,C01108,28,Regular,Western Slovakia,mobile
INT-003822,CMP-101,social,2025-02-17,2025-03-05,2025-02-22,4.39,6,0,0,0.0,C01912,44,New,Central Slovakia,mobile
INT-003823,CMP-101,social,2025-02-17,2025-03-05,2025-02-22,3.66,5,1,0,0.0,C01337,44,Regular,Eastern Slovakia,tablet
INT-003824,CMP-101,social,2025-02-17,2025-03-05,2025-02-22,2.93,4,1,0,0.0,C01822,47,Regular,Bratislava,desktop
INT-003825,CMP-101,social,2025-02-17,2025-03-05,2025-02-22,4.39,6,1,0,0.0,C01092,38,Loyal,Central Slovakia,mobile
INT-003826,CMP-101,social,2025-02-17,2025-03-05,2025-02-23,5.12,7,0,0,0.0,C01695,23,New,Central Slovakia,desktop
INT-003827,CMP-101,social,2025-02-17,2025-03-05,2025-02-23,2.93,4,0,0,0.0,C00378,18,Regular,Western Slovakia,mobile
INT-003828,CMP-101,social,2025-02-17,2025-03-05,2025-02-23,7.32,10,1,0,0.0,C00476,34,Loyal,Western Slovakia,tablet
INT-003829,CMP-101,social,2025-02-17,2025-03-05,2025-02-23,5.12,7,0,0,0.0,C00609,18,Loyal,Central Slovakia,desktop
INT-003830,CMP-101,social,2025-02-17,2025-03-05,2025-02-23,2.93,4,1,1,165.81,C01920,20,Regular,Central Slovakia,desktop
INT-003831,CMP-101,social,2025-02-17,2025-03-05,2025-02-24,3.66,5,1,0,0.0,C00170,38,At-Risk,Western Slovakia,tablet
INT-003832,CMP-101,social,2025-02-17,2025-03-05,2025-02-24,4.39,6,0,0,0.0,C01252,56,Regular,Bratislava,desktop
INT-003833,CMP-101,social,2025-02-17,2025-03-05,2025-02-24,2.93,4,1,1,176.35,C00324,47,Loyal,Western Slovakia,tablet
INT-003834,CMP-101,social,2025-02-17,2025-03-05,2025-02-24,1.46,2,0,0,0.0,C01097,57,Loyal,Czech Republic,tablet
INT-003835,CMP-101,social,2025-02-17,2025-03-05,2025-02-24,4.39,6,1,0,0.0,C00247,25,Regular,Western Slovakia,desktop
INT-003836,CMP-101,social,2025-02-17,2025-03-05,2025-02-25,2.93,4,0,0,0.0,C00178,40,Loyal,Western Slovakia,desktop
INT-003837,CMP-101,social,2025-02-17,2025-03-05,2025-02-25,5.12,7,0,0,0.0,C00454,63,Loyal,Eastern Slovakia,mobile
INT-003838,CMP-101,social,2025-02-17,2025-03-05,2025-02-25,1.46,2,0,0,0.0,C01902,51,Regular,Czech Republic,mobile
INT-003839,CMP-101,social,2025-02-17,2025-03-05,2025-02-26,2.2,3,0,0,0.0,C01335,43,At-Risk,Bratislava,desktop
INT-003840,CMP-101,social,2025-02-17,2025-03-05,2025-02-26,6.59,9,0,0,0.0,C01305,35,New,Bratislava,desktop
INT-003841,CMP-101,social,2025-02-17,2025-03-05,2025-02-26,3.66,5,0,0,0.0,C01191,56,New,Western Slovakia,desktop
INT-003842,CMP-101,social,2025-02-17,2025-03-05,2025-02-26,5.86,8,2,0,0.0,C01271,56,Regular,Eastern Slovakia,desktop
INT-003843,CMP-101,social,2025-02-17,2025-03-05,2025-02-26,10.25,14,2,0,0.0,C01227,47,Loyal,Bratislava,desktop
INT-003844,CMP-101,social,2025-02-17,2025-03-05,2025-02-26,3.66,5,1,1,113.69,C01363,18,Regular,Central Slovakia,desktop
INT-003845,CMP-101,social,2025-02-17,2025-03-05,2025-02-26,1.46,2,1,0,0.0,C02158,28,Regular,Bratislava,desktop
INT-003846,CMP-101,social,2025-02-17,2025-03-05,2025-02-27,5.86,8,0,0,0.0,C00020,37,Loyal,Bratislava,mobile
INT-003847,CMP-101,social,2025-02-17,2025-03-05,2025-02-27,2.2,3,0,0,0.0,C00043,30,Regular,Czech Republic,desktop
INT-003848,CMP-101,social,2025-02-17,2025-03-05,2025-02-27,4.39,6,1,0,0.0,C01185,38,New,Bratislava,desktop
INT-003849,CMP-101,social,2025-02-17,2025-03-05,2025-02-27,2.2,3,0,0,0.0,C01270,45,Loyal,Bratislava,mobile
INT-003850,CMP-101,social,2025-02-17,2025-03-05,2025-02-27,7.32,10,1,0,0.0,C01130,18,At-Risk,Eastern Slovakia,desktop
INT-003851,CMP-101,social,2025-02-17,2025-03-05,2025-02-27,2.93,4,0,0,0.0,C00011,49,Loyal,Western Slovakia,mobile
INT-003852,CMP-101,social,2025-02-17,2025-03-05,2025-02-27,4.39,6,0,0,0.0,C00138,48,New,Czech Republic,tablet
INT-003853,CMP-101,social,2025-02-17,2025-03-05,2025-02-27,2.93,4,0,0,0.0,C01465,50,Loyal,Bratislava,mobile
INT-003854,CMP-101,social,2025-02-17,2025-03-05,2025-02-27,4.39,6,0,0,0.0,C00493,35,New,Central Slovakia,desktop
INT-003855,CMP-101,social,2025-02-17,2025-03-05,2025-02-27,5.12,7,0,0,0.0,C00753,26,New,Bratislava,mobile
INT-003856,CMP-101,social,2025-02-17,2025-03-05,2025-02-28,4.39,6,0,0,0.0,C00602,31,Regular,Western Slovakia,mobile
INT-003857,CMP-101,social,2025-02-17,2025-03-05,2025-02-28,5.12,7,1,0,0.0,C00436,31,Loyal,Eastern Slovakia,desktop
INT-003858,CMP-101,social,2025-02-17,2025-03-05,2025-02-28,3.66,5,0,0,0.0,C00645,34,At-Risk,Czech Republic,desktop
INT-003859,CMP-101,social,2025-02-17,2025-03-05,2025-02-28,4.39,6,0,0,0.0,C01851,30,New,Bratislava,mobile
INT-003860,CMP-101,social,2025-02-17,2025-03-05,2025-02-28,4.39,6,0,0,0.0,C00488,43,Regular,Eastern Slovakia,desktop
INT-003861,CMP-101,social,2025-02-17,2025-03-05,2025-02-28,2.2,3,0,0,0.0,C00287,41,Loyal,Central Slovakia,desktop
INT-003862,CMP-101,social,2025-02-17,2025-03-05,2025-02-28,2.93,4,0,0,0.0,C01550,43,New,Eastern Slovakia,mobile
INT-003863,CMP-101,social,2025-02-17,2025-03-05,2025-02-28,2.93,4,1,0,0.0,C02196,18,Regular,Bratislava,mobile
INT-003864,CMP-101,social,2025-02-17,2025-03-05,2025-03-01,5.86,8,0,0,0.0,C01660,40,Loyal,Central Slovakia,desktop
INT-003865,CMP-101,social,2025-02-17,2025-03-05,2025-03-01,2.2,3,0,0,0.0,C00841,61,Loyal,Western Slovakia,tablet
INT-003866,CMP-101,social,2025-02-17,2025-03-05,2025-03-01,2.2,3,0,0,0.0,C01441,30,New,Czech Republic,mobile
INT-003867,CMP-101,social,2025-02-17,2025-03-05,2025-03-01,1.46,2,0,0,0.0,C00450,43,Loyal,Eastern Slovakia,mobile
INT-003868,CMP-101,social,2025-02-17,2025-03-05,2025-03-01,2.93,4,2,0,0.0,C01699,18,Loyal,Czech Republic,mobile
INT-003869,CMP-101,social,2025-02-17,2025-03-05,2025-03-01,2.2,3,0,0,0.0,C00865,30,Regular,Western Slovakia,desktop
INT-003870,CMP-101,social,2025-02-17,2025-03-05,2025-03-02,3.66,5,0,0,0.0,C01661,67,Regular,Bratislava,desktop
INT-003871,CMP-101,social,2025-02-17,2025-03-05,2025-03-02,3.66,5,0,0,0.0,C01279,42,Loyal,Czech Republic,mobile
INT-003872,CMP-101,social,2025-02-17,2025-03-05,2025-03-02,5.12,7,0,0,0.0,C00531,34,New,Czech Republic,mobile
INT-003873,CMP-101,social,2025-02-17,2025-03-05,2025-03-02,2.93,4,0,0,0.0,C01581,52,Regular,Western Slovakia,mobile
INT-003874,CMP-101,social,2025-02-17,2025-03-05,2025-03-02,2.2,3,0,0,0.0,C00628,54,Regular,Bratislava,desktop
INT-003875,CMP-101,social,2025-02-17,2025-03-05,2025-03-02,4.39,6,0,0,0.0,C01393,31,Loyal,Bratislava,desktop
INT-003876,CMP-101,social,2025-02-17,2025-03-05,2025-03-02,5.12,7,0,0,0.0,C01991,43,Loyal,Western Slovakia,mobile
INT-003877,CMP-101,social,2025-02-17,2025-03-05,2025-03-02,2.93,4,1,0,0.0,C00999,40,Loyal,Central Slovakia,mobile
INT-003878,CMP-101,social,2025-02-17,2025-03-05,2025-03-02,8.05,11,1,0,0.0,C01611,41,Regular,Central Slovakia,mobile
INT-003879,CMP-101,social,2025-02-17,2025-03-05,2025-03-02,2.93,4,0,0,0.0,C01927,31,Regular,Bratislava,mobile
INT-003880,CMP-101,social,2025-02-17,2025-03-05,2025-03-03,3.66,5,1,0,0.0,C01959,35,Regular,Central Slovakia,mobile
INT-003881,CMP-101,social,2025-02-17,2025-03-05,2025-03-03,4.39,6,0,0,0.0,C01713,46,Loyal,Western Slovakia,mobile
INT-003882,CMP-101,social,2025-02-17,2025-03-05,2025-03-03,5.86,8,0,0,0.0,C00202,55,Loyal,Eastern Slovakia,mobile
INT-003883,CMP-101,social,2025-02-17,2025-03-05,2025-03-03,3.66,5,0,0,0.0,C01504,42,Loyal,Bratislava,desktop
INT-003884,CMP-101,social,2025-02-17,2025-03-05,2025-03-04,2.93,4,1,1,302.73,C02023,40,Loyal,Czech Republic,tablet
INT-003885,CMP-101,social,2025-02-17,2025-03-05,2025-03-04,3.66,5,1,1,175.85,C00106,36,Loyal,Eastern Slovakia,mobile
INT-003886,CMP-101,social,2025-02-17,2025-03-05,2025-03-04,5.86,8,0,0,0.0,C01468,22,Loyal,Eastern Slovakia,mobile
INT-003887,CMP-101,social,2025-02-17,2025-03-05,2025-03-04,2.93,4,1,0,0.0,C01239,45,New,Eastern Slovakia,desktop
INT-003888,CMP-101,social,2025-02-17,2025-03-05,2025-03-04,2.93,4,1,0,0.0,C02192,27,Regular,Eastern Slovakia,mobile
INT-003889,CMP-003,social,2025-03-05,2025-03-31,2025-03-09,8.01,9,0,0,0.0,C01348,29,At-Risk,Czech Republic,mobile
INT-003890,CMP-003,social,2025-03-05,2025-03-31,2025-03-09,12.47,14,0,0,0.0,C01443,21,New,Western Slovakia,mobile
INT-003891,CMP-003,social,2025-03-05,2025-03-31,2025-03-11,8.9,10,0,0,0.0,C01374,19,Loyal,Bratislava,mobile
INT-003892,CMP-003,social,2025-03-05,2025-03-31,2025-03-13,5.34,6,1,0,0.0,C01438,18,At-Risk,Bratislava,mobile
INT-003893,CMP-003,social,2025-03-05,2025-03-31,2025-03-13,9.79,11,0,0,0.0,C00350,56,At-Risk,Eastern Slovakia,mobile
INT-003894,CMP-003,social,2025-03-05,2025-03-31,2025-03-13,5.34,6,1,0,0.0,C00753,26,New,Bratislava,mobile
INT-003895,CMP-003,social,2025-03-05,2025-03-31,2025-03-15,11.58,13,1,0,0.0,C02074,35,New,Bratislava,mobile
INT-003896,CMP-003,social,2025-03-05,2025-03-31,2025-03-15,6.23,7,0,0,0.0,C00367,29,New,Bratislava,mobile
INT-003897,CMP-003,social,2025-03-05,2025-03-31,2025-03-15,11.58,13,1,0,0.0,C00015,44,Regular,Bratislava,mobile
INT-003898,CMP-003,social,2025-03-05,2025-03-31,2025-03-16,3.56,4,0,0,0.0,C00574,27,At-Risk,Central Slovakia,mobile
INT-003899,CMP-003,social,2025-03-05,2025-03-31,2025-03-18,9.79,11,0,0,0.0,C02046,26,Regular,Bratislava,mobile
INT-003900,CMP-003,social,2025-03-05,2025-03-31,2025-03-18,6.23,7,0,0,0.0,C01101,52,New,Bratislava,mobile
INT-003901,CMP-003,social,2025-03-05,2025-03-31,2025-03-19,11.58,13,2,1,256.43,C01805,39,Loyal,Czech Republic,mobile
INT-003902,CMP-003,social,2025-03-05,2025-03-31,2025-03-20,8.01,9,0,0,0.0,C02110,41,Loyal,Bratislava,mobile
INT-003903,CMP-003,social,2025-03-05,2025-03-31,2025-03-21,9.79,11,0,0,0.0,C01623,47,New,Bratislava,tablet
INT-003904,CMP-003,social,2025-03-05,2025-03-31,2025-03-22,13.36,15,1,0,0.0,C01822,47,Regular,Bratislava,desktop
INT-003905,CMP-003,social,2025-03-05,2025-03-31,2025-03-22,10.68,12,0,0,0.0,C01741,33,At-Risk,Eastern Slovakia,mobile
INT-003906,CMP-003,social,2025-03-05,2025-03-31,2025-03-22,7.12,8,1,0,0.0,C00428,59,Loyal,Central Slovakia,tablet
INT-003907,CMP-003,social,2025-03-05,2025-03-31,2025-03-23,5.34,6,1,1,192.98,C00998,39,Loyal,Western Slovakia,mobile
INT-003908,CMP-003,social,2025-03-05,2025-03-31,2025-03-25,4.45,5,1,0,0.0,C02010,46,New,Central Slovakia,desktop
INT-003909,CMP-003,social,2025-03-05,2025-03-31,2025-03-25,11.58,13,1,0,0.0,C01081,41,At-Risk,Western Slovakia,desktop
INT-003910,CMP-003,social,2025-03-05,2025-03-31,2025-03-25,5.34,6,0,0,0.0,C01995,39,Loyal,Bratislava,mobile
INT-003911,CMP-003,social,2025-03-05,2025-03-31,2025-03-25,8.9,10,0,0,0.0,C00198,33,Regular,Bratislava,desktop
INT-003912,CMP-003,social,2025-03-05,2025-03-31,2025-03-26,10.68,12,1,0,0.0,C00880,38,At-Risk,Western Slovakia,mobile
INT-003913,CMP-003,social,2025-03-05,2025-03-31,2025-03-26,12.47,14,1,0,0.0,C02045,21,Loyal,Eastern Slovakia,desktop
INT-003914,CMP-003,social,2025-03-05,2025-03-31,2025-03-26,8.01,9,2,1,230.23,C00182,41,Loyal,Western Slovakia,desktop
INT-003915,CMP-003,social,2025-03-05,2025-03-31,2025-03-26,10.68,12,0,0,0.0,C01010,43,New,Bratislava,mobile
INT-003916,CMP-003,social,2025-03-05,2025-03-31,2025-03-27,7.12,8,1,0,0.0,C01658,18,At-Risk,Bratislava,desktop
INT-003917,CMP-003,social,2025-03-05,2025-03-31,2025-03-29,8.01,9,1,0,0.0,C00437,32,New,Bratislava,desktop
INT-003918,CMP-003,social,2025-03-05,2025-03-31,2025-03-30,8.01,9,0,0,0.0,C00398,41,Loyal,Central Slovakia,mobile
INT-003919,CMP-028,email,2025-03-12,2025-04-10,2025-03-12,0.73,1,0,0,0.0,C00257,43,At-Risk,Bratislava,desktop
INT-003920,CMP-028,email,2025-03-12,2025-04-10,2025-03-12,0.73,1,0,0,0.0,C00037,37,At-Risk,Eastern Slovakia,tablet
INT-003921,CMP-028,email,2025-03-12,2025-04-10,2025-03-13,1.46,2,1,0,0.0,C01870,41,Regular,Central Slovakia,mobile
INT-003922,CMP-028,email,2025-03-12,2025-04-10,2025-03-13,1.46,2,0,0,0.0,C02045,21,Loyal,Eastern Slovakia,mobile
INT-003923,CMP-028,email,2025-03-12,2025-04-10,2025-03-13,0.73,1,0,0,0.0,C01004,46,Regular,Bratislava,mobile
INT-003924,CMP-028,email,2025-03-12,2025-04-10,2025-03-13,0.73,1,0,0,0.0,C01925,37,Loyal,Bratislava,tablet
INT-003925,CMP-028,email,2025-03-12,2025-04-10,2025-03-14,1.46,2,0,0,0.0,C01445,36,Loyal,Bratislava,mobile
INT-003926,CMP-028,email,2025-03-12,2025-04-10,2025-03-14,5.1,7,1,1,186.54,C01475,36,Loyal,Central Slovakia,tablet
INT-003927,CMP-028,email,2025-03-12,2025-04-10,2025-03-15,2.19,3,0,0,0.0,C00848,48,Regular,Bratislava,mobile
INT-003928,CMP-028,email,2025-03-12,2025-04-10,2025-03-16,2.92,4,0,0,0.0,C01760,39,Regular,Eastern Slovakia,desktop
INT-003929,CMP-028,email,2025-03-12,2025-04-10,2025-03-17,2.92,4,0,0,0.0,C00494,43,Loyal,Czech Republic,mobile
INT-003930,CMP-028,email,2025-03-12,2025-04-10,2025-03-18,1.46,2,0,0,0.0,C01073,35,Loyal,Western Slovakia,mobile
INT-003931,CMP-028,email,2025-03-12,2025-04-10,2025-03-21,2.19,3,0,0,0.0,C01747,31,New,Eastern Slovakia,mobile
INT-003932,CMP-028,email,2025-03-12,2025-04-10,2025-03-21,2.19,3,0,0,0.0,C00591,23,Loyal,Bratislava,mobile
INT-003933,CMP-028,email,2025-03-12,2025-04-10,2025-03-21,0.73,1,0,0,0.0,C00392,39,Loyal,Western Slovakia,mobile
INT-003934,CMP-028,email,2025-03-12,2025-04-10,2025-03-21,1.46,2,0,0,0.0,C01099,50,Loyal,Central Slovakia,mobile
INT-003935,CMP-028,email,2025-03-12,2025-04-10,2025-03-23,1.46,2,0,0,0.0,C00390,21,New,Bratislava,tablet
INT-003936,CMP-028,email,2025-03-12,2025-04-10,2025-03-24,0.73,1,0,0,0.0,C01330,47,New,Bratislava,mobile
INT-003937,CMP-028,email,2025-03-12,2025-04-10,2025-03-24,2.92,4,1,1,281.84,C00841,61,Loyal,Western Slovakia,desktop
INT-003938,CMP-028,email,2025-03-12,2025-04-10,2025-03-25,1.46,2,0,0,0.0,C00957,32,New,Western Slovakia,desktop
INT-003939,CMP-028,email,2025-03-12,2025-04-10,2025-03-26,0.73,1,0,0,0.0,C01327,42,Loyal,Central Slovakia,tablet
INT-003940,CMP-028,email,2025-03-12,2025-04-10,2025-03-26,2.92,4,0,0,0.0,C01119,42,New,Bratislava,tablet
INT-003941,CMP-028,email,2025-03-12,2025-04-10,2025-03-31,2.19,3,0,0,0.0,C00097,22,Loyal,Czech Republic,desktop
INT-003942,CMP-028,email,2025-03-12,2025-04-10,2025-03-31,2.92,4,0,0,0.0,C00689,32,New,Bratislava,mobile
INT-003943,CMP-028,email,2025-03-12,2025-04-10,2025-04-01,2.19,3,0,0,0.0,C00369,40,Loyal,Central Slovakia,mobile
INT-003944,CMP-028,email,2025-03-12,2025-04-10,2025-04-03,2.19,3,1,1,209.23,C01694,32,Regular,Central Slovakia,mobile
INT-003945,CMP-028,email,2025-03-12,2025-04-10,2025-04-04,3.65,5,0,0,0.0,C01657,43,Loyal,Czech Republic,desktop
INT-003946,CMP-028,email,2025-03-12,2025-04-10,2025-04-05,2.92,4,0,0,0.0,C01098,44,Regular,Central Slovakia,desktop
INT-003947,CMP-028,email,2025-03-12,2025-04-10,2025-04-05,4.38,6,0,0,0.0,C01341,28,Loyal,Eastern Slovakia,mobile
INT-003948,CMP-028,email,2025-03-12,2025-04-10,2025-04-06,2.19,3,0,0,0.0,C01106,46,Regular,Eastern Slovakia,desktop
INT-003949,CMP-028,email,2025-03-12,2025-04-10,2025-04-06,0.73,1,0,0,0.0,C01187,34,Regular,Bratislava,mobile
INT-003950,CMP-028,email,2025-03-12,2025-04-10,2025-04-08,1.46,2,0,0,0.0,C01505,35,Regular,Western Slovakia,desktop
INT-003951,CMP-028,email,2025-03-12,2025-04-10,2025-04-09,2.92,4,0,0,0.0,C01450,31,Regular,Bratislava,mobile
INT-003952,CMP-028,email,2025-03-12,2025-04-10,2025-04-09,3.65,5,1,1,143.04,C00234,52,Regular,Eastern Slovakia,desktop
INT-003953,CMP-099,social,2025-03-15,2025-04-21,2025-03-15,5.83,7,0,0,0.0,C02097,48,Loyal,Bratislava,desktop
INT-003954,CMP-099,social,2025-03-15,2025-04-21,2025-03-19,1.67,2,0,0,0.0,C00879,37,Loyal,Western Slovakia,mobile
INT-003955,CMP-099,social,2025-03-15,2025-04-21,2025-03-19,4.17,5,0,0,0.0,C02171,28,Regular,Eastern Slovakia,mobile
INT-003956,CMP-099,social,2025-03-15,2025-04-21,2025-03-21,9.17,11,0,0,0.0,C01352,45,New,Central Slovakia,desktop
INT-003957,CMP-099,social,2025-03-15,2025-04-21,2025-03-24,5.0,6,0,0,0.0,C00217,44,Loyal,Eastern Slovakia,mobile
INT-003958,CMP-099,social,2025-03-15,2025-04-21,2025-03-25,2.5,3,0,0,0.0,C00741,50,Loyal,Central Slovakia,mobile
INT-003959,CMP-099,social,2025-03-15,2025-04-21,2025-03-27,5.0,6,0,0,0.0,C00622,38,Regular,Western Slovakia,desktop
INT-003960,CMP-099,social,2025-03-15,2025-04-21,2025-03-29,5.0,6,0,0,0.0,C01829,27,New,Eastern Slovakia,mobile
INT-003961,CMP-099,social,2025-03-15,2025-04-21,2025-03-29,5.83,7,0,0,0.0,C02081,43,New,Bratislava,mobile
INT-003962,CMP-099,social,2025-03-15,2025-04-21,2025-03-29,4.17,5,0,0,0.0,C00070,36,At-Risk,Bratislava,mobile
INT-003963,CMP-099,social,2025-03-15,2025-04-21,2025-03-31,1.67,2,0,0,0.0,C00158,50,New,Bratislava,tablet
INT-003964,CMP-099,social,2025-03-15,2025-04-21,2025-04-01,6.67,8,0,0,0.0,C00301,59,Regular,Bratislava,mobile
INT-003965,CMP-099,social,2025-03-15,2025-04-21,2025-04-02,1.67,2,0,0,0.0,C02184,26,Regular,Central Slovakia,mobile
INT-003966,CMP-099,social,2025-03-15,2025-04-21,2025-04-02,4.17,5,0,0,0.0,C01516,41,Loyal,Bratislava,desktop
INT-003967,CMP-099,social,2025-03-15,2025-04-21,2025-04-02,8.33,10,0,0,0.0,C00238,36,Loyal,Western Slovakia,mobile
INT-003968,CMP-099,social,2025-03-15,2025-04-21,2025-04-03,4.17,5,0,0,0.0,C01442,42,Regular,Central Slovakia,mobile
INT-003969,CMP-099,social,2025-03-15,2025-04-21,2025-04-03,5.0,6,1,0,0.0,C01682,26,Regular,Central Slovakia,mobile
INT-003970,CMP-099,social,2025-03-15,2025-04-21,2025-04-03,5.0,6,0,0,0.0,C01574,38,New,Eastern Slovakia,tablet
INT-003971,CMP-099,social,2025-03-15,2025-04-21,2025-04-03,5.83,7,0,0,0.0,C01617,73,Regular,Western Slovakia,desktop
INT-003972,CMP-099,social,2025-03-15,2025-04-21,2025-04-03,6.67,8,0,0,0.0,C02062,59,Loyal,Bratislava,mobile
INT-003973,CMP-099,social,2025-03-15,2025-04-21,2025-04-04,6.67,8,0,0,0.0,C00017,42,Loyal,Bratislava,desktop
INT-003974,CMP-099,social,2025-03-15,2025-04-21,2025-04-05,5.83,7,0,0,0.0,C00861,26,Regular,Western Slovakia,desktop
INT-003975,CMP-099,social,2025-03-15,2025-04-21,2025-04-05,5.83,7,1,0,0.0,C00213,38,New,Western Slovakia,tablet
INT-003976,CMP-099,social,2025-03-15,2025-04-21,2025-04-05,3.33,4,0,0,0.0,C01804,33,Regular,Western Slovakia,tablet
INT-003977,CMP-099,social,2025-03-15,2025-04-21,2025-04-08,7.5,9,1,0,0.0,C01258,38,Loyal,Eastern Slovakia,mobile
INT-003978,CMP-099,social,2025-03-15,2025-04-21,2025-04-09,5.0,6,1,0,0.0,C01341,28,Loyal,Eastern Slovakia,mobile
INT-003979,CMP-099,social,2025-03-15,2025-04-21,2025-04-10,5.83,7,0,0,0.0,C00047,48,Loyal,Western Slovakia,mobile
INT-003980,CMP-099,social,2025-03-15,2025-04-21,2025-04-10,5.0,6,0,0,0.0,C00392,39,Loyal,Western Slovakia,mobile
INT-003981,CMP-099,social,2025-03-15,2025-04-21,2025-04-12,0.83,1,0,0,0.0,C00836,27,Regular,Bratislava,desktop
INT-003982,CMP-099,social,2025-03-15,2025-04-21,2025-04-14,4.17,5,0,0,0.0,C01210,42,Loyal,Eastern Slovakia,desktop
INT-003983,CMP-099,social,2025-03-15,2025-04-21,2025-04-14,6.67,8,0,0,0.0,C02014,38,Loyal,Bratislava,mobile
INT-003984,CMP-099,social,2025-03-15,2025-04-21,2025-04-14,4.17,5,0,0,0.0,C02160,29,New,Bratislava,mobile
INT-003985,CMP-099,social,2025-03-15,2025-04-21,2025-04-15,5.83,7,0,0,0.0,C01307,26,Regular,Bratislava,mobile
INT-003986,CMP-099,social,2025-03-15,2025-04-21,2025-04-16,3.33,4,0,0,0.0,C01398,36,Regular,Bratislava,tablet
INT-003987,CMP-099,social,2025-03-15,2025-04-21,2025-04-16,3.33,4,1,0,0.0,C01945,33,New,Central Slovakia,mobile
INT-003988,CMP-099,social,2025-03-15,2025-04-21,2025-04-16,6.67,8,0,0,0.0,C01608,40,Regular,Central Slovakia,desktop
INT-003989,CMP-099,social,2025-03-15,2025-04-21,2025-04-17,5.0,6,0,0,0.0,C00880,38,At-Risk,Western Slovakia,mobile
INT-003990,CMP-099,social,2025-03-15,2025-04-21,2025-04-19,7.5,9,0,0,0.0,C01078,72,Loyal,Bratislava,desktop
INT-003991,CMP-099,social,2025-03-15,2025-04-21,2025-04-19,5.83,7,0,0,0.0,C00398,41,Loyal,Central Slovakia,mobile
INT-003992,CMP-099,social,2025-03-15,2025-04-21,2025-04-19,5.83,7,0,0,0.0,C02019,45,Loyal,Czech Republic,desktop
INT-003993,CMP-099,social,2025-03-15,2025-04-21,2025-04-20,5.0,6,1,0,0.0,C01800,33,Loyal,Western Slovakia,desktop
INT-003994,CMP-099,social,2025-03-15,2025-04-21,2025-04-20,9.17,11,0,0,0.0,C00229,28,Regular,Bratislava,desktop
INT-003995,CMP-099,social,2025-03-15,2025-04-21,2025-04-20,4.17,5,1,0,0.0,C01522,18,At-Risk,Bratislava,desktop
INT-003996,CMP-038,search,2025-03-18,2025-04-13,2025-03-18,10.07,3,1,0,0.0,C01013,32,New,Bratislava,desktop
INT-003997,CMP-038,search,2025-03-18,2025-04-13,2025-03-18,6.71,2,1,0,0.0,C02103,29,Regular,Eastern Slovakia,desktop
INT-003998,CMP-038,search,2025-03-18,2025-04-13,2025-03-21,6.71,2,0,0,0.0,C00581,18,New,Bratislava,mobile
INT-003999,CMP-038,search,2025-03-18,2025-04-13,2025-03-22,13.43,4,0,0,0.0,C00683,53,Regular,Bratislava,mobile
INT-004000,CMP-038,search,2025-03-18,2025-04-13,2025-03-22,16.78,5,1,1,229.59,C00184,51,Regular,Bratislava,tablet
INT-004001,CMP-038,search,2025-03-18,2025-04-13,2025-03-24,20.14,6,0,0,0.0,C01187,34,Regular,Bratislava,mobile
INT-004002,CMP-038,search,2025-03-18,2025-04-13,2025-03-25,16.78,5,0,0,0.0,C01886,41,New,Western Slovakia,mobile
INT-004003,CMP-038,search,2025-03-18,2025-04-13,2025-03-26,23.5,7,1,0,0.0,C00214,32,Regular,Bratislava,mobile
INT-004004,CMP-038,search,2025-03-18,2025-04-13,2025-03-27,23.5,7,1,0,0.0,C01282,18,New,Eastern Slovakia,mobile
INT-004005,CMP-038,search,2025-03-18,2025-04-13,2025-03-27,6.71,2,0,0,0.0,C01572,35,Regular,Eastern Slovakia,desktop
INT-004006,CMP-038,search,2025-03-18,2025-04-13,2025-03-28,10.07,3,0,0,0.0,C00467,34,Regular,Eastern Slovakia,mobile
INT-004007,CMP-038,search,2025-03-18,2025-04-13,2025-03-28,6.71,2,1,0,0.0,C00740,18,Regular,Central Slovakia,mobile
INT-004008,CMP-038,search,2025-03-18,2025-04-13,2025-03-28,13.43,4,0,0,0.0,C01444,55,Regular,Eastern Slovakia,tablet
INT-004009,CMP-038,search,2025-03-18,2025-04-13,2025-03-28,13.43,4,1,0,0.0,C01500,24,New,Central Slovakia,mobile
INT-004010,CMP-038,search,2025-03-18,2025-04-13,2025-03-29,26.85,8,0,0,0.0,C00976,26,Loyal,Central Slovakia,mobile
INT-004011,CMP-038,search,2025-03-18,2025-04-13,2025-03-29,13.43,4,1,0,0.0,C01071,36,New,Western Slovakia,mobile
INT-004012,CMP-038,search,2025-03-18,2025-04-13,2025-03-30,10.07,3,1,0,0.0,C00965,38,New,Eastern Slovakia,mobile
INT-004013,CMP-038,search,2025-03-18,2025-04-13,2025-03-31,23.5,7,0,0,0.0,C01975,22,New,Bratislava,mobile
INT-004014,CMP-038,search,2025-03-18,2025-04-13,2025-04-01,23.5,7,0,0,0.0,C00583,34,Regular,Bratislava,mobile
INT-004015,CMP-038,search,2025-03-18,2025-04-13,2025-04-02,13.43,4,0,0,0.0,C00724,20,At-Risk,Bratislava,desktop
INT-004016,CMP-038,search,2025-03-18,2025-04-13,2025-04-02,3.36,1,0,0,0.0,C01576,23,Regular,Eastern Slovakia,mobile
INT-004017,CMP-038,search,2025-03-18,2025-04-13,2025-04-03,13.43,4,0,0,0.0,C01230,45,Regular,Western Slovakia,mobile
INT-004018,CMP-038,search,2025-03-18,2025-04-13,2025-04-05,20.14,6,1,0,0.0,C00115,39,Regular,Bratislava,mobile
INT-004019,CMP-038,search,2025-03-18,2025-04-13,2025-04-07,10.07,3,0,0,0.0,C01152,50,Loyal,Bratislava,desktop
INT-004020,CMP-038,search,2025-03-18,2025-04-13,2025-04-07,13.43,4,1,0,0.0,C01296,48,Regular,Bratislava,mobile
INT-004021,CMP-038,search,2025-03-18,2025-04-13,2025-04-08,16.78,5,1,0,0.0,C00084,33,New,Western Slovakia,desktop
INT-004022,CMP-038,search,2025-03-18,2025-04-13,2025-04-08,16.78,5,0,0,0.0,C01161,24,Regular,Bratislava,mobile
INT-004023,CMP-038,search,2025-03-18,2025-04-13,2025-04-09,6.71,2,0,0,0.0,C01338,46,Regular,Eastern Slovakia,tablet
INT-004024,CMP-038,search,2025-03-18,2025-04-13,2025-04-09,6.71,2,0,0,0.0,C02118,39,Regular,Western Slovakia,tablet
INT-004025,CMP-038,search,2025-03-18,2025-04-13,2025-04-10,10.07,3,0,0,0.0,C00628,54,Regular,Bratislava,desktop
INT-004026,CMP-038,search,2025-03-18,2025-04-13,2025-04-11,13.43,4,0,0,0.0,C00090,43,New,Western Slovakia,mobile
INT-004027,CMP-038,search,2025-03-18,2025-04-13,2025-04-11,13.43,4,0,0,0.0,C01545,54,Regular,Central Slovakia,desktop
INT-004028,CMP-038,search,2025-03-18,2025-04-13,2025-04-11,13.43,4,1,0,0.0,C00303,48,Regular,Western Slovakia,desktop
INT-004029,CMP-038,search,2025-03-18,2025-04-13,2025-04-12,23.5,7,0,0,0.0,C01249,36,Regular,Eastern Slovakia,tablet
INT-004030,CMP-036,search,2025-03-20,2025-04-26,2025-03-20,14.79,6,2,0,0.0,C02200,28,New,Western Slovakia,tablet
INT-004031,CMP-036,search,2025-03-20,2025-04-26,2025-03-21,12.33,5,0,0,0.0,C01410,44,New,Bratislava,desktop
INT-004032,CMP-036,search,2025-03-20,2025-04-26,2025-03-22,7.4,3,0,0,0.0,C01073,35,Loyal,Western Slovakia,mobile
INT-004033,CMP-036,search,2025-03-20,2025-04-26,2025-03-23,7.4,3,1,1,482.22,C01152,50,Loyal,Bratislava,desktop
INT-004034,CMP-036,search,2025-03-20,2025-04-26,2025-03-24,9.86,4,0,0,0.0,C00343,39,Regular,Bratislava,desktop
INT-004035,CMP-036,search,2025-03-20,2025-04-26,2025-03-24,9.86,4,0,0,0.0,C00157,40,Regular,Eastern Slovakia,mobile
INT-004036,CMP-036,search,2025-03-20,2025-04-26,2025-03-24,4.93,2,0,0,0.0,C00316,34,Regular,Bratislava,mobile
INT-004037,CMP-036,search,2025-03-20,2025-04-26,2025-03-25,9.86,4,2,0,0.0,C01407,41,New,Central Slovakia,mobile
INT-004038,CMP-036,search,2025-03-20,2025-04-26,2025-03-27,4.93,2,1,0,0.0,C00423,31,Regular,Central Slovakia,mobile
INT-004039,CMP-036,search,2025-03-20,2025-04-26,2025-03-27,7.4,3,0,0,0.0,C01590,33,New,Western Slovakia,mobile
INT-004040,CMP-036,search,2025-03-20,2025-04-26,2025-03-27,4.93,2,0,0,0.0,C00388,44,New,Bratislava,desktop
INT-004041,CMP-036,search,2025-03-20,2025-04-26,2025-03-27,9.86,4,1,0,0.0,C00596,33,Regular,Czech Republic,tablet
INT-004042,CMP-036,search,2025-03-20,2025-04-26,2025-03-28,4.93,2,0,0,0.0,C02114,40,At-Risk,Czech Republic,desktop
INT-004043,CMP-036,search,2025-03-20,2025-04-26,2025-03-29,4.93,2,1,0,0.0,C01614,39,Regular,Western Slovakia,tablet
INT-004044,CMP-036,search,2025-03-20,2025-04-26,2025-03-30,12.33,5,2,1,189.59,C01711,31,Regular,Central Slovakia,mobile
INT-004045,CMP-036,search,2025-03-20,2025-04-26,2025-03-31,7.4,3,1,0,0.0,C00459,42,New,Central Slovakia,mobile
INT-004046,CMP-036,search,2025-03-20,2025-04-26,2025-03-31,7.4,3,1,0,0.0,C01163,35,Regular,Bratislava,desktop
INT-004047,CMP-036,search,2025-03-20,2025-04-26,2025-03-31,12.33,5,1,0,0.0,C00342,42,At-Risk,Bratislava,mobile
INT-004048,CMP-036,search,2025-03-20,2025-04-26,2025-04-01,7.4,3,1,0,0.0,C00983,41,Regular,Central Slovakia,desktop
INT-004049,CMP-036,search,2025-03-20,2025-04-26,2025-04-03,4.93,2,0,0,0.0,C00635,34,Regular,Czech Republic,tablet
INT-004050,CMP-036,search,2025-03-20,2025-04-26,2025-04-03,4.93,2,0,0,0.0,C00574,27,At-Risk,Central Slovakia,mobile
INT-004051,CMP-036,search,2025-03-20,2025-04-26,2025-04-05,7.4,3,0,0,0.0,C00735,41,New,Bratislava,mobile
INT-004052,CMP-036,search,2025-03-20,2025-04-26,2025-04-06,7.4,3,1,1,279.29,C02125,38,Regular,Western Slovakia,desktop
INT-004053,CMP-036,search,2025-03-20,2025-04-26,2025-04-06,2.47,1,1,0,0.0,C00609,18,Loyal,Central Slovakia,desktop
INT-004054,CMP-036,search,2025-03-20,2025-04-26,2025-04-07,7.4,3,0,0,0.0,C00415,35,Regular,Central Slovakia,mobile
INT-004055,CMP-036,search,2025-03-20,2025-04-26,2025-04-08,17.26,7,0,0,0.0,C01729,39,Regular,Western Slovakia,mobile
INT-004056,CMP-036,search,2025-03-20,2025-04-26,2025-04-08,2.47,1,0,0,0.0,C00570,40,At-Risk,Western Slovakia,mobile
INT-004057,CMP-036,search,2025-03-20,2025-04-26,2025-04-09,7.4,3,1,0,0.0,C00919,54,New,Eastern Slovakia,desktop
INT-004058,CMP-036,search,2025-03-20,2025-04-26,2025-04-09,14.79,6,1,0,0.0,C01145,38,Loyal,Central Slovakia,desktop
INT-004059,CMP-036,search,2025-03-20,2025-04-26,2025-04-10,9.86,4,0,0,0.0,C00672,41,New,Western Slovakia,mobile
INT-004060,CMP-036,search,2025-03-20,2025-04-26,2025-04-10,7.4,3,1,1,225.68,C00173,33,Loyal,Central Slovakia,mobile
INT-004061,CMP-036,search,2025-03-20,2025-04-26,2025-04-11,14.79,6,1,1,244.51,C00219,36,Regular,Eastern Slovakia,mobile
INT-004062,CMP-036,search,2025-03-20,2025-04-26,2025-04-11,4.93,2,1,0,0.0,C02006,51,New,Eastern Slovakia,mobile
INT-004063,CMP-036,search,2025-03-20,2025-04-26,2025-04-12,7.4,3,2,1,155.93,C01325,41,Regular,Bratislava,desktop
INT-004064,CMP-036,search,2025-03-20,2025-04-26,2025-04-12,2.47,1,0,0,0.0,C01879,55,Loyal,Western Slovakia,desktop
INT-004065,CMP-036,search,2025-03-20,2025-04-26,2025-04-14,7.4,3,1,0,0.0,C01274,42,Regular,Eastern Slovakia,mobile
INT-004066,CMP-036,search,2025-03-20,2025-04-26,2025-04-15,17.26,7,2,0,0.0,C00910,25,Regular,Eastern Slovakia,desktop
INT-004067,CMP-036,search,2025-03-20,2025-04-26,2025-04-16,7.4,3,0,0,0.0,C00624,31,New,Western Slovakia,mobile
INT-004068,CMP-036,search,2025-03-20,2025-04-26,2025-04-17,4.93,2,0,0,0.0,C00824,18,Loyal,Eastern Slovakia,mobile
INT-004069,CMP-036,search,2025-03-20,2025-04-26,2025-04-21,7.4,3,2,1,197.74,C01434,18,Regular,Czech Republic,mobile
INT-004070,CMP-036,search,2025-03-20,2025-04-26,2025-04-21,4.93,2,0,0,0.0,C01841,31,New,Central Slovakia,desktop
INT-004071,CMP-036,search,2025-03-20,2025-04-26,2025-04-22,9.86,4,0,0,0.0,C00026,34,New,Central Slovakia,mobile
INT-004072,CMP-036,search,2025-03-20,2025-04-26,2025-04-22,4.93,2,1,0,0.0,C01643,18,Regular,Central Slovakia,mobile
INT-004073,CMP-036,search,2025-03-20,2025-04-26,2025-04-23,7.4,3,0,0,0.0,C01515,18,New,Central Slovakia,desktop
INT-004074,CMP-036,search,2025-03-20,2025-04-26,2025-04-23,4.93,2,0,0,0.0,C02120,47,Regular,Eastern Slovakia,mobile
INT-004075,CMP-012,email,2025-04-05,2025-05-05,2025-04-06,4.91,6,0,0,0.0,C00757,27,Regular,Bratislava,tablet
INT-004076,CMP-012,email,2025-04-05,2025-05-05,2025-04-06,0.82,1,0,0,0.0,C00150,40,Regular,Western Slovakia,mobile
INT-004077,CMP-012,email,2025-04-05,2025-05-05,2025-04-06,2.46,3,0,0,0.0,C01205,30,At-Risk,Bratislava,mobile
INT-004078,CMP-012,email,2025-04-05,2025-05-05,2025-04-07,3.27,4,1,1,167.73,C00637,36,New,Eastern Slovakia,desktop
INT-004079,CMP-012,email,2025-04-05,2025-05-05,2025-04-07,0.82,1,0,0,0.0,C01665,52,Regular,Western Slovakia,mobile
INT-004080,CMP-012,email,2025-04-05,2025-05-05,2025-04-07,4.91,6,0,0,0.0,C00485,37,New,Central Slovakia,mobile
INT-004081,CMP-012,email,2025-04-05,2025-05-05,2025-04-07,5.73,7,0,0,0.0,C00538,52,Regular,Bratislava,mobile
INT-004082,CMP-012,email,2025-04-05,2025-05-05,2025-04-08,1.64,2,0,0,0.0,C00021,36,Regular,Czech Republic,mobile
INT-004083,CMP-012,email,2025-04-05,2025-05-05,2025-04-08,0.82,1,0,0,0.0,C01538,18,New,Western Slovakia,mobile
INT-004084,CMP-012,email,2025-04-05,2025-05-05,2025-04-09,3.27,4,1,1,104.16,C00811,36,Regular,Central Slovakia,desktop
INT-004085,CMP-012,email,2025-04-05,2025-05-05,2025-04-09,5.73,7,1,1,258.81,C01227,47,Loyal,Bratislava,desktop
INT-004086,CMP-012,email,2025-04-05,2025-05-05,2025-04-09,1.64,2,0,0,0.0,C01809,38,Regular,Western Slovakia,desktop
INT-004087,CMP-012,email,2025-04-05,2025-05-05,2025-04-09,1.64,2,0,0,0.0,C00943,44,Regular,Czech Republic,desktop
INT-004088,CMP-012,email,2025-04-05,2025-05-05,2025-04-10,5.73,7,0,0,0.0,C01271,56,Regular,Eastern Slovakia,desktop
INT-004089,CMP-012,email,2025-04-05,2025-05-05,2025-04-10,2.46,3,0,0,0.0,C01111,56,Regular,Czech Republic,mobile
INT-004090,CMP-012,email,2025-04-05,2025-05-05,2025-04-11,2.46,3,0,0,0.0,C00583,34,Regular,Bratislava,mobile
INT-004091,CMP-012,email,2025-04-05,2025-05-05,2025-04-11,1.64,2,0,0,0.0,C00233,42,New,Eastern Slovakia,mobile
INT-004092,CMP-012,email,2025-04-05,2025-05-05,2025-04-12,1.64,2,1,1,140.49,C02050,25,Loyal,Central Slovakia,mobile
INT-004093,CMP-012,email,2025-04-05,2025-05-05,2025-04-12,2.46,3,0,0,0.0,C01108,28,Regular,Western Slovakia,mobile
INT-004094,CMP-012,email,2025-04-05,2025-05-05,2025-04-12,0.82,1,0,0,0.0,C02032,32,Regular,Western Slovakia,desktop
INT-004095,CMP-012,email,2025-04-05,2025-05-05,2025-04-12,4.91,6,0,0,0.0,C01367,24,Regular,Western Slovakia,mobile
INT-004096,CMP-012,email,2025-04-05,2025-05-05,2025-04-12,3.27,4,1,0,0.0,C00390,21,New,Bratislava,tablet
INT-004097,CMP-012,email,2025-04-05,2025-05-05,2025-04-13,4.09,5,1,1,170.55,C02058,18,Regular,Bratislava,mobile
INT-004098,CMP-012,email,2025-04-05,2025-05-05,2025-04-13,0.82,1,0,0,0.0,C01306,18,Loyal,Central Slovakia,desktop
INT-004099,CMP-012,email,2025-04-05,2025-05-05,2025-04-13,3.27,4,0,0,0.0,C02129,43,At-Risk,Czech Republic,desktop
INT-004100,CMP-012,email,2025-04-05,2025-05-05,2025-04-13,2.46,3,0,0,0.0,C01129,35,Regular,Eastern Slovakia,mobile
INT-004101,CMP-012,email,2025-04-05,2025-05-05,2025-04-13,2.46,3,0,0,0.0,C02159,46,Loyal,Bratislava,desktop
INT-004102,CMP-012,email,2025-04-05,2025-05-05,2025-04-13,3.27,4,0,0,0.0,C01575,21,Loyal,Eastern Slovakia,mobile
INT-004103,CMP-012,email,2025-04-05,2025-05-05,2025-04-14,3.27,4,2,0,0.0,C02166,53,Loyal,Bratislava,mobile
INT-004104,CMP-012,email,2025-04-05,2025-05-05,2025-04-14,2.46,3,1,0,0.0,C01100,53,Regular,Western Slovakia,desktop
INT-004105,CMP-012,email,2025-04-05,2025-05-05,2025-04-14,2.46,3,0,0,0.0,C02034,33,New,Eastern Slovakia,desktop
INT-004106,CMP-012,email,2025-04-05,2025-05-05,2025-04-14,4.09,5,0,0,0.0,C00606,44,At-Risk,Bratislava,mobile
INT-004107,CMP-012,email,2025-04-05,2025-05-05,2025-04-15,3.27,4,0,0,0.0,C00979,21,Regular,Czech Republic,mobile
INT-004108,CMP-012,email,2025-04-05,2025-05-05,2025-04-15,4.91,6,1,0,0.0,C01581,52,Regular,Western Slovakia,mobile
INT-004109,CMP-012,email,2025-04-05,2025-05-05,2025-04-15,2.46,3,0,0,0.0,C00029,43,Loyal,Eastern Slovakia,mobile
INT-004110,CMP-012,email,2025-04-05,2025-05-05,2025-04-15,2.46,3,0,0,0.0,C01153,41,Regular,Eastern Slovakia,mobile
INT-004111,CMP-012,email,2025-04-05,2025-05-05,2025-04-15,2.46,3,1,1,349.74,C01326,50,Regular,Bratislava,desktop
INT-004112,CMP-012,email,2025-04-05,2025-05-05,2025-04-15,1.64,2,0,0,0.0,C01893,24,New,Eastern Slovakia,mobile
INT-004113,CMP-012,email,2025-04-05,2025-05-05,2025-04-15,1.64,2,0,0,0.0,C00901,43,New,Czech Republic,desktop
INT-004114,CMP-012,email,2025-04-05,2025-05-05,2025-04-16,2.46,3,0,0,0.0,C02089,30,Regular,Western Slovakia,desktop
INT-004115,CMP-012,email,2025-04-05,2025-05-05,2025-04-17,1.64,2,0,0,0.0,C01549,45,Regular,Eastern Slovakia,mobile
INT-004116,CMP-012,email,2025-04-05,2025-05-05,2025-04-17,4.09,5,0,0,0.0,C01660,40,Loyal,Central Slovakia,desktop
INT-004117,CMP-012,email,2025-04-05,2025-05-05,2025-04-17,6.55,8,1,0,0.0,C02176,39,Regular,Czech Republic,desktop
INT-004118,CMP-012,email,2025-04-05,2025-05-05,2025-04-17,0.82,1,0,0,0.0,C02172,25,New,Bratislava,mobile
INT-004119,CMP-012,email,2025-04-05,2025-05-05,2025-04-17,3.27,4,0,0,0.0,C01475,36,Loyal,Central Slovakia,tablet
INT-004120,CMP-012,email,2025-04-05,2025-05-05,2025-04-18,4.91,6,0,0,0.0,C01912,44,New,Central Slovakia,mobile
INT-004121,CMP-012,email,2025-04-05,2025-05-05,2025-04-19,4.09,5,0,0,0.0,C00509,31,Regular,Western Slovakia,mobile
INT-004122,CMP-012,email,2025-04-05,2025-05-05,2025-04-19,1.64,2,0,0,0.0,C00835,29,Loyal,Bratislava,mobile
INT-004123,CMP-012,email,2025-04-05,2025-05-05,2025-04-19,3.27,4,1,0,0.0,C02081,43,New,Bratislava,mobile
INT-004124,CMP-012,email,2025-04-05,2025-05-05,2025-04-19,3.27,4,0,0,0.0,C00601,44,Regular,Bratislava,mobile
INT-004125,CMP-012,email,2025-04-05,2025-05-05,2025-04-20,3.27,4,0,0,0.0,C01363,18,Regular,Central Slovakia,desktop
INT-004126,CMP-012,email,2025-04-05,2025-05-05,2025-04-21,4.09,5,0,0,0.0,C00182,41,Loyal,Western Slovakia,mobile
INT-004127,CMP-012,email,2025-04-05,2025-05-05,2025-04-22,3.27,4,0,0,0.0,C02097,48,Loyal,Bratislava,desktop
INT-004128,CMP-012,email,2025-04-05,2025-05-05,2025-04-22,3.27,4,1,0,0.0,C00264,31,New,Czech Republic,desktop
INT-004129,CMP-012,email,2025-04-05,2025-05-05,2025-04-23,3.27,4,1,0,0.0,C01389,42,Loyal,Western Slovakia,mobile
INT-004130,CMP-012,email,2025-04-05,2025-05-05,2025-04-23,2.46,3,1,1,198.19,C02175,42,Regular,Bratislava,desktop
INT-004131,CMP-012,email,2025-04-05,2025-05-05,2025-04-23,1.64,2,0,0,0.0,C01950,62,New,Eastern Slovakia,mobile
INT-004132,CMP-012,email,2025-04-05,2025-05-05,2025-04-25,4.09,5,0,0,0.0,C01788,19,Loyal,Central Slovakia,desktop
INT-004133,CMP-012,email,2025-04-05,2025-05-05,2025-04-25,1.64,2,0,0,0.0,C00820,24,Regular,Western Slovakia,desktop
INT-004134,CMP-012,email,2025-04-05,2025-05-05,2025-04-25,4.09,5,0,0,0.0,C01883,33,Regular,Western Slovakia,mobile
INT-004135,CMP-012,email,2025-04-05,2025-05-05,2025-04-25,1.64,2,1,1,174.07,C01347,42,Loyal,Western Slovakia,mobile
INT-004136,CMP-012,email,2025-04-05,2025-05-05,2025-04-25,2.46,3,0,0,0.0,C00219,36,Regular,Eastern Slovakia,desktop
INT-004137,CMP-012,email,2025-04-05,2025-05-05,2025-04-26,4.91,6,1,0,0.0,C01729,39,Regular,Western Slovakia,mobile
INT-004138,CMP-012,email,2025-04-05,2025-05-05,2025-04-26,3.27,4,0,0,0.0,C01900,25,Regular,Central Slovakia,desktop
INT-004139,CMP-012,email,2025-04-05,2025-05-05,2025-04-27,2.46,3,1,0,0.0,C01767,23,New,Central Slovakia,tablet
INT-004140,CMP-012,email,2025-04-05,2025-05-05,2025-04-27,3.27,4,0,0,0.0,C00445,34,Loyal,Central Slovakia,desktop
INT-004141,CMP-012,email,2025-04-05,2025-05-05,2025-04-28,4.09,5,0,0,0.0,C01818,49,Loyal,Eastern Slovakia,mobile
INT-004142,CMP-012,email,2025-04-05,2025-05-05,2025-05-01,0.82,1,0,0,0.0,C01002,29,Regular,Central Slovakia,mobile
INT-004143,CMP-012,email,2025-04-05,2025-05-05,2025-05-01,2.46,3,0,0,0.0,C01694,32,Regular,Central Slovakia,mobile
INT-004144,CMP-012,email,2025-04-05,2025-05-05,2025-05-01,2.46,3,0,0,0.0,C01438,18,At-Risk,Bratislava,desktop
INT-004145,CMP-012,email,2025-04-05,2025-05-05,2025-05-01,1.64,2,0,0,0.0,C01804,33,Regular,Western Slovakia,tablet
INT-004146,CMP-012,email,2025-04-05,2025-05-05,2025-05-01,2.46,3,1,0,0.0,C00667,19,New,Central Slovakia,desktop
INT-004147,CMP-012,email,2025-04-05,2025-05-05,2025-05-02,0.82,1,0,0,0.0,C01765,25,Regular,Bratislava,mobile
INT-004148,CMP-012,email,2025-04-05,2025-05-05,2025-05-02,2.46,3,0,0,0.0,C00907,35,New,Central Slovakia,mobile
INT-004149,CMP-012,email,2025-04-05,2025-05-05,2025-05-02,4.91,6,0,0,0.0,C01300,26,Loyal,Czech Republic,desktop
INT-004150,CMP-012,email,2025-04-05,2025-05-05,2025-05-03,4.09,5,0,0,0.0,C00402,40,Regular,Eastern Slovakia,mobile
INT-004151,CMP-012,email,2025-04-05,2025-05-05,2025-05-03,1.64,2,0,0,0.0,C00042,45,Loyal,Eastern Slovakia,mobile
INT-004152,CMP-012,email,2025-04-05,2025-05-05,2025-05-03,4.09,5,0,0,0.0,C01838,35,Regular,Czech Republic,mobile
INT-004153,CMP-012,email,2025-04-05,2025-05-05,2025-05-04,2.46,3,0,0,0.0,C01597,42,Loyal,Western Slovakia,mobile
INT-004154,CMP-100,display,2025-04-09,2025-05-19,2025-04-09,4.4,10,0,0,0.0,C00777,25,New,Bratislava,tablet
INT-004155,CMP-100,display,2025-04-09,2025-05-19,2025-04-09,6.6,15,0,0,0.0,C00129,30,New,Western Slovakia,mobile
INT-004156,CMP-100,display,2025-04-09,2025-05-19,2025-04-09,8.36,19,0,0,0.0,C00095,18,Loyal,Western Slovakia,mobile
INT-004157,CMP-100,display,2025-04-09,2025-05-19,2025-04-10,5.72,13,1,0,0.0,C00035,45,New,Eastern Slovakia,mobile
INT-004158,CMP-100,display,2025-04-09,2025-05-19,2025-04-10,6.6,15,0,0,0.0,C00060,50,At-Risk,Western Slovakia,desktop
INT-004159,CMP-100,display,2025-04-09,2025-05-19,2025-04-11,6.16,14,1,0,0.0,C01744,22,Regular,Western Slovakia,desktop
INT-004160,CMP-100,display,2025-04-09,2025-05-19,2025-04-12,2.2,5,0,0,0.0,C01210,42,Loyal,Eastern Slovakia,mobile
INT-004161,CMP-100,display,2025-04-09,2025-05-19,2025-04-12,5.72,13,0,0,0.0,C01421,35,Regular,Central Slovakia,desktop
INT-004162,CMP-100,display,2025-04-09,2025-05-19,2025-04-13,5.72,13,1,1,108.17,C00722,52,Regular,Central Slovakia,desktop
INT-004163,CMP-100,display,2025-04-09,2025-05-19,2025-04-13,4.4,10,0,0,0.0,C01104,44,Regular,Bratislava,desktop
INT-004164,CMP-100,display,2025-04-09,2025-05-19,2025-04-14,6.16,14,1,0,0.0,C00030,43,Regular,Czech Republic,mobile
INT-004165,CMP-100,display,2025-04-09,2025-05-19,2025-04-14,3.08,7,0,0,0.0,C00401,36,At-Risk,Bratislava,tablet
INT-004166,CMP-100,display,2025-04-09,2025-05-19,2025-04-17,7.48,17,0,0,0.0,C00993,60,At-Risk,Eastern Slovakia,mobile
INT-004167,CMP-100,display,2025-04-09,2025-05-19,2025-04-18,11.0,25,0,0,0.0,C02083,24,New,Central Slovakia,desktop
INT-004168,CMP-100,display,2025-04-09,2025-05-19,2025-04-19,6.6,15,0,0,0.0,C02110,41,Loyal,Bratislava,mobile
INT-004169,CMP-100,display,2025-04-09,2025-05-19,2025-04-20,3.52,8,0,0,0.0,C00701,51,New,Central Slovakia,mobile
INT-004170,CMP-100,display,2025-04-09,2025-05-19,2025-04-20,6.16,14,1,1,118.16,C02041,49,New,Bratislava,mobile
INT-004171,CMP-100,display,2025-04-09,2025-05-19,2025-04-20,7.48,17,0,0,0.0,C00889,18,Loyal,Eastern Slovakia,mobile
INT-004172,CMP-100,display,2025-04-09,2025-05-19,2025-04-21,4.84,11,0,0,0.0,C01752,31,Regular,Western Slovakia,mobile
INT-004173,CMP-100,display,2025-04-09,2025-05-19,2025-04-23,5.28,12,1,0,0.0,C02122,39,New,Central Slovakia,tablet
INT-004174,CMP-100,display,2025-04-09,2025-05-19,2025-04-24,3.52,8,1,0,0.0,C00317,39,New,Central Slovakia,mobile
INT-004175,CMP-100,display,2025-04-09,2025-05-19,2025-04-24,5.28,12,0,0,0.0,C00842,38,At-Risk,Western Slovakia,tablet
INT-004176,CMP-100,display,2025-04-09,2025-05-19,2025-04-26,3.96,9,1,0,0.0,C02093,40,Regular,Czech Republic,mobile
INT-004177,CMP-100,display,2025-04-09,2025-05-19,2025-04-28,3.52,8,0,0,0.0,C01626,52,Regular,Central Slovakia,mobile
INT-004178,CMP-100,display,2025-04-09,2025-05-19,2025-04-29,5.28,12,1,1,171.86,C00711,38,Loyal,Czech Republic,mobile
INT-004179,CMP-100,display,2025-04-09,2025-05-19,2025-04-30,6.16,14,0,0,0.0,C01057,40,New,Bratislava,mobile
INT-004180,CMP-100,display,2025-04-09,2025-05-19,2025-05-02,3.08,7,0,0,0.0,C02143,70,Regular,Western Slovakia,mobile
INT-004181,CMP-100,display,2025-04-09,2025-05-19,2025-05-03,3.52,8,0,0,0.0,C00997,47,Regular,Eastern Slovakia,mobile
INT-004182,CMP-100,display,2025-04-09,2025-05-19,2025-05-03,4.4,10,0,0,0.0,C01352,45,New,Central Slovakia,desktop
INT-004183,CMP-100,display,2025-04-09,2025-05-19,2025-05-04,7.04,16,0,0,0.0,C02081,43,New,Bratislava,mobile
INT-004184,CMP-100,display,2025-04-09,2025-05-19,2025-05-05,7.04,16,0,0,0.0,C01672,19,Loyal,Western Slovakia,mobile
INT-004185,CMP-100,display,2025-04-09,2025-05-19,2025-05-06,5.28,12,0,0,0.0,C00216,50,Loyal,Western Slovakia,mobile
INT-004186,CMP-100,display,2025-04-09,2025-05-19,2025-05-06,5.28,12,0,0,0.0,C01772,39,New,Bratislava,mobile
INT-004187,CMP-100,display,2025-04-09,2025-05-19,2025-05-07,7.04,16,0,0,0.0,C01269,46,Regular,Bratislava,desktop
INT-004188,CMP-100,display,2025-04-09,2025-05-19,2025-05-08,4.84,11,0,0,0.0,C01898,43,Loyal,Eastern Slovakia,tablet
INT-004189,CMP-100,display,2025-04-09,2025-05-19,2025-05-08,4.4,10,0,0,0.0,C01905,45,Regular,Bratislava,desktop
INT-004190,CMP-100,display,2025-04-09,2025-05-19,2025-05-09,5.72,13,0,0,0.0,C02129,43,At-Risk,Czech Republic,desktop
INT-004191,CMP-100,display,2025-04-09,2025-05-19,2025-05-09,6.16,14,0,0,0.0,C00385,19,Regular,Western Slovakia,mobile
INT-004192,CMP-100,display,2025-04-09,2025-05-19,2025-05-11,3.96,9,0,0,0.0,C02155,41,Regular,Eastern Slovakia,mobile
INT-004193,CMP-100,display,2025-04-09,2025-05-19,2025-05-11,8.8,20,1,0,0.0,C01680,35,At-Risk,Bratislava,mobile
INT-004194,CMP-100,display,2025-04-09,2025-05-19,2025-05-11,4.4,10,0,0,0.0,C02043,61,New,Eastern Slovakia,mobile
INT-004195,CMP-100,display,2025-04-09,2025-05-19,2025-05-12,9.24,21,1,1,127.37,C01122,38,New,Bratislava,mobile
INT-004196,CMP-100,display,2025-04-09,2025-05-19,2025-05-12,5.72,13,0,0,0.0,C02031,54,New,Eastern Slovakia,mobile
INT-004197,CMP-100,display,2025-04-09,2025-05-19,2025-05-13,7.04,16,0,0,0.0,C01254,42,Regular,Eastern Slovakia,desktop
INT-004198,CMP-100,display,2025-04-09,2025-05-19,2025-05-14,3.96,9,0,0,0.0,C00642,46,At-Risk,Eastern Slovakia,mobile
INT-004199,CMP-100,display,2025-04-09,2025-05-19,2025-05-14,4.84,11,0,0,0.0,C00152,26,Loyal,Czech Republic,desktop
INT-004200,CMP-100,display,2025-04-09,2025-05-19,2025-05-14,7.92,18,0,0,0.0,C01991,43,Loyal,Western Slovakia,mobile
INT-004201,CMP-100,display,2025-04-09,2025-05-19,2025-05-15,6.6,15,0,0,0.0,C00641,20,New,Western Slovakia,mobile
INT-004202,CMP-100,display,2025-04-09,2025-05-19,2025-05-15,6.6,15,0,0,0.0,C01272,55,Loyal,Bratislava,mobile
INT-004203,CMP-100,display,2025-04-09,2025-05-19,2025-05-15,5.28,12,0,0,0.0,C02196,18,Regular,Bratislava,desktop
INT-004204,CMP-100,display,2025-04-09,2025-05-19,2025-05-16,7.48,17,0,0,0.0,C01331,18,Loyal,Czech Republic,mobile
INT-004205,CMP-100,display,2025-04-09,2025-05-19,2025-05-16,3.96,9,1,0,0.0,C00820,24,Regular,Western Slovakia,desktop
INT-004206,CMP-100,display,2025-04-09,2025-05-19,2025-05-16,5.28,12,0,0,0.0,C00271,29,New,Western Slovakia,desktop
INT-004207,CMP-100,display,2025-04-09,2025-05-19,2025-05-17,6.16,14,0,0,0.0,C01746,29,New,Western Slovakia,mobile
INT-004208,CMP-100,display,2025-04-09,2025-05-19,2025-05-17,6.16,14,2,0,0.0,C02061,21,Regular,Eastern Slovakia,desktop
INT-004209,CMP-100,display,2025-04-09,2025-05-19,2025-05-18,8.36,19,0,0,0.0,C01354,42,New,Central Slovakia,desktop
INT-004210,CMP-100,display,2025-04-09,2025-05-19,2025-05-18,3.96,9,0,0,0.0,C00944,52,Loyal,Western Slovakia,mobile
INT-004211,CMP-100,display,2025-04-09,2025-05-19,2025-05-18,5.28,12,0,0,0.0,C00447,51,Loyal,Bratislava,mobile
INT-004212,CMP-019,search,2025-04-22,2025-05-14,2025-04-22,16.95,6,1,1,392.87,C00394,44,Loyal,Western Slovakia,mobile
INT-004213,CMP-019,search,2025-04-22,2025-05-14,2025-04-22,14.12,5,1,0,0.0,C00563,39,Loyal,Bratislava,desktop
INT-004214,CMP-019,search,2025-04-22,2025-05-14,2025-04-22,19.77,7,0,0,0.0,C01927,31,Regular,Bratislava,mobile
INT-004215,CMP-019,search,2025-04-22,2025-05-14,2025-04-22,11.3,4,0,0,0.0,C00054,34,Regular,Western Slovakia,desktop
INT-004216,CMP-019,search,2025-04-22,2025-05-14,2025-04-22,14.12,5,0,0,0.0,C01115,39,Regular,Czech Republic,desktop
INT-004217,CMP-019,search,2025-04-22,2025-05-14,2025-04-22,22.6,8,1,0,0.0,C01030,51,New,Czech Republic,tablet
INT-004218,CMP-019,search,2025-04-22,2025-05-14,2025-04-23,16.95,6,0,0,0.0,C00018,26,Regular,Central Slovakia,mobile
INT-004219,CMP-019,search,2025-04-22,2025-05-14,2025-04-24,19.77,7,0,0,0.0,C00981,44,Regular,Western Slovakia,mobile
INT-004220,CMP-019,search,2025-04-22,2025-05-14,2025-04-25,31.07,11,0,0,0.0,C00266,50,Loyal,Bratislava,desktop
INT-004221,CMP-019,search,2025-04-22,2025-05-14,2025-04-25,22.6,8,1,0,0.0,C00025,33,Loyal,Western Slovakia,desktop
INT-004222,CMP-019,search,2025-04-22,2025-05-14,2025-04-25,19.77,7,1,1,131.68,C00003,47,Regular,Central Slovakia,desktop
INT-004223,CMP-019,search,2025-04-22,2025-05-14,2025-04-25,16.95,6,0,0,0.0,C00677,67,Loyal,Western Slovakia,tablet
INT-004224,CMP-019,search,2025-04-22,2025-05-14,2025-04-25,16.95,6,0,0,0.0,C01653,44,Loyal,Eastern Slovakia,mobile
INT-004225,CMP-019,search,2025-04-22,2025-05-14,2025-04-25,22.6,8,0,0,0.0,C02165,45,New,Czech Republic,tablet
INT-004226,CMP-019,search,2025-04-22,2025-05-14,2025-04-26,14.12,5,1,0,0.0,C01626,52,Regular,Central Slovakia,mobile
INT-004227,CMP-019,search,2025-04-22,2025-05-14,2025-04-26,16.95,6,0,0,0.0,C00306,25,Loyal,Central Slovakia,mobile
INT-004228,CMP-019,search,2025-04-22,2025-05-14,2025-04-26,11.3,4,0,0,0.0,C02009,52,At-Risk,Western Slovakia,mobile
INT-004229,CMP-019,search,2025-04-22,2025-05-14,2025-04-26,33.9,12,3,2,573.62,C00791,29,Regular,Bratislava,desktop
INT-004230,CMP-019,search,2025-04-22,2025-05-14,2025-04-26,28.25,10,2,2,503.53,C01560,36,Loyal,Eastern Slovakia,desktop
INT-004231,CMP-019,search,2025-04-22,2025-05-14,2025-04-26,22.6,8,1,0,0.0,C01607,44,Loyal,Bratislava,desktop
INT-004232,CMP-019,search,2025-04-22,2025-05-14,2025-04-27,28.25,10,1,0,0.0,C00392,39,Loyal,Western Slovakia,mobile
INT-004233,CMP-019,search,2025-04-22,2025-05-14,2025-04-27,14.12,5,1,1,324.01,C00964,37,Regular,Bratislava,desktop
INT-004234,CMP-019,search,2025-04-22,2025-05-14,2025-04-27,11.3,4,0,0,0.0,C00635,34,Regular,Czech Republic,desktop
INT-004235,CMP-019,search,2025-04-22,2025-05-14,2025-04-27,28.25,10,1,0,0.0,C01789,42,Regular,Eastern Slovakia,tablet
INT-004236,CMP-019,search,2025-04-22,2025-05-14,2025-04-27,39.55,14,3,1,208.49,C00625,44,New,Czech Republic,desktop
INT-004237,CMP-019,search,2025-04-22,2025-05-14,2025-04-28,19.77,7,1,1,88.85,C00721,37,Regular,Central Slovakia,mobile
INT-004238,CMP-019,search,2025-04-22,2025-05-14,2025-04-28,14.12,5,1,1,377.05,C02064,43,Loyal,Eastern Slovakia,desktop
INT-004239,CMP-019,search,2025-04-22,2025-05-14,2025-04-28,8.47,3,0,0,0.0,C02087,37,New,Bratislava,mobile
INT-004240,CMP-019,search,2025-04-22,2025-05-14,2025-04-28,14.12,5,1,0,0.0,C01074,19,Loyal,Central Slovakia,mobile
INT-004241,CMP-019,search,2025-04-22,2025-05-14,2025-04-28,25.42,9,3,2,873.37,C01227,47,Loyal,Bratislava,desktop
INT-004242,CMP-019,search,2025-04-22,2025-05-14,2025-04-28,19.77,7,0,0,0.0,C01697,32,New,Eastern Slovakia,mobile
INT-004243,CMP-019,search,2025-04-22,2025-05-14,2025-04-29,22.6,8,0,0,0.0,C01570,19,Loyal,Czech Republic,desktop
INT-004244,CMP-019,search,2025-04-22,2025-05-14,2025-04-29,19.77,7,1,0,0.0,C01749,32,Regular,Western Slovakia,mobile
INT-004245,CMP-019,search,2025-04-22,2025-05-14,2025-04-29,8.47,3,1,0,0.0,C00742,52,Loyal,Central Slovakia,mobile
INT-004246,CMP-019,search,2025-04-22,2025-05-14,2025-04-29,16.95,6,0,0,0.0,C00256,47,New,Bratislava,desktop
INT-004247,CMP-019,search,2025-04-22,2025-05-14,2025-04-30,14.12,5,1,1,353.18,C01589,26,Loyal,Bratislava,desktop
INT-004248,CMP-019,search,2025-04-22,2025-05-14,2025-04-30,19.77,7,0,0,0.0,C01972,34,New,Central Slovakia,desktop
INT-004249,CMP-019,search,2025-04-22,2025-05-14,2025-05-01,2.82,1,0,0,0.0,C00161,26,Loyal,Eastern Slovakia,mobile
INT-004250,CMP-019,search,2025-04-22,2025-05-14,2025-05-01,16.95,6,0,0,0.0,C01315,45,At-Risk,Western Slovakia,mobile
INT-004251,CMP-019,search,2025-04-22,2025-05-14,2025-05-01,11.3,4,1,0,0.0,C00434,18,Regular,Western Slovakia,mobile
INT-004252,CMP-019,search,2025-04-22,2025-05-14,2025-05-01,8.47,3,0,0,0.0,C01097,57,Loyal,Czech Republic,mobile
INT-004253,CMP-019,search,2025-04-22,2025-05-14,2025-05-01,2.82,1,0,0,0.0,C00448,34,New,Western Slovakia,mobile
INT-004254,CMP-019,search,2025-04-22,2025-05-14,2025-05-01,16.95,6,0,0,0.0,C01673,40,Regular,Central Slovakia,mobile
INT-004255,CMP-019,search,2025-04-22,2025-05-14,2025-05-01,16.95,6,1,0,0.0,C00210,34,Regular,Bratislava,mobile
INT-004256,CMP-019,search,2025-04-22,2025-05-14,2025-05-02,14.12,5,0,0,0.0,C01753,30,Loyal,Central Slovakia,desktop
INT-004257,CMP-019,search,2025-04-22,2025-05-14,2025-05-02,14.12,5,0,0,0.0,C01139,37,Regular,Western Slovakia,mobile
INT-004258,CMP-019,search,2025-04-22,2025-05-14,2025-05-02,19.77,7,0,0,0.0,C01270,45,Loyal,Bratislava,mobile
INT-004259,CMP-019,search,2025-04-22,2025-05-14,2025-05-02,22.6,8,4,1,285.44,C02081,43,New,Bratislava,mobile
INT-004260,CMP-019,search,2025-04-22,2025-05-14,2025-05-02,16.95,6,1,1,433.94,C01123,29,Loyal,Western Slovakia,mobile
INT-004261,CMP-019,search,2025-04-22,2025-05-14,2025-05-02,25.42,9,1,1,302.45,C01259,59,Loyal,Bratislava,mobile
INT-004262,CMP-019,search,2025-04-22,2025-05-14,2025-05-03,22.6,8,1,0,0.0,C01267,28,Regular,Eastern Slovakia,desktop
INT-004263,CMP-019,search,2025-04-22,2025-05-14,2025-05-03,25.42,9,3,1,105.39,C01273,34,New,Bratislava,desktop
INT-004264,CMP-019,search,2025-04-22,2025-05-14,2025-05-03,14.12,5,0,0,0.0,C02151,37,Loyal,Bratislava,mobile
INT-004265,CMP-019,search,2025-04-22,2025-05-14,2025-05-04,11.3,4,0,0,0.0,C01184,46,New,Bratislava,mobile
INT-004266,CMP-019,search,2025-04-22,2025-05-14,2025-05-04,5.65,2,1,0,0.0,C00559,23,New,Central Slovakia,mobile
INT-004267,CMP-019,search,2025-04-22,2025-05-14,2025-05-04,8.47,3,1,0,0.0,C00260,22,Regular,Western Slovakia,mobile
INT-004268,CMP-019,search,2025-04-22,2025-05-14,2025-05-04,19.77,7,0,0,0.0,C01657,43,Loyal,Czech Republic,mobile
INT-004269,CMP-019,search,2025-04-22,2025-05-14,2025-05-04,5.65,2,0,0,0.0,C01540,56,Loyal,Western Slovakia,desktop
INT-004270,CMP-019,search,2025-04-22,2025-05-14,2025-05-04,19.77,7,1,1,158.36,C01764,25,New,Central Slovakia,mobile
INT-004271,CMP-019,search,2025-04-22,2025-05-14,2025-05-04,16.95,6,0,0,0.0,C01215,18,Loyal,Bratislava,desktop
INT-004272,CMP-019,search,2025-04-22,2025-05-14,2025-05-04,14.12,5,0,0,0.0,C01719,45,Regular,Western Slovakia,mobile
INT-004273,CMP-019,search,2025-04-22,2025-05-14,2025-05-05,16.95,6,0,0,0.0,C01411,33,New,Central Slovakia,desktop
INT-004274,CMP-019,search,2025-04-22,2025-05-14,2025-05-05,14.12,5,1,0,0.0,C01624,52,New,Bratislava,desktop
INT-004275,CMP-019,search,2025-04-22,2025-05-14,2025-05-05,14.12,5,1,1,153.83,C01815,40,New,Western Slovakia,desktop
INT-004276,CMP-019,search,2025-04-22,2025-05-14,2025-05-05,11.3,4,1,0,0.0,C00702,35,Loyal,Bratislava,mobile
INT-004277,CMP-019,search,2025-04-22,2025-05-14,2025-05-06,19.77,7,0,0,0.0,C00841,61,Loyal,Western Slovakia,mobile
INT-004278,CMP-019,search,2025-04-22,2025-05-14,2025-05-06,19.77,7,3,1,146.6,C00442,42,Regular,Bratislava,mobile
INT-004279,CMP-019,search,2025-04-22,2025-05-14,2025-05-06,14.12,5,0,0,0.0,C00195,25,Regular,Bratislava,desktop
INT-004280,CMP-019,search,2025-04-22,2025-05-14,2025-05-06,16.95,6,0,0,0.0,C01644,46,Regular,Central Slovakia,mobile
INT-004281,CMP-019,search,2025-04-22,2025-05-14,2025-05-06,16.95,6,0,0,0.0,C01699,18,Loyal,Czech Republic,mobile
INT-004282,CMP-019,search,2025-04-22,2025-05-14,2025-05-06,14.12,5,1,1,444.23,C02106,32,Loyal,Western Slovakia,mobile
INT-004283,CMP-019,search,2025-04-22,2025-05-14,2025-05-06,16.95,6,0,0,0.0,C01099,50,Loyal,Central Slovakia,desktop
INT-004284,CMP-019,search,2025-04-22,2025-05-14,2025-05-06,14.12,5,1,1,338.61,C01006,42,Loyal,Central Slovakia,desktop
INT-004285,CMP-019,search,2025-04-22,2025-05-14,2025-05-06,8.47,3,0,0,0.0,C02083,24,New,Central Slovakia,mobile
INT-004286,CMP-019,search,2025-04-22,2025-05-14,2025-05-06,14.12,5,1,1,180.39,C01731,37,New,Bratislava,mobile
INT-004287,CMP-019,search,2025-04-22,2025-05-14,2025-05-07,11.3,4,1,0,0.0,C00146,33,At-Risk,Czech Republic,desktop
INT-004288,CMP-019,search,2025-04-22,2025-05-14,2025-05-07,14.12,5,1,0,0.0,C01204,37,New,Western Slovakia,mobile
INT-004289,CMP-019,search,2025-04-22,2025-05-14,2025-05-07,11.3,4,0,0,0.0,C00174,23,New,Eastern Slovakia,mobile
INT-004290,CMP-019,search,2025-04-22,2025-05-14,2025-05-07,8.47,3,0,0,0.0,C01643,18,Regular,Central Slovakia,mobile
INT-004291,CMP-019,search,2025-04-22,2025-05-14,2025-05-07,19.77,7,0,0,0.0,C01837,41,Regular,Western Slovakia,mobile
INT-004292,CMP-019,search,2025-04-22,2025-05-14,2025-05-07,19.77,7,0,0,0.0,C00216,50,Loyal,Western Slovakia,mobile
INT-004293,CMP-019,search,2025-04-22,2025-05-14,2025-05-07,11.3,4,0,0,0.0,C00736,40,New,Eastern Slovakia,desktop
INT-004294,CMP-019,search,2025-04-22,2025-05-14,2025-05-08,19.77,7,1,1,205.51,C00327,19,Loyal,Western Slovakia,desktop
INT-004295,CMP-019,search,2025-04-22,2025-05-14,2025-05-08,14.12,5,0,0,0.0,C01576,23,Regular,Eastern Slovakia,mobile
INT-004296,CMP-019,search,2025-04-22,2025-05-14,2025-05-08,22.6,8,2,2,407.73,C01327,42,Loyal,Central Slovakia,desktop
INT-004297,CMP-019,search,2025-04-22,2025-05-14,2025-05-08,16.95,6,0,0,0.0,C00467,34,Regular,Eastern Slovakia,mobile
INT-004298,CMP-019,search,2025-04-22,2025-05-14,2025-05-08,14.12,5,0,0,0.0,C01941,23,New,Bratislava,mobile
INT-004299,CMP-019,search,2025-04-22,2025-05-14,2025-05-09,11.3,4,1,1,168.76,C00348,45,Regular,Western Slovakia,desktop
INT-004300,CMP-019,search,2025-04-22,2025-05-14,2025-05-09,25.42,9,1,0,0.0,C00168,43,Regular,Central Slovakia,mobile
INT-004301,CMP-019,search,2025-04-22,2025-05-14,2025-05-09,8.47,3,1,1,372.73,C00764,46,Loyal,Czech Republic,desktop
INT-004302,CMP-019,search,2025-04-22,2025-05-14,2025-05-09,14.12,5,0,0,0.0,C00828,37,Regular,Central Slovakia,desktop
INT-004303,CMP-019,search,2025-04-22,2025-05-14,2025-05-09,11.3,4,0,0,0.0,C00937,24,Loyal,Bratislava,mobile
INT-004304,CMP-019,search,2025-04-22,2025-05-14,2025-05-10,19.77,7,1,0,0.0,C01180,43,Loyal,Western Slovakia,mobile
INT-004305,CMP-019,search,2025-04-22,2025-05-14,2025-05-10,11.3,4,1,0,0.0,C00922,28,Regular,Czech Republic,tablet
INT-004306,CMP-019,search,2025-04-22,2025-05-14,2025-05-10,2.82,1,1,0,0.0,C00411,20,Loyal,Western Slovakia,mobile
INT-004307,CMP-019,search,2025-04-22,2025-05-14,2025-05-10,16.95,6,0,0,0.0,C02071,34,Loyal,Czech Republic,mobile
INT-004308,CMP-019,search,2025-04-22,2025-05-14,2025-05-10,14.12,5,1,0,0.0,C01990,22,Regular,Central Slovakia,mobile
INT-004309,CMP-019,search,2025-04-22,2025-05-14,2025-05-10,8.47,3,0,0,0.0,C01376,42,Regular,Bratislava,mobile
INT-004310,CMP-019,search,2025-04-22,2025-05-14,2025-05-11,16.95,6,0,0,0.0,C00587,24,Regular,Eastern Slovakia,mobile
INT-004311,CMP-019,search,2025-04-22,2025-05-14,2025-05-11,14.12,5,0,0,0.0,C01639,38,At-Risk,Western Slovakia,mobile
INT-004312,CMP-019,search,2025-04-22,2025-05-14,2025-05-11,25.42,9,2,0,0.0,C00771,59,Regular,Bratislava,mobile
INT-004313,CMP-019,search,2025-04-22,2025-05-14,2025-05-11,11.3,4,1,0,0.0,C01337,44,Regular,Eastern Slovakia,tablet
INT-004314,CMP-019,search,2025-04-22,2025-05-14,2025-05-11,22.6,8,1,0,0.0,C00178,40,Loyal,Western Slovakia,desktop
INT-004315,CMP-019,search,2025-04-22,2025-05-14,2025-05-11,11.3,4,0,0,0.0,C01870,41,Regular,Central Slovakia,mobile
INT-004316,CMP-019,search,2025-04-22,2025-05-14,2025-05-12,11.3,4,0,0,0.0,C00152,26,Loyal,Czech Republic,desktop
INT-004317,CMP-019,search,2025-04-22,2025-05-14,2025-05-12,11.3,4,0,0,0.0,C01328,19,New,Central Slovakia,tablet
INT-004318,CMP-019,search,2025-04-22,2025-05-14,2025-05-12,8.47,3,0,0,0.0,C00396,40,At-Risk,Western Slovakia,tablet
INT-004319,CMP-019,search,2025-04-22,2025-05-14,2025-05-12,14.12,5,1,1,197.1,C01956,26,Loyal,Eastern Slovakia,mobile
INT-004320,CMP-019,search,2025-04-22,2025-05-14,2025-05-12,22.6,8,1,1,290.86,C00086,44,Loyal,Bratislava,tablet
INT-004321,CMP-019,search,2025-04-22,2025-05-14,2025-05-12,19.77,7,1,0,0.0,C00863,37,Loyal,Western Slovakia,mobile
INT-004322,CMP-019,search,2025-04-22,2025-05-14,2025-05-12,11.3,4,0,0,0.0,C01788,19,Loyal,Central Slovakia,desktop
INT-004323,CMP-019,search,2025-04-22,2025-05-14,2025-05-13,8.47,3,0,0,0.0,C01129,35,Regular,Eastern Slovakia,desktop
INT-004324,CMP-019,search,2025-04-22,2025-05-14,2025-05-13,19.77,7,1,0,0.0,C01516,41,Loyal,Bratislava,desktop
INT-004325,CMP-019,search,2025-04-22,2025-05-14,2025-05-13,14.12,5,1,1,269.39,C00136,26,Loyal,Eastern Slovakia,mobile
INT-004326,CMP-019,search,2025-04-22,2025-05-14,2025-05-13,16.95,6,2,0,0.0,C01072,25,Regular,Bratislava,desktop
INT-004327,CMP-063,search,2025-04-23,2025-05-09,2025-04-23,12.68,5,1,0,0.0,C01315,45,At-Risk,Western Slovakia,mobile
INT-004328,CMP-063,search,2025-04-23,2025-05-09,2025-04-23,12.68,5,1,0,0.0,C02186,38,Regular,Bratislava,mobile
INT-004329,CMP-063,search,2025-04-23,2025-05-09,2025-04-23,12.68,5,0,0,0.0,C01443,21,New,Western Slovakia,mobile
INT-004330,CMP-063,search,2025-04-23,2025-05-09,2025-04-23,7.61,3,1,0,0.0,C00732,39,New,Western Slovakia,mobile
INT-004331,CMP-063,search,2025-04-23,2025-05-09,2025-04-23,22.82,9,3,0,0.0,C00532,27,New,Bratislava,mobile
INT-004332,CMP-063,search,2025-04-23,2025-05-09,2025-04-23,12.68,5,0,0,0.0,C01838,35,Regular,Czech Republic,mobile
INT-004333,CMP-063,search,2025-04-23,2025-05-09,2025-04-23,10.14,4,1,0,0.0,C00070,36,At-Risk,Bratislava,mobile
INT-004334,CMP-063,search,2025-04-23,2025-05-09,2025-04-24,12.68,5,1,1,255.59,C00020,37,Loyal,Bratislava,desktop
INT-004335,CMP-063,search,2025-04-23,2025-05-09,2025-04-24,10.14,4,0,0,0.0,C01089,46,New,Western Slovakia,mobile
INT-004336,CMP-063,search,2025-04-23,2025-05-09,2025-04-24,10.14,4,0,0,0.0,C02126,40,New,Central Slovakia,mobile
INT-004337,CMP-063,search,2025-04-23,2025-05-09,2025-04-24,5.07,2,1,0,0.0,C01469,21,At-Risk,Eastern Slovakia,mobile
INT-004338,CMP-063,search,2025-04-23,2025-05-09,2025-04-24,10.14,4,1,0,0.0,C01360,35,New,Eastern Slovakia,desktop
INT-004339,CMP-063,search,2025-04-23,2025-05-09,2025-04-25,10.14,4,1,0,0.0,C00938,37,Loyal,Bratislava,tablet
INT-004340,CMP-063,search,2025-04-23,2025-05-09,2025-04-25,10.14,4,0,0,0.0,C01231,31,Regular,Eastern Slovakia,mobile
INT-004341,CMP-063,search,2025-04-23,2025-05-09,2025-04-25,15.21,6,0,0,0.0,C00172,43,New,Czech Republic,mobile
INT-004342,CMP-063,search,2025-04-23,2025-05-09,2025-04-25,20.29,8,1,0,0.0,C01324,19,Regular,Central Slovakia,mobile
INT-004343,CMP-063,search,2025-04-23,2025-05-09,2025-04-25,12.68,5,0,0,0.0,C00891,28,Regular,Western Slovakia,tablet
INT-004344,CMP-063,search,2025-04-23,2025-05-09,2025-04-25,15.21,6,2,0,0.0,C02099,18,Regular,Eastern Slovakia,desktop
INT-004345,CMP-063,search,2025-04-23,2025-05-09,2025-04-26,17.75,7,2,0,0.0,C00236,30,Regular,Western Slovakia,desktop
INT-004346,CMP-063,search,2025-04-23,2025-05-09,2025-04-26,10.14,4,1,0,0.0,C00576,21,Loyal,Central Slovakia,mobile
INT-004347,CMP-063,search,2025-04-23,2025-05-09,2025-04-26,15.21,6,1,1,122.36,C00918,44,New,Eastern Slovakia,desktop
INT-004348,CMP-063,search,2025-04-23,2025-05-09,2025-04-26,25.36,10,1,0,0.0,C00292,40,Regular,Bratislava,mobile
INT-004349,CMP-063,search,2025-04-23,2025-05-09,2025-04-26,15.21,6,1,0,0.0,C00258,33,At-Risk,Western Slovakia,desktop
INT-004350,CMP-063,search,2025-04-23,2025-05-09,2025-04-26,7.61,3,0,0,0.0,C01326,50,Regular,Bratislava,mobile
INT-004351,CMP-063,search,2025-04-23,2025-05-09,2025-04-26,12.68,5,0,0,0.0,C00293,56,Regular,Eastern Slovakia,tablet
INT-004352,CMP-063,search,2025-04-23,2025-05-09,2025-04-26,10.14,4,0,0,0.0,C01079,31,Regular,Czech Republic,desktop
INT-004353,CMP-063,search,2025-04-23,2025-05-09,2025-04-27,10.14,4,1,0,0.0,C00486,36,Regular,Bratislava,mobile
INT-004354,CMP-063,search,2025-04-23,2025-05-09,2025-04-27,7.61,3,1,0,0.0,C00705,51,Regular,Bratislava,mobile
INT-004355,CMP-063,search,2025-04-23,2025-05-09,2025-04-27,7.61,3,0,0,0.0,C00893,33,At-Risk,Eastern Slovakia,mobile
INT-004356,CMP-063,search,2025-04-23,2025-05-09,2025-04-27,17.75,7,1,0,0.0,C01364,48,At-Risk,Central Slovakia,desktop
INT-004357,CMP-063,search,2025-04-23,2025-05-09,2025-04-27,12.68,5,1,0,0.0,C00468,61,At-Risk,Central Slovakia,desktop
INT-004358,CMP-063,search,2025-04-23,2025-05-09,2025-04-27,17.75,7,1,0,0.0,C00331,56,New,Western Slovakia,tablet
INT-004359,CMP-063,search,2025-04-23,2025-05-09,2025-04-27,12.68,5,1,0,0.0,C00753,26,New,Bratislava,mobile
INT-004360,CMP-063,search,2025-04-23,2025-05-09,2025-04-27,15.21,6,1,1,268.58,C00086,44,Loyal,Bratislava,tablet
INT-004361,CMP-063,search,2025-04-23,2025-05-09,2025-04-27,15.21,6,1,0,0.0,C01670,30,Regular,Bratislava,mobile
INT-004362,CMP-063,search,2025-04-23,2025-05-09,2025-04-27,15.21,6,0,0,0.0,C01929,48,Regular,Bratislava,desktop
INT-004363,CMP-063,search,2025-04-23,2025-05-09,2025-04-27,10.14,4,0,0,0.0,C01725,52,New,Western Slovakia,desktop
INT-004364,CMP-063,search,2025-04-23,2025-05-09,2025-04-28,5.07,2,1,0,0.0,C01275,31,Regular,Eastern Slovakia,desktop
INT-004365,CMP-063,search,2025-04-23,2025-05-09,2025-04-28,17.75,7,0,0,0.0,C01556,30,New,Western Slovakia,mobile
INT-004366,CMP-063,search,2025-04-23,2025-05-09,2025-04-28,15.21,6,0,0,0.0,C00539,18,At-Risk,Czech Republic,mobile
INT-004367,CMP-063,search,2025-04-23,2025-05-09,2025-04-28,10.14,4,0,0,0.0,C02160,29,New,Bratislava,desktop
INT-004368,CMP-063,search,2025-04-23,2025-05-09,2025-04-28,15.21,6,1,0,0.0,C00347,31,New,Bratislava,desktop
INT-004369,CMP-063,search,2025-04-23,2025-05-09,2025-04-28,15.21,6,1,0,0.0,C00248,60,New,Western Slovakia,mobile
INT-004370,CMP-063,search,2025-04-23,2025-05-09,2025-04-28,17.75,7,0,0,0.0,C01204,37,New,Western Slovakia,mobile
INT-004371,CMP-063,search,2025-04-23,2025-05-09,2025-04-28,5.07,2,0,0,0.0,C00288,39,Regular,Bratislava,mobile
INT-004372,CMP-063,search,2025-04-23,2025-05-09,2025-04-29,15.21,6,2,0,0.0,C00383,19,At-Risk,Central Slovakia,mobile
INT-004373,CMP-063,search,2025-04-23,2025-05-09,2025-04-30,12.68,5,1,0,0.0,C02108,25,Regular,Bratislava,mobile
INT-004374,CMP-063,search,2025-04-23,2025-05-09,2025-04-30,15.21,6,0,0,0.0,C00776,40,New,Western Slovakia,mobile
INT-004375,CMP-063,search,2025-04-23,2025-05-09,2025-04-30,25.36,10,2,0,0.0,C00207,28,Regular,Eastern Slovakia,mobile
INT-004376,CMP-063,search,2025-04-23,2025-05-09,2025-04-30,12.68,5,4,0,0.0,C01313,30,At-Risk,Eastern Slovakia,desktop
INT-004377,CMP-063,search,2025-04-23,2025-05-09,2025-04-30,27.89,11,2,0,0.0,C00387,43,Regular,Bratislava,mobile
INT-004378,CMP-063,search,2025-04-23,2025-05-09,2025-04-30,12.68,5,0,0,0.0,C01345,26,New,Eastern Slovakia,mobile
INT-004379,CMP-063,search,2025-04-23,2025-05-09,2025-04-30,15.21,6,1,0,0.0,C01288,38,Regular,Central Slovakia,mobile
INT-004380,CMP-063,search,2025-04-23,2025-05-09,2025-04-30,12.68,5,0,0,0.0,C00341,18,Loyal,Western Slovakia,mobile
INT-004381,CMP-063,search,2025-04-23,2025-05-09,2025-04-30,10.14,4,1,0,0.0,C00595,23,New,Bratislava,mobile
INT-004382,CMP-063,search,2025-04-23,2025-05-09,2025-04-30,15.21,6,0,0,0.0,C00442,42,Regular,Bratislava,desktop
INT-004383,CMP-063,search,2025-04-23,2025-05-09,2025-04-30,7.61,3,1,0,0.0,C00856,38,Regular,Central Slovakia,desktop
INT-004384,CMP-063,search,2025-04-23,2025-05-09,2025-05-01,7.61,3,1,1,258.05,C00600,18,Regular,Czech Republic,desktop
INT-004385,CMP-063,search,2025-04-23,2025-05-09,2025-05-01,17.75,7,1,0,0.0,C01497,42,New,Bratislava,mobile
INT-004386,CMP-063,search,2025-04-23,2025-05-09,2025-05-01,12.68,5,2,1,315.07,C01498,24,Loyal,Central Slovakia,mobile
INT-004387,CMP-063,search,2025-04-23,2025-05-09,2025-05-01,20.29,8,2,0,0.0,C01683,32,Regular,Eastern Slovakia,mobile
INT-004388,CMP-063,search,2025-04-23,2025-05-09,2025-05-01,10.14,4,0,0,0.0,C01698,66,New,Western Slovakia,mobile
INT-004389,CMP-063,search,2025-04-23,2025-05-09,2025-05-01,10.14,4,2,0,0.0,C01165,26,New,Central Slovakia,mobile
INT-004390,CMP-063,search,2025-04-23,2025-05-09,2025-05-01,17.75,7,0,0,0.0,C01073,35,Loyal,Western Slovakia,mobile
INT-004391,CMP-063,search,2025-04-23,2025-05-09,2025-05-01,15.21,6,0,0,0.0,C00737,47,New,Bratislava,mobile
INT-004392,CMP-063,search,2025-04-23,2025-05-09,2025-05-01,12.68,5,0,0,0.0,C00822,55,At-Risk,Eastern Slovakia,desktop
INT-004393,CMP-063,search,2025-04-23,2025-05-09,2025-05-02,25.36,10,1,0,0.0,C01396,60,Loyal,Eastern Slovakia,mobile
INT-004394,CMP-063,search,2025-04-23,2025-05-09,2025-05-02,5.07,2,1,0,0.0,C00813,41,New,Bratislava,mobile
INT-004395,CMP-063,search,2025-04-23,2025-05-09,2025-05-02,7.61,3,0,0,0.0,C01398,36,Regular,Bratislava,tablet
INT-004396,CMP-063,search,2025-04-23,2025-05-09,2025-05-02,20.29,8,2,0,0.0,C00952,43,At-Risk,Bratislava,tablet
INT-004397,CMP-063,search,2025-04-23,2025-05-09,2025-05-02,15.21,6,1,0,0.0,C01157,38,Regular,Bratislava,desktop
INT-004398,CMP-063,search,2025-04-23,2025-05-09,2025-05-02,22.82,9,2,2,493.21,C01548,28,Loyal,Eastern Slovakia,mobile
INT-004399,CMP-063,search,2025-04-23,2025-05-09,2025-05-02,7.61,3,1,1,127.16,C02086,47,New,Bratislava,desktop
INT-004400,CMP-063,search,2025-04-23,2025-05-09,2025-05-02,12.68,5,1,0,0.0,C00183,33,Regular,Western Slovakia,mobile
INT-004401,CMP-063,search,2025-04-23,2025-05-09,2025-05-02,12.68,5,1,0,0.0,C00800,38,New,Eastern Slovakia,mobile
INT-004402,CMP-063,search,2025-04-23,2025-05-09,2025-05-03,12.68,5,1,1,147.28,C01661,67,Regular,Bratislava,desktop
INT-004403,CMP-063,search,2025-04-23,2025-05-09,2025-05-03,15.21,6,1,1,149.84,C01409,38,Loyal,Central Slovakia,desktop
INT-004404,CMP-063,search,2025-04-23,2025-05-09,2025-05-03,10.14,4,1,0,0.0,C00126,42,New,Bratislava,mobile
INT-004405,CMP-063,search,2025-04-23,2025-05-09,2025-05-03,17.75,7,0,0,0.0,C00839,60,Regular,Western Slovakia,mobile
INT-004406,CMP-063,search,2025-04-23,2025-05-09,2025-05-03,10.14,4,0,0,0.0,C00311,52,Regular,Western Slovakia,mobile
INT-004407,CMP-063,search,2025-04-23,2025-05-09,2025-05-03,15.21,6,1,0,0.0,C01065,30,New,Bratislava,mobile
INT-004408,CMP-063,search,2025-04-23,2025-05-09,2025-05-04,10.14,4,1,0,0.0,C01518,54,Regular,Bratislava,desktop
INT-004409,CMP-063,search,2025-04-23,2025-05-09,2025-05-04,2.54,1,0,0,0.0,C00781,37,Loyal,Eastern Slovakia,mobile
INT-004410,CMP-063,search,2025-04-23,2025-05-09,2025-05-04,10.14,4,1,1,230.68,C00343,39,Regular,Bratislava,desktop
INT-004411,CMP-063,search,2025-04-23,2025-05-09,2025-05-04,17.75,7,0,0,0.0,C00496,49,Loyal,Eastern Slovakia,desktop
INT-004412,CMP-063,search,2025-04-23,2025-05-09,2025-05-05,15.21,6,1,0,0.0,C01019,34,At-Risk,Western Slovakia,desktop
INT-004413,CMP-063,search,2025-04-23,2025-05-09,2025-05-05,7.61,3,0,0,0.0,C00136,26,Loyal,Eastern Slovakia,mobile
INT-004414,CMP-063,search,2025-04-23,2025-05-09,2025-05-05,12.68,5,1,0,0.0,C01053,39,New,Bratislava,mobile
INT-004415,CMP-063,search,2025-04-23,2025-05-09,2025-05-05,15.21,6,0,0,0.0,C01858,51,Loyal,Eastern Slovakia,mobile
INT-004416,CMP-063,search,2025-04-23,2025-05-09,2025-05-05,12.68,5,0,0,0.0,C00212,22,Regular,Czech Republic,desktop
INT-004417,CMP-063,search,2025-04-23,2025-05-09,2025-05-05,15.21,6,1,0,0.0,C01619,42,Regular,Bratislava,desktop
INT-004418,CMP-063,search,2025-04-23,2025-05-09,2025-05-06,25.36,10,2,1,163.4,C01407,41,New,Central Slovakia,mobile
INT-004419,CMP-063,search,2025-04-23,2025-05-09,2025-05-06,5.07,2,0,0,0.0,C00057,35,Regular,Western Slovakia,mobile
INT-004420,CMP-063,search,2025-04-23,2025-05-09,2025-05-06,17.75,7,0,0,0.0,C01247,33,Loyal,Bratislava,desktop
INT-004421,CMP-063,search,2025-04-23,2025-05-09,2025-05-06,17.75,7,0,0,0.0,C01055,21,Loyal,Eastern Slovakia,mobile
INT-004422,CMP-063,search,2025-04-23,2025-05-09,2025-05-06,12.68,5,0,0,0.0,C01211,49,Regular,Western Slovakia,desktop
INT-004423,CMP-063,search,2025-04-23,2025-05-09,2025-05-06,10.14,4,1,1,110.91,C01669,41,Regular,Eastern Slovakia,mobile
INT-004424,CMP-063,search,2025-04-23,2025-05-09,2025-05-06,15.21,6,0,0,0.0,C01803,34,Regular,Western Slovakia,mobile
INT-004425,CMP-063,search,2025-04-23,2025-05-09,2025-05-07,10.14,4,0,0,0.0,C00052,46,Loyal,Western Slovakia,desktop
INT-004426,CMP-063,search,2025-04-23,2025-05-09,2025-05-07,10.14,4,0,0,0.0,C01657,43,Loyal,Czech Republic,mobile
INT-004427,CMP-063,search,2025-04-23,2025-05-09,2025-05-07,17.75,7,1,0,0.0,C00453,61,Regular,Bratislava,desktop
INT-004428,CMP-063,search,2025-04-23,2025-05-09,2025-05-07,22.82,9,0,0,0.0,C01202,32,Regular,Western Slovakia,desktop
INT-004429,CMP-063,search,2025-04-23,2025-05-09,2025-05-07,7.61,3,0,0,0.0,C00118,38,Regular,Bratislava,mobile
INT-004430,CMP-063,search,2025-04-23,2025-05-09,2025-05-07,15.21,6,0,0,0.0,C00917,55,New,Western Slovakia,mobile
INT-004431,CMP-063,search,2025-04-23,2025-05-09,2025-05-07,10.14,4,0,0,0.0,C00877,38,Regular,Central Slovakia,desktop
INT-004432,CMP-063,search,2025-04-23,2025-05-09,2025-05-07,7.61,3,0,0,0.0,C01391,30,New,Western Slovakia,mobile
INT-004433,CMP-063,search,2025-04-23,2025-05-09,2025-05-07,12.68,5,1,0,0.0,C01597,42,Loyal,Western Slovakia,tablet
INT-004434,CMP-063,search,2025-04-23,2025-05-09,2025-05-07,12.68,5,1,0,0.0,C01457,66,Regular,Central Slovakia,mobile
INT-004435,CMP-063,search,2025-04-23,2025-05-09,2025-05-07,12.68,5,0,0,0.0,C00128,24,Regular,Bratislava,mobile
INT-004436,CMP-063,search,2025-04-23,2025-05-09,2025-05-08,27.89,11,3,0,0.0,C00851,34,At-Risk,Central Slovakia,mobile
INT-004437,CMP-063,search,2025-04-23,2025-05-09,2025-05-08,15.21,6,0,0,0.0,C01343,43,Loyal,Bratislava,desktop
INT-004438,CMP-063,search,2025-04-23,2025-05-09,2025-05-08,7.61,3,2,2,629.02,C00024,36,Loyal,Bratislava,mobile
INT-004439,CMP-063,search,2025-04-23,2025-05-09,2025-05-08,12.68,5,0,0,0.0,C01639,38,At-Risk,Western Slovakia,mobile
INT-004440,CMP-063,search,2025-04-23,2025-05-09,2025-05-08,17.75,7,1,0,0.0,C00967,35,Regular,Bratislava,mobile
INT-004441,CMP-063,search,2025-04-23,2025-05-09,2025-05-08,12.68,5,0,0,0.0,C00029,43,Loyal,Eastern Slovakia,mobile
INT-004442,CMP-063,search,2025-04-23,2025-05-09,2025-05-08,22.82,9,1,1,302.54,C01475,36,Loyal,Central Slovakia,tablet
INT-004443,CMP-063,search,2025-04-23,2025-05-09,2025-05-08,10.14,4,1,1,169.18,C02125,38,Regular,Western Slovakia,desktop
INT-004444,CMP-063,search,2025-04-23,2025-05-09,2025-05-08,12.68,5,0,0,0.0,C00855,41,Regular,Bratislava,mobile
INT-004445,CMP-017,search,2025-04-25,2025-05-06,2025-04-25,7.06,3,0,0,0.0,C00587,24,Regular,Eastern Slovakia,mobile
INT-004446,CMP-017,search,2025-04-25,2025-05-06,2025-04-25,4.71,2,0,0,0.0,C00201,42,Regular,Eastern Slovakia,tablet
INT-004447,CMP-017,search,2025-04-25,2025-05-06,2025-04-25,7.06,3,1,1,175.82,C01489,42,Loyal,Central Slovakia,desktop
INT-004448,CMP-017,search,2025-04-25,2025-05-06,2025-04-25,7.06,3,0,0,0.0,C00541,18,Loyal,Bratislava,mobile
INT-004449,CMP-017,search,2025-04-25,2025-05-06,2025-04-26,11.76,5,0,0,0.0,C02120,47,Regular,Eastern Slovakia,mobile
INT-004450,CMP-017,search,2025-04-25,2025-05-06,2025-04-26,9.41,4,0,0,0.0,C00434,18,Regular,Western Slovakia,mobile
INT-004451,CMP-017,search,2025-04-25,2025-05-06,2025-04-27,4.71,2,1,0,0.0,C01268,46,New,Czech Republic,mobile
INT-004452,CMP-017,search,2025-04-25,2025-05-06,2025-04-27,2.35,1,0,0,0.0,C01764,25,New,Central Slovakia,mobile
INT-004453,CMP-017,search,2025-04-25,2025-05-06,2025-04-27,7.06,3,0,0,0.0,C00912,43,At-Risk,Bratislava,mobile
INT-004454,CMP-017,search,2025-04-25,2025-05-06,2025-04-28,7.06,3,0,0,0.0,C01647,37,Regular,Bratislava,desktop
INT-004455,CMP-017,search,2025-04-25,2025-05-06,2025-04-28,11.76,5,1,0,0.0,C00257,43,At-Risk,Bratislava,desktop
INT-004456,CMP-017,search,2025-04-25,2025-05-06,2025-04-28,4.71,2,0,0,0.0,C00240,32,Regular,Eastern Slovakia,desktop
INT-004457,CMP-017,search,2025-04-25,2025-05-06,2025-04-28,11.76,5,2,1,241.02,C01234,39,Regular,Central Slovakia,desktop
INT-004458,CMP-017,search,2025-04-25,2025-05-06,2025-04-28,9.41,4,0,0,0.0,C00749,34,At-Risk,Eastern Slovakia,mobile
INT-004459,CMP-017,search,2025-04-25,2025-05-06,2025-04-28,4.71,2,0,0,0.0,C01181,22,Regular,Western Slovakia,tablet
INT-004460,CMP-017,search,2025-04-25,2025-05-06,2025-04-29,4.71,2,0,0,0.0,C00825,18,Loyal,Western Slovakia,mobile
INT-004461,CMP-017,search,2025-04-25,2025-05-06,2025-04-30,4.71,2,0,0,0.0,C01317,36,Loyal,Western Slovakia,mobile
INT-004462,CMP-017,search,2025-04-25,2025-05-06,2025-04-30,2.35,1,0,0,0.0,C02197,36,Regular,Bratislava,desktop
INT-004463,CMP-017,search,2025-04-25,2025-05-06,2025-05-01,9.41,4,0,0,0.0,C00467,34,Regular,Eastern Slovakia,mobile
INT-004464,CMP-017,search,2025-04-25,2025-05-06,2025-05-02,14.12,6,1,0,0.0,C02195,40,New,Central Slovakia,mobile
INT-004465,CMP-017,search,2025-04-25,2025-05-06,2025-05-02,2.35,1,0,0,0.0,C00767,39,At-Risk,Western Slovakia,mobile
INT-004466,CMP-017,search,2025-04-25,2025-05-06,2025-05-02,7.06,3,0,0,0.0,C01721,51,At-Risk,Czech Republic,mobile
INT-004467,CMP-017,search,2025-04-25,2025-05-06,2025-05-02,7.06,3,0,0,0.0,C00416,40,Loyal,Bratislava,desktop
INT-004468,CMP-017,search,2025-04-25,2025-05-06,2025-05-03,14.12,6,0,0,0.0,C01157,38,Regular,Bratislava,desktop
INT-004469,CMP-017,search,2025-04-25,2025-05-06,2025-05-03,2.35,1,0,0,0.0,C02094,48,New,Western Slovakia,desktop
INT-004470,CMP-017,search,2025-04-25,2025-05-06,2025-05-03,9.41,4,0,0,0.0,C01337,44,Regular,Eastern Slovakia,desktop
INT-004471,CMP-017,search,2025-04-25,2025-05-06,2025-05-04,4.71,2,0,0,0.0,C00412,18,Regular,Eastern Slovakia,desktop
INT-004472,CMP-017,search,2025-04-25,2025-05-06,2025-05-04,7.06,3,0,0,0.0,C02097,48,Loyal,Bratislava,desktop
INT-004473,CMP-017,search,2025-04-25,2025-05-06,2025-05-04,9.41,4,1,1,177.57,C00881,41,Regular,Eastern Slovakia,mobile
INT-004474,CMP-017,search,2025-04-25,2025-05-06,2025-05-04,7.06,3,0,0,0.0,C00832,57,New,Western Slovakia,desktop
INT-004475,CMP-017,search,2025-04-25,2025-05-06,2025-05-05,11.76,5,1,0,0.0,C01743,44,New,Bratislava,mobile
INT-004476,CMP-017,search,2025-04-25,2025-05-06,2025-05-05,11.76,5,0,0,0.0,C00886,41,Loyal,Eastern Slovakia,tablet
INT-004477,CMP-071,search,2025-05-05,2025-05-15,2025-05-05,9.33,4,1,0,0.0,C00520,58,At-Risk,Central Slovakia,mobile
INT-004478,CMP-071,search,2025-05-05,2025-05-15,2025-05-05,14.0,6,1,0,0.0,C02114,40,At-Risk,Czech Republic,mobile
INT-004479,CMP-071,search,2025-05-05,2025-05-15,2025-05-05,11.67,5,0,0,0.0,C01780,56,At-Risk,Western Slovakia,desktop
INT-004480,CMP-071,search,2025-05-05,2025-05-15,2025-05-05,4.67,2,0,0,0.0,C01116,39,Regular,Bratislava,mobile
INT-004481,CMP-071,search,2025-05-05,2025-05-15,2025-05-05,7.0,3,0,0,0.0,C01822,47,Regular,Bratislava,desktop
INT-004482,CMP-071,search,2025-05-05,2025-05-15,2025-05-05,2.33,1,0,0,0.0,C00871,41,New,Bratislava,desktop
INT-004483,CMP-071,search,2025-05-05,2025-05-15,2025-05-05,7.0,3,0,0,0.0,C00645,34,At-Risk,Czech Republic,desktop
INT-004484,CMP-071,search,2025-05-05,2025-05-15,2025-05-05,9.33,4,0,0,0.0,C01749,32,Regular,Western Slovakia,tablet
INT-004485,CMP-071,search,2025-05-05,2025-05-15,2025-05-05,9.33,4,0,0,0.0,C01318,43,Regular,Central Slovakia,desktop
INT-004486,CMP-071,search,2025-05-05,2025-05-15,2025-05-05,7.0,3,1,0,0.0,C00828,37,Regular,Central Slovakia,mobile
INT-004487,CMP-071,search,2025-05-05,2025-05-15,2025-05-06,14.0,6,0,0,0.0,C02140,53,Regular,Western Slovakia,desktop
INT-004488,CMP-071,search,2025-05-05,2025-05-15,2025-05-06,14.0,6,1,1,137.51,C01273,34,New,Bratislava,desktop
INT-004489,CMP-071,search,2025-05-05,2025-05-15,2025-05-06,4.67,2,0,0,0.0,C00393,32,Regular,Bratislava,desktop
INT-004490,CMP-071,search,2025-05-05,2025-05-15,2025-05-06,9.33,4,0,0,0.0,C01631,23,Loyal,Bratislava,mobile
INT-004491,CMP-071,search,2025-05-05,2025-05-15,2025-05-06,7.0,3,0,0,0.0,C00583,34,Regular,Bratislava,mobile
INT-004492,CMP-071,search,2025-05-05,2025-05-15,2025-05-06,2.33,1,0,0,0.0,C00541,18,Loyal,Bratislava,mobile
INT-004493,CMP-071,search,2025-05-05,2025-05-15,2025-05-06,16.33,7,2,0,0.0,C01382,18,At-Risk,Bratislava,mobile
INT-004494,CMP-071,search,2025-05-05,2025-05-15,2025-05-06,14.0,6,0,0,0.0,C00060,50,At-Risk,Western Slovakia,mobile
INT-004495,CMP-071,search,2025-05-05,2025-05-15,2025-05-07,14.0,6,1,0,0.0,C01994,50,Regular,Eastern Slovakia,mobile
INT-004496,CMP-071,search,2025-05-05,2025-05-15,2025-05-07,9.33,4,0,0,0.0,C00662,38,New,Central Slovakia,mobile
INT-004497,CMP-071,search,2025-05-05,2025-05-15,2025-05-07,16.33,7,0,0,0.0,C01742,56,Regular,Bratislava,mobile
INT-004498,CMP-071,search,2025-05-05,2025-05-15,2025-05-07,2.33,1,0,0,0.0,C01390,27,Regular,Bratislava,desktop
INT-004499,CMP-071,search,2025-05-05,2025-05-15,2025-05-07,4.67,2,0,0,0.0,C01961,40,Loyal,Bratislava,mobile
INT-004500,CMP-071,search,2025-05-05,2025-05-15,2025-05-07,4.67,2,0,0,0.0,C00931,38,At-Risk,Bratislava,mobile
INT-004501,CMP-071,search,2025-05-05,2025-05-15,2025-05-07,4.67,2,0,0,0.0,C01355,61,At-Risk,Western Slovakia,desktop
INT-004502,CMP-071,search,2025-05-05,2025-05-15,2025-05-07,16.33,7,1,0,0.0,C01753,30,Loyal,Central Slovakia,desktop
INT-004503,CMP-071,search,2025-05-05,2025-05-15,2025-05-07,14.0,6,1,0,0.0,C00026,34,New,Central Slovakia,mobile
INT-004504,CMP-071,search,2025-05-05,2025-05-15,2025-05-08,11.67,5,0,0,0.0,C00882,49,At-Risk,Eastern Slovakia,mobile
INT-004505,CMP-071,search,2025-05-05,2025-05-15,2025-05-08,11.67,5,0,0,0.0,C01301,39,Loyal,Bratislava,desktop
INT-004506,CMP-071,search,2025-05-05,2025-05-15,2025-05-08,4.67,2,1,0,0.0,C01396,60,Loyal,Eastern Slovakia,mobile
INT-004507,CMP-071,search,2025-05-05,2025-05-15,2025-05-08,14.0,6,3,2,470.4,C00700,36,Loyal,Bratislava,mobile
INT-004508,CMP-071,search,2025-05-05,2025-05-15,2025-05-08,4.67,2,0,0,0.0,C01586,19,Regular,Eastern Slovakia,mobile
INT-004509,CMP-071,search,2025-05-05,2025-05-15,2025-05-08,7.0,3,0,0,0.0,C00893,33,At-Risk,Eastern Slovakia,desktop
INT-004510,CMP-071,search,2025-05-05,2025-05-15,2025-05-08,7.0,3,0,0,0.0,C00018,26,Regular,Central Slovakia,mobile
INT-004511,CMP-071,search,2025-05-05,2025-05-15,2025-05-08,4.67,2,0,0,0.0,C02014,38,Loyal,Bratislava,tablet
INT-004512,CMP-071,search,2025-05-05,2025-05-15,2025-05-08,23.33,10,1,0,0.0,C02086,47,New,Bratislava,mobile
INT-004513,CMP-071,search,2025-05-05,2025-05-15,2025-05-09,2.33,1,1,1,172.55,C01379,41,Regular,Central Slovakia,desktop
INT-004514,CMP-071,search,2025-05-05,2025-05-15,2025-05-09,11.67,5,0,0,0.0,C01883,33,Regular,Western Slovakia,mobile
INT-004515,CMP-071,search,2025-05-05,2025-05-15,2025-05-09,7.0,3,0,0,0.0,C01265,37,At-Risk,Bratislava,desktop
INT-004516,CMP-071,search,2025-05-05,2025-05-15,2025-05-09,11.67,5,0,0,0.0,C01075,27,Regular,Bratislava,desktop
INT-004517,CMP-071,search,2025-05-05,2025-05-15,2025-05-09,7.0,3,1,0,0.0,C01866,40,New,Western Slovakia,mobile
INT-004518,CMP-071,search,2025-05-05,2025-05-15,2025-05-09,11.67,5,1,0,0.0,C00842,38,At-Risk,Western Slovakia,desktop
INT-004519,CMP-071,search,2025-05-05,2025-05-15,2025-05-09,7.0,3,0,0,0.0,C00537,32,Loyal,Central Slovakia,mobile
INT-004520,CMP-071,search,2025-05-05,2025-05-15,2025-05-09,14.0,6,0,0,0.0,C01825,27,New,Bratislava,mobile
INT-004521,CMP-071,search,2025-05-05,2025-05-15,2025-05-10,7.0,3,0,0,0.0,C01656,19,Regular,Czech Republic,mobile
INT-004522,CMP-071,search,2025-05-05,2025-05-15,2025-05-10,14.0,6,0,0,0.0,C00518,30,Regular,Western Slovakia,mobile
INT-004523,CMP-071,search,2025-05-05,2025-05-15,2025-05-10,7.0,3,0,0,0.0,C00923,39,Loyal,Bratislava,mobile
INT-004524,CMP-071,search,2025-05-05,2025-05-15,2025-05-10,9.33,4,0,0,0.0,C00891,28,Regular,Western Slovakia,tablet
INT-004525,CMP-071,search,2025-05-05,2025-05-15,2025-05-10,11.67,5,0,0,0.0,C00064,45,New,Bratislava,desktop
INT-004526,CMP-071,search,2025-05-05,2025-05-15,2025-05-10,7.0,3,0,0,0.0,C01106,46,Regular,Eastern Slovakia,desktop
INT-004527,CMP-071,search,2025-05-05,2025-05-15,2025-05-10,21.0,9,1,0,0.0,C01135,36,New,Central Slovakia,mobile
INT-004528,CMP-071,search,2025-05-05,2025-05-15,2025-05-10,11.67,5,2,0,0.0,C01348,29,At-Risk,Czech Republic,mobile
INT-004529,CMP-071,search,2025-05-05,2025-05-15,2025-05-10,11.67,5,0,0,0.0,C00953,44,At-Risk,Western Slovakia,mobile
INT-004530,CMP-071,search,2025-05-05,2025-05-15,2025-05-10,14.0,6,0,0,0.0,C01350,37,Regular,Western Slovakia,tablet
INT-004531,CMP-071,search,2025-05-05,2025-05-15,2025-05-10,9.33,4,0,0,0.0,C01433,28,Regular,Eastern Slovakia,mobile
INT-004532,CMP-071,search,2025-05-05,2025-05-15,2025-05-11,11.67,5,0,0,0.0,C02060,25,Regular,Central Slovakia,mobile
INT-004533,CMP-071,search,2025-05-05,2025-05-15,2025-05-11,14.0,6,0,0,0.0,C00366,56,Regular,Bratislava,tablet
INT-004534,CMP-071,search,2025-05-05,2025-05-15,2025-05-11,9.33,4,0,0,0.0,C01118,34,Regular,Bratislava,mobile
INT-004535,CMP-071,search,2025-05-05,2025-05-15,2025-05-11,14.0,6,2,0,0.0,C01782,39,Regular,Western Slovakia,mobile
INT-004536,CMP-071,search,2025-05-05,2025-05-15,2025-05-11,11.67,5,1,0,0.0,C00870,37,New,Western Slovakia,mobile
INT-004537,CMP-071,search,2025-05-05,2025-05-15,2025-05-11,11.67,5,0,0,0.0,C01860,21,Regular,Central Slovakia,desktop
INT-004538,CMP-071,search,2025-05-05,2025-05-15,2025-05-11,14.0,6,1,1,143.48,C00888,33,New,Central Slovakia,desktop
INT-004539,CMP-071,search,2025-05-05,2025-05-15,2025-05-11,14.0,6,2,1,176.67,C01858,51,Loyal,Eastern Slovakia,mobile
INT-004540,CMP-071,search,2025-05-05,2025-05-15,2025-05-12,11.67,5,1,0,0.0,C00718,46,New,Eastern Slovakia,desktop
INT-004541,CMP-071,search,2025-05-05,2025-05-15,2025-05-12,11.67,5,0,0,0.0,C00880,38,At-Risk,Western Slovakia,mobile
INT-004542,CMP-071,search,2025-05-05,2025-05-15,2025-05-12,9.33,4,1,1,312.63,C01226,44,Regular,Czech Republic,mobile
INT-004543,CMP-071,search,2025-05-05,2025-05-15,2025-05-12,9.33,4,2,1,302.64,C00726,56,Loyal,Bratislava,mobile
INT-004544,CMP-071,search,2025-05-05,2025-05-15,2025-05-12,18.67,8,1,0,0.0,C01267,28,Regular,Eastern Slovakia,desktop
INT-004545,CMP-071,search,2025-05-05,2025-05-15,2025-05-12,14.0,6,1,0,0.0,C01718,32,New,Western Slovakia,tablet
INT-004546,CMP-071,search,2025-05-05,2025-05-15,2025-05-12,11.67,5,1,0,0.0,C00420,54,Regular,Central Slovakia,tablet
INT-004547,CMP-071,search,2025-05-05,2025-05-15,2025-05-12,7.0,3,1,0,0.0,C00435,49,New,Eastern Slovakia,mobile
INT-004548,CMP-071,search,2025-05-05,2025-05-15,2025-05-12,9.33,4,0,0,0.0,C02125,38,Regular,Western Slovakia,desktop
INT-004549,CMP-071,search,2025-05-05,2025-05-15,2025-05-13,7.0,3,1,0,0.0,C00084,33,New,Western Slovakia,desktop
INT-004550,CMP-071,search,2025-05-05,2025-05-15,2025-05-13,9.33,4,0,0,0.0,C01770,72,Loyal,Western Slovakia,mobile
INT-004551,CMP-071,search,2025-05-05,2025-05-15,2025-05-13,14.0,6,1,1,251.54,C00804,43,Loyal,Eastern Slovakia,mobile
INT-004552,CMP-071,search,2025-05-05,2025-05-15,2025-05-13,9.33,4,2,0,0.0,C00656,42,Regular,Western Slovakia,mobile
INT-004553,CMP-071,search,2025-05-05,2025-05-15,2025-05-13,11.67,5,1,1,312.52,C00346,18,At-Risk,Bratislava,desktop
INT-004554,CMP-071,search,2025-05-05,2025-05-15,2025-05-13,11.67,5,2,0,0.0,C00489,28,Loyal,Central Slovakia,mobile
INT-004555,CMP-071,search,2025-05-05,2025-05-15,2025-05-14,9.33,4,1,1,307.39,C01246,39,Loyal,Bratislava,desktop
INT-004556,CMP-071,search,2025-05-05,2025-05-15,2025-05-14,7.0,3,0,0,0.0,C00847,75,New,Czech Republic,mobile
INT-004557,CMP-071,search,2025-05-05,2025-05-15,2025-05-14,9.33,4,0,0,0.0,C01060,43,New,Central Slovakia,tablet
INT-004558,CMP-071,search,2025-05-05,2025-05-15,2025-05-14,14.0,6,0,0,0.0,C01937,38,New,Bratislava,mobile
INT-004559,CMP-071,search,2025-05-05,2025-05-15,2025-05-14,9.33,4,2,0,0.0,C00991,48,At-Risk,Bratislava,mobile
INT-004560,CMP-071,search,2025-05-05,2025-05-15,2025-05-14,7.0,3,1,0,0.0,C02116,35,New,Central Slovakia,mobile
INT-004561,CMP-071,search,2025-05-05,2025-05-15,2025-05-14,14.0,6,0,0,0.0,C00437,32,New,Bratislava,desktop
INT-004562,CMP-071,search,2025-05-05,2025-05-15,2025-05-14,11.67,5,0,0,0.0,C00761,53,New,Western Slovakia,desktop
INT-004563,CMP-071,search,2025-05-05,2025-05-15,2025-05-14,4.67,2,0,0,0.0,C01510,40,New,Western Slovakia,mobile
INT-004564,CMP-071,search,2025-05-05,2025-05-15,2025-05-14,11.67,5,0,0,0.0,C00455,39,Loyal,Central Slovakia,mobile
INT-004565,CMP-071,search,2025-05-05,2025-05-15,2025-05-14,9.33,4,0,0,0.0,C00492,42,Loyal,Bratislava,desktop
INT-004566,CMP-071,search,2025-05-05,2025-05-15,2025-05-14,2.33,1,0,0,0.0,C01585,37,New,Czech Republic,desktop
INT-004567,CMP-041,email,2025-05-07,2025-06-13,2025-05-07,1.57,2,1,0,0.0,C00229,28,Regular,Bratislava,desktop
INT-004568,CMP-041,email,2025-05-07,2025-06-13,2025-05-07,3.14,4,0,0,0.0,C00289,34,New,Bratislava,mobile
INT-004569,CMP-041,email,2025-05-07,2025-06-13,2025-05-08,3.14,4,0,0,0.0,C01700,40,New,Eastern Slovakia,mobile
INT-004570,CMP-041,email,2025-05-07,2025-06-13,2025-05-08,3.14,4,0,0,0.0,C01245,51,New,Eastern Slovakia,mobile
INT-004571,CMP-041,email,2025-05-07,2025-06-13,2025-05-09,2.36,3,0,0,0.0,C01316,60,Loyal,Western Slovakia,desktop
INT-004572,CMP-041,email,2025-05-07,2025-06-13,2025-05-09,1.57,2,0,0,0.0,C00998,39,Loyal,Western Slovakia,mobile
INT-004573,CMP-041,email,2025-05-07,2025-06-13,2025-05-10,3.93,5,0,0,0.0,C02152,47,Loyal,Bratislava,mobile
INT-004574,CMP-041,email,2025-05-07,2025-06-13,2025-05-11,2.36,3,1,0,0.0,C02003,43,New,Western Slovakia,desktop
INT-004575,CMP-041,email,2025-05-07,2025-06-13,2025-05-12,0.79,1,0,0,0.0,C00514,37,Regular,Bratislava,desktop
INT-004576,CMP-041,email,2025-05-07,2025-06-13,2025-05-12,1.57,2,1,0,0.0,C01564,24,New,Central Slovakia,desktop
INT-004577,CMP-041,email,2025-05-07,2025-06-13,2025-05-12,3.14,4,1,1,299.4,C00328,37,Loyal,Bratislava,mobile
INT-004578,CMP-041,email,2025-05-07,2025-06-13,2025-05-12,0.79,1,1,0,0.0,C00452,42,Regular,Bratislava,mobile
INT-004579,CMP-041,email,2025-05-07,2025-06-13,2025-05-14,1.57,2,1,0,0.0,C00917,55,New,Western Slovakia,mobile
INT-004580,CMP-041,email,2025-05-07,2025-06-13,2025-05-14,2.36,3,0,0,0.0,C00042,45,Loyal,Eastern Slovakia,desktop
INT-004581,CMP-041,email,2025-05-07,2025-06-13,2025-05-15,3.14,4,0,0,0.0,C00225,39,Regular,Central Slovakia,mobile
INT-004582,CMP-041,email,2025-05-07,2025-06-13,2025-05-15,1.57,2,0,0,0.0,C00288,39,Regular,Bratislava,mobile
INT-004583,CMP-041,email,2025-05-07,2025-06-13,2025-05-15,3.93,5,0,0,0.0,C01491,31,New,Central Slovakia,mobile
INT-004584,CMP-041,email,2025-05-07,2025-06-13,2025-05-16,2.36,3,0,0,0.0,C01420,38,Regular,Bratislava,tablet
INT-004585,CMP-041,email,2025-05-07,2025-06-13,2025-05-16,1.57,2,0,0,0.0,C01089,46,New,Western Slovakia,mobile
INT-004586,CMP-041,email,2025-05-07,2025-06-13,2025-05-17,2.36,3,0,0,0.0,C01529,18,Loyal,Bratislava,mobile
INT-004587,CMP-041,email,2025-05-07,2025-06-13,2025-05-17,2.36,3,0,0,0.0,C01313,30,At-Risk,Eastern Slovakia,desktop
INT-004588,CMP-041,email,2025-05-07,2025-06-13,2025-05-17,3.93,5,0,0,0.0,C00587,24,Regular,Eastern Slovakia,mobile
INT-004589,CMP-041,email,2025-05-07,2025-06-13,2025-05-17,3.93,5,0,0,0.0,C00594,18,New,Western Slovakia,desktop
INT-004590,CMP-041,email,2025-05-07,2025-06-13,2025-05-18,3.14,4,0,0,0.0,C00687,47,Regular,Bratislava,desktop
INT-004591,CMP-041,email,2025-05-07,2025-06-13,2025-05-18,3.93,5,1,1,314.2,C01862,25,Loyal,Eastern Slovakia,mobile
INT-004592,CMP-041,email,2025-05-07,2025-06-13,2025-05-18,1.57,2,0,0,0.0,C01548,28,Loyal,Eastern Slovakia,mobile
INT-004593,CMP-041,email,2025-05-07,2025-06-13,2025-05-19,0.79,1,1,0,0.0,C00048,41,New,Western Slovakia,mobile
INT-004594,CMP-041,email,2025-05-07,2025-06-13,2025-05-20,2.36,3,0,0,0.0,C00512,34,At-Risk,Bratislava,desktop
INT-004595,CMP-041,email,2025-05-07,2025-06-13,2025-05-20,1.57,2,0,0,0.0,C00393,32,Regular,Bratislava,mobile
INT-004596,CMP-041,email,2025-05-07,2025-06-13,2025-05-21,1.57,2,1,0,0.0,C00579,35,Loyal,Central Slovakia,mobile
INT-004597,CMP-041,email,2025-05-07,2025-06-13,2025-05-21,3.93,5,0,0,0.0,C00808,23,New,Western Slovakia,desktop
INT-004598,CMP-041,email,2025-05-07,2025-06-13,2025-05-22,2.36,3,0,0,0.0,C00387,43,Regular,Bratislava,mobile
INT-004599,CMP-041,email,2025-05-07,2025-06-13,2025-05-22,0.79,1,0,0,0.0,C00006,22,Regular,Western Slovakia,mobile
INT-004600,CMP-041,email,2025-05-07,2025-06-13,2025-05-22,3.14,4,0,0,0.0,C00614,43,New,Bratislava,mobile
INT-004601,CMP-041,email,2025-05-07,2025-06-13,2025-05-22,2.36,3,0,0,0.0,C01423,43,New,Bratislava,tablet
INT-004602,CMP-041,email,2025-05-07,2025-06-13,2025-05-23,2.36,3,1,1,136.16,C00079,46,Regular,Bratislava,desktop
INT-004603,CMP-041,email,2025-05-07,2025-06-13,2025-05-23,1.57,2,0,0,0.0,C00051,41,At-Risk,Bratislava,mobile
INT-004604,CMP-041,email,2025-05-07,2025-06-13,2025-05-23,2.36,3,0,0,0.0,C02173,34,Regular,Bratislava,desktop
INT-004605,CMP-041,email,2025-05-07,2025-06-13,2025-05-24,3.93,5,0,0,0.0,C01471,39,Regular,Western Slovakia,desktop
INT-004606,CMP-041,email,2025-05-07,2025-06-13,2025-05-25,2.36,3,0,0,0.0,C01265,37,At-Risk,Bratislava,mobile
INT-004607,CMP-041,email,2025-05-07,2025-06-13,2025-05-25,1.57,2,0,0,0.0,C01894,18,Regular,Western Slovakia,tablet
INT-004608,CMP-041,email,2025-05-07,2025-06-13,2025-05-25,1.57,2,0,0,0.0,C01633,40,Loyal,Central Slovakia,mobile
INT-004609,CMP-041,email,2025-05-07,2025-06-13,2025-05-25,1.57,2,0,0,0.0,C00780,22,Regular,Bratislava,tablet
INT-004610,CMP-041,email,2025-05-07,2025-06-13,2025-05-26,4.71,6,1,1,173.24,C01367,24,Regular,Western Slovakia,desktop
INT-004611,CMP-041,email,2025-05-07,2025-06-13,2025-05-26,2.36,3,0,0,0.0,C01660,40,Loyal,Central Slovakia,tablet
INT-004612,CMP-041,email,2025-05-07,2025-06-13,2025-05-27,3.14,4,1,0,0.0,C02021,38,At-Risk,Western Slovakia,mobile
INT-004613,CMP-041,email,2025-05-07,2025-06-13,2025-05-28,0.79,1,0,0,0.0,C01464,44,Loyal,Bratislava,desktop
INT-004614,CMP-041,email,2025-05-07,2025-06-13,2025-05-30,1.57,2,0,0,0.0,C01382,18,At-Risk,Bratislava,mobile
INT-004615,CMP-041,email,2025-05-07,2025-06-13,2025-05-31,2.36,3,1,1,150.67,C00020,37,Loyal,Bratislava,mobile
INT-004616,CMP-041,email,2025-05-07,2025-06-13,2025-06-04,0.79,1,0,0,0.0,C01683,32,Regular,Eastern Slovakia,mobile
INT-004617,CMP-041,email,2025-05-07,2025-06-13,2025-06-05,2.36,3,0,0,0.0,C01608,40,Regular,Central Slovakia,mobile
INT-004618,CMP-041,email,2025-05-07,2025-06-13,2025-06-05,3.14,4,0,0,0.0,C00330,32,At-Risk,Central Slovakia,mobile
INT-004619,CMP-041,email,2025-05-07,2025-06-13,2025-06-05,3.14,4,0,0,0.0,C00662,38,New,Central Slovakia,desktop
INT-004620,CMP-041,email,2025-05-07,2025-06-13,2025-06-06,2.36,3,0,0,0.0,C00793,44,Loyal,Western Slovakia,tablet
INT-004621,CMP-041,email,2025-05-07,2025-06-13,2025-06-07,3.93,5,0,0,0.0,C01536,26,At-Risk,Western Slovakia,desktop
INT-004622,CMP-041,email,2025-05-07,2025-06-13,2025-06-07,3.14,4,0,0,0.0,C00463,19,New,Western Slovakia,desktop
INT-004623,CMP-041,email,2025-05-07,2025-06-13,2025-06-08,2.36,3,0,0,0.0,C00684,32,At-Risk,Western Slovakia,desktop
INT-004624,CMP-041,email,2025-05-07,2025-06-13,2025-06-09,2.36,3,0,0,0.0,C00683,53,Regular,Bratislava,mobile
INT-004625,CMP-041,email,2025-05-07,2025-06-13,2025-06-12,4.71,6,2,0,0.0,C01424,55,Regular,Bratislava,mobile
INT-004626,CMP-041,email,2025-05-07,2025-06-13,2025-06-12,3.14,4,0,0,0.0,C00732,39,New,Western Slovakia,mobile
INT-004627,CMP-041,email,2025-05-07,2025-06-13,2025-06-12,2.36,3,0,0,0.0,C02158,28,Regular,Bratislava,mobile
INT-004628,CMP-120,tv,2025-05-08,2025-06-16,2025-05-08,6.91,6,0,1,443.02,C01479,33,Loyal,Eastern Slovakia,desktop
INT-004629,CMP-120,tv,2025-05-08,2025-06-16,2025-05-08,13.83,12,0,0,0.0,C00624,31,New,Western Slovakia,mobile
INT-004630,CMP-120,tv,2025-05-08,2025-06-16,2025-05-10,3.46,3,0,0,0.0,C00793,44,Loyal,Western Slovakia,desktop
INT-004631,CMP-120,tv,2025-05-08,2025-06-16,2025-05-11,6.91,6,0,1,602.28,C02097,48,Loyal,Bratislava,desktop
INT-004632,CMP-120,tv,2025-05-08,2025-06-16,2025-05-13,3.46,3,0,0,0.0,C01198,27,Loyal,Bratislava,mobile
INT-004633,CMP-120,tv,2025-05-08,2025-06-16,2025-05-14,12.67,11,0,0,0.0,C00396,40,At-Risk,Western Slovakia,mobile
INT-004634,CMP-120,tv,2025-05-08,2025-06-16,2025-05-16,9.22,8,0,0,0.0,C01389,42,Loyal,Western Slovakia,mobile
INT-004635,CMP-120,tv,2025-05-08,2025-06-16,2025-05-16,11.52,10,0,0,0.0,C02144,43,Regular,Eastern Slovakia,desktop
INT-004636,CMP-120,tv,2025-05-08,2025-06-16,2025-05-17,5.76,5,0,0,0.0,C00772,54,Loyal,Central Slovakia,mobile
INT-004637,CMP-120,tv,2025-05-08,2025-06-16,2025-05-17,5.76,5,0,1,412.92,C02030,32,Loyal,Western Slovakia,desktop
INT-004638,CMP-120,tv,2025-05-08,2025-06-16,2025-05-20,6.91,6,0,0,0.0,C01215,18,Loyal,Bratislava,desktop
INT-004639,CMP-120,tv,2025-05-08,2025-06-16,2025-05-20,4.61,4,0,0,0.0,C00787,39,Regular,Bratislava,mobile
INT-004640,CMP-120,tv,2025-05-08,2025-06-16,2025-05-21,11.52,10,0,0,0.0,C02054,72,Regular,Eastern Slovakia,mobile
INT-004641,CMP-120,tv,2025-05-08,2025-06-16,2025-05-24,5.76,5,0,0,0.0,C01085,39,Regular,Eastern Slovakia,desktop
INT-004642,CMP-120,tv,2025-05-08,2025-06-16,2025-05-24,9.22,8,0,0,0.0,C01729,39,Regular,Western Slovakia,mobile
INT-004643,CMP-120,tv,2025-05-08,2025-06-16,2025-05-24,8.07,7,0,0,0.0,C01516,41,Loyal,Bratislava,desktop
INT-004644,CMP-120,tv,2025-05-08,2025-06-16,2025-05-27,6.91,6,0,0,0.0,C00184,51,Regular,Bratislava,tablet
INT-004645,CMP-120,tv,2025-05-08,2025-06-16,2025-05-28,8.07,7,0,0,0.0,C00736,40,New,Eastern Slovakia,desktop
INT-004646,CMP-120,tv,2025-05-08,2025-06-16,2025-05-28,4.61,4,0,0,0.0,C00205,18,Regular,Western Slovakia,mobile
INT-004647,CMP-120,tv,2025-05-08,2025-06-16,2025-05-28,5.76,5,0,0,0.0,C01975,22,New,Bratislava,mobile
INT-004648,CMP-120,tv,2025-05-08,2025-06-16,2025-05-29,5.76,5,0,0,0.0,C01013,32,New,Bratislava,desktop
INT-004649,CMP-120,tv,2025-05-08,2025-06-16,2025-06-01,5.76,5,0,0,0.0,C01408,46,Regular,Western Slovakia,mobile
INT-004650,CMP-120,tv,2025-05-08,2025-06-16,2025-06-01,4.61,4,0,0,0.0,C01110,48,Regular,Bratislava,mobile
INT-004651,CMP-120,tv,2025-05-08,2025-06-16,2025-06-01,8.07,7,0,1,185.82,C00973,41,Loyal,Eastern Slovakia,mobile
INT-004652,CMP-120,tv,2025-05-08,2025-06-16,2025-06-01,1.15,1,0,0,0.0,C01376,42,Regular,Bratislava,mobile
INT-004653,CMP-120,tv,2025-05-08,2025-06-16,2025-06-02,11.52,10,0,0,0.0,C01374,19,Loyal,Bratislava,mobile
INT-004654,CMP-120,tv,2025-05-08,2025-06-16,2025-06-03,6.91,6,0,0,0.0,C00816,42,Regular,Bratislava,mobile
INT-004655,CMP-120,tv,2025-05-08,2025-06-16,2025-06-04,3.46,3,0,0,0.0,C01548,28,Loyal,Eastern Slovakia,mobile
INT-004656,CMP-120,tv,2025-05-08,2025-06-16,2025-06-04,6.91,6,0,0,0.0,C01051,23,At-Risk,Bratislava,mobile
INT-004657,CMP-120,tv,2025-05-08,2025-06-16,2025-06-08,6.91,6,0,1,256.85,C00098,26,Loyal,Bratislava,mobile
INT-004658,CMP-120,tv,2025-05-08,2025-06-16,2025-06-08,6.91,6,0,0,0.0,C00083,34,Loyal,Central Slovakia,tablet
INT-004659,CMP-120,tv,2025-05-08,2025-06-16,2025-06-09,10.37,9,0,0,0.0,C01221,37,Regular,Central Slovakia,mobile
INT-004660,CMP-120,tv,2025-05-08,2025-06-16,2025-06-09,5.76,5,0,0,0.0,C01431,35,Loyal,Western Slovakia,mobile
INT-004661,CMP-120,tv,2025-05-08,2025-06-16,2025-06-10,5.76,5,0,0,0.0,C01677,50,Regular,Bratislava,desktop
INT-004662,CMP-120,tv,2025-05-08,2025-06-16,2025-06-10,4.61,4,0,0,0.0,C00789,25,New,Western Slovakia,mobile
INT-004663,CMP-120,tv,2025-05-08,2025-06-16,2025-06-12,4.61,4,0,0,0.0,C02111,43,New,Western Slovakia,desktop
INT-004664,CMP-120,tv,2025-05-08,2025-06-16,2025-06-13,4.61,4,0,0,0.0,C01238,45,Loyal,Bratislava,mobile
INT-004665,CMP-120,tv,2025-05-08,2025-06-16,2025-06-13,3.46,3,0,0,0.0,C01365,33,Regular,Central Slovakia,mobile
INT-004666,CMP-120,tv,2025-05-08,2025-06-16,2025-06-14,8.07,7,0,0,0.0,C02019,45,Loyal,Czech Republic,mobile
INT-004667,CMP-120,tv,2025-05-08,2025-06-16,2025-06-15,8.07,7,0,0,0.0,C00527,55,Regular,Western Slovakia,mobile
INT-004668,CMP-120,tv,2025-05-08,2025-06-16,2025-06-15,5.76,5,0,0,0.0,C01963,35,Regular,Western Slovakia,desktop
INT-004669,CMP-013,social,2025-05-11,2025-05-19,2025-05-11,4.13,5,0,0,0.0,C01965,29,Regular,Central Slovakia,mobile
INT-004670,CMP-013,social,2025-05-11,2025-05-19,2025-05-11,9.09,11,0,0,0.0,C00550,46,Loyal,Central Slovakia,desktop
INT-004671,CMP-013,social,2025-05-11,2025-05-19,2025-05-11,4.13,5,0,0,0.0,C02092,46,New,Bratislava,desktop
INT-004672,CMP-013,social,2025-05-11,2025-05-19,2025-05-12,9.91,12,2,0,0.0,C00424,20,Regular,Central Slovakia,desktop
INT-004673,CMP-013,social,2025-05-11,2025-05-19,2025-05-12,4.96,6,0,0,0.0,C00619,31,At-Risk,Bratislava,desktop
INT-004674,CMP-013,social,2025-05-11,2025-05-19,2025-05-12,8.26,10,1,0,0.0,C00541,18,Loyal,Bratislava,mobile
INT-004675,CMP-013,social,2025-05-11,2025-05-19,2025-05-12,7.44,9,1,0,0.0,C01123,29,Loyal,Western Slovakia,desktop
INT-004676,CMP-013,social,2025-05-11,2025-05-19,2025-05-12,6.61,8,0,0,0.0,C00006,22,Regular,Western Slovakia,mobile
INT-004677,CMP-013,social,2025-05-11,2025-05-19,2025-05-12,9.09,11,1,0,0.0,C01312,48,Regular,Czech Republic,mobile
INT-004678,CMP-013,social,2025-05-11,2025-05-19,2025-05-13,8.26,10,1,1,102.06,C01540,56,Loyal,Western Slovakia,desktop
INT-004679,CMP-013,social,2025-05-11,2025-05-19,2025-05-13,2.48,3,0,0,0.0,C01520,18,Regular,Eastern Slovakia,mobile
INT-004680,CMP-013,social,2025-05-11,2025-05-19,2025-05-13,5.78,7,0,0,0.0,C00622,38,Regular,Western Slovakia,mobile
INT-004681,CMP-013,social,2025-05-11,2025-05-19,2025-05-13,5.78,7,0,0,0.0,C01253,28,New,Bratislava,tablet
INT-004682,CMP-013,social,2025-05-11,2025-05-19,2025-05-13,4.13,5,1,0,0.0,C00570,40,At-Risk,Western Slovakia,mobile
INT-004683,CMP-013,social,2025-05-11,2025-05-19,2025-05-14,1.65,2,0,0,0.0,C01959,35,Regular,Central Slovakia,mobile
INT-004684,CMP-013,social,2025-05-11,2025-05-19,2025-05-14,5.78,7,0,0,0.0,C00625,44,New,Czech Republic,desktop
INT-004685,CMP-013,social,2025-05-11,2025-05-19,2025-05-14,7.44,9,2,0,0.0,C01543,41,New,Czech Republic,desktop
INT-004686,CMP-013,social,2025-05-11,2025-05-19,2025-05-14,4.13,5,0,0,0.0,C00328,37,Loyal,Bratislava,mobile
INT-004687,CMP-013,social,2025-05-11,2025-05-19,2025-05-14,7.44,9,1,1,192.29,C00780,22,Regular,Bratislava,tablet
INT-004688,CMP-013,social,2025-05-11,2025-05-19,2025-05-15,5.78,7,0,0,0.0,C02105,35,At-Risk,Bratislava,mobile
INT-004689,CMP-013,social,2025-05-11,2025-05-19,2025-05-15,4.13,5,0,0,0.0,C00885,25,Loyal,Western Slovakia,mobile
INT-004690,CMP-013,social,2025-05-11,2025-05-19,2025-05-15,6.61,8,1,0,0.0,C01061,36,At-Risk,Bratislava,mobile
INT-004691,CMP-013,social,2025-05-11,2025-05-19,2025-05-15,4.13,5,1,0,0.0,C01379,41,Regular,Central Slovakia,tablet
INT-004692,CMP-013,social,2025-05-11,2025-05-19,2025-05-15,6.61,8,0,0,0.0,C02067,50,At-Risk,Eastern Slovakia,mobile
INT-004693,CMP-013,social,2025-05-11,2025-05-19,2025-05-16,8.26,10,0,0,0.0,C00715,35,New,Central Slovakia,mobile
INT-004694,CMP-013,social,2025-05-11,2025-05-19,2025-05-16,4.13,5,0,0,0.0,C01190,36,Regular,Central Slovakia,mobile
INT-004695,CMP-013,social,2025-05-11,2025-05-19,2025-05-16,7.44,9,0,0,0.0,C01879,55,Loyal,Western Slovakia,desktop
INT-004696,CMP-013,social,2025-05-11,2025-05-19,2025-05-16,7.44,9,0,0,0.0,C01177,29,New,Eastern Slovakia,desktop
INT-004697,CMP-013,social,2025-05-11,2025-05-19,2025-05-16,9.09,11,1,0,0.0,C00134,35,New,Czech Republic,mobile
INT-004698,CMP-013,social,2025-05-11,2025-05-19,2025-05-16,5.78,7,0,0,0.0,C01483,39,Regular,Western Slovakia,desktop
INT-004699,CMP-013,social,2025-05-11,2025-05-19,2025-05-17,4.13,5,0,0,0.0,C00808,23,New,Western Slovakia,desktop
INT-004700,CMP-013,social,2025-05-11,2025-05-19,2025-05-17,4.13,5,1,0,0.0,C00133,46,New,Eastern Slovakia,desktop
INT-004701,CMP-013,social,2025-05-11,2025-05-19,2025-05-17,12.39,15,1,0,0.0,C01616,44,Regular,Eastern Slovakia,tablet
INT-004702,CMP-013,social,2025-05-11,2025-05-19,2025-05-17,10.74,13,0,0,0.0,C01845,22,New,Bratislava,desktop
INT-004703,CMP-013,social,2025-05-11,2025-05-19,2025-05-17,7.44,9,0,0,0.0,C00084,33,New,Western Slovakia,mobile
INT-004704,CMP-013,social,2025-05-11,2025-05-19,2025-05-17,7.44,9,0,0,0.0,C00416,40,Loyal,Bratislava,desktop
INT-004705,CMP-013,social,2025-05-11,2025-05-19,2025-05-17,5.78,7,0,0,0.0,C00817,33,Regular,Western Slovakia,mobile
INT-004706,CMP-013,social,2025-05-11,2025-05-19,2025-05-17,4.13,5,0,0,0.0,C00213,38,New,Western Slovakia,mobile
INT-004707,CMP-013,social,2025-05-11,2025-05-19,2025-05-17,4.96,6,0,0,0.0,C00891,28,Regular,Western Slovakia,tablet
INT-004708,CMP-013,social,2025-05-11,2025-05-19,2025-05-18,5.78,7,0,0,0.0,C01718,32,New,Western Slovakia,desktop
INT-004709,CMP-013,social,2025-05-11,2025-05-19,2025-05-18,11.57,14,0,0,0.0,C01148,33,New,Western Slovakia,desktop
INT-004710,CMP-013,social,2025-05-11,2025-05-19,2025-05-18,5.78,7,2,0,0.0,C00631,57,New,Bratislava,desktop
INT-004711,CMP-013,social,2025-05-11,2025-05-19,2025-05-18,6.61,8,1,0,0.0,C00242,37,Regular,Bratislava,mobile
INT-004712,CMP-013,social,2025-05-11,2025-05-19,2025-05-18,4.96,6,0,0,0.0,C00705,51,Regular,Bratislava,mobile
INT-004713,CMP-013,social,2025-05-11,2025-05-19,2025-05-18,3.3,4,0,0,0.0,C01897,19,New,Czech Republic,desktop
INT-004714,CMP-013,social,2025-05-11,2025-05-19,2025-05-18,4.96,6,1,0,0.0,C00015,44,Regular,Bratislava,mobile
INT-004715,CMP-069,social,2025-05-11,2025-06-14,2025-05-11,2.54,4,0,0,0.0,C00472,33,Loyal,Bratislava,desktop
INT-004716,CMP-069,social,2025-05-11,2025-06-14,2025-05-11,5.07,8,0,0,0.0,C02112,44,Regular,Western Slovakia,mobile
INT-004717,CMP-069,social,2025-05-11,2025-06-14,2025-05-11,6.34,10,0,0,0.0,C01664,60,Regular,Czech Republic,mobile
INT-004718,CMP-069,social,2025-05-11,2025-06-14,2025-05-12,3.8,6,1,0,0.0,C01829,27,New,Eastern Slovakia,mobile
INT-004719,CMP-069,social,2025-05-11,2025-06-14,2025-05-12,3.17,5,0,0,0.0,C02094,48,New,Western Slovakia,desktop
INT-004720,CMP-069,social,2025-05-11,2025-06-14,2025-05-13,3.17,5,0,0,0.0,C01896,31,New,Central Slovakia,mobile
INT-004721,CMP-069,social,2025-05-11,2025-06-14,2025-05-15,1.9,3,0,0,0.0,C01594,29,Regular,Czech Republic,mobile
INT-004722,CMP-069,social,2025-05-11,2025-06-14,2025-05-16,2.54,4,0,0,0.0,C00007,40,At-Risk,Bratislava,desktop
INT-004723,CMP-069,social,2025-05-11,2025-06-14,2025-05-16,1.9,3,0,0,0.0,C01040,46,Regular,Eastern Slovakia,mobile
INT-004724,CMP-069,social,2025-05-11,2025-06-14,2025-05-16,3.8,6,1,0,0.0,C00875,18,New,Bratislava,mobile
INT-004725,CMP-069,social,2025-05-11,2025-06-14,2025-05-16,1.9,3,0,0,0.0,C00106,36,Loyal,Eastern Slovakia,mobile
INT-004726,CMP-069,social,2025-05-11,2025-06-14,2025-05-16,4.44,7,1,0,0.0,C01034,44,New,Western Slovakia,desktop
INT-004727,CMP-069,social,2025-05-11,2025-06-14,2025-05-16,5.07,8,1,0,0.0,C01948,27,At-Risk,Bratislava,desktop
INT-004728,CMP-069,social,2025-05-11,2025-06-14,2025-05-18,1.27,2,0,0,0.0,C01882,55,Regular,Czech Republic,desktop
INT-004729,CMP-069,social,2025-05-11,2025-06-14,2025-05-18,5.07,8,0,0,0.0,C00431,26,Loyal,Bratislava,desktop
INT-004730,CMP-069,social,2025-05-11,2025-06-14,2025-05-20,4.44,7,0,0,0.0,C00219,36,Regular,Eastern Slovakia,desktop
INT-004731,CMP-069,social,2025-05-11,2025-06-14,2025-05-21,1.9,3,0,0,0.0,C00963,26,Loyal,Western Slovakia,desktop
INT-004732,CMP-069,social,2025-05-11,2025-06-14,2025-05-22,3.8,6,0,0,0.0,C01058,43,New,Western Slovakia,mobile
INT-004733,CMP-069,social,2025-05-11,2025-06-14,2025-05-22,3.8,6,0,0,0.0,C01319,20,Loyal,Western Slovakia,mobile
INT-004734,CMP-069,social,2025-05-11,2025-06-14,2025-05-23,1.9,3,0,0,0.0,C00227,68,New,Bratislava,mobile
INT-004735,CMP-069,social,2025-05-11,2025-06-14,2025-05-24,3.17,5,1,0,0.0,C00919,54,New,Eastern Slovakia,mobile
INT-004736,CMP-069,social,2025-05-11,2025-06-14,2025-05-25,2.54,4,0,0,0.0,C01173,37,Regular,Central Slovakia,mobile
INT-004737,CMP-069,social,2025-05-11,2025-06-14,2025-05-25,1.9,3,0,0,0.0,C00547,40,Regular,Bratislava,mobile
INT-004738,CMP-069,social,2025-05-11,2025-06-14,2025-05-25,3.8,6,1,0,0.0,C01493,31,Loyal,Bratislava,mobile
INT-004739,CMP-069,social,2025-05-11,2025-06-14,2025-05-25,3.8,6,1,0,0.0,C02110,41,Loyal,Bratislava,mobile
INT-004740,CMP-069,social,2025-05-11,2025-06-14,2025-05-26,2.54,4,0,0,0.0,C01421,35,Regular,Central Slovakia,mobile
INT-004741,CMP-069,social,2025-05-11,2025-06-14,2025-05-26,3.8,6,0,0,0.0,C02026,20,New,Bratislava,desktop
INT-004742,CMP-069,social,2025-05-11,2025-06-14,2025-05-26,2.54,4,0,0,0.0,C00518,30,Regular,Western Slovakia,mobile
INT-004743,CMP-069,social,2025-05-11,2025-06-14,2025-05-27,3.17,5,0,0,0.0,C01635,41,At-Risk,Bratislava,mobile
INT-004744,CMP-069,social,2025-05-11,2025-06-14,2025-05-27,4.44,7,1,1,234.36,C01073,35,Loyal,Western Slovakia,mobile
INT-004745,CMP-069,social,2025-05-11,2025-06-14,2025-05-27,5.07,8,0,0,0.0,C02017,38,Regular,Bratislava,mobile
INT-004746,CMP-069,social,2025-05-11,2025-06-14,2025-05-28,2.54,4,0,0,0.0,C00468,61,At-Risk,Central Slovakia,desktop
INT-004747,CMP-069,social,2025-05-11,2025-06-14,2025-05-28,1.27,2,0,0,0.0,C01971,35,New,Western Slovakia,tablet
INT-004748,CMP-069,social,2025-05-11,2025-06-14,2025-05-29,3.8,6,1,0,0.0,C01640,36,New,Eastern Slovakia,mobile
INT-004749,CMP-069,social,2025-05-11,2025-06-14,2025-05-29,2.54,4,0,0,0.0,C01592,21,Regular,Bratislava,mobile
INT-004750,CMP-069,social,2025-05-11,2025-06-14,2025-05-29,3.8,6,0,0,0.0,C01542,48,Regular,Central Slovakia,desktop
INT-004751,CMP-069,social,2025-05-11,2025-06-14,2025-05-31,3.8,6,0,0,0.0,C01396,60,Loyal,Eastern Slovakia,mobile
INT-004752,CMP-069,social,2025-05-11,2025-06-14,2025-05-31,6.34,10,0,0,0.0,C00356,41,New,Eastern Slovakia,mobile
INT-004753,CMP-069,social,2025-05-11,2025-06-14,2025-06-01,2.54,4,1,0,0.0,C01295,41,Regular,Central Slovakia,desktop
INT-004754,CMP-069,social,2025-05-11,2025-06-14,2025-06-01,5.07,8,1,1,186.09,C01125,36,Regular,Western Slovakia,desktop
INT-004755,CMP-069,social,2025-05-11,2025-06-14,2025-06-02,4.44,7,0,0,0.0,C01747,31,New,Eastern Slovakia,mobile
INT-004756,CMP-069,social,2025-05-11,2025-06-14,2025-06-02,3.8,6,0,0,0.0,C01151,40,New,Central Slovakia,mobile
INT-004757,CMP-069,social,2025-05-11,2025-06-14,2025-06-02,2.54,4,0,0,0.0,C01464,44,Loyal,Bratislava,desktop
INT-004758,CMP-069,social,2025-05-11,2025-06-14,2025-06-03,3.17,5,1,1,122.01,C00046,41,New,Western Slovakia,mobile
INT-004759,CMP-069,social,2025-05-11,2025-06-14,2025-06-03,1.27,2,0,0,0.0,C00473,35,Regular,Bratislava,desktop
INT-004760,CMP-069,social,2025-05-11,2025-06-14,2025-06-04,4.44,7,0,0,0.0,C02198,38,Regular,Bratislava,desktop
INT-004761,CMP-069,social,2025-05-11,2025-06-14,2025-06-04,2.54,4,0,0,0.0,C01975,22,New,Bratislava,mobile
INT-004762,CMP-069,social,2025-05-11,2025-06-14,2025-06-04,3.8,6,0,0,0.0,C01891,50,Regular,Eastern Slovakia,mobile
INT-004763,CMP-069,social,2025-05-11,2025-06-14,2025-06-05,2.54,4,0,0,0.0,C01201,22,Loyal,Eastern Slovakia,mobile
INT-004764,CMP-069,social,2025-05-11,2025-06-14,2025-06-05,4.44,7,0,0,0.0,C00600,18,Regular,Czech Republic,tablet
INT-004765,CMP-069,social,2025-05-11,2025-06-14,2025-06-05,1.9,3,0,0,0.0,C00898,28,Loyal,Eastern Slovakia,mobile
INT-004766,CMP-069,social,2025-05-11,2025-06-14,2025-06-05,2.54,4,1,0,0.0,C01472,52,Regular,Bratislava,mobile
INT-004767,CMP-069,social,2025-05-11,2025-06-14,2025-06-06,3.8,6,0,0,0.0,C00198,33,Regular,Bratislava,desktop
INT-004768,CMP-069,social,2025-05-11,2025-06-14,2025-06-06,3.8,6,0,0,0.0,C01775,51,Loyal,Western Slovakia,desktop
INT-004769,CMP-069,social,2025-05-11,2025-06-14,2025-06-06,5.71,9,0,0,0.0,C00813,41,New,Bratislava,mobile
INT-004770,CMP-069,social,2025-05-11,2025-06-14,2025-06-06,4.44,7,1,0,0.0,C00985,42,New,Eastern Slovakia,mobile
INT-004771,CMP-069,social,2025-05-11,2025-06-14,2025-06-07,1.9,3,1,0,0.0,C00770,58,New,Bratislava,mobile
INT-004772,CMP-069,social,2025-05-11,2025-06-14,2025-06-08,1.27,2,0,0,0.0,C00641,20,New,Western Slovakia,desktop
INT-004773,CMP-069,social,2025-05-11,2025-06-14,2025-06-09,2.54,4,0,0,0.0,C00095,18,Loyal,Western Slovakia,mobile
INT-004774,CMP-069,social,2025-05-11,2025-06-14,2025-06-10,3.17,5,0,0,0.0,C00354,48,Loyal,Western Slovakia,desktop
INT-004775,CMP-069,social,2025-05-11,2025-06-14,2025-06-10,1.27,2,0,0,0.0,C00944,52,Loyal,Western Slovakia,mobile
INT-004776,CMP-069,social,2025-05-11,2025-06-14,2025-06-11,1.9,3,0,0,0.0,C00645,34,At-Risk,Czech Republic,desktop
INT-004777,CMP-069,social,2025-05-11,2025-06-14,2025-06-12,2.54,4,0,0,0.0,C00317,39,New,Central Slovakia,mobile
INT-004778,CMP-069,social,2025-05-11,2025-06-14,2025-06-12,3.8,6,0,0,0.0,C01963,35,Regular,Western Slovakia,desktop
INT-004779,CMP-069,social,2025-05-11,2025-06-14,2025-06-12,3.8,6,0,0,0.0,C01947,29,New,Eastern Slovakia,desktop
INT-004780,CMP-069,social,2025-05-11,2025-06-14,2025-06-13,3.8,6,0,0,0.0,C00786,41,Loyal,Central Slovakia,mobile
INT-004781,CMP-069,social,2025-05-11,2025-06-14,2025-06-13,2.54,4,0,0,0.0,C02062,59,Loyal,Bratislava,mobile
INT-004782,CMP-104,search,2025-06-11,2025-07-06,2025-06-12,3.49,2,0,0,0.0,C01604,21,Regular,Bratislava,desktop
INT-004783,CMP-104,search,2025-06-11,2025-07-06,2025-06-13,8.73,5,1,1,200.82,C01760,39,Regular,Eastern Slovakia,desktop
INT-004784,CMP-104,search,2025-06-11,2025-07-06,2025-06-13,5.24,3,0,0,0.0,C01367,24,Regular,Western Slovakia,desktop
INT-004785,CMP-104,search,2025-06-11,2025-07-06,2025-06-14,1.75,1,0,0,0.0,C01024,45,Loyal,Bratislava,mobile
INT-004786,CMP-104,search,2025-06-11,2025-07-06,2025-06-15,5.24,3,1,1,228.43,C01097,57,Loyal,Czech Republic,mobile
INT-004787,CMP-104,search,2025-06-11,2025-07-06,2025-06-16,8.73,5,0,0,0.0,C01344,32,New,Bratislava,desktop
INT-004788,CMP-104,search,2025-06-11,2025-07-06,2025-06-16,5.24,3,0,0,0.0,C00779,39,Regular,Bratislava,desktop
INT-004789,CMP-104,search,2025-06-11,2025-07-06,2025-06-17,6.98,4,1,0,0.0,C01159,18,Regular,Western Slovakia,tablet
INT-004790,CMP-104,search,2025-06-11,2025-07-06,2025-06-20,6.98,4,1,0,0.0,C00549,46,Regular,Western Slovakia,mobile
INT-004791,CMP-104,search,2025-06-11,2025-07-06,2025-06-21,8.73,5,1,1,482.2,C02152,47,Loyal,Bratislava,desktop
INT-004792,CMP-104,search,2025-06-11,2025-07-06,2025-06-21,5.24,3,0,0,0.0,C00439,30,New,Western Slovakia,mobile
INT-004793,CMP-104,search,2025-06-11,2025-07-06,2025-06-29,10.48,6,0,0,0.0,C01189,45,New,Bratislava,desktop
INT-004794,CMP-104,search,2025-06-11,2025-07-06,2025-06-29,1.75,1,1,0,0.0,C01823,53,Regular,Central Slovakia,mobile
INT-004795,CMP-104,search,2025-06-11,2025-07-06,2025-06-29,3.49,2,0,0,0.0,C01744,22,Regular,Western Slovakia,desktop
INT-004796,CMP-104,search,2025-06-11,2025-07-06,2025-06-30,3.49,2,0,0,0.0,C02115,44,Loyal,Western Slovakia,mobile
INT-004797,CMP-104,search,2025-06-11,2025-07-06,2025-06-30,3.49,2,0,0,0.0,C01153,41,Regular,Eastern Slovakia,mobile
INT-004798,CMP-104,search,2025-06-11,2025-07-06,2025-07-01,5.24,3,0,0,0.0,C02150,40,Loyal,Western Slovakia,mobile
INT-004799,CMP-104,search,2025-06-11,2025-07-06,2025-07-02,5.24,3,0,0,0.0,C01020,45,New,Bratislava,desktop
INT-004800,CMP-104,search,2025-06-11,2025-07-06,2025-07-03,5.24,3,1,1,210.54,C01363,18,Regular,Central Slovakia,desktop
INT-004801,CMP-104,search,2025-06-11,2025-07-06,2025-07-05,5.24,3,0,0,0.0,C01774,58,At-Risk,Bratislava,tablet
INT-004802,CMP-085,social,2025-06-12,2025-07-16,2025-06-13,6.03,7,0,0,0.0,C00341,18,Loyal,Western Slovakia,mobile
INT-004803,CMP-085,social,2025-06-12,2025-07-16,2025-06-14,8.62,10,1,0,0.0,C00141,43,Regular,Bratislava,mobile
INT-004804,CMP-085,social,2025-06-12,2025-07-16,2025-06-14,3.45,4,0,0,0.0,C01250,19,Loyal,Bratislava,mobile
INT-004805,CMP-085,social,2025-06-12,2025-07-16,2025-06-14,6.03,7,1,0,0.0,C00146,33,At-Risk,Czech Republic,mobile
INT-004806,CMP-085,social,2025-06-12,2025-07-16,2025-06-14,6.9,8,0,0,0.0,C01607,44,Loyal,Bratislava,desktop
INT-004807,CMP-085,social,2025-06-12,2025-07-16,2025-06-16,6.03,7,0,0,0.0,C01465,50,Loyal,Bratislava,mobile
INT-004808,CMP-085,social,2025-06-12,2025-07-16,2025-06-16,5.17,6,0,0,0.0,C01641,20,New,Bratislava,desktop
INT-004809,CMP-085,social,2025-06-12,2025-07-16,2025-06-17,4.31,5,0,0,0.0,C01975,22,New,Bratislava,mobile
INT-004810,CMP-085,social,2025-06-12,2025-07-16,2025-06-18,5.17,6,0,0,0.0,C00672,41,New,Western Slovakia,mobile
INT-004811,CMP-085,social,2025-06-12,2025-07-16,2025-06-18,6.9,8,0,0,0.0,C02165,45,New,Czech Republic,tablet
INT-004812,CMP-085,social,2025-06-12,2025-07-16,2025-06-22,5.17,6,0,0,0.0,C01770,72,Loyal,Western Slovakia,mobile
INT-004813,CMP-085,social,2025-06-12,2025-07-16,2025-06-22,4.31,5,0,0,0.0,C00755,59,New,Bratislava,mobile
INT-004814,CMP-085,social,2025-06-12,2025-07-16,2025-06-23,6.9,8,0,0,0.0,C00138,48,New,Czech Republic,desktop
INT-004815,CMP-085,social,2025-06-12,2025-07-16,2025-06-23,5.17,6,0,0,0.0,C00751,38,Loyal,Bratislava,mobile
INT-004816,CMP-085,social,2025-06-12,2025-07-16,2025-06-25,4.31,5,0,0,0.0,C01242,26,New,Bratislava,desktop
INT-004817,CMP-085,social,2025-06-12,2025-07-16,2025-06-26,4.31,5,0,0,0.0,C01328,19,New,Central Slovakia,mobile
INT-004818,CMP-085,social,2025-06-12,2025-07-16,2025-06-26,3.45,4,0,0,0.0,C00467,34,Regular,Eastern Slovakia,mobile
INT-004819,CMP-085,social,2025-06-12,2025-07-16,2025-06-27,4.31,5,0,0,0.0,C01817,46,New,Bratislava,mobile
INT-004820,CMP-085,social,2025-06-12,2025-07-16,2025-06-28,8.62,10,0,0,0.0,C00560,27,New,Western Slovakia,tablet
INT-004821,CMP-085,social,2025-06-12,2025-07-16,2025-06-29,3.45,4,0,0,0.0,C00645,34,At-Risk,Czech Republic,mobile
INT-004822,CMP-085,social,2025-06-12,2025-07-16,2025-06-29,6.9,8,0,0,0.0,C00081,43,Regular,Eastern Slovakia,mobile
INT-004823,CMP-085,social,2025-06-12,2025-07-16,2025-07-01,6.03,7,0,0,0.0,C00970,38,Regular,Western Slovakia,desktop
INT-004824,CMP-085,social,2025-06-12,2025-07-16,2025-07-02,8.62,10,0,0,0.0,C01890,45,Loyal,Central Slovakia,mobile
INT-004825,CMP-085,social,2025-06-12,2025-07-16,2025-07-03,7.76,9,0,0,0.0,C00323,52,Loyal,Bratislava,mobile
INT-004826,CMP-085,social,2025-06-12,2025-07-16,2025-07-04,6.9,8,0,0,0.0,C00893,33,At-Risk,Eastern Slovakia,desktop
INT-004827,CMP-085,social,2025-06-12,2025-07-16,2025-07-05,6.03,7,0,0,0.0,C02000,65,Loyal,Eastern Slovakia,desktop
INT-004828,CMP-085,social,2025-06-12,2025-07-16,2025-07-06,2.59,3,0,0,0.0,C01286,41,Loyal,Czech Republic,mobile
INT-004829,CMP-085,social,2025-06-12,2025-07-16,2025-07-07,4.31,5,0,0,0.0,C00688,56,New,Bratislava,mobile
INT-004830,CMP-085,social,2025-06-12,2025-07-16,2025-07-08,6.9,8,0,0,0.0,C01407,41,New,Central Slovakia,mobile
INT-004831,CMP-085,social,2025-06-12,2025-07-16,2025-07-09,3.45,4,0,0,0.0,C00459,42,New,Central Slovakia,mobile
INT-004832,CMP-085,social,2025-06-12,2025-07-16,2025-07-10,2.59,3,0,0,0.0,C00111,43,Loyal,Czech Republic,mobile
INT-004833,CMP-085,social,2025-06-12,2025-07-16,2025-07-11,4.31,5,1,0,0.0,C00121,26,Regular,Western Slovakia,mobile
INT-004834,CMP-085,social,2025-06-12,2025-07-16,2025-07-12,6.9,8,0,0,0.0,C01924,52,New,Central Slovakia,mobile
INT-004835,CMP-085,social,2025-06-12,2025-07-16,2025-07-13,3.45,4,1,0,0.0,C02139,42,Loyal,Eastern Slovakia,mobile
INT-004836,CMP-085,social,2025-06-12,2025-07-16,2025-07-15,9.48,11,0,0,0.0,C01831,47,Regular,Eastern Slovakia,mobile
INT-004837,CMP-085,social,2025-06-12,2025-07-16,2025-07-15,3.45,4,0,0,0.0,C01330,47,New,Bratislava,mobile
INT-004838,CMP-085,social,2025-06-12,2025-07-16,2025-07-15,1.72,2,0,0,0.0,C00303,48,Regular,Western Slovakia,desktop
INT-004839,CMP-011,display,2025-06-13,2025-06-28,2025-06-13,7.98,17,0,0,0.0,C00124,54,New,Western Slovakia,mobile
INT-004840,CMP-011,display,2025-06-13,2025-06-28,2025-06-13,7.51,16,0,0,0.0,C01794,34,At-Risk,Eastern Slovakia,mobile
INT-004841,CMP-011,display,2025-06-13,2025-06-28,2025-06-13,10.33,22,0,0,0.0,C01496,25,Loyal,Bratislava,mobile
INT-004842,CMP-011,display,2025-06-13,2025-06-28,2025-06-13,5.63,12,0,0,0.0,C01162,34,New,Central Slovakia,desktop
INT-004843,CMP-011,display,2025-06-13,2025-06-28,2025-06-14,11.74,25,0,0,0.0,C01654,33,Regular,Eastern Slovakia,mobile
INT-004844,CMP-011,display,2025-06-13,2025-06-28,2025-06-14,10.33,22,0,0,0.0,C00302,20,Regular,Central Slovakia,tablet
INT-004845,CMP-011,display,2025-06-13,2025-06-28,2025-06-14,7.51,16,0,0,0.0,C01720,22,New,Central Slovakia,mobile
INT-004846,CMP-011,display,2025-06-13,2025-06-28,2025-06-14,5.63,12,0,0,0.0,C01881,47,Loyal,Western Slovakia,desktop
INT-004847,CMP-011,display,2025-06-13,2025-06-28,2025-06-15,10.33,22,0,0,0.0,C01408,46,Regular,Western Slovakia,mobile
INT-004848,CMP-011,display,2025-06-13,2025-06-28,2025-06-16,7.04,15,0,0,0.0,C00569,45,Regular,Central Slovakia,mobile
INT-004849,CMP-011,display,2025-06-13,2025-06-28,2025-06-16,9.86,21,0,0,0.0,C00625,44,New,Czech Republic,desktop
INT-004850,CMP-011,display,2025-06-13,2025-06-28,2025-06-17,9.39,20,0,0,0.0,C00502,49,Loyal,Eastern Slovakia,desktop
INT-004851,CMP-011,display,2025-06-13,2025-06-28,2025-06-18,6.1,13,1,0,0.0,C01936,57,Loyal,Eastern Slovakia,mobile
INT-004852,CMP-011,display,2025-06-13,2025-06-28,2025-06-18,7.98,17,0,0,0.0,C00105,27,Regular,Bratislava,mobile
INT-004853,CMP-011,display,2025-06-13,2025-06-28,2025-06-18,8.45,18,0,0,0.0,C00776,40,New,Western Slovakia,mobile
INT-004854,CMP-011,display,2025-06-13,2025-06-28,2025-06-18,11.74,25,0,0,0.0,C00042,45,Loyal,Eastern Slovakia,desktop
INT-004855,CMP-011,display,2025-06-13,2025-06-28,2025-06-19,9.39,20,0,0,0.0,C00683,53,Regular,Bratislava,mobile
INT-004856,CMP-011,display,2025-06-13,2025-06-28,2025-06-19,9.86,21,0,0,0.0,C01252,56,Regular,Bratislava,desktop
INT-004857,CMP-011,display,2025-06-13,2025-06-28,2025-06-20,9.86,21,0,0,0.0,C01119,42,New,Bratislava,mobile
INT-004858,CMP-011,display,2025-06-13,2025-06-28,2025-06-20,7.04,15,0,0,0.0,C01865,41,Loyal,Central Slovakia,mobile
INT-004859,CMP-011,display,2025-06-13,2025-06-28,2025-06-20,9.86,21,0,0,0.0,C01950,62,New,Eastern Slovakia,mobile
INT-004860,CMP-011,display,2025-06-13,2025-06-28,2025-06-20,8.92,19,0,0,0.0,C00830,18,New,Eastern Slovakia,desktop
INT-004861,CMP-011,display,2025-06-13,2025-06-28,2025-06-20,7.04,15,0,0,0.0,C00717,19,Regular,Western Slovakia,mobile
INT-004862,CMP-011,display,2025-06-13,2025-06-28,2025-06-21,9.39,20,0,0,0.0,C01093,48,New,Central Slovakia,desktop
INT-004863,CMP-011,display,2025-06-13,2025-06-28,2025-06-21,7.51,16,0,0,0.0,C00425,27,Regular,Western Slovakia,mobile
INT-004864,CMP-011,display,2025-06-13,2025-06-28,2025-06-21,7.04,15,0,0,0.0,C00396,40,At-Risk,Western Slovakia,tablet
INT-004865,CMP-011,display,2025-06-13,2025-06-28,2025-06-21,4.69,10,0,0,0.0,C01102,45,New,Bratislava,mobile
INT-004866,CMP-011,display,2025-06-13,2025-06-28,2025-06-21,10.8,23,0,0,0.0,C00946,34,Regular,Western Slovakia,desktop
INT-004867,CMP-011,display,2025-06-13,2025-06-28,2025-06-21,9.39,20,0,0,0.0,C01874,24,Regular,Bratislava,mobile
INT-004868,CMP-011,display,2025-06-13,2025-06-28,2025-06-21,9.39,20,0,0,0.0,C00136,26,Loyal,Eastern Slovakia,mobile
INT-004869,CMP-011,display,2025-06-13,2025-06-28,2025-06-22,7.51,16,0,0,0.0,C00516,42,At-Risk,Bratislava,mobile
INT-004870,CMP-011,display,2025-06-13,2025-06-28,2025-06-22,9.39,20,1,0,0.0,C01637,18,At-Risk,Western Slovakia,mobile
INT-004871,CMP-011,display,2025-06-13,2025-06-28,2025-06-22,9.86,21,0,0,0.0,C00256,47,New,Bratislava,desktop
INT-004872,CMP-011,display,2025-06-13,2025-06-28,2025-06-22,9.39,20,0,0,0.0,C00620,55,New,Western Slovakia,mobile
INT-004873,CMP-011,display,2025-06-13,2025-06-28,2025-06-23,7.51,16,0,0,0.0,C02067,50,At-Risk,Eastern Slovakia,mobile
INT-004874,CMP-011,display,2025-06-13,2025-06-28,2025-06-23,7.04,15,1,0,0.0,C01438,18,At-Risk,Bratislava,desktop
INT-004875,CMP-011,display,2025-06-13,2025-06-28,2025-06-23,9.39,20,1,0,0.0,C00937,24,Loyal,Bratislava,mobile
INT-004876,CMP-011,display,2025-06-13,2025-06-28,2025-06-23,7.51,16,0,0,0.0,C01049,27,Regular,Bratislava,mobile
INT-004877,CMP-011,display,2025-06-13,2025-06-28,2025-06-23,9.39,20,0,0,0.0,C00885,25,Loyal,Western Slovakia,mobile
INT-004878,CMP-011,display,2025-06-13,2025-06-28,2025-06-24,6.1,13,0,0,0.0,C00301,59,Regular,Bratislava,desktop
INT-004879,CMP-011,display,2025-06-13,2025-06-28,2025-06-24,8.92,19,0,0,0.0,C01835,45,Regular,Eastern Slovakia,mobile
INT-004880,CMP-011,display,2025-06-13,2025-06-28,2025-06-24,9.39,20,0,0,0.0,C01595,43,At-Risk,Central Slovakia,tablet
INT-004881,CMP-011,display,2025-06-13,2025-06-28,2025-06-24,5.16,11,0,0,0.0,C00410,22,New,Bratislava,mobile
INT-004882,CMP-011,display,2025-06-13,2025-06-28,2025-06-25,9.39,20,0,0,0.0,C01853,34,Regular,Central Slovakia,mobile
INT-004883,CMP-011,display,2025-06-13,2025-06-28,2025-06-25,7.98,17,1,0,0.0,C01829,27,New,Eastern Slovakia,mobile
INT-004884,CMP-011,display,2025-06-13,2025-06-28,2025-06-25,6.57,14,0,0,0.0,C01880,18,At-Risk,Bratislava,mobile
INT-004885,CMP-011,display,2025-06-13,2025-06-28,2025-06-25,7.51,16,0,0,0.0,C00486,36,Regular,Bratislava,desktop
INT-004886,CMP-011,display,2025-06-13,2025-06-28,2025-06-25,5.16,11,0,0,0.0,C01064,52,Regular,Western Slovakia,mobile
INT-004887,CMP-011,display,2025-06-13,2025-06-28,2025-06-26,7.98,17,0,0,0.0,C01156,39,Loyal,Central Slovakia,mobile
INT-004888,CMP-011,display,2025-06-13,2025-06-28,2025-06-26,11.74,25,0,0,0.0,C01646,39,Regular,Western Slovakia,mobile
INT-004889,CMP-011,display,2025-06-13,2025-06-28,2025-06-26,6.1,13,0,0,0.0,C02042,46,New,Central Slovakia,mobile
INT-004890,CMP-011,display,2025-06-13,2025-06-28,2025-06-26,10.33,22,0,0,0.0,C00093,33,Loyal,Czech Republic,mobile
INT-004891,CMP-011,display,2025-06-13,2025-06-28,2025-06-26,9.86,21,1,0,0.0,C01836,39,At-Risk,Central Slovakia,desktop
INT-004892,CMP-011,display,2025-06-13,2025-06-28,2025-06-26,5.63,12,0,0,0.0,C00009,38,New,Bratislava,desktop
INT-004893,CMP-011,display,2025-06-13,2025-06-28,2025-06-27,7.51,16,0,0,0.0,C01322,31,New,Eastern Slovakia,mobile
INT-004894,CMP-011,display,2025-06-13,2025-06-28,2025-06-27,7.51,16,0,0,0.0,C00976,26,Loyal,Central Slovakia,mobile
INT-004895,CMP-011,display,2025-06-13,2025-06-28,2025-06-27,10.8,23,0,0,0.0,C01403,36,Regular,Bratislava,desktop
INT-004896,CMP-011,display,2025-06-13,2025-06-28,2025-06-27,12.21,26,1,0,0.0,C01270,45,Loyal,Bratislava,mobile
INT-004897,CMP-011,display,2025-06-13,2025-06-28,2025-06-27,9.39,20,1,0,0.0,C01211,49,Regular,Western Slovakia,mobile
INT-004898,CMP-020,search,2025-06-20,2025-06-27,2025-06-20,11.03,5,1,0,0.0,C01231,31,Regular,Eastern Slovakia,mobile
INT-004899,CMP-020,search,2025-06-20,2025-06-27,2025-06-20,11.03,5,0,0,0.0,C01547,18,Regular,Central Slovakia,desktop
INT-004900,CMP-020,search,2025-06-20,2025-06-27,2025-06-20,2.21,1,0,0,0.0,C00900,20,New,Bratislava,mobile
INT-004901,CMP-020,search,2025-06-20,2025-06-27,2025-06-21,8.82,4,0,0,0.0,C01168,60,Loyal,Eastern Slovakia,desktop
INT-004902,CMP-020,search,2025-06-20,2025-06-27,2025-06-21,4.41,2,0,0,0.0,C00282,18,Regular,Czech Republic,desktop
INT-004903,CMP-020,search,2025-06-20,2025-06-27,2025-06-22,8.82,4,0,0,0.0,C01232,25,Loyal,Western Slovakia,mobile
INT-004904,CMP-020,search,2025-06-20,2025-06-27,2025-06-22,6.62,3,0,0,0.0,C01573,42,Regular,Bratislava,mobile
INT-004905,CMP-020,search,2025-06-20,2025-06-27,2025-06-22,6.62,3,0,0,0.0,C00502,49,Loyal,Eastern Slovakia,desktop
INT-004906,CMP-020,search,2025-06-20,2025-06-27,2025-06-22,11.03,5,0,0,0.0,C00555,37,New,Bratislava,desktop
INT-004907,CMP-020,search,2025-06-20,2025-06-27,2025-06-24,17.65,8,1,0,0.0,C00533,33,Regular,Western Slovakia,desktop
INT-004908,CMP-020,search,2025-06-20,2025-06-27,2025-06-25,6.62,3,0,0,0.0,C00117,41,New,Eastern Slovakia,desktop
INT-004909,CMP-020,search,2025-06-20,2025-06-27,2025-06-25,11.03,5,0,0,0.0,C00916,52,Loyal,Czech Republic,desktop
INT-004910,CMP-020,search,2025-06-20,2025-06-27,2025-06-25,4.41,2,0,0,0.0,C00257,43,At-Risk,Bratislava,desktop
INT-004911,CMP-020,search,2025-06-20,2025-06-27,2025-06-25,6.62,3,0,0,0.0,C00135,20,New,Central Slovakia,desktop
INT-004912,CMP-020,search,2025-06-20,2025-06-27,2025-06-25,11.03,5,0,0,0.0,C01023,43,Regular,Czech Republic,desktop
INT-004913,CMP-020,search,2025-06-20,2025-06-27,2025-06-26,8.82,4,0,0,0.0,C01949,28,New,Central Slovakia,mobile
INT-004914,CMP-020,search,2025-06-20,2025-06-27,2025-06-26,8.82,4,0,0,0.0,C01318,43,Regular,Central Slovakia,desktop
INT-004915,CMP-020,search,2025-06-20,2025-06-27,2025-06-26,4.41,2,0,0,0.0,C00607,47,Regular,Central Slovakia,mobile
INT-004916,CMP-116,email,2025-06-20,2025-07-24,2025-06-20,1.69,2,0,0,0.0,C02183,18,Loyal,Eastern Slovakia,mobile
INT-004917,CMP-116,email,2025-06-20,2025-07-24,2025-06-20,0.85,1,0,0,0.0,C02016,40,Regular,Eastern Slovakia,desktop
INT-004918,CMP-116,email,2025-06-20,2025-07-24,2025-06-22,2.54,3,0,0,0.0,C02082,43,At-Risk,Czech Republic,mobile
INT-004919,CMP-116,email,2025-06-20,2025-07-24,2025-06-22,4.23,5,0,0,0.0,C01827,48,Regular,Bratislava,desktop
INT-004920,CMP-116,email,2025-06-20,2025-07-24,2025-06-22,3.38,4,0,0,0.0,C00480,69,At-Risk,Bratislava,mobile
INT-004921,CMP-116,email,2025-06-20,2025-07-24,2025-06-23,3.38,4,1,1,231.11,C01206,30,Loyal,Bratislava,mobile
INT-004922,CMP-116,email,2025-06-20,2025-07-24,2025-06-25,5.07,6,1,0,0.0,C00979,21,Regular,Czech Republic,mobile
INT-004923,CMP-116,email,2025-06-20,2025-07-24,2025-06-26,1.69,2,0,0,0.0,C00380,33,New,Czech Republic,desktop
INT-004924,CMP-116,email,2025-06-20,2025-07-24,2025-06-28,1.69,2,0,0,0.0,C01998,37,New,Western Slovakia,mobile
INT-004925,CMP-116,email,2025-06-20,2025-07-24,2025-06-29,3.38,4,1,0,0.0,C01863,55,Loyal,Czech Republic,desktop
INT-004926,CMP-116,email,2025-06-20,2025-07-24,2025-06-29,2.54,3,0,0,0.0,C00614,43,New,Bratislava,mobile
INT-004927,CMP-116,email,2025-06-20,2025-07-24,2025-06-29,3.38,4,0,0,0.0,C00987,21,At-Risk,Eastern Slovakia,mobile
INT-004928,CMP-116,email,2025-06-20,2025-07-24,2025-06-30,4.23,5,0,0,0.0,C01765,25,Regular,Bratislava,mobile
INT-004929,CMP-116,email,2025-06-20,2025-07-24,2025-07-01,5.07,6,0,0,0.0,C01890,45,Loyal,Central Slovakia,mobile
INT-004930,CMP-116,email,2025-06-20,2025-07-24,2025-07-02,2.54,3,0,0,0.0,C00297,42,At-Risk,Western Slovakia,desktop
INT-004931,CMP-116,email,2025-06-20,2025-07-24,2025-07-03,3.38,4,0,0,0.0,C00055,32,Regular,Bratislava,mobile
INT-004932,CMP-116,email,2025-06-20,2025-07-24,2025-07-04,1.69,2,0,0,0.0,C00563,39,Loyal,Bratislava,desktop
INT-004933,CMP-116,email,2025-06-20,2025-07-24,2025-07-06,2.54,3,0,0,0.0,C00868,33,Regular,Czech Republic,desktop
INT-004934,CMP-116,email,2025-06-20,2025-07-24,2025-07-06,2.54,3,0,0,0.0,C00388,44,New,Bratislava,desktop
INT-004935,CMP-116,email,2025-06-20,2025-07-24,2025-07-08,2.54,3,0,0,0.0,C00762,46,At-Risk,Bratislava,desktop
INT-004936,CMP-116,email,2025-06-20,2025-07-24,2025-07-09,3.38,4,0,0,0.0,C01412,65,At-Risk,Bratislava,mobile
INT-004937,CMP-116,email,2025-06-20,2025-07-24,2025-07-09,5.92,7,0,0,0.0,C01304,47,Regular,Eastern Slovakia,desktop
INT-004938,CMP-116,email,2025-06-20,2025-07-24,2025-07-11,2.54,3,2,2,611.12,C00502,49,Loyal,Eastern Slovakia,desktop
INT-004939,CMP-116,email,2025-06-20,2025-07-24,2025-07-12,1.69,2,1,0,0.0,C00971,35,New,Western Slovakia,mobile
INT-004940,CMP-116,email,2025-06-20,2025-07-24,2025-07-14,5.07,6,0,0,0.0,C01062,55,At-Risk,Central Slovakia,desktop
INT-004941,CMP-116,email,2025-06-20,2025-07-24,2025-07-14,3.38,4,0,0,0.0,C01857,36,Loyal,Central Slovakia,mobile
INT-004942,CMP-116,email,2025-06-20,2025-07-24,2025-07-17,5.07,6,0,0,0.0,C00714,38,Regular,Western Slovakia,mobile
INT-004943,CMP-116,email,2025-06-20,2025-07-24,2025-07-18,5.92,7,0,0,0.0,C01850,46,At-Risk,Czech Republic,desktop
INT-004944,CMP-116,email,2025-06-20,2025-07-24,2025-07-19,2.54,3,0,0,0.0,C01389,42,Loyal,Western Slovakia,mobile
INT-004945,CMP-116,email,2025-06-20,2025-07-24,2025-07-20,5.07,6,1,0,0.0,C00786,41,Loyal,Central Slovakia,mobile
INT-004946,CMP-116,email,2025-06-20,2025-07-24,2025-07-20,2.54,3,0,0,0.0,C02056,45,New,Bratislava,mobile
INT-004947,CMP-116,email,2025-06-20,2025-07-24,2025-07-21,4.23,5,0,0,0.0,C01171,24,Loyal,Western Slovakia,desktop
INT-004948,CMP-116,email,2025-06-20,2025-07-24,2025-07-21,2.54,3,1,0,0.0,C02126,40,New,Central Slovakia,mobile
INT-004949,CMP-116,email,2025-06-20,2025-07-24,2025-07-22,5.07,6,0,0,0.0,C01937,38,New,Bratislava,mobile
INT-004950,CMP-116,email,2025-06-20,2025-07-24,2025-07-22,2.54,3,0,0,0.0,C00729,24,Loyal,Western Slovakia,mobile
INT-004951,CMP-116,email,2025-06-20,2025-07-24,2025-07-23,4.23,5,1,0,0.0,C01782,39,Regular,Western Slovakia,mobile
INT-004952,CMP-067,social,2025-07-01,2025-07-19,2025-07-01,9.43,14,0,0,0.0,C00406,35,At-Risk,Czech Republic,mobile
INT-004953,CMP-067,social,2025-07-01,2025-07-19,2025-07-02,2.69,4,0,0,0.0,C00567,36,New,Western Slovakia,desktop
INT-004954,CMP-067,social,2025-07-01,2025-07-19,2025-07-03,1.35,2,0,0,0.0,C00477,51,Loyal,Bratislava,mobile
INT-004955,CMP-067,social,2025-07-01,2025-07-19,2025-07-03,4.72,7,1,0,0.0,C00584,25,Loyal,Central Slovakia,mobile
INT-004956,CMP-067,social,2025-07-01,2025-07-19,2025-07-03,5.39,8,1,0,0.0,C00847,75,New,Czech Republic,mobile
INT-004957,CMP-067,social,2025-07-01,2025-07-19,2025-07-04,2.69,4,1,0,0.0,C01927,31,Regular,Bratislava,mobile
INT-004958,CMP-067,social,2025-07-01,2025-07-19,2025-07-04,2.69,4,0,0,0.0,C00994,54,New,Eastern Slovakia,desktop
INT-004959,CMP-067,social,2025-07-01,2025-07-19,2025-07-05,4.04,6,0,0,0.0,C00598,48,New,Eastern Slovakia,mobile
INT-004960,CMP-067,social,2025-07-01,2025-07-19,2025-07-06,3.37,5,2,0,0.0,C00423,31,Regular,Central Slovakia,mobile
INT-004961,CMP-067,social,2025-07-01,2025-07-19,2025-07-06,2.02,3,0,0,0.0,C00099,43,New,Eastern Slovakia,mobile
INT-004962,CMP-067,social,2025-07-01,2025-07-19,2025-07-06,4.72,7,0,0,0.0,C01256,30,Regular,Western Slovakia,mobile
INT-004963,CMP-067,social,2025-07-01,2025-07-19,2025-07-06,1.35,2,1,0,0.0,C00780,22,Regular,Bratislava,tablet
INT-004964,CMP-067,social,2025-07-01,2025-07-19,2025-07-06,5.39,8,0,0,0.0,C01173,37,Regular,Central Slovakia,mobile
INT-004965,CMP-067,social,2025-07-01,2025-07-19,2025-07-07,4.04,6,1,0,0.0,C01721,51,At-Risk,Czech Republic,mobile
INT-004966,CMP-067,social,2025-07-01,2025-07-19,2025-07-07,1.35,2,1,0,0.0,C01352,45,New,Central Slovakia,mobile
INT-004967,CMP-067,social,2025-07-01,2025-07-19,2025-07-07,5.39,8,0,0,0.0,C00799,50,At-Risk,Bratislava,mobile
INT-004968,CMP-067,social,2025-07-01,2025-07-19,2025-07-08,2.69,4,1,0,0.0,C00582,24,Regular,Eastern Slovakia,mobile
INT-004969,CMP-067,social,2025-07-01,2025-07-19,2025-07-08,6.74,10,1,0,0.0,C01952,41,Loyal,Bratislava,mobile
INT-004970,CMP-067,social,2025-07-01,2025-07-19,2025-07-09,2.69,4,0,0,0.0,C00049,46,New,Eastern Slovakia,desktop
INT-004971,CMP-067,social,2025-07-01,2025-07-19,2025-07-09,5.39,8,0,0,0.0,C01874,24,Regular,Bratislava,mobile
INT-004972,CMP-067,social,2025-07-01,2025-07-19,2025-07-09,2.69,4,1,0,0.0,C00489,28,Loyal,Central Slovakia,desktop
INT-004973,CMP-067,social,2025-07-01,2025-07-19,2025-07-10,2.02,3,0,0,0.0,C00988,42,New,Bratislava,tablet
INT-004974,CMP-067,social,2025-07-01,2025-07-19,2025-07-10,2.69,4,0,0,0.0,C01711,31,Regular,Central Slovakia,mobile
INT-004975,CMP-067,social,2025-07-01,2025-07-19,2025-07-10,3.37,5,0,0,0.0,C01225,27,Regular,Western Slovakia,mobile
INT-004976,CMP-067,social,2025-07-01,2025-07-19,2025-07-10,6.74,10,1,0,0.0,C01855,44,At-Risk,Eastern Slovakia,desktop
INT-004977,CMP-067,social,2025-07-01,2025-07-19,2025-07-10,2.69,4,0,0,0.0,C00804,43,Loyal,Eastern Slovakia,desktop
INT-004978,CMP-067,social,2025-07-01,2025-07-19,2025-07-12,2.69,4,1,0,0.0,C01972,34,New,Central Slovakia,desktop
INT-004979,CMP-067,social,2025-07-01,2025-07-19,2025-07-12,1.35,2,0,0,0.0,C00688,56,New,Bratislava,mobile
INT-004980,CMP-067,social,2025-07-01,2025-07-19,2025-07-12,3.37,5,0,0,0.0,C02146,30,Regular,Western Slovakia,mobile
INT-004981,CMP-067,social,2025-07-01,2025-07-19,2025-07-13,4.72,7,0,0,0.0,C00344,43,New,Czech Republic,mobile
INT-004982,CMP-067,social,2025-07-01,2025-07-19,2025-07-14,5.39,8,0,0,0.0,C00304,34,At-Risk,Western Slovakia,desktop
INT-004983,CMP-067,social,2025-07-01,2025-07-19,2025-07-14,1.35,2,0,0,0.0,C01071,36,New,Western Slovakia,mobile
INT-004984,CMP-067,social,2025-07-01,2025-07-19,2025-07-15,3.37,5,0,0,0.0,C00041,47,At-Risk,Central Slovakia,mobile
INT-004985,CMP-067,social,2025-07-01,2025-07-19,2025-07-15,2.69,4,0,0,0.0,C00523,54,At-Risk,Western Slovakia,desktop
INT-004986,CMP-067,social,2025-07-01,2025-07-19,2025-07-16,2.69,4,0,0,0.0,C00398,41,Loyal,Central Slovakia,mobile
INT-004987,CMP-067,social,2025-07-01,2025-07-19,2025-07-16,1.35,2,0,0,0.0,C00672,41,New,Western Slovakia,mobile
INT-004988,CMP-067,social,2025-07-01,2025-07-19,2025-07-18,2.69,4,0,0,0.0,C01008,34,Regular,Central Slovakia,desktop
INT-004989,CMP-098,social,2025-07-03,2025-08-12,2025-07-03,5.18,7,0,0,0.0,C01749,32,Regular,Western Slovakia,tablet
INT-004990,CMP-098,social,2025-07-03,2025-08-12,2025-07-03,4.44,6,0,0,0.0,C01666,30,Regular,Eastern Slovakia,mobile
INT-004991,CMP-098,social,2025-07-03,2025-08-12,2025-07-04,3.7,5,0,0,0.0,C02166,53,Loyal,Bratislava,mobile
INT-004992,CMP-098,social,2025-07-03,2025-08-12,2025-07-05,6.65,9,0,0,0.0,C00629,26,Regular,Western Slovakia,desktop
INT-004993,CMP-098,social,2025-07-03,2025-08-12,2025-07-06,5.18,7,1,0,0.0,C00719,34,Regular,Bratislava,desktop
INT-004994,CMP-098,social,2025-07-03,2025-08-12,2025-07-06,4.44,6,1,0,0.0,C01480,58,Loyal,Bratislava,mobile
INT-004995,CMP-098,social,2025-07-03,2025-08-12,2025-07-07,3.7,5,0,0,0.0,C00240,32,Regular,Eastern Slovakia,desktop
INT-004996,CMP-098,social,2025-07-03,2025-08-12,2025-07-07,4.44,6,0,0,0.0,C01333,49,Regular,Western Slovakia,mobile
INT-004997,CMP-098,social,2025-07-03,2025-08-12,2025-07-07,2.96,4,0,0,0.0,C01819,44,At-Risk,Bratislava,mobile
INT-004998,CMP-098,social,2025-07-03,2025-08-12,2025-07-08,6.65,9,0,0,0.0,C00639,45,New,Czech Republic,mobile
INT-004999,CMP-098,social,2025-07-03,2025-08-12,2025-07-08,4.44,6,0,0,0.0,C01538,18,New,Western Slovakia,mobile
INT-005000,CMP-098,social,2025-07-03,2025-08-12,2025-07-10,6.65,9,0,0,0.0,C00161,26,Loyal,Eastern Slovakia,mobile
INT-005001,CMP-098,social,2025-07-03,2025-08-12,2025-07-10,3.7,5,0,0,0.0,C00734,36,Regular,Central Slovakia,mobile
INT-005002,CMP-098,social,2025-07-03,2025-08-12,2025-07-11,4.44,6,1,0,0.0,C00954,24,Regular,Bratislava,tablet
INT-005003,CMP-098,social,2025-07-03,2025-08-12,2025-07-14,5.18,7,0,0,0.0,C01984,35,Loyal,Czech Republic,desktop
INT-005004,CMP-098,social,2025-07-03,2025-08-12,2025-07-16,5.18,7,0,0,0.0,C01425,40,Loyal,Bratislava,mobile
INT-005005,CMP-098,social,2025-07-03,2025-08-12,2025-07-16,3.7,5,0,0,0.0,C00971,35,New,Western Slovakia,mobile
INT-005006,CMP-098,social,2025-07-03,2025-08-12,2025-07-17,2.22,3,1,1,125.72,C00518,30,Regular,Western Slovakia,mobile
INT-005007,CMP-098,social,2025-07-03,2025-08-12,2025-07-19,6.65,9,1,0,0.0,C00523,54,At-Risk,Western Slovakia,desktop
INT-005008,CMP-098,social,2025-07-03,2025-08-12,2025-07-19,3.7,5,0,0,0.0,C01846,18,Regular,Eastern Slovakia,mobile
INT-005009,CMP-098,social,2025-07-03,2025-08-12,2025-07-19,3.7,5,0,0,0.0,C02072,21,Regular,Western Slovakia,mobile
INT-005010,CMP-098,social,2025-07-03,2025-08-12,2025-07-21,3.7,5,1,0,0.0,C01877,47,Regular,Eastern Slovakia,desktop
INT-005011,CMP-098,social,2025-07-03,2025-08-12,2025-07-23,5.18,7,0,0,0.0,C01305,35,New,Bratislava,desktop
INT-005012,CMP-098,social,2025-07-03,2025-08-12,2025-07-23,4.44,6,1,0,0.0,C01893,24,New,Eastern Slovakia,mobile
INT-005013,CMP-098,social,2025-07-03,2025-08-12,2025-07-26,0.74,1,0,0,0.0,C01285,39,Loyal,Bratislava,desktop
INT-005014,CMP-098,social,2025-07-03,2025-08-12,2025-07-26,5.18,7,0,0,0.0,C01796,34,New,Bratislava,mobile
INT-005015,CMP-098,social,2025-07-03,2025-08-12,2025-07-27,4.44,6,1,0,0.0,C00386,28,Regular,Eastern Slovakia,mobile
INT-005016,CMP-098,social,2025-07-03,2025-08-12,2025-07-28,4.44,6,0,0,0.0,C01712,18,New,Central Slovakia,desktop
INT-005017,CMP-098,social,2025-07-03,2025-08-12,2025-07-29,5.18,7,1,0,0.0,C00103,34,New,Bratislava,desktop
INT-005018,CMP-098,social,2025-07-03,2025-08-12,2025-07-29,3.7,5,0,0,0.0,C00229,28,Regular,Bratislava,desktop
INT-005019,CMP-098,social,2025-07-03,2025-08-12,2025-07-29,2.96,4,0,0,0.0,C01980,44,New,Bratislava,mobile
INT-005020,CMP-098,social,2025-07-03,2025-08-12,2025-07-31,5.18,7,0,0,0.0,C01120,26,Regular,Eastern Slovakia,desktop
INT-005021,CMP-098,social,2025-07-03,2025-08-12,2025-07-31,3.7,5,0,0,0.0,C01599,57,New,Bratislava,mobile
INT-005022,CMP-098,social,2025-07-03,2025-08-12,2025-08-04,6.65,9,1,0,0.0,C02022,29,Regular,Central Slovakia,mobile
INT-005023,CMP-098,social,2025-07-03,2025-08-12,2025-08-04,5.92,8,1,0,0.0,C01117,52,Loyal,Central Slovakia,desktop
INT-005024,CMP-098,social,2025-07-03,2025-08-12,2025-08-05,6.65,9,0,0,0.0,C01901,31,New,Eastern Slovakia,desktop
INT-005025,CMP-098,social,2025-07-03,2025-08-12,2025-08-05,3.7,5,0,0,0.0,C01121,43,At-Risk,Bratislava,mobile
INT-005026,CMP-098,social,2025-07-03,2025-08-12,2025-08-05,4.44,6,0,0,0.0,C01608,40,Regular,Central Slovakia,mobile
INT-005027,CMP-098,social,2025-07-03,2025-08-12,2025-08-06,7.39,10,0,0,0.0,C02137,41,Regular,Bratislava,desktop
INT-005028,CMP-098,social,2025-07-03,2025-08-12,2025-08-06,3.7,5,0,0,0.0,C00877,38,Regular,Central Slovakia,desktop
INT-005029,CMP-098,social,2025-07-03,2025-08-12,2025-08-07,5.18,7,0,0,0.0,C01972,34,New,Central Slovakia,mobile
INT-005030,CMP-098,social,2025-07-03,2025-08-12,2025-08-07,4.44,6,1,0,0.0,C01026,34,Loyal,Bratislava,mobile
INT-005031,CMP-098,social,2025-07-03,2025-08-12,2025-08-08,4.44,6,1,1,152.36,C02142,34,Loyal,Central Slovakia,desktop
INT-005032,CMP-098,social,2025-07-03,2025-08-12,2025-08-09,5.92,8,1,0,0.0,C00507,67,Loyal,Eastern Slovakia,desktop
INT-005033,CMP-098,social,2025-07-03,2025-08-12,2025-08-09,2.96,4,0,0,0.0,C00233,42,New,Eastern Slovakia,mobile
INT-005034,CMP-098,social,2025-07-03,2025-08-12,2025-08-11,2.96,4,0,0,0.0,C01809,38,Regular,Western Slovakia,desktop
INT-005035,CMP-117,display,2025-07-05,2025-07-16,2025-07-05,4.44,11,0,0,0.0,C00891,28,Regular,Western Slovakia,tablet
INT-005036,CMP-117,display,2025-07-05,2025-07-16,2025-07-05,3.23,8,2,0,0.0,C00903,36,Regular,Central Slovakia,mobile
INT-005037,CMP-117,display,2025-07-05,2025-07-16,2025-07-05,7.26,18,1,0,0.0,C01893,24,New,Eastern Slovakia,mobile
INT-005038,CMP-117,display,2025-07-05,2025-07-16,2025-07-05,4.03,10,0,0,0.0,C01982,31,New,Western Slovakia,mobile
INT-005039,CMP-117,display,2025-07-05,2025-07-16,2025-07-05,5.65,14,1,0,0.0,C01011,23,New,Central Slovakia,mobile
INT-005040,CMP-117,display,2025-07-05,2025-07-16,2025-07-05,4.44,11,0,0,0.0,C01235,42,Loyal,Western Slovakia,mobile
INT-005041,CMP-117,display,2025-07-05,2025-07-16,2025-07-05,5.65,14,0,0,0.0,C02188,32,New,Central Slovakia,desktop
INT-005042,CMP-117,display,2025-07-05,2025-07-16,2025-07-05,2.82,7,0,0,0.0,C00612,41,Regular,Bratislava,desktop
INT-005043,CMP-117,display,2025-07-05,2025-07-16,2025-07-05,4.44,11,0,0,0.0,C01759,26,New,Bratislava,desktop
INT-005044,CMP-117,display,2025-07-05,2025-07-16,2025-07-06,4.44,11,0,0,0.0,C00217,44,Loyal,Eastern Slovakia,mobile
INT-005045,CMP-117,display,2025-07-05,2025-07-16,2025-07-06,4.84,12,0,0,0.0,C00323,52,Loyal,Bratislava,mobile
INT-005046,CMP-117,display,2025-07-05,2025-07-16,2025-07-06,6.05,15,1,0,0.0,C00532,27,New,Bratislava,mobile
INT-005047,CMP-117,display,2025-07-05,2025-07-16,2025-07-06,5.65,14,1,0,0.0,C01890,45,Loyal,Central Slovakia,mobile
INT-005048,CMP-117,display,2025-07-05,2025-07-16,2025-07-06,5.65,14,0,0,0.0,C00152,26,Loyal,Czech Republic,desktop
INT-005049,CMP-117,display,2025-07-05,2025-07-16,2025-07-06,5.24,13,0,0,0.0,C01933,28,Loyal,Central Slovakia,mobile
INT-005050,CMP-117,display,2025-07-05,2025-07-16,2025-07-06,4.03,10,0,0,0.0,C01410,44,New,Bratislava,desktop
INT-005051,CMP-117,display,2025-07-05,2025-07-16,2025-07-06,7.26,18,1,0,0.0,C01852,41,Regular,Western Slovakia,tablet
INT-005052,CMP-117,display,2025-07-05,2025-07-16,2025-07-06,2.42,6,0,0,0.0,C00076,46,At-Risk,Central Slovakia,mobile
INT-005053,CMP-117,display,2025-07-05,2025-07-16,2025-07-07,4.44,11,0,0,0.0,C00289,34,New,Bratislava,mobile
INT-005054,CMP-117,display,2025-07-05,2025-07-16,2025-07-07,6.45,16,0,0,0.0,C01633,40,Loyal,Central Slovakia,mobile
INT-005055,CMP-117,display,2025-07-05,2025-07-16,2025-07-07,6.86,17,0,0,0.0,C01553,31,Regular,Central Slovakia,mobile
INT-005056,CMP-117,display,2025-07-05,2025-07-16,2025-07-07,5.24,13,0,0,0.0,C01975,22,New,Bratislava,mobile
INT-005057,CMP-117,display,2025-07-05,2025-07-16,2025-07-07,4.03,10,1,1,130.73,C00795,18,Loyal,Western Slovakia,tablet
INT-005058,CMP-117,display,2025-07-05,2025-07-16,2025-07-07,7.66,19,0,0,0.0,C01442,42,Regular,Central Slovakia,mobile
INT-005059,CMP-117,display,2025-07-05,2025-07-16,2025-07-08,6.05,15,0,0,0.0,C00561,37,New,Bratislava,mobile
INT-005060,CMP-117,display,2025-07-05,2025-07-16,2025-07-08,7.26,18,0,0,0.0,C02113,49,Regular,Bratislava,mobile
INT-005061,CMP-117,display,2025-07-05,2025-07-16,2025-07-08,6.45,16,0,0,0.0,C00870,37,New,Western Slovakia,mobile
INT-005062,CMP-117,display,2025-07-05,2025-07-16,2025-07-08,6.05,15,1,0,0.0,C00034,28,Loyal,Bratislava,desktop
INT-005063,CMP-117,display,2025-07-05,2025-07-16,2025-07-08,4.03,10,0,0,0.0,C00086,44,Loyal,Bratislava,tablet
INT-005064,CMP-117,display,2025-07-05,2025-07-16,2025-07-09,5.24,13,0,0,0.0,C02011,23,At-Risk,Bratislava,mobile
INT-005065,CMP-117,display,2025-07-05,2025-07-16,2025-07-09,4.84,12,0,0,0.0,C01145,38,Loyal,Central Slovakia,desktop
INT-005066,CMP-117,display,2025-07-05,2025-07-16,2025-07-09,4.44,11,0,0,0.0,C00592,41,Regular,Bratislava,mobile
INT-005067,CMP-117,display,2025-07-05,2025-07-16,2025-07-09,7.26,18,0,0,0.0,C01644,46,Regular,Central Slovakia,mobile
INT-005068,CMP-117,display,2025-07-05,2025-07-16,2025-07-09,5.65,14,2,0,0.0,C01749,32,Regular,Western Slovakia,mobile
INT-005069,CMP-117,display,2025-07-05,2025-07-16,2025-07-10,2.82,7,0,0,0.0,C01135,36,New,Central Slovakia,mobile
INT-005070,CMP-117,display,2025-07-05,2025-07-16,2025-07-10,5.65,14,0,0,0.0,C00534,43,Regular,Bratislava,mobile
INT-005071,CMP-117,display,2025-07-05,2025-07-16,2025-07-10,5.65,14,1,0,0.0,C00070,36,At-Risk,Bratislava,mobile
INT-005072,CMP-117,display,2025-07-05,2025-07-16,2025-07-11,3.63,9,0,0,0.0,C01875,25,At-Risk,Central Slovakia,mobile
INT-005073,CMP-117,display,2025-07-05,2025-07-16,2025-07-11,6.45,16,0,0,0.0,C00355,51,New,Eastern Slovakia,desktop
INT-005074,CMP-117,display,2025-07-05,2025-07-16,2025-07-11,3.63,9,1,0,0.0,C01180,43,Loyal,Western Slovakia,mobile
INT-005075,CMP-117,display,2025-07-05,2025-07-16,2025-07-11,3.23,8,0,0,0.0,C01815,40,New,Western Slovakia,mobile
INT-005076,CMP-117,display,2025-07-05,2025-07-16,2025-07-11,6.45,16,1,0,0.0,C01921,25,At-Risk,Eastern Slovakia,desktop
INT-005077,CMP-117,display,2025-07-05,2025-07-16,2025-07-11,5.65,14,0,0,0.0,C01018,35,Loyal,Bratislava,mobile
INT-005078,CMP-117,display,2025-07-05,2025-07-16,2025-07-11,5.24,13,0,0,0.0,C00428,59,Loyal,Central Slovakia,tablet
INT-005079,CMP-117,display,2025-07-05,2025-07-16,2025-07-11,4.44,11,0,0,0.0,C01487,49,New,Bratislava,mobile
INT-005080,CMP-117,display,2025-07-05,2025-07-16,2025-07-11,6.05,15,0,0,0.0,C02086,47,New,Bratislava,mobile
INT-005081,CMP-117,display,2025-07-05,2025-07-16,2025-07-11,4.03,10,1,0,0.0,C01321,29,Loyal,Eastern Slovakia,mobile
INT-005082,CMP-117,display,2025-07-05,2025-07-16,2025-07-12,4.84,12,1,0,0.0,C00733,45,New,Bratislava,tablet
INT-005083,CMP-117,display,2025-07-05,2025-07-16,2025-07-12,5.24,13,0,0,0.0,C01102,45,New,Bratislava,mobile
INT-005084,CMP-117,display,2025-07-05,2025-07-16,2025-07-12,6.45,16,0,0,0.0,C01585,37,New,Czech Republic,desktop
INT-005085,CMP-117,display,2025-07-05,2025-07-16,2025-07-13,4.44,11,0,0,0.0,C01152,50,Loyal,Bratislava,desktop
INT-005086,CMP-117,display,2025-07-05,2025-07-16,2025-07-13,5.24,13,0,0,0.0,C01617,73,Regular,Western Slovakia,tablet
INT-005087,CMP-117,display,2025-07-05,2025-07-16,2025-07-13,4.44,11,0,0,0.0,C00683,53,Regular,Bratislava,mobile
INT-005088,CMP-117,display,2025-07-05,2025-07-16,2025-07-13,6.05,15,0,0,0.0,C02009,52,At-Risk,Western Slovakia,mobile
INT-005089,CMP-117,display,2025-07-05,2025-07-16,2025-07-14,5.24,13,0,0,0.0,C01126,35,Regular,Bratislava,mobile
INT-005090,CMP-117,display,2025-07-05,2025-07-16,2025-07-14,7.26,18,0,0,0.0,C00750,27,New,Central Slovakia,mobile
INT-005091,CMP-117,display,2025-07-05,2025-07-16,2025-07-14,3.23,8,0,0,0.0,C01046,28,At-Risk,Bratislava,desktop
INT-005092,CMP-117,display,2025-07-05,2025-07-16,2025-07-14,6.86,17,1,1,231.4,C00341,18,Loyal,Western Slovakia,mobile
INT-005093,CMP-117,display,2025-07-05,2025-07-16,2025-07-14,3.63,9,0,0,0.0,C00089,44,Regular,Bratislava,desktop
INT-005094,CMP-117,display,2025-07-05,2025-07-16,2025-07-14,4.44,11,0,0,0.0,C00491,51,New,Eastern Slovakia,mobile
INT-005095,CMP-117,display,2025-07-05,2025-07-16,2025-07-15,6.05,15,0,0,0.0,C00653,58,New,Bratislava,desktop
INT-005096,CMP-117,display,2025-07-05,2025-07-16,2025-07-15,3.23,8,1,0,0.0,C01928,26,At-Risk,Eastern Slovakia,tablet
INT-005097,CMP-117,display,2025-07-05,2025-07-16,2025-07-15,8.07,20,1,0,0.0,C01879,55,Loyal,Western Slovakia,desktop
INT-005098,CMP-117,display,2025-07-05,2025-07-16,2025-07-15,6.05,15,0,0,0.0,C00920,18,Regular,Western Slovakia,tablet
INT-005099,CMP-117,display,2025-07-05,2025-07-16,2025-07-15,6.86,17,1,0,0.0,C00488,43,Regular,Eastern Slovakia,mobile
INT-005100,CMP-005,search,2025-07-09,2025-07-25,2025-07-11,6.35,3,0,0,0.0,C00306,25,Loyal,Central Slovakia,mobile
INT-005101,CMP-005,search,2025-07-09,2025-07-25,2025-07-13,6.35,3,1,0,0.0,C00633,33,Regular,Western Slovakia,mobile
INT-005102,CMP-005,search,2025-07-09,2025-07-25,2025-07-14,4.23,2,1,1,256.21,C01161,24,Regular,Bratislava,mobile
INT-005103,CMP-005,search,2025-07-09,2025-07-25,2025-07-16,6.35,3,1,1,260.68,C00871,41,New,Bratislava,mobile
INT-005104,CMP-005,search,2025-07-09,2025-07-25,2025-07-16,6.35,3,0,0,0.0,C00910,25,Regular,Eastern Slovakia,mobile
INT-005105,CMP-005,search,2025-07-09,2025-07-25,2025-07-17,6.35,3,0,0,0.0,C00598,48,New,Eastern Slovakia,mobile
INT-005106,CMP-005,search,2025-07-09,2025-07-25,2025-07-17,2.12,1,0,0,0.0,C01107,22,Regular,Western Slovakia,mobile
INT-005107,CMP-005,search,2025-07-09,2025-07-25,2025-07-17,8.46,4,0,0,0.0,C01103,45,New,Western Slovakia,mobile
INT-005108,CMP-005,search,2025-07-09,2025-07-25,2025-07-17,8.46,4,0,0,0.0,C01885,18,Regular,Eastern Slovakia,desktop
INT-005109,CMP-005,search,2025-07-09,2025-07-25,2025-07-18,4.23,2,1,1,228.85,C01795,18,Regular,Bratislava,desktop
INT-005110,CMP-005,search,2025-07-09,2025-07-25,2025-07-18,4.23,2,0,0,0.0,C01188,42,Regular,Central Slovakia,desktop
INT-005111,CMP-005,search,2025-07-09,2025-07-25,2025-07-19,8.46,4,1,1,177.92,C02142,34,Loyal,Central Slovakia,desktop
INT-005112,CMP-005,search,2025-07-09,2025-07-25,2025-07-20,6.35,3,0,0,0.0,C00278,25,At-Risk,Bratislava,desktop
INT-005113,CMP-005,search,2025-07-09,2025-07-25,2025-07-21,8.46,4,0,0,0.0,C02183,18,Loyal,Eastern Slovakia,mobile
INT-005114,CMP-005,search,2025-07-09,2025-07-25,2025-07-21,6.35,3,1,0,0.0,C00614,43,New,Bratislava,mobile
INT-005115,CMP-005,search,2025-07-09,2025-07-25,2025-07-23,4.23,2,0,0,0.0,C02003,43,New,Western Slovakia,tablet
INT-005116,CMP-005,search,2025-07-09,2025-07-25,2025-07-23,8.46,4,0,0,0.0,C00091,46,New,Bratislava,desktop
INT-005117,CMP-005,search,2025-07-09,2025-07-25,2025-07-23,4.23,2,0,0,0.0,C01299,24,New,Czech Republic,tablet
INT-005118,CMP-010,search,2025-07-14,2025-07-25,2025-07-15,15.0,6,0,0,0.0,C01200,25,Loyal,Bratislava,desktop
INT-005119,CMP-010,search,2025-07-14,2025-07-25,2025-07-15,12.5,5,0,0,0.0,C00203,39,Regular,Bratislava,desktop
INT-005120,CMP-010,search,2025-07-14,2025-07-25,2025-07-15,7.5,3,0,0,0.0,C00556,34,New,Western Slovakia,mobile
INT-005121,CMP-010,search,2025-07-14,2025-07-25,2025-07-17,20.0,8,0,0,0.0,C01956,26,Loyal,Eastern Slovakia,mobile
INT-005122,CMP-010,search,2025-07-14,2025-07-25,2025-07-17,10.0,4,0,0,0.0,C02175,42,Regular,Bratislava,desktop
INT-005123,CMP-010,search,2025-07-14,2025-07-25,2025-07-17,7.5,3,0,0,0.0,C00327,19,Loyal,Western Slovakia,desktop
INT-005124,CMP-010,search,2025-07-14,2025-07-25,2025-07-18,25.0,10,1,0,0.0,C02022,29,Regular,Central Slovakia,tablet
INT-005125,CMP-010,search,2025-07-14,2025-07-25,2025-07-19,17.5,7,0,0,0.0,C02170,31,Regular,Bratislava,mobile
INT-005126,CMP-010,search,2025-07-14,2025-07-25,2025-07-19,22.5,9,1,0,0.0,C01397,45,Regular,Czech Republic,desktop
INT-005127,CMP-010,search,2025-07-14,2025-07-25,2025-07-20,7.5,3,0,0,0.0,C00565,49,New,Bratislava,desktop
INT-005128,CMP-010,search,2025-07-14,2025-07-25,2025-07-20,7.5,3,0,0,0.0,C00330,32,At-Risk,Central Slovakia,desktop
INT-005129,CMP-010,search,2025-07-14,2025-07-25,2025-07-21,10.0,4,2,2,595.52,C01301,39,Loyal,Bratislava,mobile
INT-005130,CMP-010,search,2025-07-14,2025-07-25,2025-07-21,15.0,6,0,0,0.0,C00325,60,Regular,Bratislava,mobile
INT-005131,CMP-010,search,2025-07-14,2025-07-25,2025-07-21,15.0,6,0,0,0.0,C01768,48,Regular,Central Slovakia,desktop
INT-005132,CMP-010,search,2025-07-14,2025-07-25,2025-07-22,10.0,4,0,0,0.0,C02044,29,Regular,Bratislava,mobile
INT-005133,CMP-010,search,2025-07-14,2025-07-25,2025-07-22,12.5,5,0,0,0.0,C00503,29,Loyal,Bratislava,tablet
INT-005134,CMP-010,search,2025-07-14,2025-07-25,2025-07-22,25.0,10,2,1,302.52,C00392,39,Loyal,Western Slovakia,mobile
INT-005135,CMP-010,search,2025-07-14,2025-07-25,2025-07-23,15.0,6,0,0,0.0,C00755,59,New,Bratislava,mobile
INT-005136,CMP-010,search,2025-07-14,2025-07-25,2025-07-23,17.5,7,1,1,219.07,C00042,45,Loyal,Eastern Slovakia,mobile
INT-005137,CMP-010,search,2025-07-14,2025-07-25,2025-07-23,15.0,6,1,0,0.0,C00589,41,Regular,Eastern Slovakia,mobile
INT-005138,CMP-010,search,2025-07-14,2025-07-25,2025-07-24,12.5,5,1,0,0.0,C00829,53,Regular,Bratislava,mobile
INT-005139,CMP-010,search,2025-07-14,2025-07-25,2025-07-24,20.0,8,1,0,0.0,C00713,26,New,Bratislava,desktop
INT-005140,CMP-060,email,2025-08-03,2025-08-13,2025-08-03,1.25,2,1,1,322.07,C00508,43,Loyal,Bratislava,mobile
INT-005141,CMP-060,email,2025-08-03,2025-08-13,2025-08-03,1.25,2,1,1,251.06,C01997,42,Loyal,Central Slovakia,desktop
INT-005142,CMP-060,email,2025-08-03,2025-08-13,2025-08-03,2.5,4,0,0,0.0,C01073,35,Loyal,Western Slovakia,mobile
INT-005143,CMP-060,email,2025-08-03,2025-08-13,2025-08-03,3.12,5,0,0,0.0,C00811,36,Regular,Central Slovakia,mobile
INT-005144,CMP-060,email,2025-08-03,2025-08-13,2025-08-03,0.62,1,0,0,0.0,C01204,37,New,Western Slovakia,mobile
INT-005145,CMP-060,email,2025-08-03,2025-08-13,2025-08-03,2.5,4,0,0,0.0,C00052,46,Loyal,Western Slovakia,desktop
INT-005146,CMP-060,email,2025-08-03,2025-08-13,2025-08-03,1.25,2,0,0,0.0,C00268,42,New,Central Slovakia,desktop
INT-005147,CMP-060,email,2025-08-03,2025-08-13,2025-08-03,1.88,3,0,0,0.0,C02126,40,New,Central Slovakia,mobile
INT-005148,CMP-060,email,2025-08-03,2025-08-13,2025-08-03,2.5,4,0,0,0.0,C02183,18,Loyal,Eastern Slovakia,mobile
INT-005149,CMP-060,email,2025-08-03,2025-08-13,2025-08-03,1.25,2,0,0,0.0,C00419,37,Regular,Western Slovakia,mobile
INT-005150,CMP-060,email,2025-08-03,2025-08-13,2025-08-04,1.88,3,0,0,0.0,C01453,37,Regular,Bratislava,desktop
INT-005151,CMP-060,email,2025-08-03,2025-08-13,2025-08-04,1.25,2,0,0,0.0,C01452,44,New,Bratislava,mobile
INT-005152,CMP-060,email,2025-08-03,2025-08-13,2025-08-04,3.75,6,0,0,0.0,C00935,42,New,Bratislava,mobile
INT-005153,CMP-060,email,2025-08-03,2025-08-13,2025-08-04,1.25,2,0,0,0.0,C01292,33,Regular,Central Slovakia,mobile
INT-005154,CMP-060,email,2025-08-03,2025-08-13,2025-08-04,0.62,1,0,0,0.0,C02154,25,New,Bratislava,mobile
INT-005155,CMP-060,email,2025-08-03,2025-08-13,2025-08-05,1.25,2,0,0,0.0,C00560,27,New,Western Slovakia,desktop
INT-005156,CMP-060,email,2025-08-03,2025-08-13,2025-08-05,1.25,2,1,0,0.0,C01600,25,New,Western Slovakia,mobile
INT-005157,CMP-060,email,2025-08-03,2025-08-13,2025-08-05,0.62,1,0,0,0.0,C00260,22,Regular,Western Slovakia,mobile
INT-005158,CMP-060,email,2025-08-03,2025-08-13,2025-08-05,0.62,1,1,0,0.0,C01443,21,New,Western Slovakia,mobile
INT-005159,CMP-060,email,2025-08-03,2025-08-13,2025-08-05,0.62,1,0,0,0.0,C01290,48,Regular,Western Slovakia,desktop
INT-005160,CMP-060,email,2025-08-03,2025-08-13,2025-08-05,0.62,1,0,0,0.0,C00348,45,Regular,Western Slovakia,mobile
INT-005161,CMP-060,email,2025-08-03,2025-08-13,2025-08-05,0.62,1,0,0,0.0,C01257,47,Regular,Czech Republic,mobile
INT-005162,CMP-060,email,2025-08-03,2025-08-13,2025-08-06,1.25,2,0,0,0.0,C00639,45,New,Czech Republic,desktop
INT-005163,CMP-060,email,2025-08-03,2025-08-13,2025-08-06,0.62,1,0,0,0.0,C00625,44,New,Czech Republic,mobile
INT-005164,CMP-060,email,2025-08-03,2025-08-13,2025-08-06,1.88,3,0,0,0.0,C01052,36,Regular,Western Slovakia,mobile
INT-005165,CMP-060,email,2025-08-03,2025-08-13,2025-08-06,1.25,2,1,0,0.0,C01222,53,Regular,Eastern Slovakia,mobile
INT-005166,CMP-060,email,2025-08-03,2025-08-13,2025-08-06,0.62,1,0,0,0.0,C01961,40,Loyal,Bratislava,desktop
INT-005167,CMP-060,email,2025-08-03,2025-08-13,2025-08-06,0.62,1,1,1,245.66,C00490,46,Regular,Bratislava,mobile
INT-005168,CMP-060,email,2025-08-03,2025-08-13,2025-08-06,1.88,3,0,0,0.0,C00954,24,Regular,Bratislava,mobile
INT-005169,CMP-060,email,2025-08-03,2025-08-13,2025-08-07,1.25,2,0,0,0.0,C00868,33,Regular,Czech Republic,desktop
INT-005170,CMP-060,email,2025-08-03,2025-08-13,2025-08-07,0.62,1,0,0,0.0,C02087,37,New,Bratislava,mobile
INT-005171,CMP-060,email,2025-08-03,2025-08-13,2025-08-07,0.62,1,0,0,0.0,C02044,29,Regular,Bratislava,mobile
INT-005172,CMP-060,email,2025-08-03,2025-08-13,2025-08-07,1.25,2,0,0,0.0,C00890,18,Regular,Bratislava,mobile
INT-005173,CMP-060,email,2025-08-03,2025-08-13,2025-08-07,1.25,2,1,0,0.0,C00914,31,Loyal,Czech Republic,desktop
INT-005174,CMP-060,email,2025-08-03,2025-08-13,2025-08-07,1.88,3,0,0,0.0,C01499,47,Regular,Western Slovakia,desktop
INT-005175,CMP-060,email,2025-08-03,2025-08-13,2025-08-07,1.25,2,1,0,0.0,C00757,27,Regular,Bratislava,tablet
INT-005176,CMP-060,email,2025-08-03,2025-08-13,2025-08-07,1.25,2,0,0,0.0,C00861,26,Regular,Western Slovakia,desktop
INT-005177,CMP-060,email,2025-08-03,2025-08-13,2025-08-07,0.62,1,0,0,0.0,C00998,39,Loyal,Western Slovakia,mobile
INT-005178,CMP-060,email,2025-08-03,2025-08-13,2025-08-07,1.25,2,1,0,0.0,C00786,41,Loyal,Central Slovakia,mobile
INT-005179,CMP-060,email,2025-08-03,2025-08-13,2025-08-08,2.5,4,1,0,0.0,C01992,45,Loyal,Czech Republic,desktop
INT-005180,CMP-060,email,2025-08-03,2025-08-13,2025-08-08,1.25,2,1,0,0.0,C01896,31,New,Central Slovakia,mobile
INT-005181,CMP-060,email,2025-08-03,2025-08-13,2025-08-08,1.25,2,1,0,0.0,C00969,49,New,Bratislava,desktop
INT-005182,CMP-060,email,2025-08-03,2025-08-13,2025-08-09,1.25,2,0,0,0.0,C02030,32,Loyal,Western Slovakia,desktop
INT-005183,CMP-060,email,2025-08-03,2025-08-13,2025-08-09,0.62,1,0,0,0.0,C00265,44,New,Central Slovakia,desktop
INT-005184,CMP-060,email,2025-08-03,2025-08-13,2025-08-09,1.88,3,1,1,231.4,C00011,49,Loyal,Western Slovakia,mobile
INT-005185,CMP-060,email,2025-08-03,2025-08-13,2025-08-09,1.88,3,1,1,157.54,C00397,47,Loyal,Bratislava,mobile
INT-005186,CMP-060,email,2025-08-03,2025-08-13,2025-08-09,1.88,3,0,0,0.0,C02077,38,New,Western Slovakia,tablet
INT-005187,CMP-060,email,2025-08-03,2025-08-13,2025-08-10,0.62,1,1,0,0.0,C00382,54,Regular,Bratislava,mobile
INT-005188,CMP-060,email,2025-08-03,2025-08-13,2025-08-10,1.88,3,0,0,0.0,C01561,33,Regular,Eastern Slovakia,mobile
INT-005189,CMP-060,email,2025-08-03,2025-08-13,2025-08-10,2.5,4,1,1,255.6,C00623,41,New,Western Slovakia,mobile
INT-005190,CMP-060,email,2025-08-03,2025-08-13,2025-08-10,1.25,2,0,0,0.0,C00465,25,Loyal,Western Slovakia,desktop
INT-005191,CMP-060,email,2025-08-03,2025-08-13,2025-08-10,1.25,2,0,0,0.0,C01505,35,Regular,Western Slovakia,desktop
INT-005192,CMP-060,email,2025-08-03,2025-08-13,2025-08-11,3.12,5,0,0,0.0,C00063,40,Regular,Eastern Slovakia,mobile
INT-005193,CMP-060,email,2025-08-03,2025-08-13,2025-08-11,0.62,1,0,0,0.0,C01847,38,Regular,Eastern Slovakia,mobile
INT-005194,CMP-060,email,2025-08-03,2025-08-13,2025-08-11,1.88,3,1,0,0.0,C00133,46,New,Eastern Slovakia,mobile
INT-005195,CMP-060,email,2025-08-03,2025-08-13,2025-08-11,1.88,3,0,0,0.0,C00793,44,Loyal,Western Slovakia,desktop
INT-005196,CMP-060,email,2025-08-03,2025-08-13,2025-08-11,1.25,2,1,0,0.0,C00457,51,At-Risk,Eastern Slovakia,desktop
INT-005197,CMP-060,email,2025-08-03,2025-08-13,2025-08-11,2.5,4,2,2,463.97,C01465,50,Loyal,Bratislava,mobile
INT-005198,CMP-060,email,2025-08-03,2025-08-13,2025-08-11,0.62,1,0,0,0.0,C01956,26,Loyal,Eastern Slovakia,mobile
INT-005199,CMP-060,email,2025-08-03,2025-08-13,2025-08-11,0.62,1,0,0,0.0,C00780,22,Regular,Bratislava,tablet
INT-005200,CMP-060,email,2025-08-03,2025-08-13,2025-08-11,1.88,3,1,0,0.0,C00552,45,Regular,Central Slovakia,mobile
INT-005201,CMP-060,email,2025-08-03,2025-08-13,2025-08-11,2.5,4,0,0,0.0,C00495,34,Regular,Central Slovakia,desktop
INT-005202,CMP-060,email,2025-08-03,2025-08-13,2025-08-11,1.25,2,0,0,0.0,C00898,28,Loyal,Eastern Slovakia,mobile
INT-005203,CMP-060,email,2025-08-03,2025-08-13,2025-08-11,1.88,3,0,0,0.0,C01694,32,Regular,Central Slovakia,mobile
INT-005204,CMP-060,email,2025-08-03,2025-08-13,2025-08-12,1.88,3,0,0,0.0,C00315,48,Regular,Western Slovakia,mobile
INT-005205,CMP-060,email,2025-08-03,2025-08-13,2025-08-12,0.62,1,0,0,0.0,C02165,45,New,Czech Republic,tablet
INT-005206,CMP-060,email,2025-08-03,2025-08-13,2025-08-12,1.25,2,0,0,0.0,C00678,43,Regular,Bratislava,mobile
INT-005207,CMP-060,email,2025-08-03,2025-08-13,2025-08-12,1.25,2,0,0,0.0,C01239,45,New,Eastern Slovakia,desktop
INT-005208,CMP-060,email,2025-08-03,2025-08-13,2025-08-12,1.88,3,1,0,0.0,C01279,42,Loyal,Czech Republic,mobile
INT-005209,CMP-060,email,2025-08-03,2025-08-13,2025-08-12,1.25,2,0,0,0.0,C00097,22,Loyal,Czech Republic,desktop
INT-005210,CMP-114,social,2025-08-04,2025-08-27,2025-08-05,15.78,14,0,0,0.0,C02194,38,At-Risk,Western Slovakia,desktop
INT-005211,CMP-114,social,2025-08-04,2025-08-27,2025-08-05,14.66,13,0,0,0.0,C01421,35,Regular,Central Slovakia,mobile
INT-005212,CMP-114,social,2025-08-04,2025-08-27,2025-08-08,14.66,13,0,0,0.0,C00392,39,Loyal,Western Slovakia,mobile
INT-005213,CMP-114,social,2025-08-04,2025-08-27,2025-08-08,13.53,12,0,0,0.0,C01268,46,New,Czech Republic,mobile
INT-005214,CMP-114,social,2025-08-04,2025-08-27,2025-08-09,10.15,9,1,0,0.0,C00109,48,At-Risk,Bratislava,mobile
INT-005215,CMP-114,social,2025-08-04,2025-08-27,2025-08-09,12.4,11,1,0,0.0,C01267,28,Regular,Eastern Slovakia,desktop
INT-005216,CMP-114,social,2025-08-04,2025-08-27,2025-08-09,21.42,19,0,0,0.0,C01190,36,Regular,Central Slovakia,mobile
INT-005217,CMP-114,social,2025-08-04,2025-08-27,2025-08-10,13.53,12,0,0,0.0,C02079,18,Loyal,Western Slovakia,mobile
INT-005218,CMP-114,social,2025-08-04,2025-08-27,2025-08-12,16.91,15,0,0,0.0,C01307,26,Regular,Bratislava,mobile
INT-005219,CMP-114,social,2025-08-04,2025-08-27,2025-08-12,12.4,11,0,0,0.0,C01858,51,Loyal,Eastern Slovakia,mobile
INT-005220,CMP-114,social,2025-08-04,2025-08-27,2025-08-12,14.66,13,0,0,0.0,C01254,42,Regular,Eastern Slovakia,desktop
INT-005221,CMP-114,social,2025-08-04,2025-08-27,2025-08-13,13.53,12,1,0,0.0,C02093,40,Regular,Czech Republic,mobile
INT-005222,CMP-114,social,2025-08-04,2025-08-27,2025-08-13,11.27,10,0,0,0.0,C01143,18,At-Risk,Central Slovakia,mobile
INT-005223,CMP-114,social,2025-08-04,2025-08-27,2025-08-14,13.53,12,0,0,0.0,C00347,31,New,Bratislava,desktop
INT-005224,CMP-114,social,2025-08-04,2025-08-27,2025-08-15,9.02,8,0,0,0.0,C00903,36,Regular,Central Slovakia,mobile
INT-005225,CMP-114,social,2025-08-04,2025-08-27,2025-08-17,22.55,20,0,0,0.0,C00764,46,Loyal,Czech Republic,desktop
INT-005226,CMP-114,social,2025-08-04,2025-08-27,2025-08-17,6.76,6,0,0,0.0,C00745,39,Regular,Eastern Slovakia,desktop
INT-005227,CMP-114,social,2025-08-04,2025-08-27,2025-08-17,12.4,11,0,0,0.0,C02017,38,Regular,Bratislava,desktop
INT-005228,CMP-114,social,2025-08-04,2025-08-27,2025-08-18,12.4,11,2,0,0.0,C01175,37,New,Bratislava,tablet
INT-005229,CMP-114,social,2025-08-04,2025-08-27,2025-08-21,12.4,11,0,0,0.0,C01497,42,New,Bratislava,mobile
INT-005230,CMP-114,social,2025-08-04,2025-08-27,2025-08-21,18.04,16,1,0,0.0,C01296,48,Regular,Bratislava,mobile
INT-005231,CMP-114,social,2025-08-04,2025-08-27,2025-08-21,18.04,16,2,0,0.0,C00243,18,New,Eastern Slovakia,mobile
INT-005232,CMP-114,social,2025-08-04,2025-08-27,2025-08-22,12.4,11,0,0,0.0,C00505,18,At-Risk,Bratislava,desktop
INT-005233,CMP-114,social,2025-08-04,2025-08-27,2025-08-22,14.66,13,1,0,0.0,C00882,49,At-Risk,Eastern Slovakia,tablet
INT-005234,CMP-114,social,2025-08-04,2025-08-27,2025-08-22,19.17,17,1,0,0.0,C01437,33,Regular,Bratislava,tablet
INT-005235,CMP-114,social,2025-08-04,2025-08-27,2025-08-23,7.89,7,1,0,0.0,C00645,34,At-Risk,Czech Republic,mobile
INT-005236,CMP-114,social,2025-08-04,2025-08-27,2025-08-24,11.27,10,1,0,0.0,C01574,38,New,Eastern Slovakia,tablet
INT-005237,CMP-114,social,2025-08-04,2025-08-27,2025-08-24,14.66,13,0,0,0.0,C01948,27,At-Risk,Bratislava,desktop
INT-005238,CMP-114,social,2025-08-04,2025-08-27,2025-08-24,15.78,14,1,0,0.0,C01242,26,New,Bratislava,desktop
INT-005239,CMP-114,social,2025-08-04,2025-08-27,2025-08-25,16.91,15,0,0,0.0,C01309,18,Regular,Bratislava,mobile
INT-005240,CMP-114,social,2025-08-04,2025-08-27,2025-08-25,12.4,11,0,0,0.0,C01150,50,Regular,Western Slovakia,mobile
INT-005241,CMP-114,social,2025-08-04,2025-08-27,2025-08-26,9.02,8,0,0,0.0,C00182,41,Loyal,Western Slovakia,desktop
INT-005242,CMP-114,social,2025-08-04,2025-08-27,2025-08-26,15.78,14,2,0,0.0,C00172,43,New,Czech Republic,tablet
INT-005243,CMP-046,social,2025-08-11,2025-08-26,2025-08-11,5.69,7,1,0,0.0,C01793,41,New,Bratislava,mobile
INT-005244,CMP-046,social,2025-08-11,2025-08-26,2025-08-11,8.12,10,1,0,0.0,C00016,28,New,Bratislava,desktop
INT-005245,CMP-046,social,2025-08-11,2025-08-26,2025-08-11,5.69,7,0,0,0.0,C00994,54,New,Eastern Slovakia,desktop
INT-005246,CMP-046,social,2025-08-11,2025-08-26,2025-08-11,4.06,5,2,0,0.0,C01871,48,At-Risk,Bratislava,desktop
INT-005247,CMP-046,social,2025-08-11,2025-08-26,2025-08-11,6.5,8,0,0,0.0,C01778,41,Regular,Western Slovakia,mobile
INT-005248,CMP-046,social,2025-08-11,2025-08-26,2025-08-11,8.94,11,0,0,0.0,C02066,36,Regular,Western Slovakia,mobile
INT-005249,CMP-046,social,2025-08-11,2025-08-26,2025-08-12,4.06,5,0,0,0.0,C00177,57,New,Eastern Slovakia,mobile
INT-005250,CMP-046,social,2025-08-11,2025-08-26,2025-08-13,6.5,8,0,0,0.0,C01123,29,Loyal,Western Slovakia,desktop
INT-005251,CMP-046,social,2025-08-11,2025-08-26,2025-08-13,6.5,8,0,0,0.0,C02159,46,Loyal,Bratislava,tablet
INT-005252,CMP-046,social,2025-08-11,2025-08-26,2025-08-13,5.69,7,0,0,0.0,C01697,32,New,Eastern Slovakia,desktop
INT-005253,CMP-046,social,2025-08-11,2025-08-26,2025-08-14,6.5,8,0,0,0.0,C00998,39,Loyal,Western Slovakia,mobile
INT-005254,CMP-046,social,2025-08-11,2025-08-26,2025-08-14,7.31,9,1,0,0.0,C02037,32,At-Risk,Bratislava,desktop
INT-005255,CMP-046,social,2025-08-11,2025-08-26,2025-08-14,4.06,5,0,0,0.0,C01495,34,New,Bratislava,desktop
INT-005256,CMP-046,social,2025-08-11,2025-08-26,2025-08-14,8.94,11,0,0,0.0,C00699,27,At-Risk,Eastern Slovakia,mobile
INT-005257,CMP-046,social,2025-08-11,2025-08-26,2025-08-14,7.31,9,0,0,0.0,C01640,36,New,Eastern Slovakia,desktop
INT-005258,CMP-046,social,2025-08-11,2025-08-26,2025-08-15,7.31,9,1,0,0.0,C01767,23,New,Central Slovakia,tablet
INT-005259,CMP-046,social,2025-08-11,2025-08-26,2025-08-15,3.25,4,0,0,0.0,C00724,20,At-Risk,Bratislava,desktop
INT-005260,CMP-046,social,2025-08-11,2025-08-26,2025-08-15,8.94,11,0,0,0.0,C01580,42,Regular,Bratislava,desktop
INT-005261,CMP-046,social,2025-08-11,2025-08-26,2025-08-15,4.87,6,0,0,0.0,C00377,36,Regular,Bratislava,tablet
INT-005262,CMP-046,social,2025-08-11,2025-08-26,2025-08-15,3.25,4,1,0,0.0,C00057,35,Regular,Western Slovakia,mobile
INT-005263,CMP-046,social,2025-08-11,2025-08-26,2025-08-15,6.5,8,1,0,0.0,C00396,40,At-Risk,Western Slovakia,tablet
INT-005264,CMP-046,social,2025-08-11,2025-08-26,2025-08-15,4.87,6,0,0,0.0,C00121,26,Regular,Western Slovakia,mobile
INT-005265,CMP-046,social,2025-08-11,2025-08-26,2025-08-16,4.87,6,0,0,0.0,C00266,50,Loyal,Bratislava,desktop
INT-005266,CMP-046,social,2025-08-11,2025-08-26,2025-08-16,6.5,8,0,0,0.0,C00784,49,New,Western Slovakia,mobile
INT-005267,CMP-046,social,2025-08-11,2025-08-26,2025-08-16,7.31,9,1,0,0.0,C01188,42,Regular,Central Slovakia,desktop
INT-005268,CMP-046,social,2025-08-11,2025-08-26,2025-08-16,9.75,12,1,0,0.0,C00424,20,Regular,Central Slovakia,mobile
INT-005269,CMP-046,social,2025-08-11,2025-08-26,2025-08-16,6.5,8,0,0,0.0,C00270,38,New,Bratislava,desktop
INT-005270,CMP-046,social,2025-08-11,2025-08-26,2025-08-17,7.31,9,0,0,0.0,C00224,25,Regular,Bratislava,mobile
INT-005271,CMP-046,social,2025-08-11,2025-08-26,2025-08-17,4.06,5,1,0,0.0,C00414,47,New,Eastern Slovakia,mobile
INT-005272,CMP-046,social,2025-08-11,2025-08-26,2025-08-17,9.75,12,0,0,0.0,C00814,32,At-Risk,Eastern Slovakia,desktop
INT-005273,CMP-046,social,2025-08-11,2025-08-26,2025-08-17,5.69,7,2,0,0.0,C02117,39,Regular,Central Slovakia,mobile
INT-005274,CMP-046,social,2025-08-11,2025-08-26,2025-08-18,8.94,11,1,0,0.0,C01410,44,New,Bratislava,desktop
INT-005275,CMP-046,social,2025-08-11,2025-08-26,2025-08-18,9.75,12,0,0,0.0,C01769,27,New,Bratislava,desktop
INT-005276,CMP-046,social,2025-08-11,2025-08-26,2025-08-18,7.31,9,0,0,0.0,C01542,48,Regular,Central Slovakia,mobile
INT-005277,CMP-046,social,2025-08-11,2025-08-26,2025-08-18,10.56,13,0,0,0.0,C01688,41,Regular,Bratislava,mobile
INT-005278,CMP-046,social,2025-08-11,2025-08-26,2025-08-19,7.31,9,3,0,0.0,C01659,47,Regular,Western Slovakia,mobile
INT-005279,CMP-046,social,2025-08-11,2025-08-26,2025-08-19,6.5,8,1,0,0.0,C01214,29,New,Bratislava,desktop
INT-005280,CMP-046,social,2025-08-11,2025-08-26,2025-08-19,7.31,9,1,0,0.0,C00770,58,New,Bratislava,mobile
INT-005281,CMP-046,social,2025-08-11,2025-08-26,2025-08-19,5.69,7,0,0,0.0,C01623,47,New,Bratislava,mobile
INT-005282,CMP-046,social,2025-08-11,2025-08-26,2025-08-20,6.5,8,0,0,0.0,C01807,44,New,Central Slovakia,tablet
INT-005283,CMP-046,social,2025-08-11,2025-08-26,2025-08-20,4.87,6,0,0,0.0,C00124,54,New,Western Slovakia,tablet
INT-005284,CMP-046,social,2025-08-11,2025-08-26,2025-08-20,6.5,8,0,0,0.0,C00131,33,Loyal,Central Slovakia,mobile
INT-005285,CMP-046,social,2025-08-11,2025-08-26,2025-08-21,4.87,6,1,0,0.0,C00106,36,Loyal,Eastern Slovakia,mobile
INT-005286,CMP-046,social,2025-08-11,2025-08-26,2025-08-21,6.5,8,1,0,0.0,C01252,56,Regular,Bratislava,desktop
INT-005287,CMP-046,social,2025-08-11,2025-08-26,2025-08-21,4.87,6,0,0,0.0,C00827,38,Regular,Central Slovakia,mobile
INT-005288,CMP-046,social,2025-08-11,2025-08-26,2025-08-21,4.87,6,1,0,0.0,C02107,55,At-Risk,Eastern Slovakia,mobile
INT-005289,CMP-046,social,2025-08-11,2025-08-26,2025-08-21,3.25,4,1,1,139.84,C01201,22,Loyal,Eastern Slovakia,mobile
INT-005290,CMP-046,social,2025-08-11,2025-08-26,2025-08-21,4.87,6,0,0,0.0,C00863,37,Loyal,Western Slovakia,desktop
INT-005291,CMP-046,social,2025-08-11,2025-08-26,2025-08-21,6.5,8,0,0,0.0,C02167,72,Regular,Western Slovakia,desktop
INT-005292,CMP-046,social,2025-08-11,2025-08-26,2025-08-22,6.5,8,0,0,0.0,C02039,26,At-Risk,Bratislava,mobile
INT-005293,CMP-046,social,2025-08-11,2025-08-26,2025-08-22,2.44,3,0,0,0.0,C00252,42,Loyal,Western Slovakia,mobile
INT-005294,CMP-046,social,2025-08-11,2025-08-26,2025-08-22,5.69,7,0,0,0.0,C01174,26,Regular,Central Slovakia,tablet
INT-005295,CMP-046,social,2025-08-11,2025-08-26,2025-08-22,4.87,6,1,0,0.0,C00405,44,Regular,Bratislava,mobile
INT-005296,CMP-046,social,2025-08-11,2025-08-26,2025-08-22,5.69,7,1,0,0.0,C01860,21,Regular,Central Slovakia,desktop
INT-005297,CMP-046,social,2025-08-11,2025-08-26,2025-08-23,8.94,11,1,0,0.0,C01121,43,At-Risk,Bratislava,mobile
INT-005298,CMP-046,social,2025-08-11,2025-08-26,2025-08-23,4.06,5,0,0,0.0,C00811,36,Regular,Central Slovakia,mobile
INT-005299,CMP-046,social,2025-08-11,2025-08-26,2025-08-23,8.94,11,1,0,0.0,C01673,40,Regular,Central Slovakia,mobile
INT-005300,CMP-046,social,2025-08-11,2025-08-26,2025-08-23,7.31,9,1,0,0.0,C01865,41,Loyal,Central Slovakia,mobile
INT-005301,CMP-046,social,2025-08-11,2025-08-26,2025-08-23,8.94,11,3,1,126.14,C00219,36,Regular,Eastern Slovakia,desktop
INT-005302,CMP-046,social,2025-08-11,2025-08-26,2025-08-23,3.25,4,0,0,0.0,C00348,45,Regular,Western Slovakia,mobile
INT-005303,CMP-046,social,2025-08-11,2025-08-26,2025-08-23,3.25,4,0,0,0.0,C01455,56,New,Western Slovakia,tablet
INT-005304,CMP-046,social,2025-08-11,2025-08-26,2025-08-23,8.12,10,0,0,0.0,C00615,28,Regular,Czech Republic,desktop
INT-005305,CMP-046,social,2025-08-11,2025-08-26,2025-08-23,8.94,11,0,0,0.0,C01832,39,New,Bratislava,mobile
INT-005306,CMP-046,social,2025-08-11,2025-08-26,2025-08-24,3.25,4,0,0,0.0,C01425,40,Loyal,Bratislava,mobile
INT-005307,CMP-046,social,2025-08-11,2025-08-26,2025-08-24,6.5,8,1,0,0.0,C01229,45,At-Risk,Eastern Slovakia,desktop
INT-005308,CMP-046,social,2025-08-11,2025-08-26,2025-08-24,5.69,7,1,0,0.0,C01358,32,New,Eastern Slovakia,mobile
INT-005309,CMP-046,social,2025-08-11,2025-08-26,2025-08-24,10.56,13,0,0,0.0,C00891,28,Regular,Western Slovakia,tablet
INT-005310,CMP-046,social,2025-08-11,2025-08-26,2025-08-24,4.06,5,0,0,0.0,C01551,19,New,Western Slovakia,desktop
INT-005311,CMP-046,social,2025-08-11,2025-08-26,2025-08-24,8.94,11,1,0,0.0,C01132,35,Loyal,Western Slovakia,mobile
INT-005312,CMP-046,social,2025-08-11,2025-08-26,2025-08-25,7.31,9,1,1,137.86,C01013,32,New,Bratislava,desktop
INT-005313,CMP-046,social,2025-08-11,2025-08-26,2025-08-25,3.25,4,0,0,0.0,C00186,56,At-Risk,Bratislava,mobile
INT-005314,CMP-015,search,2025-08-13,2025-09-26,2025-08-14,5.9,3,0,0,0.0,C00454,63,Loyal,Eastern Slovakia,mobile
INT-005315,CMP-015,search,2025-08-13,2025-09-26,2025-08-17,5.9,3,0,0,0.0,C00432,44,Loyal,Central Slovakia,desktop
INT-005316,CMP-015,search,2025-08-13,2025-09-26,2025-08-19,13.77,7,0,0,0.0,C02068,38,Loyal,Central Slovakia,mobile
INT-005317,CMP-015,search,2025-08-13,2025-09-26,2025-08-20,3.93,2,0,0,0.0,C00389,41,Loyal,Bratislava,desktop
INT-005318,CMP-015,search,2025-08-13,2025-09-26,2025-08-21,5.9,3,0,0,0.0,C02063,41,New,Bratislava,desktop
INT-005319,CMP-015,search,2025-08-13,2025-09-26,2025-08-24,9.84,5,0,0,0.0,C00916,52,Loyal,Czech Republic,desktop
INT-005320,CMP-015,search,2025-08-13,2025-09-26,2025-08-25,5.9,3,1,1,154.38,C01202,32,Regular,Western Slovakia,desktop
INT-005321,CMP-015,search,2025-08-13,2025-09-26,2025-09-04,1.97,1,0,0,0.0,C01889,19,Loyal,Bratislava,mobile
INT-005322,CMP-015,search,2025-08-13,2025-09-26,2025-09-07,11.8,6,2,0,0.0,C01759,26,New,Bratislava,desktop
INT-005323,CMP-015,search,2025-08-13,2025-09-26,2025-09-07,7.87,4,1,0,0.0,C01934,54,Regular,Eastern Slovakia,mobile
INT-005324,CMP-015,search,2025-08-13,2025-09-26,2025-09-09,5.9,3,0,0,0.0,C01469,21,At-Risk,Eastern Slovakia,mobile
INT-005325,CMP-015,search,2025-08-13,2025-09-26,2025-09-11,7.87,4,1,1,283.69,C00011,49,Loyal,Western Slovakia,mobile
INT-005326,CMP-015,search,2025-08-13,2025-09-26,2025-09-12,5.9,3,0,0,0.0,C00410,22,New,Bratislava,mobile
INT-005327,CMP-015,search,2025-08-13,2025-09-26,2025-09-12,5.9,3,1,0,0.0,C01350,37,Regular,Western Slovakia,mobile
INT-005328,CMP-015,search,2025-08-13,2025-09-26,2025-09-24,13.77,7,2,1,271.7,C01545,54,Regular,Central Slovakia,desktop
INT-005329,CMP-015,search,2025-08-13,2025-09-26,2025-09-25,7.87,4,0,0,0.0,C02021,38,At-Risk,Western Slovakia,mobile
INT-005330,CMP-042,display,2025-08-17,2025-09-12,2025-08-22,2.08,5,0,0,0.0,C00241,27,At-Risk,Western Slovakia,desktop
INT-005331,CMP-042,display,2025-08-17,2025-09-12,2025-08-22,3.32,8,0,0,0.0,C00366,56,Regular,Bratislava,desktop
INT-005332,CMP-042,display,2025-08-17,2025-09-12,2025-08-22,4.15,10,0,0,0.0,C00233,42,New,Eastern Slovakia,mobile
INT-005333,CMP-042,display,2025-08-17,2025-09-12,2025-08-23,3.74,9,0,0,0.0,C01845,22,New,Bratislava,desktop
INT-005334,CMP-042,display,2025-08-17,2025-09-12,2025-08-25,4.15,10,0,0,0.0,C00367,29,New,Bratislava,mobile
INT-005335,CMP-042,display,2025-08-17,2025-09-12,2025-08-25,3.74,9,1,0,0.0,C01394,44,New,Central Slovakia,mobile
INT-005336,CMP-042,display,2025-08-17,2025-09-12,2025-08-25,3.74,9,0,0,0.0,C00183,33,Regular,Western Slovakia,desktop
INT-005337,CMP-042,display,2025-08-17,2025-09-12,2025-08-26,3.74,9,0,0,0.0,C01343,43,Loyal,Bratislava,mobile
INT-005338,CMP-042,display,2025-08-17,2025-09-12,2025-08-26,5.4,13,0,0,0.0,C01184,46,New,Bratislava,desktop
INT-005339,CMP-042,display,2025-08-17,2025-09-12,2025-08-26,2.49,6,0,0,0.0,C01655,35,Regular,Western Slovakia,desktop
INT-005340,CMP-042,display,2025-08-17,2025-09-12,2025-08-26,2.91,7,0,0,0.0,C01908,40,New,Czech Republic,desktop
INT-005341,CMP-042,display,2025-08-17,2025-09-12,2025-08-26,4.57,11,0,0,0.0,C01134,55,Regular,Central Slovakia,mobile
INT-005342,CMP-042,display,2025-08-17,2025-09-12,2025-08-27,4.98,12,0,0,0.0,C01555,21,New,Bratislava,mobile
INT-005343,CMP-042,display,2025-08-17,2025-09-12,2025-08-28,4.15,10,0,0,0.0,C00726,56,Loyal,Bratislava,mobile
INT-005344,CMP-042,display,2025-08-17,2025-09-12,2025-08-29,3.74,9,0,0,0.0,C01053,39,New,Bratislava,mobile
INT-005345,CMP-042,display,2025-08-17,2025-09-12,2025-09-01,1.66,4,0,0,0.0,C01257,47,Regular,Czech Republic,desktop
INT-005346,CMP-042,display,2025-08-17,2025-09-12,2025-09-01,5.4,13,0,0,0.0,C00833,24,Regular,Czech Republic,mobile
INT-005347,CMP-042,display,2025-08-17,2025-09-12,2025-09-01,4.98,12,0,0,0.0,C01625,40,At-Risk,Eastern Slovakia,mobile
INT-005348,CMP-042,display,2025-08-17,2025-09-12,2025-09-02,3.74,9,0,0,0.0,C00217,44,Loyal,Eastern Slovakia,desktop
INT-005349,CMP-042,display,2025-08-17,2025-09-12,2025-09-02,4.98,12,0,0,0.0,C01728,32,New,Western Slovakia,desktop
INT-005350,CMP-042,display,2025-08-17,2025-09-12,2025-09-03,4.15,10,1,0,0.0,C00151,36,Regular,Central Slovakia,mobile
INT-005351,CMP-042,display,2025-08-17,2025-09-12,2025-09-05,3.74,9,0,0,0.0,C00701,51,New,Central Slovakia,mobile
INT-005352,CMP-042,display,2025-08-17,2025-09-12,2025-09-07,2.49,6,0,0,0.0,C00544,36,At-Risk,Western Slovakia,mobile
INT-005353,CMP-042,display,2025-08-17,2025-09-12,2025-09-08,2.08,5,0,0,0.0,C00447,51,Loyal,Bratislava,mobile
INT-005354,CMP-042,display,2025-08-17,2025-09-12,2025-09-09,1.66,4,0,0,0.0,C01584,30,Regular,Bratislava,desktop
INT-005355,CMP-042,display,2025-08-17,2025-09-12,2025-09-09,4.98,12,0,0,0.0,C00778,43,Loyal,Bratislava,mobile
INT-005356,CMP-042,display,2025-08-17,2025-09-12,2025-09-09,4.57,11,0,0,0.0,C01381,53,New,Central Slovakia,desktop
INT-005357,CMP-042,display,2025-08-17,2025-09-12,2025-09-10,4.98,12,1,0,0.0,C00712,46,At-Risk,Czech Republic,desktop
INT-005358,CMP-042,display,2025-08-17,2025-09-12,2025-09-11,3.74,9,0,0,0.0,C00855,41,Regular,Bratislava,mobile
INT-005359,CMP-026,social,2025-09-06,2025-09-28,2025-09-06,11.04,12,1,0,0.0,C01047,32,Loyal,Czech Republic,mobile
INT-005360,CMP-026,social,2025-09-06,2025-09-28,2025-09-06,4.6,5,0,0,0.0,C00260,22,Regular,Western Slovakia,mobile
INT-005361,CMP-026,social,2025-09-06,2025-09-28,2025-09-06,8.28,9,0,0,0.0,C00126,42,New,Bratislava,mobile
INT-005362,CMP-026,social,2025-09-06,2025-09-28,2025-09-07,6.44,7,0,0,0.0,C00651,60,Regular,Central Slovakia,tablet
INT-005363,CMP-026,social,2025-09-06,2025-09-28,2025-09-07,9.2,10,0,0,0.0,C00001,42,Regular,Eastern Slovakia,mobile
INT-005364,CMP-026,social,2025-09-06,2025-09-28,2025-09-07,2.76,3,0,0,0.0,C00571,21,New,Czech Republic,mobile
INT-005365,CMP-026,social,2025-09-06,2025-09-28,2025-09-07,7.36,8,0,0,0.0,C00967,35,Regular,Bratislava,mobile
INT-005366,CMP-026,social,2025-09-06,2025-09-28,2025-09-08,9.2,10,0,0,0.0,C00966,22,Loyal,Western Slovakia,desktop
INT-005367,CMP-026,social,2025-09-06,2025-09-28,2025-09-08,11.04,12,1,1,154.24,C00134,35,New,Czech Republic,mobile
INT-005368,CMP-026,social,2025-09-06,2025-09-28,2025-09-09,8.28,9,1,0,0.0,C01573,42,Regular,Bratislava,mobile
INT-005369,CMP-026,social,2025-09-06,2025-09-28,2025-09-09,5.52,6,0,0,0.0,C00456,40,Regular,Central Slovakia,desktop
INT-005370,CMP-026,social,2025-09-06,2025-09-28,2025-09-09,11.96,13,1,0,0.0,C00550,46,Loyal,Central Slovakia,desktop
INT-005371,CMP-026,social,2025-09-06,2025-09-28,2025-09-09,5.52,6,0,0,0.0,C01524,36,Loyal,Czech Republic,mobile
INT-005372,CMP-026,social,2025-09-06,2025-09-28,2025-09-10,12.88,14,1,0,0.0,C00688,56,New,Bratislava,mobile
INT-005373,CMP-026,social,2025-09-06,2025-09-28,2025-09-10,7.36,8,0,0,0.0,C02170,31,Regular,Bratislava,desktop
INT-005374,CMP-026,social,2025-09-06,2025-09-28,2025-09-10,10.12,11,1,0,0.0,C01622,39,New,Bratislava,mobile
INT-005375,CMP-026,social,2025-09-06,2025-09-28,2025-09-11,9.2,10,3,0,0.0,C00958,65,New,Bratislava,mobile
INT-005376,CMP-026,social,2025-09-06,2025-09-28,2025-09-12,6.44,7,0,0,0.0,C01193,35,New,Eastern Slovakia,mobile
INT-005377,CMP-026,social,2025-09-06,2025-09-28,2025-09-12,4.6,5,0,0,0.0,C01209,65,New,Bratislava,desktop
INT-005378,CMP-026,social,2025-09-06,2025-09-28,2025-09-12,5.52,6,0,0,0.0,C00311,52,Regular,Western Slovakia,mobile
INT-005379,CMP-026,social,2025-09-06,2025-09-28,2025-09-13,10.12,11,1,0,0.0,C01008,34,Regular,Central Slovakia,desktop
INT-005380,CMP-026,social,2025-09-06,2025-09-28,2025-09-13,10.12,11,0,0,0.0,C00105,27,Regular,Bratislava,mobile
INT-005381,CMP-026,social,2025-09-06,2025-09-28,2025-09-14,8.28,9,2,0,0.0,C01039,48,New,Western Slovakia,desktop
INT-005382,CMP-026,social,2025-09-06,2025-09-28,2025-09-14,9.2,10,1,1,140.33,C01468,22,Loyal,Eastern Slovakia,mobile
INT-005383,CMP-026,social,2025-09-06,2025-09-28,2025-09-14,7.36,8,2,0,0.0,C00076,46,At-Risk,Central Slovakia,mobile
INT-005384,CMP-026,social,2025-09-06,2025-09-28,2025-09-15,5.52,6,1,0,0.0,C00339,52,Regular,Bratislava,mobile
INT-005385,CMP-026,social,2025-09-06,2025-09-28,2025-09-16,8.28,9,1,0,0.0,C00902,39,Regular,Eastern Slovakia,desktop
INT-005386,CMP-026,social,2025-09-06,2025-09-28,2025-09-16,11.04,12,1,0,0.0,C00118,38,Regular,Bratislava,mobile
INT-005387,CMP-026,social,2025-09-06,2025-09-28,2025-09-17,9.2,10,0,0,0.0,C02182,41,At-Risk,Bratislava,mobile
INT-005388,CMP-026,social,2025-09-06,2025-09-28,2025-09-17,12.88,14,1,0,0.0,C00097,22,Loyal,Czech Republic,desktop
INT-005389,CMP-026,social,2025-09-06,2025-09-28,2025-09-18,6.44,7,0,0,0.0,C01401,52,New,Czech Republic,mobile
INT-005390,CMP-026,social,2025-09-06,2025-09-28,2025-09-18,9.2,10,0,0,0.0,C02187,37,Loyal,Bratislava,mobile
INT-005391,CMP-026,social,2025-09-06,2025-09-28,2025-09-18,16.56,18,0,0,0.0,C01317,36,Loyal,Western Slovakia,mobile
INT-005392,CMP-026,social,2025-09-06,2025-09-28,2025-09-19,9.2,10,0,0,0.0,C00042,45,Loyal,Eastern Slovakia,mobile
INT-005393,CMP-026,social,2025-09-06,2025-09-28,2025-09-19,11.04,12,0,0,0.0,C00104,47,Regular,Central Slovakia,desktop
INT-005394,CMP-026,social,2025-09-06,2025-09-28,2025-09-20,7.36,8,1,0,0.0,C01579,18,At-Risk,Czech Republic,tablet
INT-005395,CMP-026,social,2025-09-06,2025-09-28,2025-09-20,7.36,8,2,1,166.63,C00810,41,New,Bratislava,mobile
INT-005396,CMP-026,social,2025-09-06,2025-09-28,2025-09-20,11.04,12,1,0,0.0,C00996,42,Regular,Bratislava,tablet
INT-005397,CMP-026,social,2025-09-06,2025-09-28,2025-09-22,10.12,11,0,0,0.0,C02166,53,Loyal,Bratislava,mobile
INT-005398,CMP-026,social,2025-09-06,2025-09-28,2025-09-22,4.6,5,0,0,0.0,C01303,45,Regular,Eastern Slovakia,desktop
INT-005399,CMP-026,social,2025-09-06,2025-09-28,2025-09-22,5.52,6,0,0,0.0,C02112,44,Regular,Western Slovakia,mobile
INT-005400,CMP-026,social,2025-09-06,2025-09-28,2025-09-23,11.04,12,2,1,159.71,C01431,35,Loyal,Western Slovakia,mobile
INT-005401,CMP-026,social,2025-09-06,2025-09-28,2025-09-23,8.28,9,0,0,0.0,C00278,25,At-Risk,Bratislava,desktop
INT-005402,CMP-026,social,2025-09-06,2025-09-28,2025-09-24,8.28,9,0,0,0.0,C00879,37,Loyal,Western Slovakia,mobile
INT-005403,CMP-026,social,2025-09-06,2025-09-28,2025-09-24,6.44,7,0,0,0.0,C01974,58,New,Eastern Slovakia,desktop
INT-005404,CMP-026,social,2025-09-06,2025-09-28,2025-09-25,10.12,11,0,0,0.0,C01073,35,Loyal,Western Slovakia,mobile
INT-005405,CMP-026,social,2025-09-06,2025-09-28,2025-09-25,4.6,5,0,0,0.0,C01158,56,New,Central Slovakia,desktop
INT-005406,CMP-026,social,2025-09-06,2025-09-28,2025-09-25,10.12,11,1,0,0.0,C00065,47,Regular,Bratislava,desktop
INT-005407,CMP-026,social,2025-09-06,2025-09-28,2025-09-26,2.76,3,0,0,0.0,C01181,22,Regular,Western Slovakia,tablet
INT-005408,CMP-026,social,2025-09-06,2025-09-28,2025-09-26,9.2,10,2,0,0.0,C01837,41,Regular,Western Slovakia,tablet
INT-005409,CMP-026,social,2025-09-06,2025-09-28,2025-09-27,7.36,8,0,0,0.0,C00871,41,New,Bratislava,mobile
INT-005410,CMP-026,social,2025-09-06,2025-09-28,2025-09-27,8.28,9,0,0,0.0,C00455,39,Loyal,Central Slovakia,mobile
INT-005411,CMP-026,social,2025-09-06,2025-09-28,2025-09-27,10.12,11,0,0,0.0,C01768,48,Regular,Central Slovakia,desktop
INT-005412,CMP-026,social,2025-09-06,2025-09-28,2025-09-27,14.72,16,1,0,0.0,C00428,59,Loyal,Central Slovakia,tablet
INT-005413,CMP-026,social,2025-09-06,2025-09-28,2025-09-27,11.04,12,0,0,0.0,C01032,40,New,Bratislava,desktop
INT-005414,CMP-004,search,2025-09-08,2025-09-29,2025-09-08,3.56,2,0,0,0.0,C01609,35,Loyal,Eastern Slovakia,desktop
INT-005415,CMP-004,search,2025-09-08,2025-09-29,2025-09-08,3.56,2,0,0,0.0,C00942,49,New,Western Slovakia,desktop
INT-005416,CMP-004,search,2025-09-08,2025-09-29,2025-09-08,1.78,1,0,0,0.0,C00493,35,New,Central Slovakia,mobile
INT-005417,CMP-004,search,2025-09-08,2025-09-29,2025-09-09,10.67,6,2,0,0.0,C01744,22,Regular,Western Slovakia,mobile
INT-005418,CMP-004,search,2025-09-08,2025-09-29,2025-09-09,5.33,3,0,0,0.0,C01219,24,Regular,Central Slovakia,desktop
INT-005419,CMP-004,search,2025-09-08,2025-09-29,2025-09-10,10.67,6,1,0,0.0,C02044,29,Regular,Bratislava,mobile
INT-005420,CMP-004,search,2025-09-08,2025-09-29,2025-09-11,3.56,2,0,0,0.0,C00301,59,Regular,Bratislava,desktop
INT-005421,CMP-004,search,2025-09-08,2025-09-29,2025-09-11,3.56,2,0,0,0.0,C00239,25,New,Eastern Slovakia,desktop
INT-005422,CMP-004,search,2025-09-08,2025-09-29,2025-09-11,1.78,1,1,1,162.27,C01444,55,Regular,Eastern Slovakia,tablet
INT-005423,CMP-004,search,2025-09-08,2025-09-29,2025-09-12,5.33,3,1,1,295.08,C01252,56,Regular,Bratislava,desktop
INT-005424,CMP-004,search,2025-09-08,2025-09-29,2025-09-12,7.11,4,1,0,0.0,C00110,18,New,Central Slovakia,mobile
INT-005425,CMP-004,search,2025-09-08,2025-09-29,2025-09-12,7.11,4,0,0,0.0,C00456,40,Regular,Central Slovakia,mobile
INT-005426,CMP-004,search,2025-09-08,2025-09-29,2025-09-12,5.33,3,0,0,0.0,C01436,37,New,Bratislava,desktop
INT-005427,CMP-004,search,2025-09-08,2025-09-29,2025-09-12,3.56,2,2,0,0.0,C00299,18,Regular,Eastern Slovakia,desktop
INT-005428,CMP-004,search,2025-09-08,2025-09-29,2025-09-13,12.44,7,1,0,0.0,C00973,41,Loyal,Eastern Slovakia,mobile
INT-005429,CMP-004,search,2025-09-08,2025-09-29,2025-09-13,3.56,2,1,0,0.0,C01054,67,At-Risk,Central Slovakia,desktop
INT-005430,CMP-004,search,2025-09-08,2025-09-29,2025-09-13,7.11,4,0,0,0.0,C01991,43,Loyal,Western Slovakia,mobile
INT-005431,CMP-004,search,2025-09-08,2025-09-29,2025-09-14,3.56,2,1,0,0.0,C01658,18,At-Risk,Bratislava,desktop
INT-005432,CMP-004,search,2025-09-08,2025-09-29,2025-09-14,5.33,3,0,0,0.0,C01169,33,New,Central Slovakia,tablet
INT-005433,CMP-004,search,2025-09-08,2025-09-29,2025-09-14,3.56,2,1,1,268.75,C00804,43,Loyal,Eastern Slovakia,desktop
INT-005434,CMP-004,search,2025-09-08,2025-09-29,2025-09-14,5.33,3,1,1,274.89,C00678,43,Regular,Bratislava,mobile
INT-005435,CMP-004,search,2025-09-08,2025-09-29,2025-09-14,7.11,4,0,0,0.0,C00876,18,New,Bratislava,mobile
INT-005436,CMP-004,search,2025-09-08,2025-09-29,2025-09-14,7.11,4,1,0,0.0,C01034,44,New,Western Slovakia,desktop
INT-005437,CMP-004,search,2025-09-08,2025-09-29,2025-09-14,3.56,2,0,0,0.0,C00905,31,New,Czech Republic,desktop
INT-005438,CMP-004,search,2025-09-08,2025-09-29,2025-09-14,3.56,2,1,0,0.0,C01854,46,Regular,Bratislava,desktop
INT-005439,CMP-004,search,2025-09-08,2025-09-29,2025-09-15,8.89,5,0,0,0.0,C00598,48,New,Eastern Slovakia,mobile
INT-005440,CMP-004,search,2025-09-08,2025-09-29,2025-09-15,5.33,3,1,1,232.01,C00834,33,Loyal,Western Slovakia,desktop
INT-005441,CMP-004,search,2025-09-08,2025-09-29,2025-09-15,5.33,3,1,1,205.47,C00490,46,Regular,Bratislava,mobile
INT-005442,CMP-004,search,2025-09-08,2025-09-29,2025-09-16,3.56,2,1,1,222.33,C00695,28,New,Western Slovakia,mobile
INT-005443,CMP-004,search,2025-09-08,2025-09-29,2025-09-17,8.89,5,0,0,0.0,C02000,65,Loyal,Eastern Slovakia,desktop
INT-005444,CMP-004,search,2025-09-08,2025-09-29,2025-09-18,7.11,4,1,0,0.0,C00347,31,New,Bratislava,desktop
INT-005445,CMP-004,search,2025-09-08,2025-09-29,2025-09-18,3.56,2,0,0,0.0,C00153,18,Loyal,Czech Republic,mobile
INT-005446,CMP-004,search,2025-09-08,2025-09-29,2025-09-19,5.33,3,0,0,0.0,C01826,46,Regular,Eastern Slovakia,mobile
INT-005447,CMP-004,search,2025-09-08,2025-09-29,2025-09-19,7.11,4,0,0,0.0,C01667,41,Regular,Western Slovakia,desktop
INT-005448,CMP-004,search,2025-09-08,2025-09-29,2025-09-20,3.56,2,0,0,0.0,C02078,39,Loyal,Bratislava,mobile
INT-005449,CMP-004,search,2025-09-08,2025-09-29,2025-09-20,3.56,2,1,0,0.0,C00306,25,Loyal,Central Slovakia,mobile
INT-005450,CMP-004,search,2025-09-08,2025-09-29,2025-09-20,8.89,5,1,0,0.0,C00176,40,Loyal,Central Slovakia,mobile
INT-005451,CMP-004,search,2025-09-08,2025-09-29,2025-09-21,7.11,4,0,0,0.0,C01839,56,New,Western Slovakia,desktop
INT-005452,CMP-004,search,2025-09-08,2025-09-29,2025-09-22,1.78,1,0,0,0.0,C00032,33,New,Central Slovakia,desktop
INT-005453,CMP-004,search,2025-09-08,2025-09-29,2025-09-22,3.56,2,0,0,0.0,C00112,41,New,Bratislava,desktop
INT-005454,CMP-004,search,2025-09-08,2025-09-29,2025-09-22,5.33,3,1,1,335.04,C00827,38,Regular,Central Slovakia,mobile
INT-005455,CMP-004,search,2025-09-08,2025-09-29,2025-09-23,3.56,2,0,0,0.0,C00280,41,Regular,Western Slovakia,tablet
INT-005456,CMP-004,search,2025-09-08,2025-09-29,2025-09-23,7.11,4,0,0,0.0,C01014,18,Regular,Eastern Slovakia,tablet
INT-005457,CMP-004,search,2025-09-08,2025-09-29,2025-09-23,3.56,2,0,0,0.0,C01254,42,Regular,Eastern Slovakia,tablet
INT-005458,CMP-004,search,2025-09-08,2025-09-29,2025-09-23,3.56,2,0,0,0.0,C01786,53,Regular,Bratislava,desktop
INT-005459,CMP-004,search,2025-09-08,2025-09-29,2025-09-23,5.33,3,1,0,0.0,C01630,51,Regular,Eastern Slovakia,tablet
INT-005460,CMP-004,search,2025-09-08,2025-09-29,2025-09-23,5.33,3,0,0,0.0,C01439,23,Regular,Eastern Slovakia,mobile
INT-005461,CMP-004,search,2025-09-08,2025-09-29,2025-09-24,5.33,3,2,2,468.21,C02173,34,Regular,Bratislava,desktop
INT-005462,CMP-004,search,2025-09-08,2025-09-29,2025-09-24,8.89,5,0,0,0.0,C00466,32,New,Eastern Slovakia,desktop
INT-005463,CMP-004,search,2025-09-08,2025-09-29,2025-09-24,1.78,1,1,1,230.46,C00199,38,Regular,Western Slovakia,mobile
INT-005464,CMP-004,search,2025-09-08,2025-09-29,2025-09-25,3.56,2,0,0,0.0,C02183,18,Loyal,Eastern Slovakia,mobile
INT-005465,CMP-004,search,2025-09-08,2025-09-29,2025-09-26,8.89,5,0,0,0.0,C00509,31,Regular,Western Slovakia,mobile
INT-005466,CMP-004,search,2025-09-08,2025-09-29,2025-09-26,3.56,2,1,0,0.0,C02187,37,Loyal,Bratislava,desktop
INT-005467,CMP-004,search,2025-09-08,2025-09-29,2025-09-26,7.11,4,0,0,0.0,C00335,38,New,Czech Republic,mobile
INT-005468,CMP-004,search,2025-09-08,2025-09-29,2025-09-26,7.11,4,0,0,0.0,C01342,43,Regular,Central Slovakia,tablet
INT-005469,CMP-004,search,2025-09-08,2025-09-29,2025-09-28,3.56,2,0,0,0.0,C00674,22,Regular,Central Slovakia,tablet
INT-005470,CMP-004,search,2025-09-08,2025-09-29,2025-09-28,5.33,3,0,0,0.0,C01701,24,Regular,Eastern Slovakia,desktop
INT-005471,CMP-004,search,2025-09-08,2025-09-29,2025-09-28,1.78,1,0,0,0.0,C00702,35,Loyal,Bratislava,mobile
INT-005472,CMP-004,search,2025-09-08,2025-09-29,2025-09-28,3.56,2,1,0,0.0,C01262,39,Loyal,Central Slovakia,mobile
INT-005473,CMP-004,search,2025-09-08,2025-09-29,2025-09-28,3.56,2,0,0,0.0,C01570,19,Loyal,Czech Republic,desktop
INT-005474,CMP-004,search,2025-09-08,2025-09-29,2025-09-28,3.56,2,0,0,0.0,C02127,64,Loyal,Western Slovakia,mobile
INT-005475,CMP-035,social,2025-09-14,2025-10-22,2025-09-14,4.73,6,1,1,129.62,C00150,40,Regular,Western Slovakia,mobile
INT-005476,CMP-035,social,2025-09-14,2025-10-22,2025-09-14,2.36,3,1,0,0.0,C01625,40,At-Risk,Eastern Slovakia,mobile
INT-005477,CMP-035,social,2025-09-14,2025-10-22,2025-09-15,4.73,6,0,0,0.0,C01325,41,Regular,Bratislava,desktop
INT-005478,CMP-035,social,2025-09-14,2025-10-22,2025-09-19,3.15,4,0,0,0.0,C01779,25,Regular,Western Slovakia,tablet
INT-005479,CMP-035,social,2025-09-14,2025-10-22,2025-09-21,2.36,3,0,0,0.0,C00877,38,Regular,Central Slovakia,desktop
INT-005480,CMP-035,social,2025-09-14,2025-10-22,2025-09-21,6.3,8,0,0,0.0,C02106,32,Loyal,Western Slovakia,mobile
INT-005481,CMP-035,social,2025-09-14,2025-10-22,2025-09-21,6.3,8,1,0,0.0,C00330,32,At-Risk,Central Slovakia,desktop
INT-005482,CMP-035,social,2025-09-14,2025-10-22,2025-09-22,5.51,7,0,0,0.0,C00584,25,Loyal,Central Slovakia,mobile
INT-005483,CMP-035,social,2025-09-14,2025-10-22,2025-09-22,5.51,7,0,0,0.0,C02101,41,New,Eastern Slovakia,desktop
INT-005484,CMP-035,social,2025-09-14,2025-10-22,2025-09-22,2.36,3,0,0,0.0,C00629,26,Regular,Western Slovakia,desktop
INT-005485,CMP-035,social,2025-09-14,2025-10-22,2025-09-23,4.73,6,0,0,0.0,C01498,24,Loyal,Central Slovakia,tablet
INT-005486,CMP-035,social,2025-09-14,2025-10-22,2025-09-24,3.94,5,1,0,0.0,C00841,61,Loyal,Western Slovakia,tablet
INT-005487,CMP-035,social,2025-09-14,2025-10-22,2025-09-24,7.88,10,1,1,94.21,C00403,48,Loyal,Eastern Slovakia,mobile
INT-005488,CMP-035,social,2025-09-14,2025-10-22,2025-09-25,4.73,6,1,1,158.27,C01108,28,Regular,Western Slovakia,mobile
INT-005489,CMP-035,social,2025-09-14,2025-10-22,2025-09-25,5.51,7,0,0,0.0,C01201,22,Loyal,Eastern Slovakia,mobile
INT-005490,CMP-035,social,2025-09-14,2025-10-22,2025-09-26,5.51,7,1,0,0.0,C01977,18,Regular,Bratislava,desktop
INT-005491,CMP-035,social,2025-09-14,2025-10-22,2025-09-27,4.73,6,0,0,0.0,C01598,41,Loyal,Bratislava,mobile
INT-005492,CMP-035,social,2025-09-14,2025-10-22,2025-09-27,3.15,4,1,0,0.0,C01453,37,Regular,Bratislava,desktop
INT-005493,CMP-035,social,2025-09-14,2025-10-22,2025-09-28,6.3,8,0,0,0.0,C00404,33,Loyal,Bratislava,mobile
INT-005494,CMP-035,social,2025-09-14,2025-10-22,2025-09-29,6.3,8,1,1,148.48,C00362,43,Loyal,Central Slovakia,tablet
INT-005495,CMP-035,social,2025-09-14,2025-10-22,2025-09-29,6.3,8,0,0,0.0,C00937,24,Loyal,Bratislava,mobile
INT-005496,CMP-035,social,2025-09-14,2025-10-22,2025-09-30,2.36,3,0,0,0.0,C01658,18,At-Risk,Bratislava,desktop
INT-005497,CMP-035,social,2025-09-14,2025-10-22,2025-10-01,7.09,9,2,0,0.0,C00958,65,New,Bratislava,mobile
INT-005498,CMP-035,social,2025-09-14,2025-10-22,2025-10-01,7.09,9,0,0,0.0,C00411,20,Loyal,Western Slovakia,mobile
INT-005499,CMP-035,social,2025-09-14,2025-10-22,2025-10-01,3.94,5,0,0,0.0,C01004,46,Regular,Bratislava,mobile
INT-005500,CMP-035,social,2025-09-14,2025-10-22,2025-10-03,5.51,7,1,0,0.0,C01952,41,Loyal,Bratislava,mobile
INT-005501,CMP-035,social,2025-09-14,2025-10-22,2025-10-04,3.94,5,0,0,0.0,C00090,43,New,Western Slovakia,tablet
INT-005502,CMP-035,social,2025-09-14,2025-10-22,2025-10-05,7.88,10,1,0,0.0,C00560,27,New,Western Slovakia,tablet
INT-005503,CMP-035,social,2025-09-14,2025-10-22,2025-10-05,3.94,5,0,0,0.0,C00315,48,Regular,Western Slovakia,desktop
INT-005504,CMP-035,social,2025-09-14,2025-10-22,2025-10-06,7.09,9,1,0,0.0,C01317,36,Loyal,Western Slovakia,mobile
INT-005505,CMP-035,social,2025-09-14,2025-10-22,2025-10-08,5.51,7,0,0,0.0,C00525,55,Loyal,Central Slovakia,mobile
INT-005506,CMP-035,social,2025-09-14,2025-10-22,2025-10-10,1.58,2,0,0,0.0,C01119,42,New,Bratislava,tablet
INT-005507,CMP-035,social,2025-09-14,2025-10-22,2025-10-11,6.3,8,0,0,0.0,C00161,26,Loyal,Eastern Slovakia,tablet
INT-005508,CMP-035,social,2025-09-14,2025-10-22,2025-10-11,3.94,5,0,0,0.0,C01073,35,Loyal,Western Slovakia,mobile
INT-005509,CMP-035,social,2025-09-14,2025-10-22,2025-10-12,3.15,4,0,0,0.0,C01961,40,Loyal,Bratislava,mobile
INT-005510,CMP-035,social,2025-09-14,2025-10-22,2025-10-12,1.58,2,0,0,0.0,C01751,29,Loyal,Western Slovakia,mobile
INT-005511,CMP-035,social,2025-09-14,2025-10-22,2025-10-12,2.36,3,0,0,0.0,C01603,53,Regular,Eastern Slovakia,mobile
INT-005512,CMP-035,social,2025-09-14,2025-10-22,2025-10-13,7.88,10,0,0,0.0,C01775,51,Loyal,Western Slovakia,mobile
INT-005513,CMP-035,social,2025-09-14,2025-10-22,2025-10-16,2.36,3,0,0,0.0,C02068,38,Loyal,Central Slovakia,mobile
INT-005514,CMP-035,social,2025-09-14,2025-10-22,2025-10-16,3.15,4,0,0,0.0,C00115,39,Regular,Bratislava,mobile
INT-005515,CMP-035,social,2025-09-14,2025-10-22,2025-10-18,6.3,8,0,0,0.0,C00561,37,New,Bratislava,mobile
INT-005516,CMP-035,social,2025-09-14,2025-10-22,2025-10-18,4.73,6,0,0,0.0,C01187,34,Regular,Bratislava,mobile
INT-005517,CMP-035,social,2025-09-14,2025-10-22,2025-10-18,3.15,4,0,0,0.0,C00283,49,Loyal,Western Slovakia,mobile
INT-005518,CMP-035,social,2025-09-14,2025-10-22,2025-10-18,2.36,3,0,0,0.0,C01177,29,New,Eastern Slovakia,desktop
INT-005519,CMP-035,social,2025-09-14,2025-10-22,2025-10-18,3.94,5,0,0,0.0,C00776,40,New,Western Slovakia,mobile
INT-005520,CMP-035,social,2025-09-14,2025-10-22,2025-10-19,7.88,10,0,0,0.0,C01597,42,Loyal,Western Slovakia,mobile
INT-005521,CMP-035,social,2025-09-14,2025-10-22,2025-10-19,5.51,7,0,0,0.0,C00543,41,Loyal,Central Slovakia,mobile
INT-005522,CMP-035,social,2025-09-14,2025-10-22,2025-10-21,3.94,5,3,1,249.38,C02069,44,Loyal,Bratislava,mobile
INT-005523,CMP-035,social,2025-09-14,2025-10-22,2025-10-21,3.15,4,0,0,0.0,C01422,35,Regular,Bratislava,mobile
INT-005524,CMP-076,email,2025-09-18,2025-10-27,2025-09-19,1.57,2,0,0,0.0,C01284,48,New,Eastern Slovakia,mobile
INT-005525,CMP-076,email,2025-09-18,2025-10-27,2025-09-19,2.35,3,0,0,0.0,C01600,25,New,Western Slovakia,mobile
INT-005526,CMP-076,email,2025-09-18,2025-10-27,2025-09-19,1.57,2,0,0,0.0,C01210,42,Loyal,Eastern Slovakia,desktop
INT-005527,CMP-076,email,2025-09-18,2025-10-27,2025-09-20,4.71,6,1,1,195.64,C00103,34,New,Bratislava,desktop
INT-005528,CMP-076,email,2025-09-18,2025-10-27,2025-09-20,0.78,1,0,0,0.0,C00583,34,Regular,Bratislava,mobile
INT-005529,CMP-076,email,2025-09-18,2025-10-27,2025-09-20,1.57,2,0,0,0.0,C01483,39,Regular,Western Slovakia,desktop
INT-005530,CMP-076,email,2025-09-18,2025-10-27,2025-09-20,3.14,4,1,0,0.0,C00961,57,Regular,Bratislava,desktop
INT-005531,CMP-076,email,2025-09-18,2025-10-27,2025-09-21,2.35,3,0,0,0.0,C00997,47,Regular,Eastern Slovakia,mobile
INT-005532,CMP-076,email,2025-09-18,2025-10-27,2025-09-23,6.27,8,0,0,0.0,C00546,36,Regular,Bratislava,mobile
INT-005533,CMP-076,email,2025-09-18,2025-10-27,2025-09-23,2.35,3,1,0,0.0,C01080,55,New,Eastern Slovakia,mobile
INT-005534,CMP-076,email,2025-09-18,2025-10-27,2025-09-23,2.35,3,0,0,0.0,C01452,44,New,Bratislava,mobile
INT-005535,CMP-076,email,2025-09-18,2025-10-27,2025-09-24,1.57,2,0,0,0.0,C00521,26,New,Central Slovakia,desktop
INT-005536,CMP-076,email,2025-09-18,2025-10-27,2025-09-24,2.35,3,0,0,0.0,C00151,36,Regular,Central Slovakia,mobile
INT-005537,CMP-076,email,2025-09-18,2025-10-27,2025-09-25,0.78,1,0,0,0.0,C01090,35,Regular,Bratislava,mobile
INT-005538,CMP-076,email,2025-09-18,2025-10-27,2025-09-25,1.57,2,0,0,0.0,C00678,43,Regular,Bratislava,desktop
INT-005539,CMP-076,email,2025-09-18,2025-10-27,2025-09-27,3.14,4,1,0,0.0,C01413,19,At-Risk,Central Slovakia,mobile
INT-005540,CMP-076,email,2025-09-18,2025-10-27,2025-09-28,2.35,3,1,0,0.0,C00684,32,At-Risk,Western Slovakia,desktop
INT-005541,CMP-076,email,2025-09-18,2025-10-27,2025-09-29,3.92,5,0,0,0.0,C01196,62,Regular,Bratislava,mobile
INT-005542,CMP-076,email,2025-09-18,2025-10-27,2025-09-29,1.57,2,0,0,0.0,C00837,34,New,Eastern Slovakia,mobile
INT-005543,CMP-076,email,2025-09-18,2025-10-27,2025-09-29,2.35,3,0,0,0.0,C00647,45,At-Risk,Central Slovakia,desktop
INT-005544,CMP-076,email,2025-09-18,2025-10-27,2025-09-30,1.57,2,0,0,0.0,C00669,32,New,Bratislava,mobile
INT-005545,CMP-076,email,2025-09-18,2025-10-27,2025-10-01,0.78,1,0,0,0.0,C00633,33,Regular,Western Slovakia,desktop
INT-005546,CMP-076,email,2025-09-18,2025-10-27,2025-10-01,3.92,5,1,0,0.0,C01571,38,Loyal,Czech Republic,mobile
INT-005547,CMP-076,email,2025-09-18,2025-10-27,2025-10-01,0.78,1,1,0,0.0,C00965,38,New,Eastern Slovakia,mobile
INT-005548,CMP-076,email,2025-09-18,2025-10-27,2025-10-02,3.14,4,0,0,0.0,C00556,34,New,Western Slovakia,mobile
INT-005549,CMP-076,email,2025-09-18,2025-10-27,2025-10-02,3.14,4,0,0,0.0,C02192,27,Regular,Eastern Slovakia,mobile
INT-005550,CMP-076,email,2025-09-18,2025-10-27,2025-10-02,1.57,2,0,0,0.0,C00670,18,Loyal,Western Slovakia,mobile
INT-005551,CMP-076,email,2025-09-18,2025-10-27,2025-10-02,1.57,2,0,0,0.0,C00270,38,New,Bratislava,desktop
INT-005552,CMP-076,email,2025-09-18,2025-10-27,2025-10-02,2.35,3,0,0,0.0,C01430,47,New,Bratislava,mobile
INT-005553,CMP-076,email,2025-09-18,2025-10-27,2025-10-04,2.35,3,0,0,0.0,C01002,29,Regular,Central Slovakia,mobile
INT-005554,CMP-076,email,2025-09-18,2025-10-27,2025-10-05,2.35,3,0,0,0.0,C00064,45,New,Bratislava,mobile
INT-005555,CMP-076,email,2025-09-18,2025-10-27,2025-10-05,1.57,2,0,0,0.0,C01349,49,At-Risk,Central Slovakia,mobile
INT-005556,CMP-076,email,2025-09-18,2025-10-27,2025-10-06,1.57,2,0,0,0.0,C00671,47,At-Risk,Central Slovakia,desktop
INT-005557,CMP-076,email,2025-09-18,2025-10-27,2025-10-06,2.35,3,0,0,0.0,C00444,54,At-Risk,Bratislava,desktop
INT-005558,CMP-076,email,2025-09-18,2025-10-27,2025-10-08,2.35,3,0,0,0.0,C02151,37,Loyal,Bratislava,mobile
INT-005559,CMP-076,email,2025-09-18,2025-10-27,2025-10-08,1.57,2,0,0,0.0,C02003,43,New,Western Slovakia,tablet
INT-005560,CMP-076,email,2025-09-18,2025-10-27,2025-10-08,1.57,2,1,0,0.0,C02075,39,New,Western Slovakia,mobile
INT-005561,CMP-076,email,2025-09-18,2025-10-27,2025-10-08,0.78,1,0,0,0.0,C01843,49,Loyal,Czech Republic,mobile
INT-005562,CMP-076,email,2025-09-18,2025-10-27,2025-10-09,1.57,2,0,0,0.0,C00300,42,New,Bratislava,desktop
INT-005563,CMP-076,email,2025-09-18,2025-10-27,2025-10-09,0.78,1,0,0,0.0,C01618,18,New,Bratislava,mobile
INT-005564,CMP-076,email,2025-09-18,2025-10-27,2025-10-10,0.78,1,0,0,0.0,C01782,39,Regular,Western Slovakia,desktop
INT-005565,CMP-076,email,2025-09-18,2025-10-27,2025-10-11,2.35,3,0,0,0.0,C01306,18,Loyal,Central Slovakia,desktop
INT-005566,CMP-076,email,2025-09-18,2025-10-27,2025-10-11,2.35,3,0,0,0.0,C01411,33,New,Central Slovakia,desktop
INT-005567,CMP-076,email,2025-09-18,2025-10-27,2025-10-12,1.57,2,0,0,0.0,C00163,64,Regular,Central Slovakia,mobile
INT-005568,CMP-076,email,2025-09-18,2025-10-27,2025-10-12,1.57,2,0,0,0.0,C02155,41,Regular,Eastern Slovakia,desktop
INT-005569,CMP-076,email,2025-09-18,2025-10-27,2025-10-13,2.35,3,0,0,0.0,C01115,39,Regular,Czech Republic,desktop
INT-005570,CMP-076,email,2025-09-18,2025-10-27,2025-10-13,3.92,5,0,0,0.0,C01070,37,Regular,Central Slovakia,mobile
INT-005571,CMP-076,email,2025-09-18,2025-10-27,2025-10-13,1.57,2,0,0,0.0,C01157,38,Regular,Bratislava,desktop
INT-005572,CMP-076,email,2025-09-18,2025-10-27,2025-10-13,0.78,1,0,0,0.0,C00797,50,Regular,Western Slovakia,desktop
INT-005573,CMP-076,email,2025-09-18,2025-10-27,2025-10-15,3.14,4,0,0,0.0,C00575,40,At-Risk,Central Slovakia,desktop
INT-005574,CMP-076,email,2025-09-18,2025-10-27,2025-10-16,1.57,2,0,0,0.0,C02113,49,Regular,Bratislava,mobile
INT-005575,CMP-076,email,2025-09-18,2025-10-27,2025-10-17,2.35,3,1,0,0.0,C00699,27,At-Risk,Eastern Slovakia,mobile
INT-005576,CMP-076,email,2025-09-18,2025-10-27,2025-10-17,1.57,2,0,0,0.0,C00727,41,Regular,Bratislava,mobile
INT-005577,CMP-076,email,2025-09-18,2025-10-27,2025-10-18,1.57,2,0,0,0.0,C01662,25,Regular,Western Slovakia,mobile
INT-005578,CMP-076,email,2025-09-18,2025-10-27,2025-10-21,1.57,2,1,0,0.0,C00372,54,At-Risk,Bratislava,tablet
INT-005579,CMP-076,email,2025-09-18,2025-10-27,2025-10-21,3.14,4,0,0,0.0,C01093,48,New,Central Slovakia,desktop
INT-005580,CMP-076,email,2025-09-18,2025-10-27,2025-10-21,1.57,2,0,0,0.0,C00119,57,Regular,Central Slovakia,desktop
INT-005581,CMP-076,email,2025-09-18,2025-10-27,2025-10-21,4.71,6,0,0,0.0,C00822,55,At-Risk,Eastern Slovakia,desktop
INT-005582,CMP-076,email,2025-09-18,2025-10-27,2025-10-21,3.14,4,0,0,0.0,C00434,18,Regular,Western Slovakia,tablet
INT-005583,CMP-076,email,2025-09-18,2025-10-27,2025-10-22,3.14,4,1,0,0.0,C02011,23,At-Risk,Bratislava,mobile
INT-005584,CMP-076,email,2025-09-18,2025-10-27,2025-10-22,3.92,5,0,0,0.0,C01397,45,Regular,Czech Republic,desktop
INT-005585,CMP-076,email,2025-09-18,2025-10-27,2025-10-22,1.57,2,0,0,0.0,C01669,41,Regular,Eastern Slovakia,mobile
INT-005586,CMP-076,email,2025-09-18,2025-10-27,2025-10-22,2.35,3,0,0,0.0,C00129,30,New,Western Slovakia,mobile
INT-005587,CMP-076,email,2025-09-18,2025-10-27,2025-10-22,1.57,2,0,0,0.0,C00507,67,Loyal,Eastern Slovakia,desktop
INT-005588,CMP-076,email,2025-09-18,2025-10-27,2025-10-22,3.92,5,0,0,0.0,C02141,37,New,Bratislava,mobile
INT-005589,CMP-076,email,2025-09-18,2025-10-27,2025-10-24,3.92,5,1,0,0.0,C00688,56,New,Bratislava,mobile
INT-005590,CMP-076,email,2025-09-18,2025-10-27,2025-10-25,0.78,1,0,0,0.0,C01585,37,New,Czech Republic,desktop
INT-005591,CMP-076,email,2025-09-18,2025-10-27,2025-10-25,1.57,2,0,0,0.0,C01558,47,Regular,Eastern Slovakia,mobile
INT-005592,CMP-076,email,2025-09-18,2025-10-27,2025-10-26,2.35,3,0,0,0.0,C02112,44,Regular,Western Slovakia,mobile
INT-005593,CMP-076,email,2025-09-18,2025-10-27,2025-10-26,2.35,3,0,0,0.0,C01000,48,Regular,Western Slovakia,desktop
INT-005594,CMP-076,email,2025-09-18,2025-10-27,2025-10-26,2.35,3,0,0,0.0,C00026,34,New,Central Slovakia,mobile
INT-005595,CMP-076,email,2025-09-18,2025-10-27,2025-10-26,2.35,3,0,0,0.0,C01719,45,Regular,Western Slovakia,desktop
INT-005596,CMP-079,search,2025-09-25,2025-10-05,2025-09-25,3.56,2,2,1,212.67,C00287,41,Loyal,Central Slovakia,desktop
INT-005597,CMP-079,search,2025-09-25,2025-10-05,2025-09-25,3.56,2,0,0,0.0,C00997,47,Regular,Eastern Slovakia,mobile
INT-005598,CMP-079,search,2025-09-25,2025-10-05,2025-09-25,3.56,2,0,0,0.0,C00607,47,Regular,Central Slovakia,mobile
INT-005599,CMP-079,search,2025-09-25,2025-10-05,2025-09-25,5.33,3,1,0,0.0,C01582,36,Regular,Western Slovakia,mobile
INT-005600,CMP-079,search,2025-09-25,2025-10-05,2025-09-25,1.78,1,1,1,233.29,C01760,39,Regular,Eastern Slovakia,desktop
INT-005601,CMP-079,search,2025-09-25,2025-10-05,2025-09-25,8.89,5,0,0,0.0,C01924,52,New,Central Slovakia,mobile
INT-005602,CMP-079,search,2025-09-25,2025-10-05,2025-09-25,10.67,6,0,0,0.0,C00176,40,Loyal,Central Slovakia,mobile
INT-005603,CMP-079,search,2025-09-25,2025-10-05,2025-09-26,3.56,2,0,0,0.0,C02045,21,Loyal,Eastern Slovakia,desktop
INT-005604,CMP-079,search,2025-09-25,2025-10-05,2025-09-26,3.56,2,0,0,0.0,C01545,54,Regular,Central Slovakia,desktop
INT-005605,CMP-079,search,2025-09-25,2025-10-05,2025-09-26,1.78,1,0,0,0.0,C00390,21,New,Bratislava,tablet
INT-005606,CMP-079,search,2025-09-25,2025-10-05,2025-09-26,5.33,3,0,0,0.0,C01097,57,Loyal,Czech Republic,mobile
INT-005607,CMP-079,search,2025-09-25,2025-10-05,2025-09-26,5.33,3,1,0,0.0,C01450,31,Regular,Bratislava,tablet
INT-005608,CMP-079,search,2025-09-25,2025-10-05,2025-09-26,7.11,4,0,0,0.0,C02081,43,New,Bratislava,mobile
INT-005609,CMP-079,search,2025-09-25,2025-10-05,2025-09-26,5.33,3,0,0,0.0,C01437,33,Regular,Bratislava,mobile
INT-005610,CMP-079,search,2025-09-25,2025-10-05,2025-09-27,3.56,2,0,0,0.0,C00841,61,Loyal,Western Slovakia,mobile
INT-005611,CMP-079,search,2025-09-25,2025-10-05,2025-09-27,7.11,4,0,0,0.0,C01943,23,Regular,Western Slovakia,desktop
INT-005612,CMP-079,search,2025-09-25,2025-10-05,2025-09-27,3.56,2,1,1,236.98,C01663,37,Loyal,Bratislava,desktop
INT-005613,CMP-079,search,2025-09-25,2025-10-05,2025-09-27,5.33,3,0,0,0.0,C00237,18,Loyal,Bratislava,mobile
INT-005614,CMP-079,search,2025-09-25,2025-10-05,2025-09-27,3.56,2,1,1,215.43,C01784,26,Regular,Bratislava,mobile
INT-005615,CMP-079,search,2025-09-25,2025-10-05,2025-09-27,3.56,2,0,0,0.0,C01337,44,Regular,Eastern Slovakia,desktop
INT-005616,CMP-079,search,2025-09-25,2025-10-05,2025-09-27,3.56,2,0,0,0.0,C00312,43,Regular,Western Slovakia,mobile
INT-005617,CMP-079,search,2025-09-25,2025-10-05,2025-09-27,5.33,3,0,0,0.0,C01695,23,New,Central Slovakia,desktop
INT-005618,CMP-079,search,2025-09-25,2025-10-05,2025-09-28,7.11,4,0,0,0.0,C00342,42,At-Risk,Bratislava,mobile
INT-005619,CMP-079,search,2025-09-25,2025-10-05,2025-09-28,5.33,3,0,0,0.0,C00184,51,Regular,Bratislava,tablet
INT-005620,CMP-079,search,2025-09-25,2025-10-05,2025-09-28,5.33,3,1,0,0.0,C01574,38,New,Eastern Slovakia,tablet
INT-005621,CMP-079,search,2025-09-25,2025-10-05,2025-09-28,7.11,4,0,0,0.0,C00819,41,Loyal,Czech Republic,desktop
INT-005622,CMP-079,search,2025-09-25,2025-10-05,2025-09-28,7.11,4,1,1,263.12,C01904,36,Regular,Western Slovakia,desktop
INT-005623,CMP-079,search,2025-09-25,2025-10-05,2025-09-29,3.56,2,1,1,259.61,C00352,48,Regular,Bratislava,desktop
INT-005624,CMP-079,search,2025-09-25,2025-10-05,2025-09-30,7.11,4,2,2,695.56,C02170,31,Regular,Bratislava,desktop
INT-005625,CMP-079,search,2025-09-25,2025-10-05,2025-09-30,5.33,3,0,0,0.0,C02003,43,New,Western Slovakia,tablet
INT-005626,CMP-079,search,2025-09-25,2025-10-05,2025-09-30,3.56,2,0,0,0.0,C01660,40,Loyal,Central Slovakia,tablet
INT-005627,CMP-079,search,2025-09-25,2025-10-05,2025-09-30,1.78,1,0,0,0.0,C00231,20,Regular,Czech Republic,mobile
INT-005628,CMP-079,search,2025-09-25,2025-10-05,2025-09-30,7.11,4,1,1,279.13,C00733,45,New,Bratislava,tablet
INT-005629,CMP-079,search,2025-09-25,2025-10-05,2025-09-30,1.78,1,0,0,0.0,C00509,31,Regular,Western Slovakia,mobile
INT-005630,CMP-079,search,2025-09-25,2025-10-05,2025-10-01,3.56,2,0,0,0.0,C00700,36,Loyal,Bratislava,desktop
INT-005631,CMP-079,search,2025-09-25,2025-10-05,2025-10-01,10.67,6,0,0,0.0,C01902,51,Regular,Czech Republic,desktop
INT-005632,CMP-079,search,2025-09-25,2025-10-05,2025-10-01,7.11,4,1,1,275.41,C01118,34,Regular,Bratislava,mobile
INT-005633,CMP-079,search,2025-09-25,2025-10-05,2025-10-01,1.78,1,0,0,0.0,C00835,29,Loyal,Bratislava,mobile
INT-005634,CMP-079,search,2025-09-25,2025-10-05,2025-10-01,5.33,3,3,2,247.93,C01402,34,New,Eastern Slovakia,desktop
INT-005635,CMP-079,search,2025-09-25,2025-10-05,2025-10-01,8.89,5,2,1,428.78,C00428,59,Loyal,Central Slovakia,mobile
INT-005636,CMP-079,search,2025-09-25,2025-10-05,2025-10-01,5.33,3,1,1,311.61,C00097,22,Loyal,Czech Republic,desktop
INT-005637,CMP-079,search,2025-09-25,2025-10-05,2025-10-02,1.78,1,1,1,284.67,C01634,38,Regular,Bratislava,mobile
INT-005638,CMP-079,search,2025-09-25,2025-10-05,2025-10-02,7.11,4,0,0,0.0,C01363,18,Regular,Central Slovakia,mobile
INT-005639,CMP-079,search,2025-09-25,2025-10-05,2025-10-02,3.56,2,0,0,0.0,C01113,24,Regular,Bratislava,mobile
INT-005640,CMP-079,search,2025-09-25,2025-10-05,2025-10-02,1.78,1,0,0,0.0,C01452,44,New,Bratislava,tablet
INT-005641,CMP-079,search,2025-09-25,2025-10-05,2025-10-02,7.11,4,0,0,0.0,C01814,38,Regular,Central Slovakia,desktop
INT-005642,CMP-079,search,2025-09-25,2025-10-05,2025-10-02,3.56,2,0,0,0.0,C02015,57,Loyal,Central Slovakia,mobile
INT-005643,CMP-079,search,2025-09-25,2025-10-05,2025-10-02,7.11,4,0,0,0.0,C00880,38,At-Risk,Western Slovakia,desktop
INT-005644,CMP-079,search,2025-09-25,2025-10-05,2025-10-02,7.11,4,0,0,0.0,C00079,46,Regular,Bratislava,desktop
INT-005645,CMP-079,search,2025-09-25,2025-10-05,2025-10-02,5.33,3,0,0,0.0,C00246,23,Regular,Central Slovakia,mobile
INT-005646,CMP-079,search,2025-09-25,2025-10-05,2025-10-03,5.33,3,0,0,0.0,C01598,41,Loyal,Bratislava,mobile
INT-005647,CMP-079,search,2025-09-25,2025-10-05,2025-10-03,8.89,5,0,0,0.0,C01422,35,Regular,Bratislava,mobile
INT-005648,CMP-079,search,2025-09-25,2025-10-05,2025-10-03,7.11,4,0,0,0.0,C01936,57,Loyal,Eastern Slovakia,desktop
INT-005649,CMP-079,search,2025-09-25,2025-10-05,2025-10-03,7.11,4,1,1,265.95,C02172,25,New,Bratislava,mobile
INT-005650,CMP-079,search,2025-09-25,2025-10-05,2025-10-03,3.56,2,1,1,181.41,C00467,34,Regular,Eastern Slovakia,mobile
INT-005651,CMP-079,search,2025-09-25,2025-10-05,2025-10-03,5.33,3,0,0,0.0,C00634,18,Regular,Bratislava,desktop
INT-005652,CMP-079,search,2025-09-25,2025-10-05,2025-10-04,3.56,2,0,0,0.0,C01044,39,Regular,Western Slovakia,mobile
INT-005653,CMP-079,search,2025-09-25,2025-10-05,2025-10-04,10.67,6,3,1,197.25,C01305,35,New,Bratislava,mobile
INT-005654,CMP-079,search,2025-09-25,2025-10-05,2025-10-04,3.56,2,1,0,0.0,C00764,46,Loyal,Czech Republic,desktop
INT-005655,CMP-079,search,2025-09-25,2025-10-05,2025-10-04,3.56,2,1,1,239.03,C00992,56,Regular,Eastern Slovakia,desktop
INT-005656,CMP-079,search,2025-09-25,2025-10-05,2025-10-04,1.78,1,0,0,0.0,C02097,48,Loyal,Bratislava,desktop
INT-005657,CMP-079,search,2025-09-25,2025-10-05,2025-10-04,5.33,3,0,0,0.0,C00887,53,Loyal,Central Slovakia,mobile
INT-005658,CMP-037,display,2025-10-06,2025-10-21,2025-10-06,4.69,11,0,0,0.0,C00016,28,New,Bratislava,desktop
INT-005659,CMP-037,display,2025-10-06,2025-10-21,2025-10-06,7.24,17,0,0,0.0,C01651,32,New,Central Slovakia,desktop
INT-005660,CMP-037,display,2025-10-06,2025-10-21,2025-10-06,2.56,6,0,0,0.0,C00543,41,Loyal,Central Slovakia,mobile
INT-005661,CMP-037,display,2025-10-06,2025-10-21,2025-10-06,6.39,15,0,0,0.0,C01496,25,Loyal,Bratislava,desktop
INT-005662,CMP-037,display,2025-10-06,2025-10-21,2025-10-06,4.69,11,0,0,0.0,C01563,28,Regular,Bratislava,desktop
INT-005663,CMP-037,display,2025-10-06,2025-10-21,2025-10-07,3.83,9,1,0,0.0,C00464,18,New,Czech Republic,mobile
INT-005664,CMP-037,display,2025-10-06,2025-10-21,2025-10-07,4.69,11,1,0,0.0,C01238,45,Loyal,Bratislava,desktop
INT-005665,CMP-037,display,2025-10-06,2025-10-21,2025-10-07,5.11,12,0,0,0.0,C01824,46,New,Bratislava,mobile
INT-005666,CMP-037,display,2025-10-06,2025-10-21,2025-10-08,4.26,10,0,0,0.0,C01342,43,Regular,Central Slovakia,tablet
INT-005667,CMP-037,display,2025-10-06,2025-10-21,2025-10-08,1.28,3,0,0,0.0,C00932,43,New,Central Slovakia,desktop
INT-005668,CMP-037,display,2025-10-06,2025-10-21,2025-10-08,4.26,10,0,0,0.0,C00689,32,New,Bratislava,mobile
INT-005669,CMP-037,display,2025-10-06,2025-10-21,2025-10-09,6.39,15,0,0,0.0,C01550,43,New,Eastern Slovakia,mobile
INT-005670,CMP-037,display,2025-10-06,2025-10-21,2025-10-09,4.26,10,0,0,0.0,C02144,43,Regular,Eastern Slovakia,desktop
INT-005671,CMP-037,display,2025-10-06,2025-10-21,2025-10-10,4.69,11,0,0,0.0,C01121,43,At-Risk,Bratislava,tablet
INT-005672,CMP-037,display,2025-10-06,2025-10-21,2025-10-10,9.37,22,0,0,0.0,C00632,69,New,Central Slovakia,desktop
INT-005673,CMP-037,display,2025-10-06,2025-10-21,2025-10-10,8.52,20,0,0,0.0,C00594,18,New,Western Slovakia,mobile
INT-005674,CMP-037,display,2025-10-06,2025-10-21,2025-10-10,6.39,15,0,0,0.0,C02095,39,Loyal,Bratislava,desktop
INT-005675,CMP-037,display,2025-10-06,2025-10-21,2025-10-11,3.41,8,0,0,0.0,C00896,51,Regular,Bratislava,mobile
INT-005676,CMP-037,display,2025-10-06,2025-10-21,2025-10-11,2.98,7,1,0,0.0,C00492,42,Loyal,Bratislava,desktop
INT-005677,CMP-037,display,2025-10-06,2025-10-21,2025-10-12,7.24,17,0,0,0.0,C01096,53,Regular,Bratislava,desktop
INT-005678,CMP-037,display,2025-10-06,2025-10-21,2025-10-12,6.39,15,1,1,165.71,C01099,50,Loyal,Central Slovakia,desktop
INT-005679,CMP-037,display,2025-10-06,2025-10-21,2025-10-12,3.41,8,0,0,0.0,C01734,21,New,Central Slovakia,mobile
INT-005680,CMP-037,display,2025-10-06,2025-10-21,2025-10-12,5.11,12,0,0,0.0,C01224,47,Regular,Central Slovakia,desktop
INT-005681,CMP-037,display,2025-10-06,2025-10-21,2025-10-12,5.54,13,0,0,0.0,C00247,25,Regular,Western Slovakia,tablet
INT-005682,CMP-037,display,2025-10-06,2025-10-21,2025-10-13,6.82,16,1,0,0.0,C00195,25,Regular,Bratislava,tablet
INT-005683,CMP-037,display,2025-10-06,2025-10-21,2025-10-14,3.83,9,0,0,0.0,C00044,41,Regular,Bratislava,desktop
INT-005684,CMP-037,display,2025-10-06,2025-10-21,2025-10-14,6.39,15,0,0,0.0,C01408,46,Regular,Western Slovakia,mobile
INT-005685,CMP-037,display,2025-10-06,2025-10-21,2025-10-15,4.69,11,0,0,0.0,C02111,43,New,Western Slovakia,mobile
INT-005686,CMP-037,display,2025-10-06,2025-10-21,2025-10-15,5.54,13,0,0,0.0,C00610,44,Regular,Bratislava,mobile
INT-005687,CMP-037,display,2025-10-06,2025-10-21,2025-10-15,6.39,15,0,0,0.0,C01293,33,At-Risk,Eastern Slovakia,desktop
INT-005688,CMP-037,display,2025-10-06,2025-10-21,2025-10-15,3.83,9,0,0,0.0,C00516,42,At-Risk,Bratislava,mobile
INT-005689,CMP-037,display,2025-10-06,2025-10-21,2025-10-15,4.69,11,0,0,0.0,C01955,41,Loyal,Bratislava,desktop
INT-005690,CMP-037,display,2025-10-06,2025-10-21,2025-10-17,4.26,10,0,0,0.0,C00480,69,At-Risk,Bratislava,mobile
INT-005691,CMP-037,display,2025-10-06,2025-10-21,2025-10-17,5.96,14,0,0,0.0,C00104,47,Regular,Central Slovakia,desktop
INT-005692,CMP-037,display,2025-10-06,2025-10-21,2025-10-17,5.11,12,2,0,0.0,C01878,60,Regular,Central Slovakia,desktop
INT-005693,CMP-037,display,2025-10-06,2025-10-21,2025-10-17,3.83,9,0,0,0.0,C00755,59,New,Bratislava,mobile
INT-005694,CMP-037,display,2025-10-06,2025-10-21,2025-10-18,4.69,11,1,0,0.0,C01871,48,At-Risk,Bratislava,tablet
INT-005695,CMP-037,display,2025-10-06,2025-10-21,2025-10-19,1.7,4,0,0,0.0,C00560,27,New,Western Slovakia,desktop
INT-005696,CMP-037,display,2025-10-06,2025-10-21,2025-10-20,2.98,7,0,0,0.0,C00387,43,Regular,Bratislava,mobile
INT-005697,CMP-037,display,2025-10-06,2025-10-21,2025-10-20,6.39,15,0,0,0.0,C01094,40,New,Central Slovakia,tablet
INT-005698,CMP-037,display,2025-10-06,2025-10-21,2025-10-20,5.11,12,0,0,0.0,C01203,43,New,Central Slovakia,desktop
INT-005699,CMP-037,display,2025-10-06,2025-10-21,2025-10-20,5.11,12,1,0,0.0,C00786,41,Loyal,Central Slovakia,mobile
INT-005700,CMP-039,search,2025-10-07,2025-11-11,2025-10-08,24.65,8,0,0,0.0,C01603,53,Regular,Eastern Slovakia,desktop
INT-005701,CMP-039,search,2025-10-07,2025-11-11,2025-10-08,30.81,10,0,0,0.0,C01993,41,Regular,Eastern Slovakia,desktop
INT-005702,CMP-039,search,2025-10-07,2025-11-11,2025-10-09,24.65,8,1,0,0.0,C00619,31,At-Risk,Bratislava,desktop
INT-005703,CMP-039,search,2025-10-07,2025-11-11,2025-10-09,9.24,3,0,0,0.0,C00314,43,Regular,Western Slovakia,mobile
INT-005704,CMP-039,search,2025-10-07,2025-11-11,2025-10-09,21.57,7,0,0,0.0,C01109,54,Regular,Central Slovakia,mobile
INT-005705,CMP-039,search,2025-10-07,2025-11-11,2025-10-10,18.48,6,0,0,0.0,C00275,57,At-Risk,Bratislava,mobile
INT-005706,CMP-039,search,2025-10-07,2025-11-11,2025-10-11,15.4,5,0,0,0.0,C00296,40,Regular,Bratislava,mobile
INT-005707,CMP-039,search,2025-10-07,2025-11-11,2025-10-13,15.4,5,0,0,0.0,C00879,37,Loyal,Western Slovakia,mobile
INT-005708,CMP-039,search,2025-10-07,2025-11-11,2025-10-13,24.65,8,2,1,250.82,C01270,45,Loyal,Bratislava,mobile
INT-005709,CMP-039,search,2025-10-07,2025-11-11,2025-10-15,12.32,4,1,0,0.0,C01260,32,New,Central Slovakia,mobile
INT-005710,CMP-039,search,2025-10-07,2025-11-11,2025-10-15,18.48,6,1,0,0.0,C00530,57,New,Czech Republic,mobile
INT-005711,CMP-039,search,2025-10-07,2025-11-11,2025-10-15,40.05,13,3,0,0.0,C00012,47,At-Risk,Western Slovakia,tablet
INT-005712,CMP-039,search,2025-10-07,2025-11-11,2025-10-17,18.48,6,1,0,0.0,C00681,48,Regular,Bratislava,mobile
INT-005713,CMP-039,search,2025-10-07,2025-11-11,2025-10-18,18.48,6,0,0,0.0,C00172,43,New,Czech Republic,tablet
INT-005714,CMP-039,search,2025-10-07,2025-11-11,2025-10-20,12.32,4,0,0,0.0,C00722,52,Regular,Central Slovakia,desktop
INT-005715,CMP-039,search,2025-10-07,2025-11-11,2025-10-20,36.97,12,1,0,0.0,C01240,57,Regular,Eastern Slovakia,mobile
INT-005716,CMP-039,search,2025-10-07,2025-11-11,2025-10-21,21.57,7,2,0,0.0,C00665,37,Regular,Bratislava,mobile
INT-005717,CMP-039,search,2025-10-07,2025-11-11,2025-10-21,21.57,7,0,0,0.0,C01946,18,Regular,Eastern Slovakia,desktop
INT-005718,CMP-039,search,2025-10-07,2025-11-11,2025-10-22,24.65,8,0,0,0.0,C00217,44,Loyal,Eastern Slovakia,mobile
INT-005719,CMP-039,search,2025-10-07,2025-11-11,2025-10-25,21.57,7,1,1,156.12,C01452,44,New,Bratislava,mobile
INT-005720,CMP-039,search,2025-10-07,2025-11-11,2025-10-31,12.32,4,0,0,0.0,C01865,41,Loyal,Central Slovakia,mobile
INT-005721,CMP-039,search,2025-10-07,2025-11-11,2025-11-03,33.89,11,2,2,379.12,C00731,43,Regular,Central Slovakia,mobile
INT-005722,CMP-039,search,2025-10-07,2025-11-11,2025-11-03,27.73,9,3,1,184.78,C00206,37,Regular,Eastern Slovakia,mobile
INT-005723,CMP-039,search,2025-10-07,2025-11-11,2025-11-04,18.48,6,1,1,309.7,C01304,47,Regular,Eastern Slovakia,mobile
INT-005724,CMP-039,search,2025-10-07,2025-11-11,2025-11-06,21.57,7,2,0,0.0,C00565,49,New,Bratislava,desktop
INT-005725,CMP-039,search,2025-10-07,2025-11-11,2025-11-07,15.4,5,1,0,0.0,C02016,40,Regular,Eastern Slovakia,desktop
INT-005726,CMP-039,search,2025-10-07,2025-11-11,2025-11-07,21.57,7,0,0,0.0,C01385,18,Regular,Central Slovakia,mobile
INT-005727,CMP-039,search,2025-10-07,2025-11-11,2025-11-09,27.73,9,1,1,119.76,C00133,46,New,Eastern Slovakia,desktop
INT-005728,CMP-083,social,2025-10-21,2025-11-23,2025-10-21,4.93,6,0,0,0.0,C01037,50,Regular,Eastern Slovakia,mobile
INT-005729,CMP-083,social,2025-10-21,2025-11-23,2025-10-21,7.39,9,0,0,0.0,C01913,45,Loyal,Central Slovakia,mobile
INT-005730,CMP-083,social,2025-10-21,2025-11-23,2025-10-21,6.57,8,0,0,0.0,C02127,64,Loyal,Western Slovakia,mobile
INT-005731,CMP-083,social,2025-10-21,2025-11-23,2025-10-22,4.1,5,0,0,0.0,C01807,44,New,Central Slovakia,mobile
INT-005732,CMP-083,social,2025-10-21,2025-11-23,2025-10-22,4.1,5,0,0,0.0,C01326,50,Regular,Bratislava,desktop
INT-005733,CMP-083,social,2025-10-21,2025-11-23,2025-10-23,4.93,6,0,0,0.0,C01546,35,Regular,Western Slovakia,mobile
INT-005734,CMP-083,social,2025-10-21,2025-11-23,2025-10-23,3.28,4,1,0,0.0,C01004,46,Regular,Bratislava,mobile
INT-005735,CMP-083,social,2025-10-21,2025-11-23,2025-10-23,5.75,7,0,0,0.0,C00246,23,Regular,Central Slovakia,mobile
INT-005736,CMP-083,social,2025-10-21,2025-11-23,2025-10-24,1.64,2,0,0,0.0,C01906,24,New,Western Slovakia,desktop
INT-005737,CMP-083,social,2025-10-21,2025-11-23,2025-10-24,4.93,6,1,0,0.0,C00542,28,New,Eastern Slovakia,mobile
INT-005738,CMP-083,social,2025-10-21,2025-11-23,2025-10-24,3.28,4,0,0,0.0,C01258,38,Loyal,Eastern Slovakia,desktop
INT-005739,CMP-083,social,2025-10-21,2025-11-23,2025-10-24,4.93,6,0,0,0.0,C00990,32,Regular,Bratislava,mobile
INT-005740,CMP-083,social,2025-10-21,2025-11-23,2025-10-25,5.75,7,0,0,0.0,C02109,28,Regular,Eastern Slovakia,mobile
INT-005741,CMP-083,social,2025-10-21,2025-11-23,2025-10-25,7.39,9,2,0,0.0,C01087,21,Regular,Bratislava,desktop
INT-005742,CMP-083,social,2025-10-21,2025-11-23,2025-10-26,8.21,10,0,0,0.0,C01848,25,Regular,Central Slovakia,mobile
INT-005743,CMP-083,social,2025-10-21,2025-11-23,2025-10-26,8.21,10,0,0,0.0,C02183,18,Loyal,Eastern Slovakia,mobile
INT-005744,CMP-083,social,2025-10-21,2025-11-23,2025-10-26,3.28,4,0,0,0.0,C00752,34,Regular,Bratislava,mobile
INT-005745,CMP-083,social,2025-10-21,2025-11-23,2025-10-26,4.93,6,0,0,0.0,C00819,41,Loyal,Czech Republic,desktop
INT-005746,CMP-083,social,2025-10-21,2025-11-23,2025-10-27,7.39,9,0,0,0.0,C00503,29,Loyal,Bratislava,tablet
INT-005747,CMP-083,social,2025-10-21,2025-11-23,2025-10-28,5.75,7,1,0,0.0,C00993,60,At-Risk,Eastern Slovakia,mobile
INT-005748,CMP-083,social,2025-10-21,2025-11-23,2025-10-28,3.28,4,0,0,0.0,C00729,24,Loyal,Western Slovakia,mobile
INT-005749,CMP-083,social,2025-10-21,2025-11-23,2025-10-29,4.1,5,0,0,0.0,C01212,32,Loyal,Bratislava,mobile
INT-005750,CMP-083,social,2025-10-21,2025-11-23,2025-10-29,6.57,8,1,0,0.0,C00584,25,Loyal,Central Slovakia,mobile
INT-005751,CMP-083,social,2025-10-21,2025-11-23,2025-10-29,4.93,6,0,0,0.0,C00773,41,Regular,Bratislava,mobile
INT-005752,CMP-083,social,2025-10-21,2025-11-23,2025-10-29,4.1,5,1,1,97.23,C00768,31,New,Bratislava,mobile
INT-005753,CMP-083,social,2025-10-21,2025-11-23,2025-10-29,9.03,11,0,0,0.0,C00957,32,New,Western Slovakia,mobile
INT-005754,CMP-083,social,2025-10-21,2025-11-23,2025-10-31,3.28,4,1,0,0.0,C01230,45,Regular,Western Slovakia,desktop
INT-005755,CMP-083,social,2025-10-21,2025-11-23,2025-10-31,5.75,7,0,0,0.0,C02068,38,Loyal,Central Slovakia,desktop
INT-005756,CMP-083,social,2025-10-21,2025-11-23,2025-11-01,4.1,5,0,0,0.0,C01449,34,New,Central Slovakia,mobile
INT-005757,CMP-083,social,2025-10-21,2025-11-23,2025-11-01,1.64,2,0,0,0.0,C01401,52,New,Czech Republic,mobile
INT-005758,CMP-083,social,2025-10-21,2025-11-23,2025-11-02,4.93,6,0,0,0.0,C01555,21,New,Bratislava,mobile
INT-005759,CMP-083,social,2025-10-21,2025-11-23,2025-11-02,3.28,4,0,0,0.0,C00181,54,Loyal,Bratislava,mobile
INT-005760,CMP-083,social,2025-10-21,2025-11-23,2025-11-02,8.21,10,2,1,148.03,C00815,30,Regular,Western Slovakia,tablet
INT-005761,CMP-083,social,2025-10-21,2025-11-23,2025-11-02,4.93,6,0,0,0.0,C00316,34,Regular,Bratislava,mobile
INT-005762,CMP-083,social,2025-10-21,2025-11-23,2025-11-03,6.57,8,0,0,0.0,C01112,35,Regular,Western Slovakia,tablet
INT-005763,CMP-083,social,2025-10-21,2025-11-23,2025-11-04,3.28,4,1,0,0.0,C00193,33,New,Western Slovakia,desktop
INT-005764,CMP-083,social,2025-10-21,2025-11-23,2025-11-04,9.03,11,0,0,0.0,C01362,49,Regular,Bratislava,desktop
INT-005765,CMP-083,social,2025-10-21,2025-11-23,2025-11-04,3.28,4,0,0,0.0,C00937,24,Loyal,Bratislava,mobile
INT-005766,CMP-083,social,2025-10-21,2025-11-23,2025-11-04,7.39,9,0,0,0.0,C01892,29,Regular,Czech Republic,mobile
INT-005767,CMP-083,social,2025-10-21,2025-11-23,2025-11-05,5.75,7,0,0,0.0,C01370,50,At-Risk,Western Slovakia,desktop
INT-005768,CMP-083,social,2025-10-21,2025-11-23,2025-11-05,5.75,7,0,0,0.0,C00192,36,New,Bratislava,tablet
INT-005769,CMP-083,social,2025-10-21,2025-11-23,2025-11-07,8.21,10,0,0,0.0,C01216,21,Loyal,Central Slovakia,mobile
INT-005770,CMP-083,social,2025-10-21,2025-11-23,2025-11-07,6.57,8,1,0,0.0,C01980,44,New,Bratislava,desktop
INT-005771,CMP-083,social,2025-10-21,2025-11-23,2025-11-07,11.49,14,0,0,0.0,C00528,40,Regular,Bratislava,tablet
INT-005772,CMP-083,social,2025-10-21,2025-11-23,2025-11-07,2.46,3,0,0,0.0,C00608,43,Regular,Central Slovakia,desktop
INT-005773,CMP-083,social,2025-10-21,2025-11-23,2025-11-08,4.1,5,0,0,0.0,C00570,40,At-Risk,Western Slovakia,desktop
INT-005774,CMP-083,social,2025-10-21,2025-11-23,2025-11-08,4.93,6,1,0,0.0,C00631,57,New,Bratislava,desktop
INT-005775,CMP-083,social,2025-10-21,2025-11-23,2025-11-08,5.75,7,0,0,0.0,C00185,43,Loyal,Central Slovakia,mobile
INT-005776,CMP-083,social,2025-10-21,2025-11-23,2025-11-09,4.93,6,0,0,0.0,C01570,19,Loyal,Czech Republic,mobile
INT-005777,CMP-083,social,2025-10-21,2025-11-23,2025-11-09,4.1,5,0,0,0.0,C01525,33,Loyal,Czech Republic,mobile
INT-005778,CMP-083,social,2025-10-21,2025-11-23,2025-11-10,5.75,7,0,0,0.0,C00122,40,Regular,Eastern Slovakia,mobile
INT-005779,CMP-083,social,2025-10-21,2025-11-23,2025-11-10,7.39,9,1,0,0.0,C00885,25,Loyal,Western Slovakia,mobile
INT-005780,CMP-083,social,2025-10-21,2025-11-23,2025-11-11,8.21,10,0,0,0.0,C01944,18,Loyal,Bratislava,mobile
INT-005781,CMP-083,social,2025-10-21,2025-11-23,2025-11-11,4.1,5,0,0,0.0,C00748,44,New,Western Slovakia,mobile
INT-005782,CMP-083,social,2025-10-21,2025-11-23,2025-11-11,5.75,7,0,0,0.0,C01076,41,Loyal,Czech Republic,mobile
INT-005783,CMP-083,social,2025-10-21,2025-11-23,2025-11-11,3.28,4,0,0,0.0,C00366,56,Regular,Bratislava,tablet
INT-005784,CMP-083,social,2025-10-21,2025-11-23,2025-11-12,3.28,4,0,0,0.0,C00673,29,New,Western Slovakia,mobile
INT-005785,CMP-083,social,2025-10-21,2025-11-23,2025-11-12,3.28,4,0,0,0.0,C00211,49,Loyal,Central Slovakia,mobile
INT-005786,CMP-083,social,2025-10-21,2025-11-23,2025-11-13,8.21,10,0,0,0.0,C00064,45,New,Bratislava,desktop
INT-005787,CMP-083,social,2025-10-21,2025-11-23,2025-11-13,9.03,11,0,0,0.0,C00234,52,Regular,Eastern Slovakia,desktop
INT-005788,CMP-083,social,2025-10-21,2025-11-23,2025-11-14,7.39,9,1,1,265.49,C00563,39,Loyal,Bratislava,mobile
INT-005789,CMP-083,social,2025-10-21,2025-11-23,2025-11-14,6.57,8,1,0,0.0,C01573,42,Regular,Bratislava,mobile
INT-005790,CMP-083,social,2025-10-21,2025-11-23,2025-11-14,3.28,4,1,0,0.0,C00155,37,Loyal,Central Slovakia,desktop
INT-005791,CMP-083,social,2025-10-21,2025-11-23,2025-11-15,6.57,8,0,0,0.0,C00393,32,Regular,Bratislava,mobile
INT-005792,CMP-083,social,2025-10-21,2025-11-23,2025-11-15,7.39,9,0,0,0.0,C01084,39,New,Western Slovakia,mobile
INT-005793,CMP-083,social,2025-10-21,2025-11-23,2025-11-16,9.85,12,3,2,569.01,C00106,36,Loyal,Eastern Slovakia,desktop
INT-005794,CMP-083,social,2025-10-21,2025-11-23,2025-11-16,3.28,4,0,0,0.0,C00319,50,Regular,Bratislava,desktop
INT-005795,CMP-083,social,2025-10-21,2025-11-23,2025-11-17,4.93,6,1,0,0.0,C00626,32,New,Bratislava,desktop
INT-005796,CMP-083,social,2025-10-21,2025-11-23,2025-11-17,4.1,5,0,0,0.0,C00834,33,Loyal,Western Slovakia,desktop
INT-005797,CMP-083,social,2025-10-21,2025-11-23,2025-11-18,6.57,8,2,1,259.99,C00328,37,Loyal,Bratislava,mobile
INT-005798,CMP-083,social,2025-10-21,2025-11-23,2025-11-18,3.28,4,1,0,0.0,C00896,51,Regular,Bratislava,mobile
INT-005799,CMP-083,social,2025-10-21,2025-11-23,2025-11-20,9.03,11,2,1,154.09,C02011,23,At-Risk,Bratislava,mobile
INT-005800,CMP-083,social,2025-10-21,2025-11-23,2025-11-21,6.57,8,0,0,0.0,C00121,26,Regular,Western Slovakia,mobile
INT-005801,CMP-083,social,2025-10-21,2025-11-23,2025-11-21,7.39,9,0,0,0.0,C01774,58,At-Risk,Bratislava,tablet
INT-005802,CMP-083,social,2025-10-21,2025-11-23,2025-11-21,5.75,7,0,0,0.0,C01843,49,Loyal,Czech Republic,mobile
INT-005803,CMP-083,social,2025-10-21,2025-11-23,2025-11-22,4.1,5,0,0,0.0,C00507,67,Loyal,Eastern Slovakia,desktop
INT-005804,CMP-083,social,2025-10-21,2025-11-23,2025-11-22,1.64,2,0,0,0.0,C01295,41,Regular,Central Slovakia,desktop
INT-005805,CMP-083,social,2025-10-21,2025-11-23,2025-11-22,5.75,7,0,0,0.0,C01693,21,New,Bratislava,desktop
INT-005806,CMP-083,social,2025-10-21,2025-11-23,2025-11-22,6.57,8,0,0,0.0,C00210,34,Regular,Bratislava,mobile
INT-005807,CMP-083,social,2025-10-21,2025-11-23,2025-11-22,3.28,4,0,0,0.0,C01073,35,Loyal,Western Slovakia,mobile
INT-005808,CMP-084,email,2025-10-23,2025-11-30,2025-10-24,7.06,7,1,0,0.0,C00540,29,Regular,Bratislava,desktop
INT-005809,CMP-084,email,2025-10-23,2025-11-30,2025-10-25,5.04,5,0,0,0.0,C00277,29,At-Risk,Eastern Slovakia,mobile
INT-005810,CMP-084,email,2025-10-23,2025-11-30,2025-10-25,10.08,10,1,0,0.0,C01652,53,Loyal,Bratislava,mobile
INT-005811,CMP-084,email,2025-10-23,2025-11-30,2025-10-26,4.03,4,0,0,0.0,C00032,33,New,Central Slovakia,desktop
INT-005812,CMP-084,email,2025-10-23,2025-11-30,2025-10-26,4.03,4,1,1,225.86,C00368,28,Loyal,Western Slovakia,mobile
INT-005813,CMP-084,email,2025-10-23,2025-11-30,2025-10-26,5.04,5,0,0,0.0,C01925,37,Loyal,Bratislava,tablet
INT-005814,CMP-084,email,2025-10-23,2025-11-30,2025-10-27,6.05,6,1,0,0.0,C00786,41,Loyal,Central Slovakia,mobile
INT-005815,CMP-084,email,2025-10-23,2025-11-30,2025-10-27,5.04,5,1,1,213.42,C01006,42,Loyal,Central Slovakia,desktop
INT-005816,CMP-084,email,2025-10-23,2025-11-30,2025-10-28,5.04,5,1,0,0.0,C01544,37,New,Czech Republic,tablet
INT-005817,CMP-084,email,2025-10-23,2025-11-30,2025-10-30,4.03,4,0,0,0.0,C00098,26,Loyal,Bratislava,mobile
INT-005818,CMP-084,email,2025-10-23,2025-11-30,2025-10-31,5.04,5,0,0,0.0,C00257,43,At-Risk,Bratislava,mobile
INT-005819,CMP-084,email,2025-10-23,2025-11-30,2025-10-31,2.02,2,1,0,0.0,C00866,48,Regular,Western Slovakia,mobile
INT-005820,CMP-084,email,2025-10-23,2025-11-30,2025-11-01,4.03,4,0,0,0.0,C00821,32,New,Czech Republic,mobile
INT-005821,CMP-084,email,2025-10-23,2025-11-30,2025-11-02,6.05,6,1,1,242.26,C00793,44,Loyal,Western Slovakia,desktop
INT-005822,CMP-084,email,2025-10-23,2025-11-30,2025-11-03,7.06,7,1,1,187.44,C00579,35,Loyal,Central Slovakia,mobile
INT-005823,CMP-084,email,2025-10-23,2025-11-30,2025-11-04,2.02,2,0,0,0.0,C01831,47,Regular,Eastern Slovakia,mobile
INT-005824,CMP-084,email,2025-10-23,2025-11-30,2025-11-05,10.08,10,1,1,97.0,C01581,52,Regular,Western Slovakia,mobile
INT-005825,CMP-084,email,2025-10-23,2025-11-30,2025-11-05,6.05,6,1,0,0.0,C01370,50,At-Risk,Western Slovakia,desktop
INT-005826,CMP-084,email,2025-10-23,2025-11-30,2025-11-08,4.03,4,0,0,0.0,C00316,34,Regular,Bratislava,mobile
INT-005827,CMP-084,email,2025-10-23,2025-11-30,2025-11-08,7.06,7,0,0,0.0,C00875,18,New,Bratislava,mobile
INT-005828,CMP-084,email,2025-10-23,2025-11-30,2025-11-09,1.01,1,0,0,0.0,C00467,34,Regular,Eastern Slovakia,desktop
INT-005829,CMP-084,email,2025-10-23,2025-11-30,2025-11-10,7.06,7,2,1,319.47,C00580,42,Loyal,Bratislava,tablet
INT-005830,CMP-084,email,2025-10-23,2025-11-30,2025-11-10,4.03,4,0,0,0.0,C00923,39,Loyal,Bratislava,mobile
INT-005831,CMP-084,email,2025-10-23,2025-11-30,2025-11-10,7.06,7,0,0,0.0,C01452,44,New,Bratislava,desktop
INT-005832,CMP-084,email,2025-10-23,2025-11-30,2025-11-11,2.02,2,1,1,211.15,C01393,31,Loyal,Bratislava,desktop
INT-005833,CMP-084,email,2025-10-23,2025-11-30,2025-11-12,5.04,5,0,0,0.0,C01218,18,Regular,Eastern Slovakia,mobile
INT-005834,CMP-084,email,2025-10-23,2025-11-30,2025-11-15,8.07,8,1,0,0.0,C00251,34,New,Czech Republic,mobile
INT-005835,CMP-084,email,2025-10-23,2025-11-30,2025-11-16,4.03,4,0,0,0.0,C00549,46,Regular,Western Slovakia,desktop
INT-005836,CMP-084,email,2025-10-23,2025-11-30,2025-11-16,5.04,5,2,1,147.52,C00185,43,Loyal,Central Slovakia,mobile
INT-005837,CMP-084,email,2025-10-23,2025-11-30,2025-11-16,4.03,4,0,0,0.0,C01991,43,Loyal,Western Slovakia,mobile
INT-005838,CMP-084,email,2025-10-23,2025-11-30,2025-11-16,6.05,6,0,0,0.0,C02091,40,New,Eastern Slovakia,mobile
INT-005839,CMP-084,email,2025-10-23,2025-11-30,2025-11-18,9.08,9,0,0,0.0,C00670,18,Loyal,Western Slovakia,desktop
INT-005840,CMP-084,email,2025-10-23,2025-11-30,2025-11-21,3.03,3,0,0,0.0,C01998,37,New,Western Slovakia,mobile
INT-005841,CMP-084,email,2025-10-23,2025-11-30,2025-11-22,7.06,7,0,0,0.0,C01215,18,Loyal,Bratislava,desktop
INT-005842,CMP-084,email,2025-10-23,2025-11-30,2025-11-23,7.06,7,0,0,0.0,C01042,50,Loyal,Central Slovakia,mobile
INT-005843,CMP-084,email,2025-10-23,2025-11-30,2025-11-23,3.03,3,0,0,0.0,C01714,37,New,Central Slovakia,mobile
INT-005844,CMP-084,email,2025-10-23,2025-11-30,2025-11-23,6.05,6,0,0,0.0,C00116,32,Loyal,Central Slovakia,desktop
INT-005845,CMP-084,email,2025-10-23,2025-11-30,2025-11-23,7.06,7,0,0,0.0,C01317,36,Loyal,Western Slovakia,mobile
INT-005846,CMP-084,email,2025-10-23,2025-11-30,2025-11-25,7.06,7,1,1,166.73,C02150,40,Loyal,Western Slovakia,mobile
INT-005847,CMP-084,email,2025-10-23,2025-11-30,2025-11-25,5.04,5,1,1,243.12,C01279,42,Loyal,Czech Republic,mobile
INT-005848,CMP-084,email,2025-10-23,2025-11-30,2025-11-26,3.03,3,0,0,0.0,C00815,30,Regular,Western Slovakia,tablet
INT-005849,CMP-084,email,2025-10-23,2025-11-30,2025-11-27,3.03,3,1,1,107.58,C00121,26,Regular,Western Slovakia,mobile
INT-005850,CMP-084,email,2025-10-23,2025-11-30,2025-11-27,4.03,4,0,0,0.0,C00997,47,Regular,Eastern Slovakia,mobile
INT-005851,CMP-084,email,2025-10-23,2025-11-30,2025-11-27,5.04,5,2,0,0.0,C00602,31,Regular,Western Slovakia,mobile
INT-005852,CMP-084,email,2025-10-23,2025-11-30,2025-11-28,5.04,5,0,0,0.0,C01280,35,Regular,Bratislava,desktop
INT-005853,CMP-084,email,2025-10-23,2025-11-30,2025-11-29,3.03,3,0,0,0.0,C01950,62,New,Eastern Slovakia,mobile
INT-005854,CMP-103,display,2025-10-25,2025-12-03,2025-10-25,6.29,14,1,0,0.0,C00200,36,Regular,Western Slovakia,tablet
INT-005855,CMP-103,display,2025-10-25,2025-12-03,2025-10-27,6.29,14,0,0,0.0,C01180,43,Loyal,Western Slovakia,mobile
INT-005856,CMP-103,display,2025-10-25,2025-12-03,2025-10-27,6.29,14,0,0,0.0,C00613,21,Regular,Western Slovakia,mobile
INT-005857,CMP-103,display,2025-10-25,2025-12-03,2025-10-27,6.74,15,0,0,0.0,C01285,39,Loyal,Bratislava,desktop
INT-005858,CMP-103,display,2025-10-25,2025-12-03,2025-10-27,8.54,19,0,0,0.0,C00270,38,New,Bratislava,mobile
INT-005859,CMP-103,display,2025-10-25,2025-12-03,2025-10-27,7.64,17,0,0,0.0,C02002,30,New,Bratislava,tablet
INT-005860,CMP-103,display,2025-10-25,2025-12-03,2025-10-27,9.44,21,1,1,124.86,C01540,56,Loyal,Western Slovakia,desktop
INT-005861,CMP-103,display,2025-10-25,2025-12-03,2025-10-30,5.84,13,0,0,0.0,C02045,21,Loyal,Eastern Slovakia,desktop
INT-005862,CMP-103,display,2025-10-25,2025-12-03,2025-10-30,6.29,14,0,0,0.0,C00835,29,Loyal,Bratislava,mobile
INT-005863,CMP-103,display,2025-10-25,2025-12-03,2025-10-31,6.29,14,3,0,0.0,C02166,53,Loyal,Bratislava,mobile
INT-005864,CMP-103,display,2025-10-25,2025-12-03,2025-11-01,7.64,17,0,0,0.0,C01027,18,Regular,Bratislava,mobile
INT-005865,CMP-103,display,2025-10-25,2025-12-03,2025-11-05,5.84,13,0,0,0.0,C01078,72,Loyal,Bratislava,mobile
INT-005866,CMP-103,display,2025-10-25,2025-12-03,2025-11-06,6.29,14,0,0,0.0,C02066,36,Regular,Western Slovakia,mobile
INT-005867,CMP-103,display,2025-10-25,2025-12-03,2025-11-07,4.95,11,1,0,0.0,C00900,20,New,Bratislava,mobile
INT-005868,CMP-103,display,2025-10-25,2025-12-03,2025-11-07,8.54,19,0,0,0.0,C01480,58,Loyal,Bratislava,tablet
INT-005869,CMP-103,display,2025-10-25,2025-12-03,2025-11-07,5.84,13,0,0,0.0,C01796,34,New,Bratislava,mobile
INT-005870,CMP-103,display,2025-10-25,2025-12-03,2025-11-08,6.29,14,1,0,0.0,C00267,40,New,Western Slovakia,mobile
INT-005871,CMP-103,display,2025-10-25,2025-12-03,2025-11-08,7.64,17,0,0,0.0,C01926,24,Regular,Bratislava,mobile
INT-005872,CMP-103,display,2025-10-25,2025-12-03,2025-11-08,5.39,12,0,0,0.0,C01000,48,Regular,Western Slovakia,desktop
INT-005873,CMP-103,display,2025-10-25,2025-12-03,2025-11-09,5.39,12,0,0,0.0,C00343,39,Regular,Bratislava,desktop
INT-005874,CMP-103,display,2025-10-25,2025-12-03,2025-11-10,5.39,12,1,0,0.0,C01875,25,At-Risk,Central Slovakia,mobile
INT-005875,CMP-103,display,2025-10-25,2025-12-03,2025-11-10,6.29,14,0,0,0.0,C00024,36,Loyal,Bratislava,mobile
INT-005876,CMP-103,display,2025-10-25,2025-12-03,2025-11-11,6.74,15,0,0,0.0,C00242,37,Regular,Bratislava,desktop
INT-005877,CMP-103,display,2025-10-25,2025-12-03,2025-11-11,7.19,16,1,0,0.0,C00015,44,Regular,Bratislava,mobile
INT-005878,CMP-103,display,2025-10-25,2025-12-03,2025-11-11,6.74,15,0,0,0.0,C01693,21,New,Bratislava,desktop
INT-005879,CMP-103,display,2025-10-25,2025-12-03,2025-11-12,6.74,15,0,0,0.0,C01627,18,New,Central Slovakia,mobile
INT-005880,CMP-103,display,2025-10-25,2025-12-03,2025-11-12,9.89,22,0,0,0.0,C00304,34,At-Risk,Western Slovakia,tablet
INT-005881,CMP-103,display,2025-10-25,2025-12-03,2025-11-13,4.5,10,0,0,0.0,C01233,24,Loyal,Bratislava,mobile
INT-005882,CMP-103,display,2025-10-25,2025-12-03,2025-11-14,8.09,18,0,0,0.0,C00552,45,Regular,Central Slovakia,mobile
INT-005883,CMP-103,display,2025-10-25,2025-12-03,2025-11-15,6.29,14,0,0,0.0,C00966,22,Loyal,Western Slovakia,desktop
INT-005884,CMP-103,display,2025-10-25,2025-12-03,2025-11-15,6.29,14,0,0,0.0,C02054,72,Regular,Eastern Slovakia,mobile
INT-005885,CMP-103,display,2025-10-25,2025-12-03,2025-11-15,5.39,12,1,0,0.0,C02117,39,Regular,Central Slovakia,mobile
INT-005886,CMP-103,display,2025-10-25,2025-12-03,2025-11-15,8.54,19,0,0,0.0,C00995,37,New,Czech Republic,desktop
INT-005887,CMP-103,display,2025-10-25,2025-12-03,2025-11-15,7.64,17,0,0,0.0,C00787,39,Regular,Bratislava,desktop
INT-005888,CMP-103,display,2025-10-25,2025-12-03,2025-11-15,4.95,11,0,0,0.0,C00653,58,New,Bratislava,desktop
INT-005889,CMP-103,display,2025-10-25,2025-12-03,2025-11-18,4.5,10,1,1,92.54,C02138,48,New,Czech Republic,desktop
INT-005890,CMP-103,display,2025-10-25,2025-12-03,2025-11-19,4.05,9,0,0,0.0,C01804,33,Regular,Western Slovakia,tablet
INT-005891,CMP-103,display,2025-10-25,2025-12-03,2025-11-20,7.19,16,0,0,0.0,C00614,43,New,Bratislava,mobile
INT-005892,CMP-103,display,2025-10-25,2025-12-03,2025-11-20,5.84,13,1,0,0.0,C01131,27,New,Central Slovakia,mobile
INT-005893,CMP-103,display,2025-10-25,2025-12-03,2025-11-20,6.29,14,0,0,0.0,C01171,24,Loyal,Western Slovakia,mobile
INT-005894,CMP-103,display,2025-10-25,2025-12-03,2025-11-22,4.5,10,0,0,0.0,C00861,26,Regular,Western Slovakia,desktop
INT-005895,CMP-103,display,2025-10-25,2025-12-03,2025-11-23,7.64,17,0,0,0.0,C00258,33,At-Risk,Western Slovakia,mobile
INT-005896,CMP-103,display,2025-10-25,2025-12-03,2025-11-24,8.09,18,0,0,0.0,C00724,20,At-Risk,Bratislava,desktop
INT-005897,CMP-103,display,2025-10-25,2025-12-03,2025-11-25,7.19,16,0,0,0.0,C00361,36,At-Risk,Western Slovakia,mobile
INT-005898,CMP-103,display,2025-10-25,2025-12-03,2025-11-26,6.29,14,1,0,0.0,C01533,50,At-Risk,Eastern Slovakia,mobile
INT-005899,CMP-103,display,2025-10-25,2025-12-03,2025-11-27,8.09,18,0,0,0.0,C02085,50,Loyal,Western Slovakia,mobile
INT-005900,CMP-103,display,2025-10-25,2025-12-03,2025-11-28,8.09,18,0,0,0.0,C01311,24,Loyal,Bratislava,mobile
INT-005901,CMP-103,display,2025-10-25,2025-12-03,2025-11-29,8.54,19,0,0,0.0,C02007,37,New,Western Slovakia,mobile
INT-005902,CMP-103,display,2025-10-25,2025-12-03,2025-11-29,4.95,11,1,1,80.97,C00262,35,Regular,Bratislava,desktop
INT-005903,CMP-103,display,2025-10-25,2025-12-03,2025-11-30,5.39,12,0,0,0.0,C02048,44,Regular,Western Slovakia,mobile
INT-005904,CMP-103,display,2025-10-25,2025-12-03,2025-11-30,8.99,20,0,0,0.0,C01456,37,New,Eastern Slovakia,desktop
INT-005905,CMP-103,display,2025-10-25,2025-12-03,2025-11-30,7.64,17,0,0,0.0,C00507,67,Loyal,Eastern Slovakia,desktop
INT-005906,CMP-103,display,2025-10-25,2025-12-03,2025-12-01,5.39,12,0,0,0.0,C00140,73,New,Eastern Slovakia,desktop
INT-005907,CMP-103,display,2025-10-25,2025-12-03,2025-12-01,8.09,18,0,0,0.0,C02056,45,New,Bratislava,mobile
INT-005908,CMP-103,display,2025-10-25,2025-12-03,2025-12-01,8.99,20,0,0,0.0,C01929,48,Regular,Bratislava,desktop
INT-005909,CMP-001,search,2025-11-05,2025-11-18,2025-11-05,7.25,3,2,1,274.25,C01099,50,Loyal,Central Slovakia,mobile
INT-005910,CMP-001,search,2025-11-05,2025-11-18,2025-11-05,7.25,3,0,0,0.0,C01396,60,Loyal,Eastern Slovakia,mobile
INT-005911,CMP-001,search,2025-11-05,2025-11-18,2025-11-05,7.25,3,0,0,0.0,C01233,24,Loyal,Bratislava,mobile
INT-005912,CMP-001,search,2025-11-05,2025-11-18,2025-11-05,7.25,3,0,0,0.0,C01023,43,Regular,Czech Republic,tablet
INT-005913,CMP-001,search,2025-11-05,2025-11-18,2025-11-05,7.25,3,0,0,0.0,C00731,43,Regular,Central Slovakia,mobile
INT-005914,CMP-001,search,2025-11-05,2025-11-18,2025-11-05,7.25,3,1,0,0.0,C00612,41,Regular,Bratislava,desktop
INT-005915,CMP-001,search,2025-11-05,2025-11-18,2025-11-05,4.83,2,0,0,0.0,C01403,36,Regular,Bratislava,desktop
INT-005916,CMP-001,search,2025-11-05,2025-11-18,2025-11-05,2.42,1,0,0,0.0,C01542,48,Regular,Central Slovakia,desktop
INT-005917,CMP-001,search,2025-11-05,2025-11-18,2025-11-06,12.08,5,1,0,0.0,C01999,32,New,Central Slovakia,mobile
INT-005918,CMP-001,search,2025-11-05,2025-11-18,2025-11-06,12.08,5,0,0,0.0,C02006,51,New,Eastern Slovakia,mobile
INT-005919,CMP-001,search,2025-11-05,2025-11-18,2025-11-07,7.25,3,0,0,0.0,C01067,25,Loyal,Bratislava,mobile
INT-005920,CMP-001,search,2025-11-05,2025-11-18,2025-11-08,4.83,2,1,0,0.0,C01411,33,New,Central Slovakia,desktop
INT-005921,CMP-001,search,2025-11-05,2025-11-18,2025-11-08,9.66,4,0,0,0.0,C00121,26,Regular,Western Slovakia,mobile
INT-005922,CMP-001,search,2025-11-05,2025-11-18,2025-11-08,7.25,3,0,0,0.0,C00896,51,Regular,Bratislava,mobile
INT-005923,CMP-001,search,2025-11-05,2025-11-18,2025-11-08,4.83,2,1,0,0.0,C01495,34,New,Bratislava,desktop
INT-005924,CMP-001,search,2025-11-05,2025-11-18,2025-11-09,7.25,3,0,0,0.0,C01866,40,New,Western Slovakia,mobile
INT-005925,CMP-001,search,2025-11-05,2025-11-18,2025-11-10,2.42,1,0,0,0.0,C01936,57,Loyal,Eastern Slovakia,mobile
INT-005926,CMP-001,search,2025-11-05,2025-11-18,2025-11-10,16.91,7,1,0,0.0,C01014,18,Regular,Eastern Slovakia,mobile
INT-005927,CMP-001,search,2025-11-05,2025-11-18,2025-11-11,4.83,2,0,0,0.0,C00974,45,Loyal,Bratislava,mobile
INT-005928,CMP-001,search,2025-11-05,2025-11-18,2025-11-11,7.25,3,0,0,0.0,C01826,46,Regular,Eastern Slovakia,mobile
INT-005929,CMP-001,search,2025-11-05,2025-11-18,2025-11-11,14.5,6,1,1,396.27,C01316,60,Loyal,Western Slovakia,desktop
INT-005930,CMP-001,search,2025-11-05,2025-11-18,2025-11-12,19.33,8,0,0,0.0,C01046,28,At-Risk,Bratislava,mobile
INT-005931,CMP-001,search,2025-11-05,2025-11-18,2025-11-12,7.25,3,0,0,0.0,C00309,45,Regular,Bratislava,mobile
INT-005932,CMP-001,search,2025-11-05,2025-11-18,2025-11-12,14.5,6,1,1,407.88,C00704,37,At-Risk,Bratislava,mobile
INT-005933,CMP-001,search,2025-11-05,2025-11-18,2025-11-12,9.66,4,1,0,0.0,C01148,33,New,Western Slovakia,desktop
INT-005934,CMP-001,search,2025-11-05,2025-11-18,2025-11-13,7.25,3,1,0,0.0,C02059,31,At-Risk,Central Slovakia,mobile
INT-005935,CMP-001,search,2025-11-05,2025-11-18,2025-11-13,9.66,4,2,0,0.0,C01449,34,New,Central Slovakia,mobile
INT-005936,CMP-001,search,2025-11-05,2025-11-18,2025-11-13,4.83,2,0,0,0.0,C02158,28,Regular,Bratislava,desktop
INT-005937,CMP-001,search,2025-11-05,2025-11-18,2025-11-14,4.83,2,1,1,471.09,C01152,50,Loyal,Bratislava,desktop
INT-005938,CMP-001,search,2025-11-05,2025-11-18,2025-11-14,7.25,3,0,0,0.0,C01713,46,Loyal,Western Slovakia,mobile
INT-005939,CMP-001,search,2025-11-05,2025-11-18,2025-11-14,7.25,3,0,0,0.0,C00484,45,Regular,Bratislava,mobile
INT-005940,CMP-001,search,2025-11-05,2025-11-18,2025-11-14,2.42,1,0,0,0.0,C01655,35,Regular,Western Slovakia,desktop
INT-005941,CMP-001,search,2025-11-05,2025-11-18,2025-11-14,12.08,5,1,1,195.49,C00733,45,New,Bratislava,mobile
INT-005942,CMP-001,search,2025-11-05,2025-11-18,2025-11-14,4.83,2,0,0,0.0,C01300,26,Loyal,Czech Republic,mobile
INT-005943,CMP-001,search,2025-11-05,2025-11-18,2025-11-14,9.66,4,1,1,148.15,C00983,41,Regular,Central Slovakia,desktop
INT-005944,CMP-001,search,2025-11-05,2025-11-18,2025-11-15,2.42,1,1,1,283.21,C00966,22,Loyal,Western Slovakia,desktop
INT-005945,CMP-001,search,2025-11-05,2025-11-18,2025-11-16,9.66,4,0,0,0.0,C00677,67,Loyal,Western Slovakia,tablet
INT-005946,CMP-001,search,2025-11-05,2025-11-18,2025-11-16,4.83,2,0,0,0.0,C01258,38,Loyal,Eastern Slovakia,desktop
INT-005947,CMP-001,search,2025-11-05,2025-11-18,2025-11-16,7.25,3,0,0,0.0,C01823,53,Regular,Central Slovakia,desktop
INT-005948,CMP-001,search,2025-11-05,2025-11-18,2025-11-16,9.66,4,2,2,1007.16,C00702,35,Loyal,Bratislava,desktop
INT-005949,CMP-001,search,2025-11-05,2025-11-18,2025-11-16,4.83,2,0,0,0.0,C01169,33,New,Central Slovakia,tablet
INT-005950,CMP-001,search,2025-11-05,2025-11-18,2025-11-16,4.83,2,0,0,0.0,C01751,29,Loyal,Western Slovakia,mobile
INT-005951,CMP-001,search,2025-11-05,2025-11-18,2025-11-17,9.66,4,0,0,0.0,C01994,50,Regular,Eastern Slovakia,mobile
INT-005952,CMP-001,search,2025-11-05,2025-11-18,2025-11-17,4.83,2,0,0,0.0,C01191,56,New,Western Slovakia,desktop
INT-005953,CMP-001,search,2025-11-05,2025-11-18,2025-11-17,9.66,4,1,1,366.86,C00054,34,Regular,Western Slovakia,mobile
INT-005954,CMP-001,search,2025-11-05,2025-11-18,2025-11-17,9.66,4,1,0,0.0,C02197,36,Regular,Bratislava,desktop
INT-005955,CMP-081,email,2025-11-12,2025-12-01,2025-11-12,2.81,4,0,0,0.0,C01643,18,Regular,Central Slovakia,mobile
INT-005956,CMP-081,email,2025-11-12,2025-12-01,2025-11-12,1.41,2,0,0,0.0,C00855,41,Regular,Bratislava,mobile
INT-005957,CMP-081,email,2025-11-12,2025-12-01,2025-11-13,0.7,1,0,0,0.0,C00363,50,Regular,Western Slovakia,mobile
INT-005958,CMP-081,email,2025-11-12,2025-12-01,2025-11-14,2.81,4,0,0,0.0,C00590,57,New,Eastern Slovakia,desktop
INT-005959,CMP-081,email,2025-11-12,2025-12-01,2025-11-14,1.41,2,0,0,0.0,C00529,41,New,Eastern Slovakia,tablet
INT-005960,CMP-081,email,2025-11-12,2025-12-01,2025-11-15,2.11,3,0,0,0.0,C00150,40,Regular,Western Slovakia,mobile
INT-005961,CMP-081,email,2025-11-12,2025-12-01,2025-11-15,6.33,9,2,0,0.0,C01586,19,Regular,Eastern Slovakia,mobile
INT-005962,CMP-081,email,2025-11-12,2025-12-01,2025-11-16,2.11,3,0,0,0.0,C01707,33,At-Risk,Western Slovakia,desktop
INT-005963,CMP-081,email,2025-11-12,2025-12-01,2025-11-16,0.7,1,0,0,0.0,C00656,42,Regular,Western Slovakia,mobile
INT-005964,CMP-081,email,2025-11-12,2025-12-01,2025-11-16,1.41,2,0,0,0.0,C01782,39,Regular,Western Slovakia,mobile
INT-005965,CMP-081,email,2025-11-12,2025-12-01,2025-11-17,2.11,3,0,0,0.0,C00826,38,At-Risk,Eastern Slovakia,mobile
INT-005966,CMP-081,email,2025-11-12,2025-12-01,2025-11-17,1.41,2,0,0,0.0,C01823,53,Regular,Central Slovakia,mobile
INT-005967,CMP-081,email,2025-11-12,2025-12-01,2025-11-18,0.7,1,1,1,247.15,C00764,46,Loyal,Czech Republic,desktop
INT-005968,CMP-081,email,2025-11-12,2025-12-01,2025-11-18,2.81,4,0,0,0.0,C01146,46,At-Risk,Central Slovakia,tablet
INT-005969,CMP-081,email,2025-11-12,2025-12-01,2025-11-19,1.41,2,0,0,0.0,C01539,27,Regular,Czech Republic,desktop
INT-005970,CMP-081,email,2025-11-12,2025-12-01,2025-11-19,0.7,1,0,0,0.0,C00492,42,Loyal,Bratislava,desktop
INT-005971,CMP-081,email,2025-11-12,2025-12-01,2025-11-20,2.11,3,0,0,0.0,C00258,33,At-Risk,Western Slovakia,mobile
INT-005972,CMP-081,email,2025-11-12,2025-12-01,2025-11-20,3.52,5,1,0,0.0,C01418,50,New,Central Slovakia,mobile
INT-005973,CMP-081,email,2025-11-12,2025-12-01,2025-11-20,1.41,2,1,1,280.91,C01713,46,Loyal,Western Slovakia,mobile
INT-005974,CMP-081,email,2025-11-12,2025-12-01,2025-11-20,0.7,1,0,0,0.0,C00810,41,New,Bratislava,mobile
INT-005975,CMP-081,email,2025-11-12,2025-12-01,2025-11-21,1.41,2,0,0,0.0,C01956,26,Loyal,Eastern Slovakia,mobile
INT-005976,CMP-081,email,2025-11-12,2025-12-01,2025-11-21,2.81,4,0,0,0.0,C00718,46,New,Eastern Slovakia,mobile
INT-005977,CMP-081,email,2025-11-12,2025-12-01,2025-11-22,2.11,3,0,0,0.0,C01593,36,Regular,Eastern Slovakia,tablet
INT-005978,CMP-081,email,2025-11-12,2025-12-01,2025-11-22,2.81,4,1,0,0.0,C02029,40,New,Bratislava,desktop
INT-005979,CMP-081,email,2025-11-12,2025-12-01,2025-11-22,1.41,2,0,0,0.0,C01910,43,New,Western Slovakia,desktop
INT-005980,CMP-081,email,2025-11-12,2025-12-01,2025-11-22,2.11,3,0,0,0.0,C00219,36,Regular,Eastern Slovakia,desktop
INT-005981,CMP-081,email,2025-11-12,2025-12-01,2025-11-23,2.81,4,0,0,0.0,C01419,50,Regular,Bratislava,mobile
INT-005982,CMP-081,email,2025-11-12,2025-12-01,2025-11-23,4.22,6,1,0,0.0,C02102,18,New,Bratislava,mobile
INT-005983,CMP-081,email,2025-11-12,2025-12-01,2025-11-23,2.11,3,0,0,0.0,C00143,18,Regular,Eastern Slovakia,desktop
INT-005984,CMP-081,email,2025-11-12,2025-12-01,2025-11-25,2.11,3,2,0,0.0,C02179,45,New,Bratislava,mobile
INT-005985,CMP-081,email,2025-11-12,2025-12-01,2025-11-25,2.11,3,0,0,0.0,C00010,28,Regular,Eastern Slovakia,mobile
INT-005986,CMP-081,email,2025-11-12,2025-12-01,2025-11-26,2.11,3,0,0,0.0,C00621,33,Regular,Bratislava,mobile
INT-005987,CMP-081,email,2025-11-12,2025-12-01,2025-11-26,1.41,2,0,0,0.0,C00728,47,Loyal,Bratislava,tablet
INT-005988,CMP-081,email,2025-11-12,2025-12-01,2025-11-26,2.11,3,0,0,0.0,C00953,44,At-Risk,Western Slovakia,mobile
INT-005989,CMP-081,email,2025-11-12,2025-12-01,2025-11-26,2.81,4,0,0,0.0,C00097,22,Loyal,Czech Republic,mobile
INT-005990,CMP-081,email,2025-11-12,2025-12-01,2025-11-26,2.81,4,0,0,0.0,C00133,46,New,Eastern Slovakia,desktop
INT-005991,CMP-081,email,2025-11-12,2025-12-01,2025-11-27,2.81,4,0,0,0.0,C02167,72,Regular,Western Slovakia,desktop
INT-005992,CMP-081,email,2025-11-12,2025-12-01,2025-11-27,0.7,1,0,0,0.0,C02106,32,Loyal,Western Slovakia,mobile
INT-005993,CMP-081,email,2025-11-12,2025-12-01,2025-11-27,0.7,1,0,0,0.0,C00761,53,New,Western Slovakia,desktop
INT-005994,CMP-081,email,2025-11-12,2025-12-01,2025-11-28,1.41,2,1,0,0.0,C01062,55,At-Risk,Central Slovakia,desktop
INT-005995,CMP-081,email,2025-11-12,2025-12-01,2025-11-28,2.81,4,0,0,0.0,C00605,30,Loyal,Eastern Slovakia,mobile
INT-005996,CMP-081,email,2025-11-12,2025-12-01,2025-11-29,0.7,1,0,0,0.0,C00192,36,New,Bratislava,desktop
INT-005997,CMP-081,email,2025-11-12,2025-12-01,2025-11-29,4.22,6,0,0,0.0,C00799,50,At-Risk,Bratislava,mobile
INT-005998,CMP-081,email,2025-11-12,2025-12-01,2025-11-29,0.7,1,0,0,0.0,C00507,67,Loyal,Eastern Slovakia,mobile
INT-005999,CMP-052,search,2025-11-13,2025-12-09,2025-11-13,11.19,5,1,1,166.25,C00089,44,Regular,Bratislava,desktop
INT-006000,CMP-052,search,2025-11-13,2025-12-09,2025-11-13,4.48,2,0,0,0.0,C00305,37,New,Czech Republic,mobile
INT-006001,CMP-052,search,2025-11-13,2025-12-09,2025-11-13,4.48,2,0,0,0.0,C01241,53,Regular,Central Slovakia,mobile
INT-006002,CMP-052,search,2025-11-13,2025-12-09,2025-11-14,4.48,2,0,0,0.0,C00706,26,Regular,Bratislava,mobile
INT-006003,CMP-052,search,2025-11-13,2025-12-09,2025-11-15,8.95,4,1,0,0.0,C00611,26,Regular,Bratislava,desktop
INT-006004,CMP-052,search,2025-11-13,2025-12-09,2025-11-15,4.48,2,0,0,0.0,C01630,51,Regular,Eastern Slovakia,desktop
INT-006005,CMP-052,search,2025-11-13,2025-12-09,2025-11-15,13.43,6,0,0,0.0,C00206,37,Regular,Eastern Slovakia,mobile
INT-006006,CMP-052,search,2025-11-13,2025-12-09,2025-11-15,4.48,2,0,0,0.0,C02095,39,Loyal,Bratislava,mobile
INT-006007,CMP-052,search,2025-11-13,2025-12-09,2025-11-16,8.95,4,0,0,0.0,C00020,37,Loyal,Bratislava,tablet
INT-006008,CMP-052,search,2025-11-13,2025-12-09,2025-11-16,8.95,4,1,0,0.0,C00475,45,New,Western Slovakia,mobile
INT-006009,CMP-052,search,2025-11-13,2025-12-09,2025-11-17,11.19,5,1,0,0.0,C01727,27,New,Central Slovakia,mobile
INT-006010,CMP-052,search,2025-11-13,2025-12-09,2025-11-17,6.71,3,0,0,0.0,C00720,26,New,Western Slovakia,tablet
INT-006011,CMP-052,search,2025-11-13,2025-12-09,2025-11-18,2.24,1,0,0,0.0,C00259,36,Regular,Bratislava,tablet
INT-006012,CMP-052,search,2025-11-13,2025-12-09,2025-11-19,4.48,2,0,0,0.0,C00117,41,New,Eastern Slovakia,desktop
INT-006013,CMP-052,search,2025-11-13,2025-12-09,2025-11-19,4.48,2,1,0,0.0,C01896,31,New,Central Slovakia,mobile
INT-006014,CMP-052,search,2025-11-13,2025-12-09,2025-11-19,6.71,3,1,1,343.63,C01212,32,Loyal,Bratislava,desktop
INT-006015,CMP-052,search,2025-11-13,2025-12-09,2025-11-20,2.24,1,0,0,0.0,C00066,48,New,Western Slovakia,desktop
INT-006016,CMP-052,search,2025-11-13,2025-12-09,2025-11-21,8.95,4,1,0,0.0,C01013,32,New,Bratislava,desktop
INT-006017,CMP-052,search,2025-11-13,2025-12-09,2025-11-21,11.19,5,1,0,0.0,C01094,40,New,Central Slovakia,desktop
INT-006018,CMP-052,search,2025-11-13,2025-12-09,2025-11-21,6.71,3,2,1,230.12,C00663,27,Regular,Eastern Slovakia,mobile
INT-006019,CMP-052,search,2025-11-13,2025-12-09,2025-11-21,11.19,5,1,1,187.66,C00490,46,Regular,Bratislava,mobile
INT-006020,CMP-052,search,2025-11-13,2025-12-09,2025-11-22,8.95,4,1,1,187.05,C00975,26,New,Czech Republic,mobile
INT-006021,CMP-052,search,2025-11-13,2025-12-09,2025-11-24,11.19,5,0,0,0.0,C00510,44,Regular,Central Slovakia,mobile
INT-006022,CMP-052,search,2025-11-13,2025-12-09,2025-11-24,6.71,3,1,0,0.0,C00634,18,Regular,Bratislava,mobile
INT-006023,CMP-052,search,2025-11-13,2025-12-09,2025-11-25,4.48,2,0,0,0.0,C00915,50,Regular,Eastern Slovakia,mobile
INT-006024,CMP-052,search,2025-11-13,2025-12-09,2025-11-26,6.71,3,0,0,0.0,C02005,21,Loyal,Central Slovakia,mobile
INT-006025,CMP-052,search,2025-11-13,2025-12-09,2025-11-26,6.71,3,0,0,0.0,C01493,31,Loyal,Bratislava,mobile
INT-006026,CMP-052,search,2025-11-13,2025-12-09,2025-11-26,6.71,3,0,0,0.0,C01025,18,Loyal,Central Slovakia,mobile
INT-006027,CMP-052,search,2025-11-13,2025-12-09,2025-11-26,11.19,5,0,0,0.0,C01586,19,Regular,Eastern Slovakia,mobile
INT-006028,CMP-052,search,2025-11-13,2025-12-09,2025-11-26,8.95,4,2,2,752.11,C01925,37,Loyal,Bratislava,tablet
INT-006029,CMP-052,search,2025-11-13,2025-12-09,2025-11-27,8.95,4,0,0,0.0,C01517,29,Regular,Eastern Slovakia,mobile
INT-006030,CMP-052,search,2025-11-13,2025-12-09,2025-11-30,2.24,1,1,0,0.0,C01169,33,New,Central Slovakia,mobile
INT-006031,CMP-052,search,2025-11-13,2025-12-09,2025-11-30,2.24,1,0,0,0.0,C00394,44,Loyal,Western Slovakia,mobile
INT-006032,CMP-052,search,2025-11-13,2025-12-09,2025-11-30,6.71,3,0,0,0.0,C01629,43,New,Bratislava,desktop
INT-006033,CMP-052,search,2025-11-13,2025-12-09,2025-11-30,6.71,3,0,0,0.0,C00181,54,Loyal,Bratislava,mobile
INT-006034,CMP-052,search,2025-11-13,2025-12-09,2025-12-03,6.71,3,1,0,0.0,C01534,24,New,Western Slovakia,tablet
INT-006035,CMP-052,search,2025-11-13,2025-12-09,2025-12-04,8.95,4,1,0,0.0,C02058,18,Regular,Bratislava,mobile
INT-006036,CMP-052,search,2025-11-13,2025-12-09,2025-12-04,6.71,3,0,0,0.0,C00064,45,New,Bratislava,desktop
INT-006037,CMP-052,search,2025-11-13,2025-12-09,2025-12-04,6.71,3,0,0,0.0,C01594,29,Regular,Czech Republic,mobile
INT-006038,CMP-052,search,2025-11-13,2025-12-09,2025-12-05,4.48,2,1,1,377.88,C02004,41,Regular,Bratislava,desktop
INT-006039,CMP-052,search,2025-11-13,2025-12-09,2025-12-06,11.19,5,0,0,0.0,C01328,19,New,Central Slovakia,tablet
INT-006040,CMP-052,search,2025-11-13,2025-12-09,2025-12-06,8.95,4,0,0,0.0,C00101,33,New,Bratislava,tablet
INT-006041,CMP-052,search,2025-11-13,2025-12-09,2025-12-07,8.95,4,1,1,125.61,C01151,40,New,Central Slovakia,mobile
INT-006042,CMP-052,search,2025-11-13,2025-12-09,2025-12-07,2.24,1,0,0,0.0,C01052,36,Regular,Western Slovakia,mobile
INT-006043,CMP-052,search,2025-11-13,2025-12-09,2025-12-08,4.48,2,2,1,155.77,C00723,18,New,Eastern Slovakia,mobile
INT-006044,CMP-052,search,2025-11-13,2025-12-09,2025-12-08,2.24,1,1,0,0.0,C01755,51,Regular,Bratislava,tablet
INT-006045,CMP-095,search,2025-11-25,2025-12-07,2025-11-25,9.17,4,0,0,0.0,C00990,32,Regular,Bratislava,mobile
INT-006046,CMP-095,search,2025-11-25,2025-12-07,2025-11-25,2.29,1,1,0,0.0,C00333,30,New,Czech Republic,mobile
INT-006047,CMP-095,search,2025-11-25,2025-12-07,2025-11-25,6.88,3,0,0,0.0,C00853,49,At-Risk,Eastern Slovakia,mobile
INT-006048,CMP-095,search,2025-11-25,2025-12-07,2025-11-25,11.47,5,1,1,300.11,C01194,47,Regular,Western Slovakia,desktop
INT-006049,CMP-095,search,2025-11-25,2025-12-07,2025-11-25,6.88,3,0,0,0.0,C02067,50,At-Risk,Eastern Slovakia,mobile
INT-006050,CMP-095,search,2025-11-25,2025-12-07,2025-11-25,6.88,3,0,0,0.0,C01857,36,Loyal,Central Slovakia,mobile
INT-006051,CMP-095,search,2025-11-25,2025-12-07,2025-11-26,6.88,3,1,0,0.0,C02194,38,At-Risk,Western Slovakia,desktop
INT-006052,CMP-095,search,2025-11-25,2025-12-07,2025-11-26,6.88,3,1,0,0.0,C00779,39,Regular,Bratislava,mobile
INT-006053,CMP-095,search,2025-11-25,2025-12-07,2025-11-27,4.59,2,0,0,0.0,C02097,48,Loyal,Bratislava,desktop
INT-006054,CMP-095,search,2025-11-25,2025-12-07,2025-11-28,6.88,3,0,0,0.0,C00006,22,Regular,Western Slovakia,mobile
INT-006055,CMP-095,search,2025-11-25,2025-12-07,2025-11-29,13.76,6,0,0,0.0,C01915,52,Regular,Eastern Slovakia,mobile
INT-006056,CMP-095,search,2025-11-25,2025-12-07,2025-11-29,4.59,2,0,0,0.0,C00281,44,Regular,Western Slovakia,mobile
INT-006057,CMP-095,search,2025-11-25,2025-12-07,2025-11-29,4.59,2,0,0,0.0,C00203,39,Regular,Bratislava,desktop
INT-006058,CMP-095,search,2025-11-25,2025-12-07,2025-11-29,4.59,2,1,0,0.0,C01776,42,At-Risk,Bratislava,mobile
INT-006059,CMP-095,search,2025-11-25,2025-12-07,2025-11-30,6.88,3,0,0,0.0,C00348,45,Regular,Western Slovakia,mobile
INT-006060,CMP-095,search,2025-11-25,2025-12-07,2025-11-30,11.47,5,2,1,227.11,C01954,30,Regular,Central Slovakia,mobile
INT-006061,CMP-095,search,2025-11-25,2025-12-07,2025-11-30,9.17,4,0,0,0.0,C01359,33,New,Bratislava,desktop
INT-006062,CMP-095,search,2025-11-25,2025-12-07,2025-12-01,6.88,3,0,0,0.0,C00399,44,Regular,Bratislava,mobile
INT-006063,CMP-095,search,2025-11-25,2025-12-07,2025-12-01,13.76,6,1,0,0.0,C01148,33,New,Western Slovakia,desktop
INT-006064,CMP-095,search,2025-11-25,2025-12-07,2025-12-01,11.47,5,1,1,168.47,C00495,34,Regular,Central Slovakia,desktop
INT-006065,CMP-095,search,2025-11-25,2025-12-07,2025-12-01,4.59,2,0,0,0.0,C01921,25,At-Risk,Eastern Slovakia,desktop
INT-006066,CMP-095,search,2025-11-25,2025-12-07,2025-12-01,4.59,2,1,0,0.0,C01436,37,New,Bratislava,mobile
INT-006067,CMP-095,search,2025-11-25,2025-12-07,2025-12-01,4.59,2,1,0,0.0,C01795,18,Regular,Bratislava,desktop
INT-006068,CMP-095,search,2025-11-25,2025-12-07,2025-12-01,4.59,2,0,0,0.0,C01421,35,Regular,Central Slovakia,mobile
INT-006069,CMP-095,search,2025-11-25,2025-12-07,2025-12-01,9.17,4,0,0,0.0,C00949,43,New,Central Slovakia,mobile
INT-006070,CMP-095,search,2025-11-25,2025-12-07,2025-12-02,2.29,1,0,0,0.0,C00912,43,At-Risk,Bratislava,desktop
INT-006071,CMP-095,search,2025-11-25,2025-12-07,2025-12-02,9.17,4,0,0,0.0,C01923,18,At-Risk,Czech Republic,mobile
INT-006072,CMP-095,search,2025-11-25,2025-12-07,2025-12-03,2.29,1,0,0,0.0,C00303,48,Regular,Western Slovakia,mobile
INT-006073,CMP-095,search,2025-11-25,2025-12-07,2025-12-03,9.17,4,0,0,0.0,C00555,37,New,Bratislava,desktop
INT-006074,CMP-095,search,2025-11-25,2025-12-07,2025-12-04,2.29,1,0,0,0.0,C01323,38,Regular,Bratislava,mobile
INT-006075,CMP-095,search,2025-11-25,2025-12-07,2025-12-04,9.17,4,0,0,0.0,C00524,36,New,Eastern Slovakia,desktop
INT-006076,CMP-095,search,2025-11-25,2025-12-07,2025-12-05,9.17,4,0,0,0.0,C01880,18,At-Risk,Bratislava,mobile
INT-006077,CMP-095,search,2025-11-25,2025-12-07,2025-12-05,9.17,4,1,0,0.0,C01291,40,At-Risk,Central Slovakia,mobile
INT-006078,CMP-095,search,2025-11-25,2025-12-07,2025-12-05,6.88,3,1,0,0.0,C00758,48,New,Czech Republic,mobile
INT-006079,CMP-095,search,2025-11-25,2025-12-07,2025-12-05,2.29,1,1,0,0.0,C00115,39,Regular,Bratislava,mobile
INT-006080,CMP-095,search,2025-11-25,2025-12-07,2025-12-06,4.59,2,0,0,0.0,C00061,18,At-Risk,Central Slovakia,mobile
INT-006081,CMP-080,social,2025-11-27,2025-12-31,2025-11-27,4.97,6,0,0,0.0,C01103,45,New,Western Slovakia,mobile
INT-006082,CMP-080,social,2025-11-27,2025-12-31,2025-11-27,7.46,9,0,0,0.0,C01916,18,New,Western Slovakia,mobile
INT-006083,CMP-080,social,2025-11-27,2025-12-31,2025-11-27,6.63,8,1,1,144.71,C01383,34,Regular,Western Slovakia,mobile
INT-006084,CMP-080,social,2025-11-27,2025-12-31,2025-11-28,4.15,5,0,0,0.0,C01548,28,Loyal,Eastern Slovakia,mobile
INT-006085,CMP-080,social,2025-11-27,2025-12-31,2025-11-28,5.8,7,0,0,0.0,C01731,37,New,Bratislava,mobile
INT-006086,CMP-080,social,2025-11-27,2025-12-31,2025-11-29,4.15,5,0,0,0.0,C01446,41,Regular,Eastern Slovakia,desktop
INT-006087,CMP-080,social,2025-11-27,2025-12-31,2025-11-29,6.63,8,1,0,0.0,C00304,34,At-Risk,Western Slovakia,desktop
INT-006088,CMP-080,social,2025-11-27,2025-12-31,2025-11-29,3.32,4,0,0,0.0,C01384,36,Regular,Central Slovakia,mobile
INT-006089,CMP-080,social,2025-11-27,2025-12-31,2025-11-29,4.97,6,0,0,0.0,C01076,41,Loyal,Czech Republic,mobile
INT-006090,CMP-080,social,2025-11-27,2025-12-31,2025-11-30,6.63,8,0,0,0.0,C01133,30,At-Risk,Western Slovakia,mobile
INT-006091,CMP-080,social,2025-11-27,2025-12-31,2025-11-30,4.15,5,0,0,0.0,C00500,20,New,Central Slovakia,desktop
INT-006092,CMP-080,social,2025-11-27,2025-12-31,2025-12-04,5.8,7,1,1,193.79,C00432,44,Loyal,Central Slovakia,desktop
INT-006093,CMP-080,social,2025-11-27,2025-12-31,2025-12-04,4.97,6,0,0,0.0,C00552,45,Regular,Central Slovakia,mobile
INT-006094,CMP-080,social,2025-11-27,2025-12-31,2025-12-04,4.15,5,1,0,0.0,C01694,32,Regular,Central Slovakia,mobile
INT-006095,CMP-080,social,2025-11-27,2025-12-31,2025-12-04,1.66,2,0,0,0.0,C00294,18,New,Bratislava,desktop
INT-006096,CMP-080,social,2025-11-27,2025-12-31,2025-12-05,4.97,6,0,0,0.0,C00577,54,Regular,Western Slovakia,mobile
INT-006097,CMP-080,social,2025-11-27,2025-12-31,2025-12-06,3.32,4,0,0,0.0,C00718,46,New,Eastern Slovakia,mobile
INT-006098,CMP-080,social,2025-11-27,2025-12-31,2025-12-06,4.15,5,0,0,0.0,C01160,21,New,Central Slovakia,mobile
INT-006099,CMP-080,social,2025-11-27,2025-12-31,2025-12-06,3.32,4,1,1,349.53,C01206,30,Loyal,Bratislava,desktop
INT-006100,CMP-080,social,2025-11-27,2025-12-31,2025-12-07,4.97,6,0,0,0.0,C00283,49,Loyal,Western Slovakia,mobile
INT-006101,CMP-080,social,2025-11-27,2025-12-31,2025-12-08,4.15,5,1,0,0.0,C02000,65,Loyal,Eastern Slovakia,desktop
INT-006102,CMP-080,social,2025-11-27,2025-12-31,2025-12-08,4.15,5,1,0,0.0,C01315,45,At-Risk,Western Slovakia,desktop
INT-006103,CMP-080,social,2025-11-27,2025-12-31,2025-12-09,5.8,7,1,0,0.0,C01032,40,New,Bratislava,desktop
INT-006104,CMP-080,social,2025-11-27,2025-12-31,2025-12-09,4.97,6,1,0,0.0,C01442,42,Regular,Central Slovakia,mobile
INT-006105,CMP-080,social,2025-11-27,2025-12-31,2025-12-09,9.95,12,0,0,0.0,C01269,46,Regular,Bratislava,tablet
INT-006106,CMP-080,social,2025-11-27,2025-12-31,2025-12-10,5.8,7,1,0,0.0,C01523,35,Loyal,Central Slovakia,desktop
INT-006107,CMP-080,social,2025-11-27,2025-12-31,2025-12-10,3.32,4,0,0,0.0,C00352,48,Regular,Bratislava,mobile
INT-006108,CMP-080,social,2025-11-27,2025-12-31,2025-12-10,3.32,4,1,0,0.0,C01620,29,Regular,Bratislava,mobile
INT-006109,CMP-080,social,2025-11-27,2025-12-31,2025-12-10,3.32,4,0,0,0.0,C00973,41,Loyal,Eastern Slovakia,mobile
INT-006110,CMP-080,social,2025-11-27,2025-12-31,2025-12-11,4.97,6,1,0,0.0,C01149,50,Loyal,Central Slovakia,mobile
INT-006111,CMP-080,social,2025-11-27,2025-12-31,2025-12-11,3.32,4,0,0,0.0,C01171,24,Loyal,Western Slovakia,desktop
INT-006112,CMP-080,social,2025-11-27,2025-12-31,2025-12-14,4.15,5,1,0,0.0,C01077,54,Regular,Western Slovakia,mobile
INT-006113,CMP-080,social,2025-11-27,2025-12-31,2025-12-15,1.66,2,0,0,0.0,C01909,32,Regular,Western Slovakia,mobile
INT-006114,CMP-080,social,2025-11-27,2025-12-31,2025-12-16,1.66,2,0,0,0.0,C00266,50,Loyal,Bratislava,mobile
INT-006115,CMP-080,social,2025-11-27,2025-12-31,2025-12-17,7.46,9,1,0,0.0,C01306,18,Loyal,Central Slovakia,mobile
INT-006116,CMP-080,social,2025-11-27,2025-12-31,2025-12-18,4.97,6,0,0,0.0,C00757,27,Regular,Bratislava,tablet
INT-006117,CMP-080,social,2025-11-27,2025-12-31,2025-12-18,8.29,10,1,0,0.0,C01951,39,New,Bratislava,mobile
INT-006118,CMP-080,social,2025-11-27,2025-12-31,2025-12-18,4.15,5,0,0,0.0,C00921,34,At-Risk,Bratislava,desktop
INT-006119,CMP-080,social,2025-11-27,2025-12-31,2025-12-18,5.8,7,0,0,0.0,C00400,30,Loyal,Eastern Slovakia,mobile
INT-006120,CMP-080,social,2025-11-27,2025-12-31,2025-12-19,4.97,6,1,0,0.0,C02199,35,Regular,Czech Republic,desktop
INT-006121,CMP-080,social,2025-11-27,2025-12-31,2025-12-20,4.15,5,0,0,0.0,C01223,43,Regular,Western Slovakia,mobile
INT-006122,CMP-080,social,2025-11-27,2025-12-31,2025-12-20,8.29,10,2,0,0.0,C00766,18,Loyal,Western Slovakia,desktop
INT-006123,CMP-080,social,2025-11-27,2025-12-31,2025-12-21,6.63,8,1,0,0.0,C01762,29,New,Eastern Slovakia,mobile
INT-006124,CMP-080,social,2025-11-27,2025-12-31,2025-12-22,4.15,5,0,0,0.0,C01181,22,Regular,Western Slovakia,tablet
INT-006125,CMP-080,social,2025-11-27,2025-12-31,2025-12-22,2.49,3,1,0,0.0,C00666,18,New,Czech Republic,mobile
INT-006126,CMP-080,social,2025-11-27,2025-12-31,2025-12-23,2.49,3,1,0,0.0,C02153,28,New,Bratislava,mobile
INT-006127,CMP-080,social,2025-11-27,2025-12-31,2025-12-24,7.46,9,0,0,0.0,C00431,26,Loyal,Bratislava,desktop
INT-006128,CMP-080,social,2025-11-27,2025-12-31,2025-12-24,4.97,6,0,0,0.0,C00016,28,New,Bratislava,desktop
INT-006129,CMP-080,social,2025-11-27,2025-12-31,2025-12-25,6.63,8,1,1,210.58,C00252,42,Loyal,Western Slovakia,mobile
INT-006130,CMP-080,social,2025-11-27,2025-12-31,2025-12-26,4.97,6,0,0,0.0,C01050,43,New,Bratislava,desktop
INT-006131,CMP-080,social,2025-11-27,2025-12-31,2025-12-26,0.83,1,0,0,0.0,C00629,26,Regular,Western Slovakia,desktop
INT-006132,CMP-080,social,2025-11-27,2025-12-31,2025-12-26,4.97,6,1,0,0.0,C00160,24,At-Risk,Czech Republic,desktop
INT-006133,CMP-080,social,2025-11-27,2025-12-31,2025-12-26,6.63,8,0,0,0.0,C00835,29,Loyal,Bratislava,desktop
INT-006134,CMP-080,social,2025-11-27,2025-12-31,2025-12-27,4.15,5,1,0,0.0,C00952,43,At-Risk,Bratislava,mobile
INT-006135,CMP-080,social,2025-11-27,2025-12-31,2025-12-27,6.63,8,0,0,0.0,C01506,44,Regular,Central Slovakia,tablet
INT-006136,CMP-080,social,2025-11-27,2025-12-31,2025-12-28,4.15,5,0,0,0.0,C01946,18,Regular,Eastern Slovakia,desktop
INT-006137,CMP-080,social,2025-11-27,2025-12-31,2025-12-28,4.15,5,0,0,0.0,C01416,28,Regular,Western Slovakia,mobile
INT-006138,CMP-080,social,2025-11-27,2025-12-31,2025-12-29,4.15,5,1,0,0.0,C00433,36,New,Central Slovakia,desktop
INT-006139,CMP-080,social,2025-11-27,2025-12-31,2025-12-30,4.97,6,1,0,0.0,C01228,31,At-Risk,Central Slovakia,desktop
INT-006140,CMP-080,social,2025-11-27,2025-12-31,2025-12-30,1.66,2,0,0,0.0,C00031,64,Regular,Western Slovakia,desktop
INT-006141,CMP-080,social,2025-11-27,2025-12-31,2025-12-30,4.15,5,1,0,0.0,C00220,30,Regular,Bratislava,desktop
INT-006142,CMP-080,social,2025-11-27,2025-12-31,2025-12-30,4.15,5,0,0,0.0,C01726,39,New,Czech Republic,mobile
INT-006143,CMP-080,social,2025-11-27,2025-12-31,2025-12-30,3.32,4,0,0,0.0,C00001,42,Regular,Eastern Slovakia,mobile
INT-006144,CMP-080,social,2025-11-27,2025-12-31,2025-12-31,8.29,10,3,1,168.34,C01244,32,Regular,Eastern Slovakia,mobile
INT-006145,CMP-080,social,2025-11-27,2025-12-31,2025-12-31,3.32,4,0,0,0.0,C00847,75,New,Czech Republic,mobile
INT-006146,CMP-080,social,2025-11-27,2025-12-31,2025-12-31,3.32,4,0,0,0.0,C01042,50,Loyal,Central Slovakia,mobile
INT-006147,CMP-080,social,2025-11-27,2025-12-31,2025-12-31,6.63,8,0,0,0.0,C01462,29,Loyal,Bratislava,mobile
INT-006148,CMP-022,email,2025-12-09,2025-12-16,2025-12-09,2.12,3,0,0,0.0,C02036,47,New,Eastern Slovakia,mobile
INT-006149,CMP-022,email,2025-12-09,2025-12-16,2025-12-09,2.82,4,1,1,160.65,C00322,36,Regular,Western Slovakia,desktop
INT-006150,CMP-022,email,2025-12-09,2025-12-16,2025-12-09,1.41,2,0,0,0.0,C01816,32,Loyal,Eastern Slovakia,desktop
INT-006151,CMP-022,email,2025-12-09,2025-12-16,2025-12-09,0.71,1,0,0,0.0,C01269,46,Regular,Bratislava,tablet
INT-006152,CMP-022,email,2025-12-09,2025-12-16,2025-12-10,1.41,2,0,0,0.0,C02106,32,Loyal,Western Slovakia,mobile
INT-006153,CMP-022,email,2025-12-09,2025-12-16,2025-12-10,2.82,4,0,0,0.0,C01760,39,Regular,Eastern Slovakia,tablet
INT-006154,CMP-022,email,2025-12-09,2025-12-16,2025-12-10,4.24,6,0,0,0.0,C02105,35,At-Risk,Bratislava,mobile
INT-006155,CMP-022,email,2025-12-09,2025-12-16,2025-12-10,2.82,4,0,0,0.0,C01153,41,Regular,Eastern Slovakia,mobile
INT-006156,CMP-022,email,2025-12-09,2025-12-16,2025-12-10,2.12,3,0,0,0.0,C00111,43,Loyal,Czech Republic,desktop
INT-006157,CMP-022,email,2025-12-09,2025-12-16,2025-12-10,2.82,4,1,0,0.0,C01861,46,Regular,Bratislava,mobile
INT-006158,CMP-022,email,2025-12-09,2025-12-16,2025-12-10,2.12,3,0,0,0.0,C01612,35,New,Western Slovakia,mobile
INT-006159,CMP-022,email,2025-12-09,2025-12-16,2025-12-10,2.82,4,0,0,0.0,C01012,55,Loyal,Bratislava,tablet
INT-006160,CMP-022,email,2025-12-09,2025-12-16,2025-12-10,2.12,3,0,0,0.0,C02127,64,Loyal,Western Slovakia,mobile
INT-006161,CMP-022,email,2025-12-09,2025-12-16,2025-12-10,1.41,2,0,0,0.0,C00168,43,Regular,Central Slovakia,mobile
INT-006162,CMP-022,email,2025-12-09,2025-12-16,2025-12-10,2.12,3,0,0,0.0,C00931,38,At-Risk,Bratislava,desktop
INT-006163,CMP-022,email,2025-12-09,2025-12-16,2025-12-11,4.94,7,0,0,0.0,C00889,18,Loyal,Eastern Slovakia,mobile
INT-006164,CMP-022,email,2025-12-09,2025-12-16,2025-12-11,2.12,3,0,0,0.0,C01444,55,Regular,Eastern Slovakia,tablet
INT-006165,CMP-022,email,2025-12-09,2025-12-16,2025-12-11,1.41,2,0,0,0.0,C01741,33,At-Risk,Eastern Slovakia,desktop
INT-006166,CMP-022,email,2025-12-09,2025-12-16,2025-12-11,0.71,1,0,0,0.0,C00998,39,Loyal,Western Slovakia,mobile
INT-006167,CMP-022,email,2025-12-09,2025-12-16,2025-12-12,2.82,4,0,0,0.0,C01448,56,New,Eastern Slovakia,mobile
INT-006168,CMP-022,email,2025-12-09,2025-12-16,2025-12-12,2.12,3,0,0,0.0,C00185,43,Loyal,Central Slovakia,mobile
INT-006169,CMP-022,email,2025-12-09,2025-12-16,2025-12-12,1.41,2,0,0,0.0,C01965,29,Regular,Central Slovakia,mobile
INT-006170,CMP-022,email,2025-12-09,2025-12-16,2025-12-12,0.71,1,0,0,0.0,C00726,56,Loyal,Bratislava,desktop
INT-006171,CMP-022,email,2025-12-09,2025-12-16,2025-12-12,6.35,9,0,0,0.0,C01034,44,New,Western Slovakia,desktop
INT-006172,CMP-022,email,2025-12-09,2025-12-16,2025-12-13,2.82,4,0,0,0.0,C00920,18,Regular,Western Slovakia,desktop
INT-006173,CMP-022,email,2025-12-09,2025-12-16,2025-12-13,1.41,2,0,0,0.0,C02159,46,Loyal,Bratislava,mobile
INT-006174,CMP-022,email,2025-12-09,2025-12-16,2025-12-13,2.82,4,0,0,0.0,C00204,46,Loyal,Bratislava,mobile
INT-006175,CMP-022,email,2025-12-09,2025-12-16,2025-12-13,1.41,2,0,0,0.0,C01777,22,Regular,Western Slovakia,desktop
INT-006176,CMP-022,email,2025-12-09,2025-12-16,2025-12-13,1.41,2,0,0,0.0,C00645,34,At-Risk,Czech Republic,desktop
INT-006177,CMP-022,email,2025-12-09,2025-12-16,2025-12-13,1.41,2,0,0,0.0,C02028,18,Loyal,Western Slovakia,desktop
INT-006178,CMP-022,email,2025-12-09,2025-12-16,2025-12-13,3.53,5,1,0,0.0,C00868,33,Regular,Czech Republic,desktop
INT-006179,CMP-022,email,2025-12-09,2025-12-16,2025-12-13,1.41,2,0,0,0.0,C01504,42,Loyal,Bratislava,mobile
INT-006180,CMP-022,email,2025-12-09,2025-12-16,2025-12-14,2.82,4,0,0,0.0,C00672,41,New,Western Slovakia,mobile
INT-006181,CMP-022,email,2025-12-09,2025-12-16,2025-12-14,0.71,1,0,0,0.0,C00170,38,At-Risk,Western Slovakia,tablet
INT-006182,CMP-022,email,2025-12-09,2025-12-16,2025-12-14,2.82,4,1,1,368.45,C01713,46,Loyal,Western Slovakia,mobile
INT-006183,CMP-022,email,2025-12-09,2025-12-16,2025-12-14,1.41,2,0,0,0.0,C01717,31,Regular,Central Slovakia,mobile
INT-006184,CMP-022,email,2025-12-09,2025-12-16,2025-12-14,1.41,2,0,0,0.0,C00833,24,Regular,Czech Republic,desktop
INT-006185,CMP-022,email,2025-12-09,2025-12-16,2025-12-14,1.41,2,0,0,0.0,C00743,26,Regular,Bratislava,mobile
INT-006186,CMP-022,email,2025-12-09,2025-12-16,2025-12-14,2.82,4,0,0,0.0,C01048,45,Regular,Western Slovakia,mobile
INT-006187,CMP-022,email,2025-12-09,2025-12-16,2025-12-14,2.12,3,1,1,174.92,C00567,36,New,Western Slovakia,desktop
INT-006188,CMP-022,email,2025-12-09,2025-12-16,2025-12-14,0.71,1,1,0,0.0,C01508,37,New,Bratislava,mobile
INT-006189,CMP-022,email,2025-12-09,2025-12-16,2025-12-14,4.24,6,0,0,0.0,C00576,21,Loyal,Central Slovakia,mobile
INT-006190,CMP-022,email,2025-12-09,2025-12-16,2025-12-14,2.12,3,0,0,0.0,C01112,35,Regular,Western Slovakia,tablet
INT-006191,CMP-022,email,2025-12-09,2025-12-16,2025-12-14,2.82,4,0,0,0.0,C00602,31,Regular,Western Slovakia,mobile
INT-006192,CMP-022,email,2025-12-09,2025-12-16,2025-12-14,2.12,3,0,0,0.0,C00665,37,Regular,Bratislava,tablet
INT-006193,CMP-022,email,2025-12-09,2025-12-16,2025-12-14,0.71,1,1,0,0.0,C00654,25,At-Risk,Central Slovakia,mobile
INT-006194,CMP-022,email,2025-12-09,2025-12-16,2025-12-14,2.12,3,0,0,0.0,C01473,38,Loyal,Eastern Slovakia,desktop
INT-006195,CMP-022,email,2025-12-09,2025-12-16,2025-12-14,3.53,5,1,1,195.71,C00306,25,Loyal,Central Slovakia,mobile
INT-006196,CMP-022,email,2025-12-09,2025-12-16,2025-12-15,2.12,3,1,0,0.0,C02039,26,At-Risk,Bratislava,mobile
INT-006197,CMP-022,email,2025-12-09,2025-12-16,2025-12-15,2.82,4,0,0,0.0,C00754,63,Loyal,Western Slovakia,mobile
INT-006198,CMP-022,email,2025-12-09,2025-12-16,2025-12-15,2.82,4,0,0,0.0,C01318,43,Regular,Central Slovakia,desktop
INT-006199,CMP-022,email,2025-12-09,2025-12-16,2025-12-15,2.12,3,0,0,0.0,C02120,47,Regular,Eastern Slovakia,mobile
INT-006200,CMP-022,email,2025-12-09,2025-12-16,2025-12-15,2.82,4,0,0,0.0,C00434,18,Regular,Western Slovakia,mobile
INT-006201,CMP-022,email,2025-12-09,2025-12-16,2025-12-15,0.71,1,0,0,0.0,C01503,54,Regular,Western Slovakia,mobile
INT-006202,CMP-092,social,2025-12-15,2025-12-31,2025-12-15,4.74,5,1,0,0.0,C00729,24,Loyal,Western Slovakia,mobile
INT-006203,CMP-092,social,2025-12-15,2025-12-31,2025-12-15,4.74,5,0,0,0.0,C01931,18,Loyal,Central Slovakia,desktop
INT-006204,CMP-092,social,2025-12-15,2025-12-31,2025-12-16,10.42,11,0,0,0.0,C00865,30,Regular,Western Slovakia,mobile
INT-006205,CMP-092,social,2025-12-15,2025-12-31,2025-12-17,5.69,6,0,0,0.0,C01017,39,New,Eastern Slovakia,desktop
INT-006206,CMP-092,social,2025-12-15,2025-12-31,2025-12-17,5.69,6,0,0,0.0,C01353,22,Regular,Eastern Slovakia,mobile
INT-006207,CMP-092,social,2025-12-15,2025-12-31,2025-12-17,14.22,15,1,0,0.0,C00430,43,Regular,Western Slovakia,tablet
INT-006208,CMP-092,social,2025-12-15,2025-12-31,2025-12-18,8.53,9,1,0,0.0,C01659,47,Regular,Western Slovakia,desktop
INT-006209,CMP-092,social,2025-12-15,2025-12-31,2025-12-18,5.69,6,0,0,0.0,C00355,51,New,Eastern Slovakia,desktop
INT-006210,CMP-092,social,2025-12-15,2025-12-31,2025-12-19,3.79,4,0,0,0.0,C01695,23,New,Central Slovakia,desktop
INT-006211,CMP-092,social,2025-12-15,2025-12-31,2025-12-20,7.58,8,0,0,0.0,C00494,43,Loyal,Czech Republic,mobile
INT-006212,CMP-092,social,2025-12-15,2025-12-31,2025-12-20,7.58,8,0,0,0.0,C01165,26,New,Central Slovakia,mobile
INT-006213,CMP-092,social,2025-12-15,2025-12-31,2025-12-20,13.27,14,0,0,0.0,C00681,48,Regular,Bratislava,tablet
INT-006214,CMP-092,social,2025-12-15,2025-12-31,2025-12-20,9.48,10,1,0,0.0,C02150,40,Loyal,Western Slovakia,mobile
INT-006215,CMP-092,social,2025-12-15,2025-12-31,2025-12-21,7.58,8,1,0,0.0,C00493,35,New,Central Slovakia,desktop
INT-006216,CMP-092,social,2025-12-15,2025-12-31,2025-12-22,6.63,7,0,0,0.0,C01911,29,Regular,Western Slovakia,mobile
INT-006217,CMP-092,social,2025-12-15,2025-12-31,2025-12-22,10.42,11,2,0,0.0,C01474,18,Regular,Western Slovakia,mobile
INT-006218,CMP-092,social,2025-12-15,2025-12-31,2025-12-24,6.63,7,0,0,0.0,C00070,36,At-Risk,Bratislava,mobile
INT-006219,CMP-092,social,2025-12-15,2025-12-31,2025-12-25,6.63,7,0,0,0.0,C02135,28,Loyal,Western Slovakia,desktop
INT-006220,CMP-092,social,2025-12-15,2025-12-31,2025-12-25,4.74,5,0,0,0.0,C00270,38,New,Bratislava,desktop
INT-006221,CMP-092,social,2025-12-15,2025-12-31,2025-12-25,6.63,7,0,0,0.0,C01794,34,At-Risk,Eastern Slovakia,mobile
INT-006222,CMP-092,social,2025-12-15,2025-12-31,2025-12-25,8.53,9,2,1,121.26,C01901,31,New,Eastern Slovakia,desktop
INT-006223,CMP-092,social,2025-12-15,2025-12-31,2025-12-25,7.58,8,1,0,0.0,C00338,42,New,Eastern Slovakia,mobile
INT-006224,CMP-092,social,2025-12-15,2025-12-31,2025-12-26,5.69,6,0,0,0.0,C00067,34,New,Western Slovakia,desktop
INT-006225,CMP-092,social,2025-12-15,2025-12-31,2025-12-27,8.53,9,2,1,150.4,C00471,42,Regular,Western Slovakia,mobile
INT-006226,CMP-092,social,2025-12-15,2025-12-31,2025-12-29,11.37,12,0,0,0.0,C00936,45,New,Eastern Slovakia,mobile
INT-006227,CMP-092,social,2025-12-15,2025-12-31,2025-12-29,8.53,9,0,0,0.0,C00317,39,New,Central Slovakia,mobile
INT-006228,CMP-092,social,2025-12-15,2025-12-31,2025-12-30,8.53,9,1,0,0.0,C00793,44,Loyal,Western Slovakia,desktop
INT-006229,CMP-092,social,2025-12-15,2025-12-31,2025-12-30,10.42,11,1,0,0.0,C01368,54,New,Bratislava,mobile
INT-006230,CMP-092,social,2025-12-15,2025-12-31,2025-12-31,7.58,8,0,0,0.0,C01069,55,New,Bratislava,desktop
INT-006231,CMP-092,social,2025-12-15,2025-12-31,2025-12-31,8.53,9,0,0,0.0,C00795,18,Loyal,Western Slovakia,mobile
INT-006232,CMP-092,social,2025-12-15,2025-12-31,2025-12-31,7.58,8,0,0,0.0,C01571,38,Loyal,Czech Republic,mobile
INT-006233,CMP-092,social,2025-12-15,2025-12-31,2025-12-31,6.63,7,0,0,0.0,C01670,30,Regular,Bratislava,desktop
INT-006234,CMP-092,social,2025-12-15,2025-12-31,2025-12-31,6.63,7,1,0,0.0,C00969,49,New,Bratislava,desktop
INT-006235,CMP-092,social,2025-12-15,2025-12-31,2025-12-31,4.74,5,0,0,0.0,C01307,26,Regular,Bratislava,mobile
INT-006236,CMP-092,social,2025-12-15,2025-12-31,2025-12-31,9.48,10,1,0,0.0,C00678,43,Regular,Bratislava,mobile
INT-006237,CMP-092,social,2025-12-15,2025-12-31,2025-12-31,3.79,4,0,0,0.0,C01415,54,New,Central Slovakia,tablet
INT-006238,CMP-092,social,2025-12-15,2025-12-31,2025-12-31,10.42,11,2,2,403.16,C01400,21,Loyal,Eastern Slovakia,desktop
INT-006239,CMP-092,social,2025-12-15,2025-12-31,2025-12-31,4.74,5,0,0,0.0,C00601,44,Regular,Bratislava,desktop
INT-006240,CMP-043,tv,2025-12-19,2025-12-31,2025-12-20,19.61,13,0,0,0.0,C00936,45,New,Eastern Slovakia,mobile
INT-006241,CMP-043,tv,2025-12-19,2025-12-31,2025-12-21,16.59,11,0,1,273.99,C01461,50,Loyal,Czech Republic,mobile
INT-006242,CMP-043,tv,2025-12-19,2025-12-31,2025-12-21,19.61,13,0,0,0.0,C00031,64,Regular,Western Slovakia,desktop
INT-006243,CMP-043,tv,2025-12-19,2025-12-31,2025-12-23,15.08,10,0,0,0.0,C01259,59,Loyal,Bratislava,mobile
INT-006244,CMP-043,tv,2025-12-19,2025-12-31,2025-12-24,18.1,12,0,0,0.0,C00411,20,Loyal,Western Slovakia,mobile
INT-006245,CMP-043,tv,2025-12-19,2025-12-31,2025-12-25,18.1,12,0,0,0.0,C01911,29,Regular,Western Slovakia,mobile
INT-006246,CMP-043,tv,2025-12-19,2025-12-31,2025-12-27,22.62,15,0,0,0.0,C00616,23,New,Western Slovakia,mobile
INT-006247,CMP-043,tv,2025-12-19,2025-12-31,2025-12-30,22.62,15,0,0,0.0,C01065,30,New,Bratislava,mobile
INT-006248,CMP-043,tv,2025-12-19,2025-12-31,2025-12-31,27.15,18,0,0,0.0,C00244,20,At-Risk,Eastern Slovakia,desktop
INT-006249,CMP-043,tv,2025-12-19,2025-12-31,2025-12-31,21.11,14,0,1,172.98,C00321,47,New,Central Slovakia,desktop
INT-006250,CMP-043,tv,2025-12-19,2025-12-31,2025-12-31,18.1,12,0,0,0.0,C00327,19,Loyal,Western Slovakia,mobile
INT-006251,CMP-043,tv,2025-12-19,2025-12-31,2025-12-31,24.13,16,0,0,0.0,C01851,30,New,Bratislava,mobile
INT-006252,CMP-043,tv,2025-12-19,2025-12-31,2025-12-31,19.61,13,0,0,0.0,C01924,52,New,Central Slovakia,mobile
INT-006253,CMP-043,tv,2025-12-19,2025-12-31,2025-12-31,13.57,9,0,0,0.0,C00875,18,New,Bratislava,mobile
INT-006254,CMP-043,tv,2025-12-19,2025-12-31,2025-12-31,25.64,17,0,0,0.0,C00009,38,New,Bratislava,desktop
INT-006255,CMP-043,tv,2025-12-19,2025-12-31,2025-12-31,28.65,19,0,0,0.0,C01849,33,Loyal,Bratislava,mobile
INT-006256,CMP-043,tv,2025-12-19,2025-12-31,2025-12-31,16.59,11,0,0,0.0,C00435,49,New,Eastern Slovakia,desktop
INT-006257,CMP-043,tv,2025-12-19,2025-12-31,2025-12-31,22.62,15,0,0,0.0,C00165,48,Regular,Western Slovakia,mobile
INT-006258,CMP-043,tv,2025-12-19,2025-12-31,2025-12-31,24.13,16,0,0,0.0,C00287,41,Loyal,Central Slovakia,desktop
INT-006259,CMP-043,tv,2025-12-19,2025-12-31,2025-12-31,27.15,18,0,0,0.0,C02035,39,At-Risk,Czech Republic,mobile
INT-006260,CMP-043,tv,2025-12-19,2025-12-31,2025-12-31,15.08,10,0,0,0.0,C00804,43,Loyal,Eastern Slovakia,mobile
INT-006261,CMP-043,tv,2025-12-19,2025-12-31,2025-12-31,15.08,10,0,1,183.56,C01414,53,Regular,Eastern Slovakia,desktop
INT-006262,CMP-043,tv,2025-12-19,2025-12-31,2025-12-31,13.57,9,0,0,0.0,C00066,48,New,Western Slovakia,desktop
INT-006263,CMP-043,tv,2025-12-19,2025-12-31,2025-12-31,19.61,13,0,0,0.0,C01181,22,Regular,Western Slovakia,tablet
INT-006264,CMP-043,tv,2025-12-19,2025-12-31,2025-12-31,15.08,10,0,0,0.0,C01640,36,New,Eastern Slovakia,mobile
INT-006265,CMP-043,tv,2025-12-19,2025-12-31,2025-12-31,15.08,10,0,0,0.0,C00139,62,Loyal,Central Slovakia,desktop
INT-006266,CMP-043,tv,2025-12-19,2025-12-31,2025-12-31,12.06,8,0,0,0.0,C00665,37,Regular,Bratislava,mobile
INT-006267,CMP-043,tv,2025-12-19,2025-12-31,2025-12-31,15.08,10,1,0,0.0,C00713,26,New,Bratislava,desktop
INT-006268,CMP-043,tv,2025-12-19,2025-12-31,2025-12-31,16.59,11,0,0,0.0,C01956,26,Loyal,Eastern Slovakia,mobile
INT-006269,CMP-043,tv,2025-12-19,2025-12-31,2025-12-31,24.13,16,0,0,0.0,C00836,27,Regular,Bratislava,desktop
INT-006270,CMP-043,tv,2025-12-19,2025-12-31,2025-12-31,18.1,12,0,0,0.0,C01300,26,Loyal,Czech Republic,desktop
INT-006271,CMP-043,tv,2025-12-19,2025-12-31,2025-12-31,18.1,12,0,2,1001.21,C01152,50,Loyal,Bratislava,desktop
INT-006272,CMP-043,tv,2025-12-19,2025-12-31,2025-12-31,19.61,13,0,0,0.0,C00609,18,Loyal,Central Slovakia,desktop
INT-006273,CMP-043,tv,2025-12-19,2025-12-31,2025-12-31,13.57,9,0,0,0.0,C00541,18,Loyal,Bratislava,mobile
INT-006274,CMP-043,tv,2025-12-19,2025-12-31,2025-12-31,22.62,15,0,0,0.0,C02126,40,New,Central Slovakia,mobile
INT-006275,CMP-043,tv,2025-12-19,2025-12-31,2025-12-31,10.56,7,0,1,288.05,C02102,18,New,Bratislava,mobile
INT-006276,CMP-043,tv,2025-12-19,2025-12-31,2025-12-31,19.61,13,0,1,389.01,C01816,32,Loyal,Eastern Slovakia,mobile
INT-006277,CMP-043,tv,2025-12-19,2025-12-31,2025-12-31,16.59,11,0,0,0.0,C00394,44,Loyal,Western Slovakia,mobile
INT-006278,CMP-043,tv,2025-12-19,2025-12-31,2025-12-31,27.15,18,0,0,0.0,C00039,28,New,Bratislava,mobile
INT-006279,CMP-043,tv,2025-12-19,2025-12-31,2025-12-31,13.57,9,0,0,0.0,C00436,31,Loyal,Eastern Slovakia,desktop
INT-006280,CMP-043,tv,2025-12-19,2025-12-31,2025-12-31,15.08,10,0,0,0.0,C00337,30,Regular,Western Slovakia,desktop
INT-006281,CMP-043,tv,2025-12-19,2025-12-31,2025-12-31,18.1,12,0,0,0.0,C00519,49,Loyal,Bratislava,mobile
INT-006282,CMP-043,tv,2025-12-19,2025-12-31,2025-12-31,16.59,11,0,0,0.0,C01521,23,At-Risk,Western Slovakia,tablet
INT-006283,CMP-043,tv,2025-12-19,2025-12-31,2025-12-31,6.03,4,0,0,0.0,C01431,35,Loyal,Western Slovakia,mobile
INT-006284,CMP-043,tv,2025-12-19,2025-12-31,2025-12-31,22.62,15,0,2,558.88,C01243,58,Loyal,Central Slovakia,mobile
INT-006285,CMP-007,display,2025-12-24,2025-12-31,2025-12-24,3.94,11,0,0,0.0,C01309,18,Regular,Bratislava,mobile
INT-006286,CMP-007,display,2025-12-24,2025-12-31,2025-12-24,2.15,6,0,0,0.0,C01181,22,Regular,Western Slovakia,mobile
INT-006287,CMP-007,display,2025-12-24,2025-12-31,2025-12-25,5.37,15,0,0,0.0,C02188,32,New,Central Slovakia,mobile
INT-006288,CMP-007,display,2025-12-24,2025-12-31,2025-12-25,4.3,12,0,0,0.0,C00845,40,Regular,Eastern Slovakia,mobile
INT-006289,CMP-007,display,2025-12-24,2025-12-31,2025-12-25,2.86,8,0,0,0.0,C02009,52,At-Risk,Western Slovakia,mobile
INT-006290,CMP-007,display,2025-12-24,2025-12-31,2025-12-25,2.51,7,0,0,0.0,C00689,32,New,Bratislava,desktop
INT-006291,CMP-007,display,2025-12-24,2025-12-31,2025-12-25,3.58,10,2,0,0.0,C00839,60,Regular,Western Slovakia,mobile
INT-006292,CMP-007,display,2025-12-24,2025-12-31,2025-12-26,3.58,10,0,0,0.0,C01373,43,Regular,Eastern Slovakia,tablet
INT-006293,CMP-007,display,2025-12-24,2025-12-31,2025-12-26,2.86,8,0,0,0.0,C01282,18,New,Eastern Slovakia,mobile
INT-006294,CMP-007,display,2025-12-24,2025-12-31,2025-12-26,2.15,6,0,0,0.0,C01213,36,New,Central Slovakia,mobile
INT-006295,CMP-007,display,2025-12-24,2025-12-31,2025-12-26,2.51,7,0,0,0.0,C01499,47,Regular,Western Slovakia,desktop
INT-006296,CMP-007,display,2025-12-24,2025-12-31,2025-12-26,2.15,6,0,0,0.0,C00531,34,New,Czech Republic,mobile
INT-006297,CMP-007,display,2025-12-24,2025-12-31,2025-12-26,3.58,10,0,0,0.0,C02108,25,Regular,Bratislava,mobile
INT-006298,CMP-007,display,2025-12-24,2025-12-31,2025-12-26,3.22,9,1,0,0.0,C02143,70,Regular,Western Slovakia,mobile
INT-006299,CMP-007,display,2025-12-24,2025-12-31,2025-12-27,4.3,12,0,0,0.0,C00517,46,Regular,Western Slovakia,desktop
INT-006300,CMP-007,display,2025-12-24,2025-12-31,2025-12-27,3.58,10,0,0,0.0,C00610,44,Regular,Bratislava,mobile
INT-006301,CMP-007,display,2025-12-24,2025-12-31,2025-12-27,2.51,7,0,0,0.0,C00329,24,New,Bratislava,desktop
INT-006302,CMP-007,display,2025-12-24,2025-12-31,2025-12-28,3.58,10,0,0,0.0,C00069,48,Regular,Eastern Slovakia,desktop
INT-006303,CMP-007,display,2025-12-24,2025-12-31,2025-12-28,3.94,11,1,0,0.0,C01894,18,Regular,Western Slovakia,tablet
INT-006304,CMP-007,display,2025-12-24,2025-12-31,2025-12-28,3.94,11,0,0,0.0,C01647,37,Regular,Bratislava,desktop
INT-006305,CMP-007,display,2025-12-24,2025-12-31,2025-12-28,3.22,9,0,0,0.0,C00990,32,Regular,Bratislava,mobile
INT-006306,CMP-007,display,2025-12-24,2025-12-31,2025-12-29,3.22,9,0,0,0.0,C02022,29,Regular,Central Slovakia,desktop
INT-006307,CMP-007,display,2025-12-24,2025-12-31,2025-12-29,4.3,12,0,0,0.0,C00177,57,New,Eastern Slovakia,mobile
INT-006308,CMP-007,display,2025-12-24,2025-12-31,2025-12-30,3.94,11,0,0,0.0,C01466,38,Loyal,Central Slovakia,mobile
INT-006309,CMP-007,display,2025-12-24,2025-12-31,2025-12-30,2.15,6,0,0,0.0,C00166,27,New,Bratislava,mobile
INT-006310,CMP-007,display,2025-12-24,2025-12-31,2025-12-30,2.51,7,0,0,0.0,C00248,60,New,Western Slovakia,mobile
INT-006311,CMP-007,display,2025-12-24,2025-12-31,2025-12-30,3.22,9,0,0,0.0,C00214,32,Regular,Bratislava,tablet
INT-006312,CMP-007,display,2025-12-24,2025-12-31,2025-12-30,1.43,4,0,0,0.0,C01430,47,New,Bratislava,desktop
INT-006313,CMP-007,display,2025-12-24,2025-12-31,2025-12-30,5.01,14,1,0,0.0,C00174,23,New,Eastern Slovakia,mobile
INT-006314,CMP-007,display,2025-12-24,2025-12-31,2025-12-31,2.86,8,0,0,0.0,C00615,28,Regular,Czech Republic,mobile
INT-006315,CMP-007,display,2025-12-24,2025-12-31,2025-12-31,1.79,5,0,0,0.0,C00079,46,Regular,Bratislava,mobile
INT-006316,CMP-007,display,2025-12-24,2025-12-31,2025-12-31,1.79,5,0,0,0.0,C01712,18,New,Central Slovakia,desktop
INT-006317,CMP-007,display,2025-12-24,2025-12-31,2025-12-31,2.51,7,0,0,0.0,C00191,59,At-Risk,Bratislava,desktop
INT-006318,CMP-007,display,2025-12-24,2025-12-31,2025-12-31,4.3,12,1,0,0.0,C00723,18,New,Eastern Slovakia,mobile
INT-006319,CMP-007,display,2025-12-24,2025-12-31,2025-12-31,2.15,6,1,0,0.0,C00884,24,New,Bratislava,desktop
INT-006320,CMP-007,display,2025-12-24,2025-12-31,2025-12-31,3.58,10,1,0,0.0,C00303,48,Regular,Western Slovakia,mobile
INT-006321,CMP-007,display,2025-12-24,2025-12-31,2025-12-31,3.22,9,0,0,0.0,C00304,34,At-Risk,Western Slovakia,desktop
INT-006322,CMP-007,display,2025-12-24,2025-12-31,2025-12-31,4.3,12,0,0,0.0,C01123,29,Loyal,Western Slovakia,mobile
INT-006323,CMP-007,display,2025-12-24,2025-12-31,2025-12-31,3.94,11,1,0,0.0,C01125,36,Regular,Western Slovakia,desktop
INT-006324,CMP-007,display,2025-12-24,2025-12-31,2025-12-31,3.22,9,0,0,0.0,C00995,37,New,Czech Republic,desktop
INT-006325,CMP-007,display,2025-12-24,2025-12-31,2025-12-31,4.65,13,0,0,0.0,C01898,43,Loyal,Eastern Slovakia,mobile
INT-006326,CMP-007,display,2025-12-24,2025-12-31,2025-12-31,3.58,10,0,0,0.0,C01752,31,Regular,Western Slovakia,mobile
INT-006327,CMP-007,display,2025-12-24,2025-12-31,2025-12-31,2.15,6,0,0,0.0,C01571,38,Loyal,Czech Republic,mobile
INT-006328,CMP-007,display,2025-12-24,2025-12-31,2025-12-31,4.65,13,0,0,0.0,C01161,24,Regular,Bratislava,mobile
INT-006329,CMP-007,display,2025-12-24,2025-12-31,2025-12-31,3.58,10,0,0,0.0,C01249,36,Regular,Eastern Slovakia,tablet
INT-006330,CMP-007,display,2025-12-24,2025-12-31,2025-12-31,2.15,6,0,0,0.0,C00255,35,New,Bratislava,desktop
INT-006331,CMP-007,display,2025-12-24,2025-12-31,2025-12-31,3.94,11,0,0,0.0,C01874,24,Regular,Bratislava,mobile
INT-006332,CMP-007,display,2025-12-24,2025-12-31,2025-12-31,2.15,6,0,0,0.0,C01134,55,Regular,Central Slovakia,mobile
INT-006333,CMP-007,display,2025-12-24,2025-12-31,2025-12-31,2.15,6,0,0,0.0,C00151,36,Regular,Central Slovakia,mobile
INT-006334,CMP-007,display,2025-12-24,2025-12-31,2025-12-31,3.22,9,0,0,0.0,C00494,43,Loyal,Czech Republic,mobile
INT-006335,CMP-007,display,2025-12-24,2025-12-31,2025-12-31,1.79,5,0,0,0.0,C01157,38,Regular,Bratislava,desktop
INT-006336,CMP-007,display,2025-12-24,2025-12-31,2025-12-31,2.86,8,0,0,0.0,C01709,50,New,Bratislava,desktop
INT-006337,CMP-007,display,2025-12-24,2025-12-31,2025-12-31,2.86,8,0,0,0.0,C00558,26,Loyal,Central Slovakia,mobile
INT-006338,CMP-007,display,2025-12-24,2025-12-31,2025-12-31,4.3,12,0,0,0.0,C01623,47,New,Bratislava,mobile
INT-006339,CMP-007,display,2025-12-24,2025-12-31,2025-12-31,3.22,9,0,0,0.0,C00141,43,Regular,Bratislava,desktop
INT-006340,CMP-007,display,2025-12-24,2025-12-31,2025-12-31,1.79,5,0,0,0.0,C00565,49,New,Bratislava,mobile
INT-006341,CMP-007,display,2025-12-24,2025-12-31,2025-12-31,2.51,7,0,0,0.0,C01962,30,Regular,Eastern Slovakia,desktop
INT-006342,CMP-007,display,2025-12-24,2025-12-31,2025-12-31,1.43,4,0,0,0.0,C01176,19,Regular,Central Slovakia,mobile
INT-006343,CMP-007,display,2025-12-24,2025-12-31,2025-12-31,5.01,14,0,0,0.0,C01855,44,At-Risk,Eastern Slovakia,desktop
INT-006344,CMP-007,display,2025-12-24,2025-12-31,2025-12-31,2.86,8,0,0,0.0,C01776,42,At-Risk,Bratislava,mobile
INT-006345,CMP-007,display,2025-12-24,2025-12-31,2025-12-31,3.94,11,0,0,0.0,C01448,56,New,Eastern Slovakia,mobile
INT-006346,CMP-007,display,2025-12-24,2025-12-31,2025-12-31,2.86,8,0,0,0.0,C00631,57,New,Bratislava,desktop
INT-006347,CMP-007,display,2025-12-24,2025-12-31,2025-12-31,4.3,12,0,0,0.0,C01998,37,New,Western Slovakia,mobile
INT-006348,CMP-007,display,2025-12-24,2025-12-31,2025-12-31,2.15,6,0,0,0.0,C00161,26,Loyal,Eastern Slovakia,mobile
INT-006349,CMP-007,display,2025-12-24,2025-12-31,2025-12-31,3.22,9,0,0,0.0,C02017,38,Regular,Bratislava,mobile
INT-006350,CMP-007,display,2025-12-24,2025-12-31,2025-12-31,2.51,7,0,0,0.0,C00401,36,At-Risk,Bratislava,mobile
INT-006351,CMP-007,display,2025-12-24,2025-12-31,2025-12-31,3.22,9,0,0,0.0,C01811,18,At-Risk,Eastern Slovakia,desktop
INT-006352,CMP-007,display,2025-12-24,2025-12-31,2025-12-31,3.58,10,0,0,0.0,C01664,60,Regular,Czech Republic,mobile
INT-006353,CMP-007,display,2025-12-24,2025-12-31,2025-12-31,2.86,8,0,0,0.0,C00974,45,Loyal,Bratislava,mobile
INT-006354,CMP-007,display,2025-12-24,2025-12-31,2025-12-31,1.43,4,0,0,0.0,C01071,36,New,Western Slovakia,mobile
INT-006355,CMP-007,display,2025-12-24,2025-12-31,2025-12-31,3.94,11,0,0,0.0,C01677,50,Regular,Bratislava,desktop
INT-006356,CMP-007,display,2025-12-24,2025-12-31,2025-12-31,3.58,10,0,0,0.0,C00559,23,New,Central Slovakia,mobile
INT-006357,CMP-007,display,2025-12-24,2025-12-31,2025-12-31,1.43,4,0,0,0.0,C01540,56,Loyal,Western Slovakia,desktop
INT-006358,CMP-007,display,2025-12-24,2025-12-31,2025-12-31,5.37,15,1,0,0.0,C01435,41,New,Western Slovakia,mobile
INT-006359,CMP-007,display,2025-12-24,2025-12-31,2025-12-31,4.3,12,1,1,131.12,C00733,45,New,Bratislava,tablet
INT-006360,CMP-007,display,2025-12-24,2025-12-31,2025-12-31,3.22,9,0,0,0.0,C02191,47,New,Bratislava,mobile
INT-006361,CMP-007,display,2025-12-24,2025-12-31,2025-12-31,3.58,10,0,0,0.0,C00490,46,Regular,Bratislava,mobile
INT-006362,CMP-007,display,2025-12-24,2025-12-31,2025-12-31,1.79,5,0,0,0.0,C00392,39,Loyal,Western Slovakia,mobile
INT-006363,CMP-007,display,2025-12-24,2025-12-31,2025-12-31,4.65,13,0,0,0.0,C00701,51,New,Central Slovakia,mobile
INT-006364,CMP-007,display,2025-12-24,2025-12-31,2025-12-31,2.51,7,0,0,0.0,C01626,52,Regular,Central Slovakia,mobile
INT-006365,CMP-007,display,2025-12-24,2025-12-31,2025-12-31,3.94,11,0,0,0.0,C00522,27,Loyal,Bratislava,mobile
INT-006366,CMP-007,display,2025-12-24,2025-12-31,2025-12-31,2.86,8,0,0,0.0,C01166,28,New,Bratislava,mobile
INT-006367,CMP-007,display,2025-12-24,2025-12-31,2025-12-31,2.15,6,0,0,0.0,C01441,30,New,Czech Republic,mobile
INT-006368,CMP-007,display,2025-12-24,2025-12-31,2025-12-31,2.51,7,0,0,0.0,C00762,46,At-Risk,Bratislava,desktop
INT-006369,CMP-007,display,2025-12-24,2025-12-31,2025-12-31,2.15,6,0,0,0.0,C01525,33,Loyal,Czech Republic,mobile
INT-006370,CMP-007,display,2025-12-24,2025-12-31,2025-12-31,2.15,6,0,0,0.0,C00220,30,Regular,Bratislava,mobile
INT-006371,CMP-007,display,2025-12-24,2025-12-31,2025-12-31,3.22,9,1,0,0.0,C00806,51,Regular,Eastern Slovakia,mobile
INT-006372,CMP-007,display,2025-12-24,2025-12-31,2025-12-31,2.86,8,0,0,0.0,C01192,50,New,Eastern Slovakia,mobile
INT-006373,CMP-007,display,2025-12-24,2025-12-31,2025-12-31,1.79,5,0,0,0.0,C01541,35,New,Bratislava,desktop
INT-006374,CMP-007,display,2025-12-24,2025-12-31,2025-12-31,2.51,7,0,0,0.0,C00125,48,Regular,Eastern Slovakia,mobile
INT-006375,CMP-007,display,2025-12-24,2025-12-31,2025-12-31,1.79,5,0,0,0.0,C02029,40,New,Bratislava,desktop
INT-006376,CMP-007,display,2025-12-24,2025-12-31,2025-12-31,3.58,10,0,0,0.0,C00824,18,Loyal,Eastern Slovakia,desktop
INT-006377,CMP-007,display,2025-12-24,2025-12-31,2025-12-31,2.86,8,0,0,0.0,C00286,32,Regular,Eastern Slovakia,mobile
INT-006378,CMP-007,display,2025-12-24,2025-12-31,2025-12-31,2.86,8,0,0,0.0,C00321,47,New,Central Slovakia,desktop
INT-006379,CMP-007,display,2025-12-24,2025-12-31,2025-12-31,2.51,7,0,0,0.0,C01870,41,Regular,Central Slovakia,mobile
INT-006380,CMP-007,display,2025-12-24,2025-12-31,2025-12-31,5.01,14,0,0,0.0,C01057,40,New,Bratislava,mobile
INT-006381,CMP-007,display,2025-12-24,2025-12-31,2025-12-31,3.94,11,1,0,0.0,C01757,59,Regular,Western Slovakia,mobile
INT-006382,CMP-007,display,2025-12-24,2025-12-31,2025-12-31,3.22,9,0,0,0.0,C00500,20,New,Central Slovakia,desktop
INT-006383,CMP-007,display,2025-12-24,2025-12-31,2025-12-31,3.58,10,0,0,0.0,C00704,37,At-Risk,Bratislava,mobile
INT-006384,CMP-062,search,2025-12-26,2025-12-31,2025-12-26,10.64,5,0,0,0.0,C00508,43,Loyal,Bratislava,tablet
INT-006385,CMP-062,search,2025-12-26,2025-12-31,2025-12-26,6.38,3,1,1,299.53,C00368,28,Loyal,Western Slovakia,mobile
INT-006386,CMP-062,search,2025-12-26,2025-12-31,2025-12-26,12.76,6,0,0,0.0,C00008,34,Loyal,Central Slovakia,tablet
INT-006387,CMP-062,search,2025-12-26,2025-12-31,2025-12-26,12.76,6,1,0,0.0,C00815,30,Regular,Western Slovakia,tablet
INT-006388,CMP-062,search,2025-12-26,2025-12-31,2025-12-26,6.38,3,0,0,0.0,C01113,24,Regular,Bratislava,mobile
INT-006389,CMP-062,search,2025-12-26,2025-12-31,2025-12-26,4.25,2,1,0,0.0,C00656,42,Regular,Western Slovakia,mobile
INT-006390,CMP-062,search,2025-12-26,2025-12-31,2025-12-26,6.38,3,1,1,292.34,C02163,54,Loyal,Western Slovakia,mobile
INT-006391,CMP-062,search,2025-12-26,2025-12-31,2025-12-26,10.64,5,0,0,0.0,C01264,33,At-Risk,Central Slovakia,desktop
INT-006392,CMP-062,search,2025-12-26,2025-12-31,2025-12-26,2.13,1,0,0,0.0,C00062,34,New,Western Slovakia,desktop
INT-006393,CMP-062,search,2025-12-26,2025-12-31,2025-12-26,6.38,3,0,0,0.0,C01472,52,Regular,Bratislava,mobile
INT-006394,CMP-062,search,2025-12-26,2025-12-31,2025-12-26,8.51,4,1,1,236.33,C00698,26,Loyal,Western Slovakia,mobile
INT-006395,CMP-062,search,2025-12-26,2025-12-31,2025-12-26,10.64,5,0,0,0.0,C01578,50,Regular,Bratislava,mobile
INT-006396,CMP-062,search,2025-12-26,2025-12-31,2025-12-26,6.38,3,1,0,0.0,C00032,33,New,Central Slovakia,desktop
INT-006397,CMP-062,search,2025-12-26,2025-12-31,2025-12-26,8.51,4,0,0,0.0,C01816,32,Loyal,Eastern Slovakia,mobile
INT-006398,CMP-062,search,2025-12-26,2025-12-31,2025-12-26,4.25,2,1,1,225.27,C02062,59,Loyal,Bratislava,mobile
INT-006399,CMP-062,search,2025-12-26,2025-12-31,2025-12-26,4.25,2,0,0,0.0,C01344,32,New,Bratislava,desktop
INT-006400,CMP-062,search,2025-12-26,2025-12-31,2025-12-27,8.51,4,0,0,0.0,C01312,48,Regular,Czech Republic,mobile
INT-006401,CMP-062,search,2025-12-26,2025-12-31,2025-12-27,4.25,2,0,0,0.0,C00130,27,Loyal,Bratislava,desktop
INT-006402,CMP-062,search,2025-12-26,2025-12-31,2025-12-27,2.13,1,1,1,139.11,C00687,47,Regular,Bratislava,desktop
INT-006403,CMP-062,search,2025-12-26,2025-12-31,2025-12-27,2.13,1,0,0,0.0,C01465,50,Loyal,Bratislava,mobile
INT-006404,CMP-062,search,2025-12-26,2025-12-31,2025-12-27,4.25,2,0,0,0.0,C00819,41,Loyal,Czech Republic,desktop
INT-006405,CMP-062,search,2025-12-26,2025-12-31,2025-12-27,10.64,5,0,0,0.0,C01401,52,New,Czech Republic,desktop
INT-006406,CMP-062,search,2025-12-26,2025-12-31,2025-12-27,6.38,3,1,1,305.91,C01332,25,Loyal,Czech Republic,desktop
INT-006407,CMP-062,search,2025-12-26,2025-12-31,2025-12-27,6.38,3,1,0,0.0,C01676,19,Regular,Western Slovakia,mobile
INT-006408,CMP-062,search,2025-12-26,2025-12-31,2025-12-27,6.38,3,0,0,0.0,C01729,39,Regular,Western Slovakia,mobile
INT-006409,CMP-062,search,2025-12-26,2025-12-31,2025-12-27,4.25,2,0,0,0.0,C01409,38,Loyal,Central Slovakia,mobile
INT-006410,CMP-062,search,2025-12-26,2025-12-31,2025-12-28,10.64,5,1,0,0.0,C00297,42,At-Risk,Western Slovakia,mobile
INT-006411,CMP-062,search,2025-12-26,2025-12-31,2025-12-28,2.13,1,0,0,0.0,C01837,41,Regular,Western Slovakia,tablet
INT-006412,CMP-062,search,2025-12-26,2025-12-31,2025-12-28,8.51,4,0,0,0.0,C02183,18,Loyal,Eastern Slovakia,mobile
INT-006413,CMP-062,search,2025-12-26,2025-12-31,2025-12-28,2.13,1,0,0,0.0,C02120,47,Regular,Eastern Slovakia,mobile
INT-006414,CMP-062,search,2025-12-26,2025-12-31,2025-12-28,8.51,4,1,1,115.16,C01999,32,New,Central Slovakia,mobile
INT-006415,CMP-062,search,2025-12-26,2025-12-31,2025-12-28,12.76,6,0,0,0.0,C00977,51,Regular,Czech Republic,mobile
INT-006416,CMP-062,search,2025-12-26,2025-12-31,2025-12-28,6.38,3,0,0,0.0,C00054,34,Regular,Western Slovakia,mobile
INT-006417,CMP-062,search,2025-12-26,2025-12-31,2025-12-28,4.25,2,0,0,0.0,C01037,50,Regular,Eastern Slovakia,mobile
INT-006418,CMP-062,search,2025-12-26,2025-12-31,2025-12-28,8.51,4,0,0,0.0,C00984,47,New,Western Slovakia,mobile
INT-006419,CMP-062,search,2025-12-26,2025-12-31,2025-12-28,4.25,2,1,0,0.0,C00552,45,Regular,Central Slovakia,mobile
INT-006420,CMP-062,search,2025-12-26,2025-12-31,2025-12-28,10.64,5,0,0,0.0,C01180,43,Loyal,Western Slovakia,mobile
INT-006421,CMP-062,search,2025-12-26,2025-12-31,2025-12-29,6.38,3,0,0,0.0,C00291,35,Regular,Bratislava,desktop
INT-006422,CMP-062,search,2025-12-26,2025-12-31,2025-12-29,6.38,3,0,0,0.0,C00435,49,New,Eastern Slovakia,desktop
INT-006423,CMP-062,search,2025-12-26,2025-12-31,2025-12-29,4.25,2,0,0,0.0,C00295,35,Regular,Bratislava,desktop
INT-006424,CMP-062,search,2025-12-26,2025-12-31,2025-12-29,6.38,3,0,0,0.0,C00341,18,Loyal,Western Slovakia,desktop
INT-006425,CMP-062,search,2025-12-26,2025-12-31,2025-12-29,6.38,3,1,1,283.33,C01006,42,Loyal,Central Slovakia,desktop
INT-006426,CMP-062,search,2025-12-26,2025-12-31,2025-12-29,2.13,1,0,0,0.0,C00227,68,New,Bratislava,desktop
INT-006427,CMP-062,search,2025-12-26,2025-12-31,2025-12-29,8.51,4,2,1,195.57,C00210,34,Regular,Bratislava,mobile
INT-006428,CMP-062,search,2025-12-26,2025-12-31,2025-12-29,6.38,3,0,0,0.0,C00268,42,New,Central Slovakia,desktop
INT-006429,CMP-062,search,2025-12-26,2025-12-31,2025-12-30,6.38,3,0,0,0.0,C00010,28,Regular,Eastern Slovakia,desktop
INT-006430,CMP-062,search,2025-12-26,2025-12-31,2025-12-30,4.25,2,1,1,165.95,C01608,40,Regular,Central Slovakia,mobile
INT-006431,CMP-062,search,2025-12-26,2025-12-31,2025-12-30,2.13,1,0,0,0.0,C00454,63,Loyal,Eastern Slovakia,desktop
INT-006432,CMP-062,search,2025-12-26,2025-12-31,2025-12-30,10.64,5,0,0,0.0,C00236,30,Regular,Western Slovakia,mobile
INT-006433,CMP-062,search,2025-12-26,2025-12-31,2025-12-30,4.25,2,1,1,180.17,C00141,43,Regular,Bratislava,mobile
INT-006434,CMP-062,search,2025-12-26,2025-12-31,2025-12-30,4.25,2,1,1,193.16,C01549,45,Regular,Eastern Slovakia,mobile
INT-006435,CMP-062,search,2025-12-26,2025-12-31,2025-12-30,6.38,3,0,0,0.0,C01015,25,Regular,Bratislava,mobile
INT-006436,CMP-062,search,2025-12-26,2025-12-31,2025-12-31,2.13,1,0,0,0.0,C00600,18,Regular,Czech Republic,desktop
INT-006437,CMP-062,search,2025-12-26,2025-12-31,2025-12-31,2.13,1,0,0,0.0,C02117,39,Regular,Central Slovakia,mobile
INT-006438,CMP-062,search,2025-12-26,2025-12-31,2025-12-31,2.13,1,0,0,0.0,C00757,27,Regular,Bratislava,tablet
INT-006439,CMP-062,search,2025-12-26,2025-12-31,2025-12-31,10.64,5,0,0,0.0,C01961,40,Loyal,Bratislava,desktop
INT-006440,CMP-062,search,2025-12-26,2025-12-31,2025-12-31,6.38,3,0,0,0.0,C02014,38,Loyal,Bratislava,tablet
INT-006441,CMP-062,search,2025-12-26,2025-12-31,2025-12-31,2.13,1,0,0,0.0,C01191,56,New,Western Slovakia,desktop
INT-006442,CMP-062,search,2025-12-26,2025-12-31,2025-12-31,8.51,4,0,0,0.0,C02066,36,Regular,Western Slovakia,desktop
INT-006443,CMP-062,search,2025-12-26,2025-12-31,2025-12-31,6.38,3,0,0,0.0,C01660,40,Loyal,Central Slovakia,mobile
INT-006444,CMP-062,search,2025-12-26,2025-12-31,2025-12-31,4.25,2,0,0,0.0,C01210,42,Loyal,Eastern Slovakia,mobile
INT-006445,CMP-062,search,2025-12-26,2025-12-31,2025-12-31,8.51,4,2,1,247.97,C00848,48,Regular,Bratislava,mobile
INT-006446,CMP-062,search,2025-12-26,2025-12-31,2025-12-31,2.13,1,0,0,0.0,C02063,41,New,Bratislava,desktop
INT-006447,CMP-062,search,2025-12-26,2025-12-31,2025-12-31,6.38,3,1,1,196.08,C01203,43,New,Central Slovakia,desktop
INT-006448,CMP-062,search,2025-12-26,2025-12-31,2025-12-31,12.76,6,0,0,0.0,C01764,25,New,Central Slovakia,mobile
INT-006449,CMP-062,search,2025-12-26,2025-12-31,2025-12-31,6.38,3,1,1,272.88,C00411,20,Loyal,Western Slovakia,tablet
INT-006450,CMP-062,search,2025-12-26,2025-12-31,2025-12-31,2.13,1,0,0,0.0,C01174,26,Regular,Central Slovakia,tablet
INT-006451,CMP-062,search,2025-12-26,2025-12-31,2025-12-31,10.64,5,1,0,0.0,C01731,37,New,Bratislava,mobile
INT-006452,CMP-062,search,2025-12-26,2025-12-31,2025-12-31,4.25,2,0,0,0.0,C01019,34,At-Risk,Western Slovakia,desktop
INT-006453,CMP-062,search,2025-12-26,2025-12-31,2025-12-31,4.25,2,0,0,0.0,C00629,26,Regular,Western Slovakia,desktop
INT-006454,CMP-062,search,2025-12-26,2025-12-31,2025-12-31,6.38,3,0,0,0.0,C01473,38,Loyal,Eastern Slovakia,mobile
INT-006455,CMP-062,search,2025-12-26,2025-12-31,2025-12-31,2.13,1,0,0,0.0,C01269,46,Regular,Bratislava,tablet
INT-006456,CMP-062,search,2025-12-26,2025-12-31,2025-12-31,2.13,1,0,0,0.0,C01770,72,Loyal,Western Slovakia,mobile
INT-006457,CMP-062,search,2025-12-26,2025-12-31,2025-12-31,4.25,2,0,0,0.0,C01056,56,New,Western Slovakia,mobile
INT-006458,CMP-062,search,2025-12-26,2025-12-31,2025-12-31,4.25,2,0,0,0.0,C01570,19,Loyal,Czech Republic,desktop
INT-006459,CMP-062,search,2025-12-26,2025-12-31,2025-12-31,12.76,6,3,2,348.37,C01697,32,New,Eastern Slovakia,desktop
INT-006460,CMP-062,search,2025-12-26,2025-12-31,2025-12-31,6.38,3,1,0,0.0,C01951,39,New,Bratislava,mobile
INT-006461,CMP-062,search,2025-12-26,2025-12-31,2025-12-31,2.13,1,0,0,0.0,C01040,46,Regular,Eastern Slovakia,mobile
INT-006462,CMP-062,search,2025-12-26,2025-12-31,2025-12-31,10.64,5,0,0,0.0,C00822,55,At-Risk,Eastern Slovakia,desktop
INT-006463,CMP-062,search,2025-12-26,2025-12-31,2025-12-31,8.51,4,0,0,0.0,C01582,36,Regular,Western Slovakia,mobile
INT-006464,CMP-062,search,2025-12-26,2025-12-31,2025-12-31,4.25,2,0,0,0.0,C00397,47,Loyal,Bratislava,mobile
INT-006465,CMP-062,search,2025-12-26,2025-12-31,2025-12-31,2.13,1,0,0,0.0,C01640,36,New,Eastern Slovakia,mobile
INT-006466,CMP-062,search,2025-12-26,2025-12-31,2025-12-31,6.38,3,1,1,404.66,C02159,46,Loyal,Bratislava,desktop
INT-006467,CMP-062,search,2025-12-26,2025-12-31,2025-12-31,10.64,5,2,2,564.81,C01759,26,New,Bratislava,mobile
INT-006468,CMP-062,search,2025-12-26,2025-12-31,2025-12-31,17.02,8,1,1,155.56,C02081,43,New,Bratislava,mobile
INT-006469,CMP-062,search,2025-12-26,2025-12-31,2025-12-31,12.76,6,0,0,0.0,C00115,39,Regular,Bratislava,mobile
INT-006470,CMP-062,search,2025-12-26,2025-12-31,2025-12-31,6.38,3,0,0,0.0,C00970,38,Regular,Western Slovakia,desktop
INT-006471,CMP-062,search,2025-12-26,2025-12-31,2025-12-31,8.51,4,0,0,0.0,C00121,26,Regular,Western Slovakia,mobile
INT-006472,CMP-062,search,2025-12-26,2025-12-31,2025-12-31,6.38,3,0,0,0.0,C00192,36,New,Bratislava,mobile
INT-006473,CMP-062,search,2025-12-26,2025-12-31,2025-12-31,4.25,2,1,0,0.0,C00134,35,New,Czech Republic,mobile
INT-006474,CMP-062,search,2025-12-26,2025-12-31,2025-12-31,2.13,1,0,0,0.0,C00223,40,Loyal,Bratislava,desktop
INT-006475,CMP-062,search,2025-12-26,2025-12-31,2025-12-31,2.13,1,0,0,0.0,C00676,42,Regular,Bratislava,mobile
INT-006476,CMP-062,search,2025-12-26,2025-12-31,2025-12-31,4.25,2,0,0,0.0,C00668,44,Loyal,Eastern Slovakia,tablet
INT-006477,CMP-062,search,2025-12-26,2025-12-31,2025-12-31,6.38,3,0,0,0.0,C00403,48,Loyal,Eastern Slovakia,mobile
INT-006478,CMP-062,search,2025-12-26,2025-12-31,2025-12-31,2.13,1,0,0,0.0,C01898,43,Loyal,Eastern Slovakia,mobile
INT-006479,CMP-062,search,2025-12-26,2025-12-31,2025-12-31,6.38,3,0,0,0.0,C01329,37,Loyal,Eastern Slovakia,desktop
INT-006480,CMP-062,search,2025-12-26,2025-12-31,2025-12-31,6.38,3,1,1,276.76,C02139,42,Loyal,Eastern Slovakia,mobile
INT-006481,CMP-062,search,2025-12-26,2025-12-31,2025-12-31,8.51,4,1,1,169.99,C00330,32,At-Risk,Central Slovakia,desktop
INT-006482,CMP-062,search,2025-12-26,2025-12-31,2025-12-31,10.64,5,0,0,0.0,C00139,62,Loyal,Central Slovakia,desktop
INT-006483,CMP-062,search,2025-12-26,2025-12-31,2025-12-31,4.25,2,0,0,0.0,C00232,31,New,Bratislava,desktop
INT-006484,CMP-062,search,2025-12-26,2025-12-31,2025-12-31,8.51,4,0,0,0.0,C02020,44,Loyal,Eastern Slovakia,desktop
INT-006485,CMP-062,search,2025-12-26,2025-12-31,2025-12-31,4.25,2,0,0,0.0,C00298,34,New,Central Slovakia,mobile
INT-006486,CMP-062,search,2025-12-26,2025-12-31,2025-12-31,8.51,4,0,0,0.0,C02064,43,Loyal,Eastern Slovakia,desktop
INT-006487,CMP-062,search,2025-12-26,2025-12-31,2025-12-31,4.25,2,0,0,0.0,C02045,21,Loyal,Eastern Slovakia,desktop
INT-006488,CMP-062,search,2025-12-26,2025-12-31,2025-12-31,10.64,5,1,0,0.0,C00146,33,At-Risk,Czech Republic,mobile
INT-006489,CMP-062,search,2025-12-26,2025-12-31,2025-12-31,4.25,2,0,0,0.0,C01169,33,New,Central Slovakia,mobile
INT-006490,CMP-062,search,2025-12-26,2025-12-31,2025-12-31,8.51,4,0,0,0.0,C01502,31,Regular,Western Slovakia,mobile
INT-006491,CMP-062,search,2025-12-26,2025-12-31,2025-12-31,8.51,4,1,1,275.5,C02068,38,Loyal,Central Slovakia,mobile
INT-006492,CMP-062,search,2025-12-26,2025-12-31,2025-12-31,4.25,2,0,0,0.0,C00144,41,New,Bratislava,desktop
INT-006493,CMP-062,search,2025-12-26,2025-12-31,2025-12-31,6.38,3,0,0,0.0,C00322,36,Regular,Western Slovakia,mobile
INT-006494,CMP-062,search,2025-12-26,2025-12-31,2025-12-31,4.25,2,0,0,0.0,C00472,33,Loyal,Bratislava,mobile
INT-006495,CMP-062,search,2025-12-26,2025-12-31,2025-12-31,4.25,2,0,0,0.0,C00444,54,At-Risk,Bratislava,desktop
INT-006496,CMP-062,search,2025-12-26,2025-12-31,2025-12-31,2.13,1,0,0,0.0,C00312,43,Regular,Western Slovakia,mobile
INT-006497,CMP-062,search,2025-12-26,2025-12-31,2025-12-31,4.25,2,0,0,0.0,C01855,44,At-Risk,Eastern Slovakia,mobile
INT-006498,CMP-062,search,2025-12-26,2025-12-31,2025-12-31,6.38,3,0,0,0.0,C02021,38,At-Risk,Western Slovakia,mobile
INT-006499,CMP-062,search,2025-12-26,2025-12-31,2025-12-31,4.25,2,0,0,0.0,C01856,30,New,Bratislava,mobile
INT-006500,CMP-062,search,2025-12-26,2025-12-31,2025-12-31,10.64,5,0,0,0.0,C01390,27,Regular,Bratislava,desktop
INT-006501,CMP-062,search,2025-12-26,2025-12-31,2025-12-31,8.51,4,0,0,0.0,C01091,31,Regular,Czech Republic,mobile
INT-006502,CMP-062,search,2025-12-26,2025-12-31,2025-12-31,10.64,5,1,0,0.0,C01419,50,Regular,Bratislava,mobile
INT-006503,CMP-062,search,2025-12-26,2025-12-31,2025-12-31,12.76,6,1,1,200.56,C00311,52,Regular,Western Slovakia,desktop
